nom,subdivision,surface_km2,annee,source_url
Chaguba,Cap-Oriental,1.5,2024,https://www.dlrrd.gov.za/phocadownloadpap/Annual_Report/CPA%20Annual%20Report%202023-24.pdf
Colchester,Cap-Oriental,0.19,2024,https://www.dlrrd.gov.za/phocadownloadpap/Annual_Report/CPA%20Annual%20Report%202023-24.pdf
Cwaru,Cap-Oriental,6.11,2024,https://www.dlrrd.gov.za/phocadownloadpap/Annual_Report/CPA%20Annual%20Report%202023-24.pdf
Dube,Cap-Oriental,6.86,2024,https://www.dlrrd.gov.za/phocadownloadpap/Annual_Report/CPA%20Annual%20Report%202023-24.pdf
Gqogqorha,Cap-Oriental,,2024,https://www.dlrrd.gov.za/phocadownloadpap/Annual_Report/CPA%20Annual%20Report%202023-24.pdf
Izinini,Cap-Oriental,12.72,2024,https://www.dlrrd.gov.za/phocadownloadpap/Annual_Report/CPA%20Annual%20Report%202023-24.pdf
Kock Family,Cap-Oriental,0.07,2024,https://www.dlrrd.gov.za/phocadownloadpap/Annual_Report/CPA%20Annual%20Report%202023-24.pdf
New Life,Cap-Oriental,,2024,https://www.dlrrd.gov.za/phocadownloadpap/Annual_Report/CPA%20Annual%20Report%202023-24.pdf
Nondonga,Cap-Oriental,7.8,2024,https://www.dlrrd.gov.za/phocadownloadpap/Annual_Report/CPA%20Annual%20Report%202023-24.pdf
Radway Green,Cap-Oriental,0.54,2024,https://www.dlrrd.gov.za/phocadownloadpap/Annual_Report/CPA%20Annual%20Report%202023-24.pdf
Sinawo,Cap-Oriental,49.84,2024,https://www.dlrrd.gov.za/phocadownloadpap/Annual_Report/CPA%20Annual%20Report%202023-24.pdf
Tharfield,Cap-Oriental,,2024,https://www.dlrrd.gov.za/phocadownloadpap/Annual_Report/CPA%20Annual%20Report%202023-24.pdf
Thorndale,Cap-Oriental,,2024,https://www.dlrrd.gov.za/phocadownloadpap/Annual_Report/CPA%20Annual%20Report%202023-24.pdf
Tyelerha,Cap-Oriental,43.79,2024,https://www.dlrrd.gov.za/phocadownloadpap/Annual_Report/CPA%20Annual%20Report%202023-24.pdf
Yendella,Cap-Oriental,,2024,https://www.dlrrd.gov.za/phocadownloadpap/Annual_Report/CPA%20Annual%20Report%202023-24.pdf
Amatshezi,Cap-Oriental,2.88,2024,https://www.dlrrd.gov.za/phocadownloadpap/Annual_Report/CPA%20Annual%20Report%202023-24.pdf
Chabe Family,Cap-Oriental,0.14,2024,https://www.dlrrd.gov.za/phocadownloadpap/Annual_Report/CPA%20Annual%20Report%202023-24.pdf
Dankbaar,Cap-Oriental,2.56,2024,https://www.dlrrd.gov.za/phocadownloadpap/Annual_Report/CPA%20Annual%20Report%202023-24.pdf
Delindlala Agricultural,Cap-Oriental,20.27,2024,https://www.dlrrd.gov.za/phocadownloadpap/Annual_Report/CPA%20Annual%20Report%202023-24.pdf
Doordrecht,Cap-Oriental,7.28,2024,https://www.dlrrd.gov.za/phocadownloadpap/Annual_Report/CPA%20Annual%20Report%202023-24.pdf
Dwesa Cwebe,Cap-Oriental,34.75,2024,https://www.dlrrd.gov.za/phocadownloadpap/Annual_Report/CPA%20Annual%20Report%202023-24.pdf
Fayi,Cap-Oriental,3.15,2024,https://www.dlrrd.gov.za/phocadownloadpap/Annual_Report/CPA%20Annual%20Report%202023-24.pdf
Fiva Legacy CPA,Cap-Oriental,,2024,https://www.dlrrd.gov.za/phocadownloadpap/Annual_Report/CPA%20Annual%20Report%202023-24.pdf
Grasslands,Cap-Oriental,6.95,2024,https://www.dlrrd.gov.za/phocadownloadpap/Annual_Report/CPA%20Annual%20Report%202023-24.pdf
Lambasi,Cap-Oriental,,2024,https://www.dlrrd.gov.za/phocadownloadpap/Annual_Report/CPA%20Annual%20Report%202023-24.pdf
Luthando,Cap-Oriental,0.19,2024,https://www.dlrrd.gov.za/phocadownloadpap/Annual_Report/CPA%20Annual%20Report%202023-24.pdf
Malibuye,Cap-Oriental,13.3,2024,https://www.dlrrd.gov.za/phocadownloadpap/Annual_Report/CPA%20Annual%20Report%202023-24.pdf
Masibambane,Cap-Oriental,5.78,2024,https://www.dlrrd.gov.za/phocadownloadpap/Annual_Report/CPA%20Annual%20Report%202023-24.pdf
Masizakhe (Pershoek),Cap-Oriental,3.52,2024,https://www.dlrrd.gov.za/phocadownloadpap/Annual_Report/CPA%20Annual%20Report%202023-24.pdf
Masizame,Cap-Oriental,10.72,2024,https://www.dlrrd.gov.za/phocadownloadpap/Annual_Report/CPA%20Annual%20Report%202023-24.pdf
Mbolompo,Cap-Oriental,,2024,https://www.dlrrd.gov.za/phocadownloadpap/Annual_Report/CPA%20Annual%20Report%202023-24.pdf
Melkspruit,Cap-Oriental,8.32,2024,https://www.dlrrd.gov.za/phocadownloadpap/Annual_Report/CPA%20Annual%20Report%202023-24.pdf
Mkhanzini,Cap-Oriental,0.51,2024,https://www.dlrrd.gov.za/phocadownloadpap/Annual_Report/CPA%20Annual%20Report%202023-24.pdf
Motie,Cap-Oriental,7.57,2024,https://www.dlrrd.gov.za/phocadownloadpap/Annual_Report/CPA%20Annual%20Report%202023-24.pdf
Stanhope,Cap-Oriental,3.57,2024,https://www.dlrrd.gov.za/phocadownloadpap/Annual_Report/CPA%20Annual%20Report%202023-24.pdf
Tsembeyi Agriculture,Cap-Oriental,17.65,2024,https://www.dlrrd.gov.za/phocadownloadpap/Annual_Report/CPA%20Annual%20Report%202023-24.pdf
Tshatshela,Cap-Oriental,7.08,2024,https://www.dlrrd.gov.za/phocadownloadpap/Annual_Report/CPA%20Annual%20Report%202023-24.pdf
Thornham,Cap-Oriental,,2024,https://www.dlrrd.gov.za/phocadownloadpap/Annual_Report/CPA%20Annual%20Report%202023-24.pdf
Umanyano,Cap-Oriental,7.54,2024,https://www.dlrrd.gov.za/phocadownloadpap/Annual_Report/CPA%20Annual%20Report%202023-24.pdf
Umthombo,Cap-Oriental,1.83,2024,https://www.dlrrd.gov.za/phocadownloadpap/Annual_Report/CPA%20Annual%20Report%202023-24.pdf
Witrivier CPA,Cap-Oriental,83.14,2024,https://www.dlrrd.gov.za/phocadownloadpap/Annual_Report/CPA%20Annual%20Report%202023-24.pdf
Alexander Family,Cap-Oriental,0.09,2024,https://www.dlrrd.gov.za/phocadownloadpap/Annual_Report/CPA%20Annual%20Report%202023-24.pdf
Alpha,Cap-Oriental,,2024,https://www.dlrrd.gov.za/phocadownloadpap/Annual_Report/CPA%20Annual%20Report%202023-24.pdf
Andrews,Cap-Oriental,,2024,https://www.dlrrd.gov.za/phocadownloadpap/Annual_Report/CPA%20Annual%20Report%202023-24.pdf
Asia Family,Cap-Oriental,0.09,2024,https://www.dlrrd.gov.za/phocadownloadpap/Annual_Report/CPA%20Annual%20Report%202023-24.pdf
Battlesdane,Cap-Oriental,2.08,2024,https://www.dlrrd.gov.za/phocadownloadpap/Annual_Report/CPA%20Annual%20Report%202023-24.pdf
Bedrog,Cap-Oriental,,2024,https://www.dlrrd.gov.za/phocadownloadpap/Annual_Report/CPA%20Annual%20Report%202023-24.pdf
Belle Family,Cap-Oriental,,2024,https://www.dlrrd.gov.za/phocadownloadpap/Annual_Report/CPA%20Annual%20Report%202023-24.pdf
Bethania,Cap-Oriental,,2024,https://www.dlrrd.gov.za/phocadownloadpap/Annual_Report/CPA%20Annual%20Report%202023-24.pdf
Blaauwkrantz-Thembalesizwe,Cap-Oriental,0.52,2024,https://www.dlrrd.gov.za/phocadownloadpap/Annual_Report/CPA%20Annual%20Report%202023-24.pdf
Blackwoods,Cap-Oriental,13.85,2024,https://www.dlrrd.gov.za/phocadownloadpap/Annual_Report/CPA%20Annual%20Report%202023-24.pdf
Caspers koop farm workers,Cap-Oriental,13.08,2024,https://www.dlrrd.gov.za/phocadownloadpap/Annual_Report/CPA%20Annual%20Report%202023-24.pdf
Cata,Cap-Oriental,37.6,2024,https://www.dlrrd.gov.za/phocadownloadpap/Annual_Report/CPA%20Annual%20Report%202023-24.pdf
Clenmilner,Cap-Oriental,5.11,2024,https://www.dlrrd.gov.za/phocadownloadpap/Annual_Report/CPA%20Annual%20Report%202023-24.pdf
Clifton,Cap-Oriental,3.42,2024,https://www.dlrrd.gov.za/phocadownloadpap/Annual_Report/CPA%20Annual%20Report%202023-24.pdf
Croxtech,Cap-Oriental,3.77,2024,https://www.dlrrd.gov.za/phocadownloadpap/Annual_Report/CPA%20Annual%20Report%202023-24.pdf
Cwebe,Cap-Oriental,,2024,https://www.dlrrd.gov.za/phocadownloadpap/Annual_Report/CPA%20Annual%20Report%202023-24.pdf
Cwengcwe,Cap-Oriental,0.95,2024,https://www.dlrrd.gov.za/phocadownloadpap/Annual_Report/CPA%20Annual%20Report%202023-24.pdf
Dwane,Cap-Oriental,1.08,2024,https://www.dlrrd.gov.za/phocadownloadpap/Annual_Report/CPA%20Annual%20Report%202023-24.pdf
Dwesa (Ngoma),Cap-Oriental,,2024,https://www.dlrrd.gov.za/phocadownloadpap/Annual_Report/CPA%20Annual%20Report%202023-24.pdf
Eluxolweni Sunnyside,Cap-Oriental,3.64,2024,https://www.dlrrd.gov.za/phocadownloadpap/Annual_Report/CPA%20Annual%20Report%202023-24.pdf
Emfundweni,Cap-Oriental,1.77,2024,https://www.dlrrd.gov.za/phocadownloadpap/Annual_Report/CPA%20Annual%20Report%202023-24.pdf
Four Families,Cap-Oriental,,2024,https://www.dlrrd.gov.za/phocadownloadpap/Annual_Report/CPA%20Annual%20Report%202023-24.pdf
Funokuhle,Cap-Oriental,5.28,2024,https://www.dlrrd.gov.za/phocadownloadpap/Annual_Report/CPA%20Annual%20Report%202023-24.pdf
Fuzani,Cap-Oriental,,2024,https://www.dlrrd.gov.za/phocadownloadpap/Annual_Report/CPA%20Annual%20Report%202023-24.pdf
Geluk,Cap-Oriental,5.11,2024,https://www.dlrrd.gov.za/phocadownloadpap/Annual_Report/CPA%20Annual%20Report%202023-24.pdf
George Tsolekile,Cap-Oriental,1.46,2024,https://www.dlrrd.gov.za/phocadownloadpap/Annual_Report/CPA%20Annual%20Report%202023-24.pdf
Goodhope,Cap-Oriental,8.63,2024,https://www.dlrrd.gov.za/phocadownloadpap/Annual_Report/CPA%20Annual%20Report%202023-24.pdf
Gqutyini,Cap-Oriental,,2024,https://www.dlrrd.gov.za/phocadownloadpap/Annual_Report/CPA%20Annual%20Report%202023-24.pdf
Grahamstown Small Farmers,Cap-Oriental,3.1,2024,https://www.dlrrd.gov.za/phocadownloadpap/Annual_Report/CPA%20Annual%20Report%202023-24.pdf
Grootboom,Cap-Oriental,0.43,2024,https://www.dlrrd.gov.za/phocadownloadpap/Annual_Report/CPA%20Annual%20Report%202023-24.pdf
Harvey,Cap-Oriental,0.06,2024,https://www.dlrrd.gov.za/phocadownloadpap/Annual_Report/CPA%20Annual%20Report%202023-24.pdf
Hlanganani Magasela,Cap-Oriental,0.6,2024,https://www.dlrrd.gov.za/phocadownloadpap/Annual_Report/CPA%20Annual%20Report%202023-24.pdf
Hobbs & Waggenaar,Cap-Oriental,0.08,2024,https://www.dlrrd.gov.za/phocadownloadpap/Annual_Report/CPA%20Annual%20Report%202023-24.pdf
Hobeni,Cap-Oriental,,2024,https://www.dlrrd.gov.za/phocadownloadpap/Annual_Report/CPA%20Annual%20Report%202023-24.pdf
Horseshoe,Cap-Oriental,1.23,2024,https://www.dlrrd.gov.za/phocadownloadpap/Annual_Report/CPA%20Annual%20Report%202023-24.pdf
Ielam,Cap-Oriental,1.23,2024,https://www.dlrrd.gov.za/phocadownloadpap/Annual_Report/CPA%20Annual%20Report%202023-24.pdf
Ikhwezilomso,Cap-Oriental,,2024,https://www.dlrrd.gov.za/phocadownloadpap/Annual_Report/CPA%20Annual%20Report%202023-24.pdf
Ilifalethu,Cap-Oriental,15.23,2024,https://www.dlrrd.gov.za/phocadownloadpap/Annual_Report/CPA%20Annual%20Report%202023-24.pdf
Ilima,Cap-Oriental,,2024,https://www.dlrrd.gov.za/phocadownloadpap/Annual_Report/CPA%20Annual%20Report%202023-24.pdf
Ilinge,Cap-Oriental,,2024,https://www.dlrrd.gov.za/phocadownloadpap/Annual_Report/CPA%20Annual%20Report%202023-24.pdf
Iliso Lomzi,Cap-Oriental,,2024,https://www.dlrrd.gov.za/phocadownloadpap/Annual_Report/CPA%20Annual%20Report%202023-24.pdf
Impangele,Cap-Oriental,6.42,2024,https://www.dlrrd.gov.za/phocadownloadpap/Annual_Report/CPA%20Annual%20Report%202023-24.pdf
Imvaba Yethu,Cap-Oriental,2.78,2024,https://www.dlrrd.gov.za/phocadownloadpap/Annual_Report/CPA%20Annual%20Report%202023-24.pdf
Iqhayiyalethu,Cap-Oriental,,2024,https://www.dlrrd.gov.za/phocadownloadpap/Annual_Report/CPA%20Annual%20Report%202023-24.pdf
Isibane,Cap-Oriental,5.16,2024,https://www.dlrrd.gov.za/phocadownloadpap/Annual_Report/CPA%20Annual%20Report%202023-24.pdf
Isidingo,Cap-Oriental,,2024,https://www.dlrrd.gov.za/phocadownloadpap/Annual_Report/CPA%20Annual%20Report%202023-24.pdf
Jay Dee Rovon,Cap-Oriental,,2024,https://www.dlrrd.gov.za/phocadownloadpap/Annual_Report/CPA%20Annual%20Report%202023-24.pdf
Jay Dee Rovon,Cap-Oriental,0.93,2024,https://www.dlrrd.gov.za/phocadownloadpap/Annual_Report/CPA%20Annual%20Report%202023-24.pdf
Joe Slovo,Cap-Oriental,0.5,2024,https://www.dlrrd.gov.za/phocadownloadpap/Annual_Report/CPA%20Annual%20Report%202023-24.pdf
Kamvalethu Farmers,Cap-Oriental,6.24,2024,https://www.dlrrd.gov.za/phocadownloadpap/Annual_Report/CPA%20Annual%20Report%202023-24.pdf
Kamvelihle,Cap-Oriental,6.46,2024,https://www.dlrrd.gov.za/phocadownloadpap/Annual_Report/CPA%20Annual%20Report%202023-24.pdf
Kanityi,Cap-Oriental,5.49,2024,https://www.dlrrd.gov.za/phocadownloadpap/Annual_Report/CPA%20Annual%20Report%202023-24.pdf
Khanzi,Cap-Oriental,2.51,2024,https://www.dlrrd.gov.za/phocadownloadpap/Annual_Report/CPA%20Annual%20Report%202023-24.pdf
Khayelitsha,Cap-Oriental,4.61,2024,https://www.dlrrd.gov.za/phocadownloadpap/Annual_Report/CPA%20Annual%20Report%202023-24.pdf
Khulahlahla,Cap-Oriental,4.51,2024,https://www.dlrrd.gov.za/phocadownloadpap/Annual_Report/CPA%20Annual%20Report%202023-24.pdf
Killdare,Cap-Oriental,5.52,2024,https://www.dlrrd.gov.za/phocadownloadpap/Annual_Report/CPA%20Annual%20Report%202023-24.pdf
Kleksini,Cap-Oriental,,2024,https://www.dlrrd.gov.za/phocadownloadpap/Annual_Report/CPA%20Annual%20Report%202023-24.pdf
Kobison’s,Cap-Oriental,0.0021,2024,https://www.dlrrd.gov.za/phocadownloadpap/Annual_Report/CPA%20Annual%20Report%202023-24.pdf
Konstabel,Cap-Oriental,3.65,2024,https://www.dlrrd.gov.za/phocadownloadpap/Annual_Report/CPA%20Annual%20Report%202023-24.pdf
Koyo,Cap-Oriental,8.36,2024,https://www.dlrrd.gov.za/phocadownloadpap/Annual_Report/CPA%20Annual%20Report%202023-24.pdf
Likhayalethu,Cap-Oriental,12.8,2024,https://www.dlrrd.gov.za/phocadownloadpap/Annual_Report/CPA%20Annual%20Report%202023-24.pdf
Lingelihle Poultry,Cap-Oriental,,2024,https://www.dlrrd.gov.za/phocadownloadpap/Annual_Report/CPA%20Annual%20Report%202023-24.pdf
Lower Blink Water,Cap-Oriental,,2024,https://www.dlrrd.gov.za/phocadownloadpap/Annual_Report/CPA%20Annual%20Report%202023-24.pdf
Lucingweni,Cap-Oriental,,2024,https://www.dlrrd.gov.za/phocadownloadpap/Annual_Report/CPA%20Annual%20Report%202023-24.pdf
Lumamac,Cap-Oriental,,2024,https://www.dlrrd.gov.za/phocadownloadpap/Annual_Report/CPA%20Annual%20Report%202023-24.pdf
Lusindiso,Cap-Oriental,1.04,2024,https://www.dlrrd.gov.za/phocadownloadpap/Annual_Report/CPA%20Annual%20Report%202023-24.pdf
Lutha,Cap-Oriental,2.52,2024,https://www.dlrrd.gov.za/phocadownloadpap/Annual_Report/CPA%20Annual%20Report%202023-24.pdf
Maasdorp-Jurieshoek,Cap-Oriental,7.89,2024,https://www.dlrrd.gov.za/phocadownloadpap/Annual_Report/CPA%20Annual%20Report%202023-24.pdf
Mabona,Cap-Oriental,6.45,2024,https://www.dlrrd.gov.za/phocadownloadpap/Annual_Report/CPA%20Annual%20Report%202023-24.pdf
Makana,Cap-Oriental,7.13,2024,https://www.dlrrd.gov.za/phocadownloadpap/Annual_Report/CPA%20Annual%20Report%202023-24.pdf
Makulinywe,Cap-Oriental,8.72,2024,https://www.dlrrd.gov.za/phocadownloadpap/Annual_Report/CPA%20Annual%20Report%202023-24.pdf
Malgas,Cap-Oriental,0.95,2024,https://www.dlrrd.gov.za/phocadownloadpap/Annual_Report/CPA%20Annual%20Report%202023-24.pdf
Malothe,Cap-Oriental,9.77,2024,https://www.dlrrd.gov.za/phocadownloadpap/Annual_Report/CPA%20Annual%20Report%202023-24.pdf
Maqanyeni,Cap-Oriental,,2024,https://www.dlrrd.gov.za/phocadownloadpap/Annual_Report/CPA%20Annual%20Report%202023-24.pdf
Masakane,Cap-Oriental,,2024,https://www.dlrrd.gov.za/phocadownloadpap/Annual_Report/CPA%20Annual%20Report%202023-24.pdf
Masakhane,Cap-Oriental,0.45,2024,https://www.dlrrd.gov.za/phocadownloadpap/Annual_Report/CPA%20Annual%20Report%202023-24.pdf
Masakhane Farmers,Cap-Oriental,5.03,2024,https://www.dlrrd.gov.za/phocadownloadpap/Annual_Report/CPA%20Annual%20Report%202023-24.pdf
Masibambane,Cap-Oriental,,2024,https://www.dlrrd.gov.za/phocadownloadpap/Annual_Report/CPA%20Annual%20Report%202023-24.pdf
Masibambane,Cap-Oriental,,2024,https://www.dlrrd.gov.za/phocadownloadpap/Annual_Report/CPA%20Annual%20Report%202023-24.pdf
Masibambane Mikhonde,Cap-Oriental,8.5,2024,https://www.dlrrd.gov.za/phocadownloadpap/Annual_Report/CPA%20Annual%20Report%202023-24.pdf
Masikhule,Cap-Oriental,14.25,2024,https://www.dlrrd.gov.za/phocadownloadpap/Annual_Report/CPA%20Annual%20Report%202023-24.pdf
Masikhuphuke Youth 4th,Cap-Oriental,0.86,2024,https://www.dlrrd.gov.za/phocadownloadpap/Annual_Report/CPA%20Annual%20Report%202023-24.pdf
Masincedisane,Cap-Oriental,,2024,https://www.dlrrd.gov.za/phocadownloadpap/Annual_Report/CPA%20Annual%20Report%202023-24.pdf
Masiphathisane,Cap-Oriental,,2024,https://www.dlrrd.gov.za/phocadownloadpap/Annual_Report/CPA%20Annual%20Report%202023-24.pdf
Masiphathisane,Cap-Oriental,,2024,https://www.dlrrd.gov.za/phocadownloadpap/Annual_Report/CPA%20Annual%20Report%202023-24.pdf
Masiphathisane,Cap-Oriental,12.92,2024,https://www.dlrrd.gov.za/phocadownloadpap/Annual_Report/CPA%20Annual%20Report%202023-24.pdf
Masiphathisane,Cap-Oriental,2.03,2024,https://www.dlrrd.gov.za/phocadownloadpap/Annual_Report/CPA%20Annual%20Report%202023-24.pdf
Masiphumendlaleni,Cap-Oriental,1.74,2024,https://www.dlrrd.gov.za/phocadownloadpap/Annual_Report/CPA%20Annual%20Report%202023-24.pdf
Masizakhe,Cap-Oriental,7.84,2024,https://www.dlrrd.gov.za/phocadownloadpap/Annual_Report/CPA%20Annual%20Report%202023-24.pdf
Matubatuba & Sons,Cap-Oriental,9.46,2024,https://www.dlrrd.gov.za/phocadownloadpap/Annual_Report/CPA%20Annual%20Report%202023-24.pdf
Mbayimbayi,Cap-Oriental,7.89,2024,https://www.dlrrd.gov.za/phocadownloadpap/Annual_Report/CPA%20Annual%20Report%202023-24.pdf
Mdwaba,Cap-Oriental,8.37,2024,https://www.dlrrd.gov.za/phocadownloadpap/Annual_Report/CPA%20Annual%20Report%202023-24.pdf
Melisizwe,Cap-Oriental,3.47,2024,https://www.dlrrd.gov.za/phocadownloadpap/Annual_Report/CPA%20Annual%20Report%202023-24.pdf
Mendwana,Cap-Oriental,,2024,https://www.dlrrd.gov.za/phocadownloadpap/Annual_Report/CPA%20Annual%20Report%202023-24.pdf
Mengu Family,Cap-Oriental,,2024,https://www.dlrrd.gov.za/phocadownloadpap/Annual_Report/CPA%20Annual%20Report%202023-24.pdf
Mgungundlovu,Cap-Oriental,6.57,2024,https://www.dlrrd.gov.za/phocadownloadpap/Annual_Report/CPA%20Annual%20Report%202023-24.pdf
Milani,Cap-Oriental,,2024,https://www.dlrrd.gov.za/phocadownloadpap/Annual_Report/CPA%20Annual%20Report%202023-24.pdf
Mlanjeni Farmers,Cap-Oriental,,2024,https://www.dlrrd.gov.za/phocadownloadpap/Annual_Report/CPA%20Annual%20Report%202023-24.pdf
Mnukwana Farmers,Cap-Oriental,4.7,2024,https://www.dlrrd.gov.za/phocadownloadpap/Annual_Report/CPA%20Annual%20Report%202023-24.pdf
Mokoena,Cap-Oriental,7.44,2024,https://www.dlrrd.gov.za/phocadownloadpap/Annual_Report/CPA%20Annual%20Report%202023-24.pdf
Mpumalanga,Cap-Oriental,8.38,2024,https://www.dlrrd.gov.za/phocadownloadpap/Annual_Report/CPA%20Annual%20Report%202023-24.pdf
Mpume,Cap-Oriental,,2024,https://www.dlrrd.gov.za/phocadownloadpap/Annual_Report/CPA%20Annual%20Report%202023-24.pdf
Mqondiso,Cap-Oriental,8.12,2024,https://www.dlrrd.gov.za/phocadownloadpap/Annual_Report/CPA%20Annual%20Report%202023-24.pdf
Mtintloni,Cap-Oriental,,2024,https://www.dlrrd.gov.za/phocadownloadpap/Annual_Report/CPA%20Annual%20Report%202023-24.pdf
Mtshamba,Cap-Oriental,4.7,2024,https://www.dlrrd.gov.za/phocadownloadpap/Annual_Report/CPA%20Annual%20Report%202023-24.pdf
Mxhelo,Cap-Oriental,8.55,2024,https://www.dlrrd.gov.za/phocadownloadpap/Annual_Report/CPA%20Annual%20Report%202023-24.pdf
Mzamo Wethu,Cap-Oriental,3.58,2024,https://www.dlrrd.gov.za/phocadownloadpap/Annual_Report/CPA%20Annual%20Report%202023-24.pdf
Nangu,Cap-Oriental,6.73,2024,https://www.dlrrd.gov.za/phocadownloadpap/Annual_Report/CPA%20Annual%20Report%202023-24.pdf
Ncaza,Cap-Oriental,6.84,2024,https://www.dlrrd.gov.za/phocadownloadpap/Annual_Report/CPA%20Annual%20Report%202023-24.pdf
Ncora-Qumanco,Cap-Oriental,,2024,https://www.dlrrd.gov.za/phocadownloadpap/Annual_Report/CPA%20Annual%20Report%202023-24.pdf
Ngwetsheni,Cap-Oriental,,2024,https://www.dlrrd.gov.za/phocadownloadpap/Annual_Report/CPA%20Annual%20Report%202023-24.pdf
Ngxakoshe-Khayalethu,Cap-Oriental,4.48,2024,https://www.dlrrd.gov.za/phocadownloadpap/Annual_Report/CPA%20Annual%20Report%202023-24.pdf
Nkululeko,Cap-Oriental,5.83,2024,https://www.dlrrd.gov.za/phocadownloadpap/Annual_Report/CPA%20Annual%20Report%202023-24.pdf
Nqancule,Cap-Oriental,,2024,https://www.dlrrd.gov.za/phocadownloadpap/Annual_Report/CPA%20Annual%20Report%202023-24.pdf
Nqueno,Cap-Oriental,1.93,2024,https://www.dlrrd.gov.za/phocadownloadpap/Annual_Report/CPA%20Annual%20Report%202023-24.pdf
Ntlangano,Cap-Oriental,,2024,https://www.dlrrd.gov.za/phocadownloadpap/Annual_Report/CPA%20Annual%20Report%202023-24.pdf
Ntubeni,Cap-Oriental,,2024,https://www.dlrrd.gov.za/phocadownloadpap/Annual_Report/CPA%20Annual%20Report%202023-24.pdf
Ntuthuko,Cap-Oriental,7.35,2024,https://www.dlrrd.gov.za/phocadownloadpap/Annual_Report/CPA%20Annual%20Report%202023-24.pdf
Nyathi,Cap-Oriental,,2024,https://www.dlrrd.gov.za/phocadownloadpap/Annual_Report/CPA%20Annual%20Report%202023-24.pdf
Nyobo,Cap-Oriental,6.73,2024,https://www.dlrrd.gov.za/phocadownloadpap/Annual_Report/CPA%20Annual%20Report%202023-24.pdf
Orange Grange,Cap-Oriental,0.54,2024,https://www.dlrrd.gov.za/phocadownloadpap/Annual_Report/CPA%20Annual%20Report%202023-24.pdf
Pakamani,Cap-Oriental,4.65,2024,https://www.dlrrd.gov.za/phocadownloadpap/Annual_Report/CPA%20Annual%20Report%202023-24.pdf
Pen Farm,Cap-Oriental,0.15,2024,https://www.dlrrd.gov.za/phocadownloadpap/Annual_Report/CPA%20Annual%20Report%202023-24.pdf
Phambile,Cap-Oriental,0.17,2024,https://www.dlrrd.gov.za/phocadownloadpap/Annual_Report/CPA%20Annual%20Report%202023-24.pdf
Phambili Imihla Ngemihla,Cap-Oriental,5.59,2024,https://www.dlrrd.gov.za/phocadownloadpap/Annual_Report/CPA%20Annual%20Report%202023-24.pdf
Phambili Makhesa,Cap-Oriental,3.44,2024,https://www.dlrrd.gov.za/phocadownloadpap/Annual_Report/CPA%20Annual%20Report%202023-24.pdf
Phaphamani,Cap-Oriental,,2024,https://www.dlrrd.gov.za/phocadownloadpap/Annual_Report/CPA%20Annual%20Report%202023-24.pdf
Phumelela,Cap-Oriental,3.21,2024,https://www.dlrrd.gov.za/phocadownloadpap/Annual_Report/CPA%20Annual%20Report%202023-24.pdf
Picardy,Cap-Oriental,4.18,2024,https://www.dlrrd.gov.za/phocadownloadpap/Annual_Report/CPA%20Annual%20Report%202023-24.pdf
Qelane,Cap-Oriental,,2024,https://www.dlrrd.gov.za/phocadownloadpap/Annual_Report/CPA%20Annual%20Report%202023-24.pdf
Qolombane,Cap-Oriental,,2024,https://www.dlrrd.gov.za/phocadownloadpap/Annual_Report/CPA%20Annual%20Report%202023-24.pdf
Qolora By Sea,Cap-Oriental,,2024,https://www.dlrrd.gov.za/phocadownloadpap/Annual_Report/CPA%20Annual%20Report%202023-24.pdf
Qwati-Tolo,Cap-Oriental,12.76,2024,https://www.dlrrd.gov.za/phocadownloadpap/Annual_Report/CPA%20Annual%20Report%202023-24.pdf
Rocke's Drift / Shiyane,Cap-Oriental,,2024,https://www.dlrrd.gov.za/phocadownloadpap/Annual_Report/CPA%20Annual%20Report%202023-24.pdf
Rolihlahla,Cap-Oriental,2.83,2024,https://www.dlrrd.gov.za/phocadownloadpap/Annual_Report/CPA%20Annual%20Report%202023-24.pdf
Sakhikamva,Cap-Oriental,,2024,https://www.dlrrd.gov.za/phocadownloadpap/Annual_Report/CPA%20Annual%20Report%202023-24.pdf
Sezoe & Savier,Cap-Oriental,,2024,https://www.dlrrd.gov.za/phocadownloadpap/Annual_Report/CPA%20Annual%20Report%202023-24.pdf
Sibuyile,Cap-Oriental,3.24,2024,https://www.dlrrd.gov.za/phocadownloadpap/Annual_Report/CPA%20Annual%20Report%202023-24.pdf
Sigidini,Cap-Oriental,6.13,2024,https://www.dlrrd.gov.za/phocadownloadpap/Annual_Report/CPA%20Annual%20Report%202023-24.pdf
Sinethemba,Cap-Oriental,,2024,https://www.dlrrd.gov.za/phocadownloadpap/Annual_Report/CPA%20Annual%20Report%202023-24.pdf
Sisonke,Cap-Oriental,5.27,2024,https://www.dlrrd.gov.za/phocadownloadpap/Annual_Report/CPA%20Annual%20Report%202023-24.pdf
Siyakhulisa,Cap-Oriental,0.28,2024,https://www.dlrrd.gov.za/phocadownloadpap/Annual_Report/CPA%20Annual%20Report%202023-24.pdf
Siyasebenzisana,Cap-Oriental,2.21,2024,https://www.dlrrd.gov.za/phocadownloadpap/Annual_Report/CPA%20Annual%20Report%202023-24.pdf
Siyazama,Cap-Oriental,0.87,2024,https://www.dlrrd.gov.za/phocadownloadpap/Annual_Report/CPA%20Annual%20Report%202023-24.pdf
Siyazama,Cap-Oriental,,2024,https://www.dlrrd.gov.za/phocadownloadpap/Annual_Report/CPA%20Annual%20Report%202023-24.pdf
Siyazama,Cap-Oriental,2.76,2024,https://www.dlrrd.gov.za/phocadownloadpap/Annual_Report/CPA%20Annual%20Report%202023-24.pdf
Siyazama (Rini & Jika),Cap-Oriental,4.28,2024,https://www.dlrrd.gov.za/phocadownloadpap/Annual_Report/CPA%20Annual%20Report%202023-24.pdf
Sobetwa,Cap-Oriental,2.92,2024,https://www.dlrrd.gov.za/phocadownloadpap/Annual_Report/CPA%20Annual%20Report%202023-24.pdf
Sophila,Cap-Oriental,,2024,https://www.dlrrd.gov.za/phocadownloadpap/Annual_Report/CPA%20Annual%20Report%202023-24.pdf
Speedwell,Cap-Oriental,0.78,2024,https://www.dlrrd.gov.za/phocadownloadpap/Annual_Report/CPA%20Annual%20Report%202023-24.pdf
Tafenland,Cap-Oriental,6.03,2024,https://www.dlrrd.gov.za/phocadownloadpap/Annual_Report/CPA%20Annual%20Report%202023-24.pdf
Thembalihle,Cap-Oriental,,2024,https://www.dlrrd.gov.za/phocadownloadpap/Annual_Report/CPA%20Annual%20Report%202023-24.pdf
Thembelani,Cap-Oriental,2.32,2024,https://www.dlrrd.gov.za/phocadownloadpap/Annual_Report/CPA%20Annual%20Report%202023-24.pdf
Trentham Park,Cap-Oriental,23.59,2024,https://www.dlrrd.gov.za/phocadownloadpap/Annual_Report/CPA%20Annual%20Report%202023-24.pdf
Tshatshu Cliff,Cap-Oriental,,2024,https://www.dlrrd.gov.za/phocadownloadpap/Annual_Report/CPA%20Annual%20Report%202023-24.pdf
Tshayingwe,Cap-Oriental,0.2,2024,https://www.dlrrd.gov.za/phocadownloadpap/Annual_Report/CPA%20Annual%20Report%202023-24.pdf
Tylden Dale Thembalesizwe,Cap-Oriental,5.04,2024,https://www.dlrrd.gov.za/phocadownloadpap/Annual_Report/CPA%20Annual%20Report%202023-24.pdf
Upper Salisburry,Cap-Oriental,5.04,2024,https://www.dlrrd.gov.za/phocadownloadpap/Annual_Report/CPA%20Annual%20Report%202023-24.pdf
Valley Food Growers,Cap-Oriental,3.33,2024,https://www.dlrrd.gov.za/phocadownloadpap/Annual_Report/CPA%20Annual%20Report%202023-24.pdf
Vezamafa,Cap-Oriental,3.86,2024,https://www.dlrrd.gov.za/phocadownloadpap/Annual_Report/CPA%20Annual%20Report%202023-24.pdf
Vukani Simanyane,Cap-Oriental,,2024,https://www.dlrrd.gov.za/phocadownloadpap/Annual_Report/CPA%20Annual%20Report%202023-24.pdf
Vukuzenzele,Cap-Oriental,12.53,2024,https://www.dlrrd.gov.za/phocadownloadpap/Annual_Report/CPA%20Annual%20Report%202023-24.pdf
Vukuzenzele,Cap-Oriental,2.01,2024,https://www.dlrrd.gov.za/phocadownloadpap/Annual_Report/CPA%20Annual%20Report%202023-24.pdf
Vulithuba CPA,Cap-Oriental,5.44,2024,https://www.dlrrd.gov.za/phocadownloadpap/Annual_Report/CPA%20Annual%20Report%202023-24.pdf
Windvoel,Cap-Oriental,,2024,https://www.dlrrd.gov.za/phocadownloadpap/Annual_Report/CPA%20Annual%20Report%202023-24.pdf
Woodlands,Cap-Oriental,4.5,2024,https://www.dlrrd.gov.za/phocadownloadpap/Annual_Report/CPA%20Annual%20Report%202023-24.pdf
Zwelitsha,Cap-Oriental,1.62,2024,https://www.dlrrd.gov.za/phocadownloadpap/Annual_Report/CPA%20Annual%20Report%202023-24.pdf
Bolofo,État-Libre,8.73,2024,https://www.dlrrd.gov.za/phocadownloadpap/Annual_Report/CPA%20Annual%20Report%202023-24.pdf
Donkerhoek Farming,État-Libre,0.02,2024,https://www.dlrrd.gov.za/phocadownloadpap/Annual_Report/CPA%20Annual%20Report%202023-24.pdf
Itereleng,État-Libre,0.19,2024,https://www.dlrrd.gov.za/phocadownloadpap/Annual_Report/CPA%20Annual%20Report%202023-24.pdf
Lomahanyang,État-Libre,5.36,2024,https://www.dlrrd.gov.za/phocadownloadpap/Annual_Report/CPA%20Annual%20Report%202023-24.pdf
Bataung,État-Libre,0.86,2024,https://www.dlrrd.gov.za/phocadownloadpap/Annual_Report/CPA%20Annual%20Report%202023-24.pdf
Democratic Poultry,État-Libre,1.68,2024,https://www.dlrrd.gov.za/phocadownloadpap/Annual_Report/CPA%20Annual%20Report%202023-24.pdf
Diyatalawa,État-Libre,20.79,2024,https://www.dlrrd.gov.za/phocadownloadpap/Annual_Report/CPA%20Annual%20Report%202023-24.pdf
Seopasengwe,État-Libre,3.11,2024,https://www.dlrrd.gov.za/phocadownloadpap/Annual_Report/CPA%20Annual%20Report%202023-24.pdf
Tshwara ka thata,État-Libre,3.03,2024,https://www.dlrrd.gov.za/phocadownloadpap/Annual_Report/CPA%20Annual%20Report%202023-24.pdf
Bakubong,État-Libre,3.23,2024,https://www.dlrrd.gov.za/phocadownloadpap/Annual_Report/CPA%20Annual%20Report%202023-24.pdf
Belengwane,État-Libre,0.51,2024,https://www.dlrrd.gov.za/phocadownloadpap/Annual_Report/CPA%20Annual%20Report%202023-24.pdf
Bethany,État-Libre,0.22,2024,https://www.dlrrd.gov.za/phocadownloadpap/Annual_Report/CPA%20Annual%20Report%202023-24.pdf
Boitumelo,État-Libre,6.35,2024,https://www.dlrrd.gov.za/phocadownloadpap/Annual_Report/CPA%20Annual%20Report%202023-24.pdf
Caka,État-Libre,0.04,2024,https://www.dlrrd.gov.za/phocadownloadpap/Annual_Report/CPA%20Annual%20Report%202023-24.pdf
Dabula Manzi,État-Libre,8.47,2024,https://www.dlrrd.gov.za/phocadownloadpap/Annual_Report/CPA%20Annual%20Report%202023-24.pdf
Dikgomo Society,État-Libre,4.83,2024,https://www.dlrrd.gov.za/phocadownloadpap/Annual_Report/CPA%20Annual%20Report%202023-24.pdf
Dithabeng,État-Libre,20.25,2024,https://www.dlrrd.gov.za/phocadownloadpap/Annual_Report/CPA%20Annual%20Report%202023-24.pdf
Ikaheng CPA,État-Libre,1.2,2024,https://www.dlrrd.gov.za/phocadownloadpap/Annual_Report/CPA%20Annual%20Report%202023-24.pdf
Iketsetseng,État-Libre,4.29,2024,https://www.dlrrd.gov.za/phocadownloadpap/Annual_Report/CPA%20Annual%20Report%202023-24.pdf
Impala,État-Libre,5.48,2024,https://www.dlrrd.gov.za/phocadownloadpap/Annual_Report/CPA%20Annual%20Report%202023-24.pdf
Itekeng Chicken Abattoir Farmers,État-Libre,,2024,https://www.dlrrd.gov.za/phocadownloadpap/Annual_Report/CPA%20Annual%20Report%202023-24.pdf
Itumeleng,État-Libre,6.39,2024,https://www.dlrrd.gov.za/phocadownloadpap/Annual_Report/CPA%20Annual%20Report%202023-24.pdf
Itshokolele CPA,État-Libre,,2024,https://www.dlrrd.gov.za/phocadownloadpap/Annual_Report/CPA%20Annual%20Report%202023-24.pdf
Kea Tshepa CPA,État-Libre,5.29,2024,https://www.dlrrd.gov.za/phocadownloadpap/Annual_Report/CPA%20Annual%20Report%202023-24.pdf
Kgatelopele Farmers,État-Libre,0.07,2024,https://www.dlrrd.gov.za/phocadownloadpap/Annual_Report/CPA%20Annual%20Report%202023-24.pdf
Kgolaganang,État-Libre,0.04,2024,https://www.dlrrd.gov.za/phocadownloadpap/Annual_Report/CPA%20Annual%20Report%202023-24.pdf
Kgotsong,État-Libre,,2024,https://www.dlrrd.gov.za/phocadownloadpap/Annual_Report/CPA%20Annual%20Report%202023-24.pdf
Khotle,État-Libre,7.3,2024,https://www.dlrrd.gov.za/phocadownloadpap/Annual_Report/CPA%20Annual%20Report%202023-24.pdf
Khusela,État-Libre,,2024,https://www.dlrrd.gov.za/phocadownloadpap/Annual_Report/CPA%20Annual%20Report%202023-24.pdf
Kopano,État-Libre,,2024,https://www.dlrrd.gov.za/phocadownloadpap/Annual_Report/CPA%20Annual%20Report%202023-24.pdf
Kroonstad Piggery Farmers,État-Libre,,2024,https://www.dlrrd.gov.za/phocadownloadpap/Annual_Report/CPA%20Annual%20Report%202023-24.pdf
Lebohong Refihlile Dithakong,État-Libre,,2024,https://www.dlrrd.gov.za/phocadownloadpap/Annual_Report/CPA%20Annual%20Report%202023-24.pdf
Lekhalong CPA,État-Libre,7.82,2024,https://www.dlrrd.gov.za/phocadownloadpap/Annual_Report/CPA%20Annual%20Report%202023-24.pdf
Lengau le Ramakhele,État-Libre,0.15,2024,https://www.dlrrd.gov.za/phocadownloadpap/Annual_Report/CPA%20Annual%20Report%202023-24.pdf
Lethlaka,État-Libre,1.98,2024,https://www.dlrrd.gov.za/phocadownloadpap/Annual_Report/CPA%20Annual%20Report%202023-24.pdf
Mabaso CPA,État-Libre,,2024,https://www.dlrrd.gov.za/phocadownloadpap/Annual_Report/CPA%20Annual%20Report%202023-24.pdf
Mabaso,État-Libre,,2024,https://www.dlrrd.gov.za/phocadownloadpap/Annual_Report/CPA%20Annual%20Report%202023-24.pdf
Makakamela,État-Libre,2.29,2024,https://www.dlrrd.gov.za/phocadownloadpap/Annual_Report/CPA%20Annual%20Report%202023-24.pdf
Makhulong a Matala,État-Libre,0.04,2024,https://www.dlrrd.gov.za/phocadownloadpap/Annual_Report/CPA%20Annual%20Report%202023-24.pdf
Marematlou,État-Libre,,2024,https://www.dlrrd.gov.za/phocadownloadpap/Annual_Report/CPA%20Annual%20Report%202023-24.pdf
Masilo,État-Libre,0.05,2024,https://www.dlrrd.gov.za/phocadownloadpap/Annual_Report/CPA%20Annual%20Report%202023-24.pdf
Mmetlakgola,État-Libre,,2024,https://www.dlrrd.gov.za/phocadownloadpap/Annual_Report/CPA%20Annual%20Report%202023-24.pdf
Mohapi CPA,État-Libre,,2024,https://www.dlrrd.gov.za/phocadownloadpap/Annual_Report/CPA%20Annual%20Report%202023-24.pdf
Mokhachane,État-Libre,13.99,2024,https://www.dlrrd.gov.za/phocadownloadpap/Annual_Report/CPA%20Annual%20Report%202023-24.pdf
Moleme,État-Libre,,2024,https://www.dlrrd.gov.za/phocadownloadpap/Annual_Report/CPA%20Annual%20Report%202023-24.pdf
Moletsane,État-Libre,0.13,2024,https://www.dlrrd.gov.za/phocadownloadpap/Annual_Report/CPA%20Annual%20Report%202023-24.pdf
Morakabi,État-Libre,,2024,https://www.dlrrd.gov.za/phocadownloadpap/Annual_Report/CPA%20Annual%20Report%202023-24.pdf
Morolong,État-Libre,4.18,2024,https://www.dlrrd.gov.za/phocadownloadpap/Annual_Report/CPA%20Annual%20Report%202023-24.pdf
Naledi CPA,État-Libre,,2024,https://www.dlrrd.gov.za/phocadownloadpap/Annual_Report/CPA%20Annual%20Report%202023-24.pdf
Nikelo,État-Libre,,2024,https://www.dlrrd.gov.za/phocadownloadpap/Annual_Report/CPA%20Annual%20Report%202023-24.pdf
Nkomo,État-Libre,,2024,https://www.dlrrd.gov.za/phocadownloadpap/Annual_Report/CPA%20Annual%20Report%202023-24.pdf
Oppermansgronde,État-Libre,413.47,2024,https://www.dlrrd.gov.za/phocadownloadpap/Annual_Report/CPA%20Annual%20Report%202023-24.pdf
Phomolong,État-Libre,1.71,2024,https://www.dlrrd.gov.za/phocadownloadpap/Annual_Report/CPA%20Annual%20Report%202023-24.pdf
Ramaele,État-Libre,1.71,2024,https://www.dlrrd.gov.za/phocadownloadpap/Annual_Report/CPA%20Annual%20Report%202023-24.pdf
Sekekete,État-Libre,,2024,https://www.dlrrd.gov.za/phocadownloadpap/Annual_Report/CPA%20Annual%20Report%202023-24.pdf
Setai,État-Libre,1.39,2024,https://www.dlrrd.gov.za/phocadownloadpap/Annual_Report/CPA%20Annual%20Report%202023-24.pdf
Springfontein,État-Libre,10.31,2024,https://www.dlrrd.gov.za/phocadownloadpap/Annual_Report/CPA%20Annual%20Report%202023-24.pdf
Thabong Farmers,État-Libre,2.18,2024,https://www.dlrrd.gov.za/phocadownloadpap/Annual_Report/CPA%20Annual%20Report%202023-24.pdf
Thepa,État-Libre,,2024,https://www.dlrrd.gov.za/phocadownloadpap/Annual_Report/CPA%20Annual%20Report%202023-24.pdf
Tshepanang,État-Libre,1.77,2024,https://www.dlrrd.gov.za/phocadownloadpap/Annual_Report/CPA%20Annual%20Report%202023-24.pdf
Tsohang Balemi,État-Libre,,2024,https://www.dlrrd.gov.za/phocadownloadpap/Annual_Report/CPA%20Annual%20Report%202023-24.pdf
Tswelopele Vegetables,État-Libre,0.18,2024,https://www.dlrrd.gov.za/phocadownloadpap/Annual_Report/CPA%20Annual%20Report%202023-24.pdf
Tswelopele Boerdery CPA,État-Libre,,2024,https://www.dlrrd.gov.za/phocadownloadpap/Annual_Report/CPA%20Annual%20Report%202023-24.pdf
Masakhane,Gauteng,0.03,2024,https://www.dlrrd.gov.za/phocadownloadpap/Annual_Report/CPA%20Annual%20Report%202023-24.pdf
Rama,Gauteng,7.54,2024,https://www.dlrrd.gov.za/phocadownloadpap/Annual_Report/CPA%20Annual%20Report%202023-24.pdf
Siphilasonke,Gauteng,0.09,2024,https://www.dlrrd.gov.za/phocadownloadpap/Annual_Report/CPA%20Annual%20Report%202023-24.pdf
Tokolohong,Gauteng,1.31,2024,https://www.dlrrd.gov.za/phocadownloadpap/Annual_Report/CPA%20Annual%20Report%202023-24.pdf
Tswelopelo-Doornkloof,Gauteng,0.67,2024,https://www.dlrrd.gov.za/phocadownloadpap/Annual_Report/CPA%20Annual%20Report%202023-24.pdf
Unity,Gauteng,0.64,2024,https://www.dlrrd.gov.za/phocadownloadpap/Annual_Report/CPA%20Annual%20Report%202023-24.pdf
Bambanani,Gauteng,0.09,2024,https://www.dlrrd.gov.za/phocadownloadpap/Annual_Report/CPA%20Annual%20Report%202023-24.pdf
Leokeng,Gauteng,0.45,2024,https://www.dlrrd.gov.za/phocadownloadpap/Annual_Report/CPA%20Annual%20Report%202023-24.pdf
Atteridgeville,Gauteng,,2024,https://www.dlrrd.gov.za/phocadownloadpap/Annual_Report/CPA%20Annual%20Report%202023-24.pdf
Awake-Phaphama,Gauteng,0.03,2024,https://www.dlrrd.gov.za/phocadownloadpap/Annual_Report/CPA%20Annual%20Report%202023-24.pdf
Bantu Bonke,Gauteng,0.06,2024,https://www.dlrrd.gov.za/phocadownloadpap/Annual_Report/CPA%20Annual%20Report%202023-24.pdf
Berlin Mission,Gauteng,15.48,2024,https://www.dlrrd.gov.za/phocadownloadpap/Annual_Report/CPA%20Annual%20Report%202023-24.pdf
Deep South,Gauteng,0.09,2024,https://www.dlrrd.gov.za/phocadownloadpap/Annual_Report/CPA%20Annual%20Report%202023-24.pdf
Diphala Tsa Borole,Gauteng,,2024,https://www.dlrrd.gov.za/phocadownloadpap/Annual_Report/CPA%20Annual%20Report%202023-24.pdf
Ekuphileni,Gauteng,0.55,2024,https://www.dlrrd.gov.za/phocadownloadpap/Annual_Report/CPA%20Annual%20Report%202023-24.pdf
Ekuphumuleni,Gauteng,0.37,2024,https://www.dlrrd.gov.za/phocadownloadpap/Annual_Report/CPA%20Annual%20Report%202023-24.pdf
Ikhwezi,Gauteng,0.7,2024,https://www.dlrrd.gov.za/phocadownloadpap/Annual_Report/CPA%20Annual%20Report%202023-24.pdf
Indali,Gauteng,19.52,2024,https://www.dlrrd.gov.za/phocadownloadpap/Annual_Report/CPA%20Annual%20Report%202023-24.pdf
Inghalo,Gauteng,6.21,2024,https://www.dlrrd.gov.za/phocadownloadpap/Annual_Report/CPA%20Annual%20Report%202023-24.pdf
Kabini,Gauteng,0.05,2024,https://www.dlrrd.gov.za/phocadownloadpap/Annual_Report/CPA%20Annual%20Report%202023-24.pdf
Kgabo,Gauteng,0.39,2024,https://www.dlrrd.gov.za/phocadownloadpap/Annual_Report/CPA%20Annual%20Report%202023-24.pdf
Koppieskraal,Gauteng,8.11,2024,https://www.dlrrd.gov.za/phocadownloadpap/Annual_Report/CPA%20Annual%20Report%202023-24.pdf
Kudung,Gauteng,38.95,2024,https://www.dlrrd.gov.za/phocadownloadpap/Annual_Report/CPA%20Annual%20Report%202023-24.pdf
Matsoshe,Gauteng,1.63,2024,https://www.dlrrd.gov.za/phocadownloadpap/Annual_Report/CPA%20Annual%20Report%202023-24.pdf
Nanduna,Gauteng,1.42,2024,https://www.dlrrd.gov.za/phocadownloadpap/Annual_Report/CPA%20Annual%20Report%202023-24.pdf
Ngezehlambezi,Gauteng,1.21,2024,https://www.dlrrd.gov.za/phocadownloadpap/Annual_Report/CPA%20Annual%20Report%202023-24.pdf
Ontverwacht,Gauteng,8.58,2024,https://www.dlrrd.gov.za/phocadownloadpap/Annual_Report/CPA%20Annual%20Report%202023-24.pdf
Rietkuil Agri-Village,Gauteng,,2024,https://www.dlrrd.gov.za/phocadownloadpap/Annual_Report/CPA%20Annual%20Report%202023-24.pdf
Sheepfold,Gauteng,1.15,2024,https://www.dlrrd.gov.za/phocadownloadpap/Annual_Report/CPA%20Annual%20Report%202023-24.pdf
Siyabonga,Gauteng,0.51,2024,https://www.dlrrd.gov.za/phocadownloadpap/Annual_Report/CPA%20Annual%20Report%202023-24.pdf
Siyaphila,Gauteng,0.41,2024,https://www.dlrrd.gov.za/phocadownloadpap/Annual_Report/CPA%20Annual%20Report%202023-24.pdf
Siyathuthuka,Gauteng,0.47,2024,https://www.dlrrd.gov.za/phocadownloadpap/Annual_Report/CPA%20Annual%20Report%202023-24.pdf
Soshanguve Zandfontein,Gauteng,,2024,https://www.dlrrd.gov.za/phocadownloadpap/Annual_Report/CPA%20Annual%20Report%202023-24.pdf
Thusanang,Gauteng,6.31,2024,https://www.dlrrd.gov.za/phocadownloadpap/Annual_Report/CPA%20Annual%20Report%202023-24.pdf
Vukulime,Gauteng,0.76,2024,https://www.dlrrd.gov.za/phocadownloadpap/Annual_Report/CPA%20Annual%20Report%202023-24.pdf
Wallmansthal,Gauteng,,2024,https://www.dlrrd.gov.za/phocadownloadpap/Annual_Report/CPA%20Annual%20Report%202023-24.pdf
Zama Zama,Gauteng,0.4,2024,https://www.dlrrd.gov.za/phocadownloadpap/Annual_Report/CPA%20Annual%20Report%202023-24.pdf
Amantungwa,KwaZulu-Natal,,2024,https://www.dlrrd.gov.za/phocadownloadpap/Annual_Report/CPA%20Annual%20Report%202023-24.pdf
Amandla Ethu,KwaZulu-Natal,,2024,https://www.dlrrd.gov.za/phocadownloadpap/Annual_Report/CPA%20Annual%20Report%202023-24.pdf
Amanzabomvu,KwaZulu-Natal,16.75,2024,https://www.dlrrd.gov.za/phocadownloadpap/Annual_Report/CPA%20Annual%20Report%202023-24.pdf
Bekezela,KwaZulu-Natal,2.93,2024,https://www.dlrrd.gov.za/phocadownloadpap/Annual_Report/CPA%20Annual%20Report%202023-24.pdf
Cebolenkosi,KwaZulu-Natal,,2024,https://www.dlrrd.gov.za/phocadownloadpap/Annual_Report/CPA%20Annual%20Report%202023-24.pdf
Ekukhanyeni,KwaZulu-Natal,4.38,2024,https://www.dlrrd.gov.za/phocadownloadpap/Annual_Report/CPA%20Annual%20Report%202023-24.pdf
Ekuphumuleni,KwaZulu-Natal,20.55,2024,https://www.dlrrd.gov.za/phocadownloadpap/Annual_Report/CPA%20Annual%20Report%202023-24.pdf
Emacembeni,KwaZulu-Natal,1.69,2024,https://www.dlrrd.gov.za/phocadownloadpap/Annual_Report/CPA%20Annual%20Report%202023-24.pdf
Ensindeni,KwaZulu-Natal,,2024,https://www.dlrrd.gov.za/phocadownloadpap/Annual_Report/CPA%20Annual%20Report%202023-24.pdf
Five Star,KwaZulu-Natal,2.27,2024,https://www.dlrrd.gov.za/phocadownloadpap/Annual_Report/CPA%20Annual%20Report%202023-24.pdf
Gugulethu,KwaZulu-Natal,,2024,https://www.dlrrd.gov.za/phocadownloadpap/Annual_Report/CPA%20Annual%20Report%202023-24.pdf
Helmsley,KwaZulu-Natal,,2024,https://www.dlrrd.gov.za/phocadownloadpap/Annual_Report/CPA%20Annual%20Report%202023-24.pdf
Hlosokuhle,KwaZulu-Natal,1.58,2024,https://www.dlrrd.gov.za/phocadownloadpap/Annual_Report/CPA%20Annual%20Report%202023-24.pdf
Inhlanhlayethu,KwaZulu-Natal,,2024,https://www.dlrrd.gov.za/phocadownloadpap/Annual_Report/CPA%20Annual%20Report%202023-24.pdf
Ithubalethu Lamankamane,KwaZulu-Natal,1.43,2024,https://www.dlrrd.gov.za/phocadownloadpap/Annual_Report/CPA%20Annual%20Report%202023-24.pdf
Ithubelihle,KwaZulu-Natal,7.17,2024,https://www.dlrrd.gov.za/phocadownloadpap/Annual_Report/CPA%20Annual%20Report%202023-24.pdf
Jabulani,KwaZulu-Natal,1.44,2024,https://www.dlrrd.gov.za/phocadownloadpap/Annual_Report/CPA%20Annual%20Report%202023-24.pdf
Kwa khiph’inkuzi,KwaZulu-Natal,1.53,2024,https://www.dlrrd.gov.za/phocadownloadpap/Annual_Report/CPA%20Annual%20Report%202023-24.pdf
Kwabhukuda,KwaZulu-Natal,,2024,https://www.dlrrd.gov.za/phocadownloadpap/Annual_Report/CPA%20Annual%20Report%202023-24.pdf
Kwamambane,KwaZulu-Natal,1.62,2024,https://www.dlrrd.gov.za/phocadownloadpap/Annual_Report/CPA%20Annual%20Report%202023-24.pdf
KwaNxamalala,KwaZulu-Natal,8.49,2024,https://www.dlrrd.gov.za/phocadownloadpap/Annual_Report/CPA%20Annual%20Report%202023-24.pdf
Mahayise,KwaZulu-Natal,,2024,https://www.dlrrd.gov.za/phocadownloadpap/Annual_Report/CPA%20Annual%20Report%202023-24.pdf
Maqeleni,KwaZulu-Natal,2.09,2024,https://www.dlrrd.gov.za/phocadownloadpap/Annual_Report/CPA%20Annual%20Report%202023-24.pdf
Masakhane,KwaZulu-Natal,,2024,https://www.dlrrd.gov.za/phocadownloadpap/Annual_Report/CPA%20Annual%20Report%202023-24.pdf
Mathulini,KwaZulu-Natal,66.14,2024,https://www.dlrrd.gov.za/phocadownloadpap/Annual_Report/CPA%20Annual%20Report%202023-24.pdf
Mdabu,KwaZulu-Natal,1.96,2024,https://www.dlrrd.gov.za/phocadownloadpap/Annual_Report/CPA%20Annual%20Report%202023-24.pdf
Mnqandane,KwaZulu-Natal,,2024,https://www.dlrrd.gov.za/phocadownloadpap/Annual_Report/CPA%20Annual%20Report%202023-24.pdf
Mthindaba,KwaZulu-Natal,5.09,2024,https://www.dlrrd.gov.za/phocadownloadpap/Annual_Report/CPA%20Annual%20Report%202023-24.pdf
Mthunzini,KwaZulu-Natal,1.04,2024,https://www.dlrrd.gov.za/phocadownloadpap/Annual_Report/CPA%20Annual%20Report%202023-24.pdf
Mzinyashana,KwaZulu-Natal,4.54,2024,https://www.dlrrd.gov.za/phocadownloadpap/Annual_Report/CPA%20Annual%20Report%202023-24.pdf
Mzomusha,KwaZulu-Natal,0.03,2024,https://www.dlrrd.gov.za/phocadownloadpap/Annual_Report/CPA%20Annual%20Report%202023-24.pdf
Ndzimankulu,KwaZulu-Natal,,2024,https://www.dlrrd.gov.za/phocadownloadpap/Annual_Report/CPA%20Annual%20Report%202023-24.pdf
Ngunjini,KwaZulu-Natal,,2024,https://www.dlrrd.gov.za/phocadownloadpap/Annual_Report/CPA%20Annual%20Report%202023-24.pdf
Nomagwetshane,KwaZulu-Natal,,2024,https://www.dlrrd.gov.za/phocadownloadpap/Annual_Report/CPA%20Annual%20Report%202023-24.pdf
Phezukomkhono Ntabamnyama,KwaZulu-Natal,,2024,https://www.dlrrd.gov.za/phocadownloadpap/Annual_Report/CPA%20Annual%20Report%202023-24.pdf
Phumlani,KwaZulu-Natal,0.32,2024,https://www.dlrrd.gov.za/phocadownloadpap/Annual_Report/CPA%20Annual%20Report%202023-24.pdf
Qalukwenza,KwaZulu-Natal,4.14,2024,https://www.dlrrd.gov.za/phocadownloadpap/Annual_Report/CPA%20Annual%20Report%202023-24.pdf
Sakhisizwe,KwaZulu-Natal,,2024,https://www.dlrrd.gov.za/phocadownloadpap/Annual_Report/CPA%20Annual%20Report%202023-24.pdf
Shayamoya,KwaZulu-Natal,1.74,2024,https://www.dlrrd.gov.za/phocadownloadpap/Annual_Report/CPA%20Annual%20Report%202023-24.pdf
Sibonginhlanhla,KwaZulu-Natal,3.02,2024,https://www.dlrrd.gov.za/phocadownloadpap/Annual_Report/CPA%20Annual%20Report%202023-24.pdf
Siphulwazi,KwaZulu-Natal,7.17,2024,https://www.dlrrd.gov.za/phocadownloadpap/Annual_Report/CPA%20Annual%20Report%202023-24.pdf
Siyakhula,KwaZulu-Natal,4.05,2024,https://www.dlrrd.gov.za/phocadownloadpap/Annual_Report/CPA%20Annual%20Report%202023-24.pdf
Siyanqoba,KwaZulu-Natal,,2024,https://www.dlrrd.gov.za/phocadownloadpap/Annual_Report/CPA%20Annual%20Report%202023-24.pdf
Sompisi,KwaZulu-Natal,,2024,https://www.dlrrd.gov.za/phocadownloadpap/Annual_Report/CPA%20Annual%20Report%202023-24.pdf
St Paul,KwaZulu-Natal,,2024,https://www.dlrrd.gov.za/phocadownloadpap/Annual_Report/CPA%20Annual%20Report%202023-24.pdf
Thanduxolo,KwaZulu-Natal,3.84,2024,https://www.dlrrd.gov.za/phocadownloadpap/Annual_Report/CPA%20Annual%20Report%202023-24.pdf
Thokoza,KwaZulu-Natal,6.63,2024,https://www.dlrrd.gov.za/phocadownloadpap/Annual_Report/CPA%20Annual%20Report%202023-24.pdf
Ubambiswano,KwaZulu-Natal,5.7,2024,https://www.dlrrd.gov.za/phocadownloadpap/Annual_Report/CPA%20Annual%20Report%202023-24.pdf
Ubizo,KwaZulu-Natal,314.85,2024,https://www.dlrrd.gov.za/phocadownloadpap/Annual_Report/CPA%20Annual%20Report%202023-24.pdf
Umgebisa,KwaZulu-Natal,,2024,https://www.dlrrd.gov.za/phocadownloadpap/Annual_Report/CPA%20Annual%20Report%202023-24.pdf
Unqumela,KwaZulu-Natal,7,2024,https://www.dlrrd.gov.za/phocadownloadpap/Annual_Report/CPA%20Annual%20Report%202023-24.pdf
Vukani,KwaZulu-Natal,,2024,https://www.dlrrd.gov.za/phocadownloadpap/Annual_Report/CPA%20Annual%20Report%202023-24.pdf
Vukuzenzele,KwaZulu-Natal,6.61,2024,https://www.dlrrd.gov.za/phocadownloadpap/Annual_Report/CPA%20Annual%20Report%202023-24.pdf
Vusisizwe,KwaZulu-Natal,1.31,2024,https://www.dlrrd.gov.za/phocadownloadpap/Annual_Report/CPA%20Annual%20Report%202023-24.pdf
Zamokuhle,KwaZulu-Natal,1.21,2024,https://www.dlrrd.gov.za/phocadownloadpap/Annual_Report/CPA%20Annual%20Report%202023-24.pdf
Zwelabantu Dube,KwaZulu-Natal,12.06,2024,https://www.dlrrd.gov.za/phocadownloadpap/Annual_Report/CPA%20Annual%20Report%202023-24.pdf
Ekuhlengeni CPA,KwaZulu-Natal,16.77,2024,https://www.dlrrd.gov.za/phocadownloadpap/Annual_Report/CPA%20Annual%20Report%202023-24.pdf
Zimele,KwaZulu-Natal,0.99,2024,https://www.dlrrd.gov.za/phocadownloadpap/Annual_Report/CPA%20Annual%20Report%202023-24.pdf
Aletta,KwaZulu-Natal,,2024,https://www.dlrrd.gov.za/phocadownloadpap/Annual_Report/CPA%20Annual%20Report%202023-24.pdf
Alpha,KwaZulu-Natal,4.7,2024,https://www.dlrrd.gov.za/phocadownloadpap/Annual_Report/CPA%20Annual%20Report%202023-24.pdf
Amadunge,KwaZulu-Natal,5.64,2024,https://www.dlrrd.gov.za/phocadownloadpap/Annual_Report/CPA%20Annual%20Report%202023-24.pdf
Amakhwabe,KwaZulu-Natal,16.86,2024,https://www.dlrrd.gov.za/phocadownloadpap/Annual_Report/CPA%20Annual%20Report%202023-24.pdf
Amandla Emvelo,KwaZulu-Natal,14.89,2024,https://www.dlrrd.gov.za/phocadownloadpap/Annual_Report/CPA%20Annual%20Report%202023-24.pdf
Amandus Hill,KwaZulu-Natal,,2024,https://www.dlrrd.gov.za/phocadownloadpap/Annual_Report/CPA%20Annual%20Report%202023-24.pdf
Amanzi Amhlophe,KwaZulu-Natal,3.93,2024,https://www.dlrrd.gov.za/phocadownloadpap/Annual_Report/CPA%20Annual%20Report%202023-24.pdf
Asibambaneni,KwaZulu-Natal,2.23,2024,https://www.dlrrd.gov.za/phocadownloadpap/Annual_Report/CPA%20Annual%20Report%202023-24.pdf
Asibemunye,KwaZulu-Natal,3.14,2024,https://www.dlrrd.gov.za/phocadownloadpap/Annual_Report/CPA%20Annual%20Report%202023-24.pdf
Bambanani,KwaZulu-Natal,2.8,2024,https://www.dlrrd.gov.za/phocadownloadpap/Annual_Report/CPA%20Annual%20Report%202023-24.pdf
Bambanani,KwaZulu-Natal,4.51,2024,https://www.dlrrd.gov.za/phocadownloadpap/Annual_Report/CPA%20Annual%20Report%202023-24.pdf
Bambanani,KwaZulu-Natal,1.08,2024,https://www.dlrrd.gov.za/phocadownloadpap/Annual_Report/CPA%20Annual%20Report%202023-24.pdf
Bambanani,KwaZulu-Natal,1.63,2024,https://www.dlrrd.gov.za/phocadownloadpap/Annual_Report/CPA%20Annual%20Report%202023-24.pdf
Bambanani,KwaZulu-Natal,3.62,2024,https://www.dlrrd.gov.za/phocadownloadpap/Annual_Report/CPA%20Annual%20Report%202023-24.pdf
Bambanani,KwaZulu-Natal,3.65,2024,https://www.dlrrd.gov.za/phocadownloadpap/Annual_Report/CPA%20Annual%20Report%202023-24.pdf
Bambananisizwe,KwaZulu-Natal,4.09,2024,https://www.dlrrd.gov.za/phocadownloadpap/Annual_Report/CPA%20Annual%20Report%202023-24.pdf
Bambani Elim,KwaZulu-Natal,0.09,2024,https://www.dlrrd.gov.za/phocadownloadpap/Annual_Report/CPA%20Annual%20Report%202023-24.pdf
Baqulisini,KwaZulu-Natal,9.47,2024,https://www.dlrrd.gov.za/phocadownloadpap/Annual_Report/CPA%20Annual%20Report%202023-24.pdf
Bazangoma,KwaZulu-Natal,7.89,2024,https://www.dlrrd.gov.za/phocadownloadpap/Annual_Report/CPA%20Annual%20Report%202023-24.pdf
Becwane,KwaZulu-Natal,4.75,2024,https://www.dlrrd.gov.za/phocadownloadpap/Annual_Report/CPA%20Annual%20Report%202023-24.pdf
Bekezela,KwaZulu-Natal,13.48,2024,https://www.dlrrd.gov.za/phocadownloadpap/Annual_Report/CPA%20Annual%20Report%202023-24.pdf
Bekezelani,KwaZulu-Natal,5.74,2024,https://www.dlrrd.gov.za/phocadownloadpap/Annual_Report/CPA%20Annual%20Report%202023-24.pdf
Bethel,KwaZulu-Natal,18.14,2024,https://www.dlrrd.gov.za/phocadownloadpap/Annual_Report/CPA%20Annual%20Report%202023-24.pdf
Bhekanani,KwaZulu-Natal,17.86,2024,https://www.dlrrd.gov.za/phocadownloadpap/Annual_Report/CPA%20Annual%20Report%202023-24.pdf
Bhotahozwayo,KwaZulu-Natal,5.81,2024,https://www.dlrrd.gov.za/phocadownloadpap/Annual_Report/CPA%20Annual%20Report%202023-24.pdf
Biskop,KwaZulu-Natal,17.22,2024,https://www.dlrrd.gov.za/phocadownloadpap/Annual_Report/CPA%20Annual%20Report%202023-24.pdf
Busane,KwaZulu-Natal,6.47,2024,https://www.dlrrd.gov.za/phocadownloadpap/Annual_Report/CPA%20Annual%20Report%202023-24.pdf
Buyafuthi,KwaZulu-Natal,12.81,2024,https://www.dlrrd.gov.za/phocadownloadpap/Annual_Report/CPA%20Annual%20Report%202023-24.pdf
Carlsbad,KwaZulu-Natal,3.33,2024,https://www.dlrrd.gov.za/phocadownloadpap/Annual_Report/CPA%20Annual%20Report%202023-24.pdf
Cremin Land Trust,KwaZulu-Natal,6.24,2024,https://www.dlrrd.gov.za/phocadownloadpap/Annual_Report/CPA%20Annual%20Report%202023-24.pdf
Dlomodlomo,KwaZulu-Natal,13.34,2024,https://www.dlrrd.gov.za/phocadownloadpap/Annual_Report/CPA%20Annual%20Report%202023-24.pdf
Driekwaart,KwaZulu-Natal,7.5,2024,https://www.dlrrd.gov.za/phocadownloadpap/Annual_Report/CPA%20Annual%20Report%202023-24.pdf
Duna,KwaZulu-Natal,3.41,2024,https://www.dlrrd.gov.za/phocadownloadpap/Annual_Report/CPA%20Annual%20Report%202023-24.pdf
Ebholeni,KwaZulu-Natal,0.87,2024,https://www.dlrrd.gov.za/phocadownloadpap/Annual_Report/CPA%20Annual%20Report%202023-24.pdf
Ebuhleni,KwaZulu-Natal,0.45,2024,https://www.dlrrd.gov.za/phocadownloadpap/Annual_Report/CPA%20Annual%20Report%202023-24.pdf
Egamalethu,KwaZulu-Natal,6.15,2024,https://www.dlrrd.gov.za/phocadownloadpap/Annual_Report/CPA%20Annual%20Report%202023-24.pdf
Egoda,KwaZulu-Natal,3.28,2024,https://www.dlrrd.gov.za/phocadownloadpap/Annual_Report/CPA%20Annual%20Report%202023-24.pdf
Eholo,KwaZulu-Natal,0.77,2024,https://www.dlrrd.gov.za/phocadownloadpap/Annual_Report/CPA%20Annual%20Report%202023-24.pdf
Ejabuleni,KwaZulu-Natal,1.03,2024,https://www.dlrrd.gov.za/phocadownloadpap/Annual_Report/CPA%20Annual%20Report%202023-24.pdf
Ekhanana,KwaZulu-Natal,2.57,2024,https://www.dlrrd.gov.za/phocadownloadpap/Annual_Report/CPA%20Annual%20Report%202023-24.pdf
Ekuphumuleni,KwaZulu-Natal,2.41,2024,https://www.dlrrd.gov.za/phocadownloadpap/Annual_Report/CPA%20Annual%20Report%202023-24.pdf
Ekuphumuleni,KwaZulu-Natal,15.43,2024,https://www.dlrrd.gov.za/phocadownloadpap/Annual_Report/CPA%20Annual%20Report%202023-24.pdf
Ekuthuleni,KwaZulu-Natal,11.61,2024,https://www.dlrrd.gov.za/phocadownloadpap/Annual_Report/CPA%20Annual%20Report%202023-24.pdf
Ekuthuleni,KwaZulu-Natal,,2024,https://www.dlrrd.gov.za/phocadownloadpap/Annual_Report/CPA%20Annual%20Report%202023-24.pdf
Ekuthuleni,KwaZulu-Natal,15.51,2024,https://www.dlrrd.gov.za/phocadownloadpap/Annual_Report/CPA%20Annual%20Report%202023-24.pdf
Ekuthuleni,KwaZulu-Natal,21.66,2024,https://www.dlrrd.gov.za/phocadownloadpap/Annual_Report/CPA%20Annual%20Report%202023-24.pdf
Ekuthuleni,KwaZulu-Natal,3.58,2024,https://www.dlrrd.gov.za/phocadownloadpap/Annual_Report/CPA%20Annual%20Report%202023-24.pdf
Ekuvukeni,KwaZulu-Natal,0.96,2024,https://www.dlrrd.gov.za/phocadownloadpap/Annual_Report/CPA%20Annual%20Report%202023-24.pdf
Emahlathini,KwaZulu-Natal,,2024,https://www.dlrrd.gov.za/phocadownloadpap/Annual_Report/CPA%20Annual%20Report%202023-24.pdf
Emakheni,KwaZulu-Natal,1.5,2024,https://www.dlrrd.gov.za/phocadownloadpap/Annual_Report/CPA%20Annual%20Report%202023-24.pdf
Emandlakazulu,KwaZulu-Natal,6.64,2024,https://www.dlrrd.gov.za/phocadownloadpap/Annual_Report/CPA%20Annual%20Report%202023-24.pdf
Emandleni,KwaZulu-Natal,4.36,2024,https://www.dlrrd.gov.za/phocadownloadpap/Annual_Report/CPA%20Annual%20Report%202023-24.pdf
Emandleni,KwaZulu-Natal,4,2024,https://www.dlrrd.gov.za/phocadownloadpap/Annual_Report/CPA%20Annual%20Report%202023-24.pdf
Emandleni,KwaZulu-Natal,,2024,https://www.dlrrd.gov.za/phocadownloadpap/Annual_Report/CPA%20Annual%20Report%202023-24.pdf
Emaswazini,KwaZulu-Natal,0.24,2024,https://www.dlrrd.gov.za/phocadownloadpap/Annual_Report/CPA%20Annual%20Report%202023-24.pdf
Embokodweni,KwaZulu-Natal,4.05,2024,https://www.dlrrd.gov.za/phocadownloadpap/Annual_Report/CPA%20Annual%20Report%202023-24.pdf
Embuzembovu,KwaZulu-Natal,6.27,2024,https://www.dlrrd.gov.za/phocadownloadpap/Annual_Report/CPA%20Annual%20Report%202023-24.pdf
Emhlangeni,KwaZulu-Natal,3.3,2024,https://www.dlrrd.gov.za/phocadownloadpap/Annual_Report/CPA%20Annual%20Report%202023-24.pdf
Emhlwaneni,KwaZulu-Natal,2.01,2024,https://www.dlrrd.gov.za/phocadownloadpap/Annual_Report/CPA%20Annual%20Report%202023-24.pdf
Empumelelweni,KwaZulu-Natal,1.05,2024,https://www.dlrrd.gov.za/phocadownloadpap/Annual_Report/CPA%20Annual%20Report%202023-24.pdf
Emsamo,KwaZulu-Natal,9.38,2024,https://www.dlrrd.gov.za/phocadownloadpap/Annual_Report/CPA%20Annual%20Report%202023-24.pdf
Emseni,KwaZulu-Natal,2.79,2024,https://www.dlrrd.gov.za/phocadownloadpap/Annual_Report/CPA%20Annual%20Report%202023-24.pdf
Enjabulweni,KwaZulu-Natal,0.22,2024,https://www.dlrrd.gov.za/phocadownloadpap/Annual_Report/CPA%20Annual%20Report%202023-24.pdf
Enkanyezini,KwaZulu-Natal,3.04,2024,https://www.dlrrd.gov.za/phocadownloadpap/Annual_Report/CPA%20Annual%20Report%202023-24.pdf
Enkanyezini,KwaZulu-Natal,1.94,2024,https://www.dlrrd.gov.za/phocadownloadpap/Annual_Report/CPA%20Annual%20Report%202023-24.pdf
Enkanyisweni,KwaZulu-Natal,0.99,2024,https://www.dlrrd.gov.za/phocadownloadpap/Annual_Report/CPA%20Annual%20Report%202023-24.pdf
Enkondlwaneni,KwaZulu-Natal,0.31,2024,https://www.dlrrd.gov.za/phocadownloadpap/Annual_Report/CPA%20Annual%20Report%202023-24.pdf
Enthukweni,KwaZulu-Natal,5.2,2024,https://www.dlrrd.gov.za/phocadownloadpap/Annual_Report/CPA%20Annual%20Report%202023-24.pdf
Entokozweni,KwaZulu-Natal,3.95,2024,https://www.dlrrd.gov.za/phocadownloadpap/Annual_Report/CPA%20Annual%20Report%202023-24.pdf
Entokozweni,KwaZulu-Natal,23.95,2024,https://www.dlrrd.gov.za/phocadownloadpap/Annual_Report/CPA%20Annual%20Report%202023-24.pdf
Entokozweni,KwaZulu-Natal,3.59,2024,https://www.dlrrd.gov.za/phocadownloadpap/Annual_Report/CPA%20Annual%20Report%202023-24.pdf
Entuthukweni,KwaZulu-Natal,3.59,2024,https://www.dlrrd.gov.za/phocadownloadpap/Annual_Report/CPA%20Annual%20Report%202023-24.pdf
Enyanyeni,KwaZulu-Natal,1.28,2024,https://www.dlrrd.gov.za/phocadownloadpap/Annual_Report/CPA%20Annual%20Report%202023-24.pdf
Ephangweni,KwaZulu-Natal,52.31,2024,https://www.dlrrd.gov.za/phocadownloadpap/Annual_Report/CPA%20Annual%20Report%202023-24.pdf
Ephangweni,KwaZulu-Natal,11.35,2024,https://www.dlrrd.gov.za/phocadownloadpap/Annual_Report/CPA%20Annual%20Report%202023-24.pdf
Esenzangani,KwaZulu-Natal,1.21,2024,https://www.dlrrd.gov.za/phocadownloadpap/Annual_Report/CPA%20Annual%20Report%202023-24.pdf
Ethembeni,KwaZulu-Natal,7.77,2024,https://www.dlrrd.gov.za/phocadownloadpap/Annual_Report/CPA%20Annual%20Report%202023-24.pdf
Ethembeni,KwaZulu-Natal,14.05,2024,https://www.dlrrd.gov.za/phocadownloadpap/Annual_Report/CPA%20Annual%20Report%202023-24.pdf
Etshenilengele,KwaZulu-Natal,1.03,2024,https://www.dlrrd.gov.za/phocadownloadpap/Annual_Report/CPA%20Annual%20Report%202023-24.pdf
Ezakhiweni,KwaZulu-Natal,6.15,2024,https://www.dlrrd.gov.za/phocadownloadpap/Annual_Report/CPA%20Annual%20Report%202023-24.pdf
Ezitendeni,KwaZulu-Natal,6.27,2024,https://www.dlrrd.gov.za/phocadownloadpap/Annual_Report/CPA%20Annual%20Report%202023-24.pdf
Felokwakhe Hlatshwayo,KwaZulu-Natal,0.5,2024,https://www.dlrrd.gov.za/phocadownloadpap/Annual_Report/CPA%20Annual%20Report%202023-24.pdf
Funukwenza,KwaZulu-Natal,1.35,2024,https://www.dlrrd.gov.za/phocadownloadpap/Annual_Report/CPA%20Annual%20Report%202023-24.pdf
Gcinulwazi,KwaZulu-Natal,14.31,2024,https://www.dlrrd.gov.za/phocadownloadpap/Annual_Report/CPA%20Annual%20Report%202023-24.pdf
Gobusizi,KwaZulu-Natal,9,2024,https://www.dlrrd.gov.za/phocadownloadpap/Annual_Report/CPA%20Annual%20Report%202023-24.pdf
Gordon Memorial,KwaZulu-Natal,12.1,2024,https://www.dlrrd.gov.za/phocadownloadpap/Annual_Report/CPA%20Annual%20Report%202023-24.pdf
Gorge,KwaZulu-Natal,4.86,2024,https://www.dlrrd.gov.za/phocadownloadpap/Annual_Report/CPA%20Annual%20Report%202023-24.pdf
Goudina,KwaZulu-Natal,8.61,2024,https://www.dlrrd.gov.za/phocadownloadpap/Annual_Report/CPA%20Annual%20Report%202023-24.pdf
Granchester,KwaZulu-Natal,1.29,2024,https://www.dlrrd.gov.za/phocadownloadpap/Annual_Report/CPA%20Annual%20Report%202023-24.pdf
Grange,KwaZulu-Natal,9.12,2024,https://www.dlrrd.gov.za/phocadownloadpap/Annual_Report/CPA%20Annual%20Report%202023-24.pdf
Gugela,KwaZulu-Natal,3.11,2024,https://www.dlrrd.gov.za/phocadownloadpap/Annual_Report/CPA%20Annual%20Report%202023-24.pdf
Gumede,KwaZulu-Natal,0.02,2024,https://www.dlrrd.gov.za/phocadownloadpap/Annual_Report/CPA%20Annual%20Report%202023-24.pdf
Gwayimane,KwaZulu-Natal,4.3,2024,https://www.dlrrd.gov.za/phocadownloadpap/Annual_Report/CPA%20Annual%20Report%202023-24.pdf
Hallowheel,KwaZulu-Natal,,2024,https://www.dlrrd.gov.za/phocadownloadpap/Annual_Report/CPA%20Annual%20Report%202023-24.pdf
Hambanathi Baba,KwaZulu-Natal,6.6,2024,https://www.dlrrd.gov.za/phocadownloadpap/Annual_Report/CPA%20Annual%20Report%202023-24.pdf
Hermannsburg,KwaZulu-Natal,6.19,2024,https://www.dlrrd.gov.za/phocadownloadpap/Annual_Report/CPA%20Annual%20Report%202023-24.pdf
Hlanganani,KwaZulu-Natal,4.96,2024,https://www.dlrrd.gov.za/phocadownloadpap/Annual_Report/CPA%20Annual%20Report%202023-24.pdf
Hlanganani,KwaZulu-Natal,5.55,2024,https://www.dlrrd.gov.za/phocadownloadpap/Annual_Report/CPA%20Annual%20Report%202023-24.pdf
Hlanganani,KwaZulu-Natal,6,2024,https://www.dlrrd.gov.za/phocadownloadpap/Annual_Report/CPA%20Annual%20Report%202023-24.pdf
Hlanganani,KwaZulu-Natal,6.94,2024,https://www.dlrrd.gov.za/phocadownloadpap/Annual_Report/CPA%20Annual%20Report%202023-24.pdf
Hlanganani,KwaZulu-Natal,1.95,2024,https://www.dlrrd.gov.za/phocadownloadpap/Annual_Report/CPA%20Annual%20Report%202023-24.pdf
Hlanganani,KwaZulu-Natal,1.7,2024,https://www.dlrrd.gov.za/phocadownloadpap/Annual_Report/CPA%20Annual%20Report%202023-24.pdf
Hlanganani,KwaZulu-Natal,2.17,2024,https://www.dlrrd.gov.za/phocadownloadpap/Annual_Report/CPA%20Annual%20Report%202023-24.pdf
Hlanganani/ Nolan Volans,KwaZulu-Natal,1.52,2024,https://www.dlrrd.gov.za/phocadownloadpap/Annual_Report/CPA%20Annual%20Report%202023-24.pdf
Igugulesizwe,KwaZulu-Natal,8.43,2024,https://www.dlrrd.gov.za/phocadownloadpap/Annual_Report/CPA%20Annual%20Report%202023-24.pdf
Imbambasi,KwaZulu-Natal,4.2,2024,https://www.dlrrd.gov.za/phocadownloadpap/Annual_Report/CPA%20Annual%20Report%202023-24.pdf
Impumelelo,KwaZulu-Natal,14.51,2024,https://www.dlrrd.gov.za/phocadownloadpap/Annual_Report/CPA%20Annual%20Report%202023-24.pdf
Impumelelo Yesizwe,KwaZulu-Natal,3.02,2024,https://www.dlrrd.gov.za/phocadownloadpap/Annual_Report/CPA%20Annual%20Report%202023-24.pdf
Impumelelo/ Klaarfontein,KwaZulu-Natal,2.02,2024,https://www.dlrrd.gov.za/phocadownloadpap/Annual_Report/CPA%20Annual%20Report%202023-24.pdf
Indlovane,KwaZulu-Natal,9.51,2024,https://www.dlrrd.gov.za/phocadownloadpap/Annual_Report/CPA%20Annual%20Report%202023-24.pdf
Ingula Kayishazwa,KwaZulu-Natal,8.51,2024,https://www.dlrrd.gov.za/phocadownloadpap/Annual_Report/CPA%20Annual%20Report%202023-24.pdf
Ingulane,KwaZulu-Natal,21.37,2024,https://www.dlrrd.gov.za/phocadownloadpap/Annual_Report/CPA%20Annual%20Report%202023-24.pdf
Injabulo,KwaZulu-Natal,7.56,2024,https://www.dlrrd.gov.za/phocadownloadpap/Annual_Report/CPA%20Annual%20Report%202023-24.pdf
Inkanyezi YamaHobe,KwaZulu-Natal,18.49,2024,https://www.dlrrd.gov.za/phocadownloadpap/Annual_Report/CPA%20Annual%20Report%202023-24.pdf
Inkomba Zithathele,KwaZulu-Natal,4.12,2024,https://www.dlrrd.gov.za/phocadownloadpap/Annual_Report/CPA%20Annual%20Report%202023-24.pdf
Inkululeko,KwaZulu-Natal,0.72,2024,https://www.dlrrd.gov.za/phocadownloadpap/Annual_Report/CPA%20Annual%20Report%202023-24.pdf
Inkululeko,KwaZulu-Natal,2.13,2024,https://www.dlrrd.gov.za/phocadownloadpap/Annual_Report/CPA%20Annual%20Report%202023-24.pdf
Inkululeko,KwaZulu-Natal,2.03,2024,https://www.dlrrd.gov.za/phocadownloadpap/Annual_Report/CPA%20Annual%20Report%202023-24.pdf
Inkunzi,KwaZulu-Natal,5.14,2024,https://www.dlrrd.gov.za/phocadownloadpap/Annual_Report/CPA%20Annual%20Report%202023-24.pdf
Inkunzi Kayihlehli,KwaZulu-Natal,,2024,https://www.dlrrd.gov.za/phocadownloadpap/Annual_Report/CPA%20Annual%20Report%202023-24.pdf
Inkuthu Kayishazwa,KwaZulu-Natal,4.46,2024,https://www.dlrrd.gov.za/phocadownloadpap/Annual_Report/CPA%20Annual%20Report%202023-24.pdf
Inselelo,KwaZulu-Natal,3.52,2024,https://www.dlrrd.gov.za/phocadownloadpap/Annual_Report/CPA%20Annual%20Report%202023-24.pdf
Intuthuko Yamazulu,KwaZulu-Natal,,2024,https://www.dlrrd.gov.za/phocadownloadpap/Annual_Report/CPA%20Annual%20Report%202023-24.pdf
Inyakanyaka Yomshini,KwaZulu-Natal,22.43,2024,https://www.dlrrd.gov.za/phocadownloadpap/Annual_Report/CPA%20Annual%20Report%202023-24.pdf
Inyeza,KwaZulu-Natal,6.33,2024,https://www.dlrrd.gov.za/phocadownloadpap/Annual_Report/CPA%20Annual%20Report%202023-24.pdf
Inzalo Yabaqulisi,KwaZulu-Natal,2.49,2024,https://www.dlrrd.gov.za/phocadownloadpap/Annual_Report/CPA%20Annual%20Report%202023-24.pdf
Iphangandlovu,KwaZulu-Natal,5.62,2024,https://www.dlrrd.gov.za/phocadownloadpap/Annual_Report/CPA%20Annual%20Report%202023-24.pdf
Isigodi Phola,KwaZulu-Natal,1.63,2024,https://www.dlrrd.gov.za/phocadownloadpap/Annual_Report/CPA%20Annual%20Report%202023-24.pdf
Isihlangu Sendoda,KwaZulu-Natal,8.05,2024,https://www.dlrrd.gov.za/phocadownloadpap/Annual_Report/CPA%20Annual%20Report%202023-24.pdf
Isinamuva,KwaZulu-Natal,1.52,2024,https://www.dlrrd.gov.za/phocadownloadpap/Annual_Report/CPA%20Annual%20Report%202023-24.pdf
Ithemba Lehlonyane,KwaZulu-Natal,9.95,2024,https://www.dlrrd.gov.za/phocadownloadpap/Annual_Report/CPA%20Annual%20Report%202023-24.pdf
Izagila,KwaZulu-Natal,7.51,2024,https://www.dlrrd.gov.za/phocadownloadpap/Annual_Report/CPA%20Annual%20Report%202023-24.pdf
Izagila Zophothu,KwaZulu-Natal,2.02,2024,https://www.dlrrd.gov.za/phocadownloadpap/Annual_Report/CPA%20Annual%20Report%202023-24.pdf
Izimpofu,KwaZulu-Natal,5.73,2024,https://www.dlrrd.gov.za/phocadownloadpap/Annual_Report/CPA%20Annual%20Report%202023-24.pdf
Jacksonville,KwaZulu-Natal,1.88,2024,https://www.dlrrd.gov.za/phocadownloadpap/Annual_Report/CPA%20Annual%20Report%202023-24.pdf
Jiyane,KwaZulu-Natal,3.13,2024,https://www.dlrrd.gov.za/phocadownloadpap/Annual_Report/CPA%20Annual%20Report%202023-24.pdf
Khanyisani,KwaZulu-Natal,27.87,2024,https://www.dlrrd.gov.za/phocadownloadpap/Annual_Report/CPA%20Annual%20Report%202023-24.pdf
Khethukuthula,KwaZulu-Natal,3.43,2024,https://www.dlrrd.gov.za/phocadownloadpap/Annual_Report/CPA%20Annual%20Report%202023-24.pdf
Khululeka,KwaZulu-Natal,18.17,2024,https://www.dlrrd.gov.za/phocadownloadpap/Annual_Report/CPA%20Annual%20Report%202023-24.pdf
Khumalo. Mdluli and Nyawose,KwaZulu-Natal,0.67,2024,https://www.dlrrd.gov.za/phocadownloadpap/Annual_Report/CPA%20Annual%20Report%202023-24.pdf
Konningsberg,KwaZulu-Natal,3.3,2024,https://www.dlrrd.gov.za/phocadownloadpap/Annual_Report/CPA%20Annual%20Report%202023-24.pdf
Kwa Malahane,KwaZulu-Natal,4.05,2024,https://www.dlrrd.gov.za/phocadownloadpap/Annual_Report/CPA%20Annual%20Report%202023-24.pdf
Kwa Mbobo,KwaZulu-Natal,5.29,2024,https://www.dlrrd.gov.za/phocadownloadpap/Annual_Report/CPA%20Annual%20Report%202023-24.pdf
Kwa Xolo,KwaZulu-Natal,1.47,2024,https://www.dlrrd.gov.za/phocadownloadpap/Annual_Report/CPA%20Annual%20Report%202023-24.pdf
KwaGengeshe,KwaZulu-Natal,6.03,2024,https://www.dlrrd.gov.za/phocadownloadpap/Annual_Report/CPA%20Annual%20Report%202023-24.pdf
Kwamahlasela,KwaZulu-Natal,7.31,2024,https://www.dlrrd.gov.za/phocadownloadpap/Annual_Report/CPA%20Annual%20Report%202023-24.pdf
Kwamajuba,KwaZulu-Natal,6.45,2024,https://www.dlrrd.gov.za/phocadownloadpap/Annual_Report/CPA%20Annual%20Report%202023-24.pdf
Kwambazula,KwaZulu-Natal,6.19,2024,https://www.dlrrd.gov.za/phocadownloadpap/Annual_Report/CPA%20Annual%20Report%202023-24.pdf
Kwamthethofanayo,KwaZulu-Natal,4.56,2024,https://www.dlrrd.gov.za/phocadownloadpap/Annual_Report/CPA%20Annual%20Report%202023-24.pdf
Kwandaba/Kwasa,KwaZulu-Natal,5.06,2024,https://www.dlrrd.gov.za/phocadownloadpap/Annual_Report/CPA%20Annual%20Report%202023-24.pdf
Kwangwenya-Skosana,KwaZulu-Natal,13.03,2024,https://www.dlrrd.gov.za/phocadownloadpap/Annual_Report/CPA%20Annual%20Report%202023-24.pdf
Kwaqalukuphumula,KwaZulu-Natal,1.81,2024,https://www.dlrrd.gov.za/phocadownloadpap/Annual_Report/CPA%20Annual%20Report%202023-24.pdf
Kwavilakazi,KwaZulu-Natal,3.69,2024,https://www.dlrrd.gov.za/phocadownloadpap/Annual_Report/CPA%20Annual%20Report%202023-24.pdf
Kwavimbe,KwaZulu-Natal,5.09,2024,https://www.dlrrd.gov.za/phocadownloadpap/Annual_Report/CPA%20Annual%20Report%202023-24.pdf
Kwa-Xolo,KwaZulu-Natal,1.47,2024,https://www.dlrrd.gov.za/phocadownloadpap/Annual_Report/CPA%20Annual%20Report%202023-24.pdf
Kwazimele,KwaZulu-Natal,2.19,2024,https://www.dlrrd.gov.za/phocadownloadpap/Annual_Report/CPA%20Annual%20Report%202023-24.pdf
Kwazimele,KwaZulu-Natal,2.09,2024,https://www.dlrrd.gov.za/phocadownloadpap/Annual_Report/CPA%20Annual%20Report%202023-24.pdf
Kwenzakwethu,KwaZulu-Natal,0.95,2024,https://www.dlrrd.gov.za/phocadownloadpap/Annual_Report/CPA%20Annual%20Report%202023-24.pdf
Lakaje,KwaZulu-Natal,2.68,2024,https://www.dlrrd.gov.za/phocadownloadpap/Annual_Report/CPA%20Annual%20Report%202023-24.pdf
Lethukuthula,KwaZulu-Natal,2.75,2024,https://www.dlrrd.gov.za/phocadownloadpap/Annual_Report/CPA%20Annual%20Report%202023-24.pdf
Libuyile Encome,KwaZulu-Natal,1.53,2024,https://www.dlrrd.gov.za/phocadownloadpap/Annual_Report/CPA%20Annual%20Report%202023-24.pdf
Lindelani,KwaZulu-Natal,13.12,2024,https://www.dlrrd.gov.za/phocadownloadpap/Annual_Report/CPA%20Annual%20Report%202023-24.pdf
Lindizwe,KwaZulu-Natal,1.81,2024,https://www.dlrrd.gov.za/phocadownloadpap/Annual_Report/CPA%20Annual%20Report%202023-24.pdf
Lindukuphumula,KwaZulu-Natal,11.32,2024,https://www.dlrrd.gov.za/phocadownloadpap/Annual_Report/CPA%20Annual%20Report%202023-24.pdf
M.T Alice,KwaZulu-Natal,1.39,2024,https://www.dlrrd.gov.za/phocadownloadpap/Annual_Report/CPA%20Annual%20Report%202023-24.pdf
Mabhoqo,KwaZulu-Natal,2.26,2024,https://www.dlrrd.gov.za/phocadownloadpap/Annual_Report/CPA%20Annual%20Report%202023-24.pdf
Maduna,KwaZulu-Natal,6.6,2024,https://www.dlrrd.gov.za/phocadownloadpap/Annual_Report/CPA%20Annual%20Report%202023-24.pdf
Magenwini,KwaZulu-Natal,4.41,2024,https://www.dlrrd.gov.za/phocadownloadpap/Annual_Report/CPA%20Annual%20Report%202023-24.pdf
Magoso,KwaZulu-Natal,4.9,2024,https://www.dlrrd.gov.za/phocadownloadpap/Annual_Report/CPA%20Annual%20Report%202023-24.pdf
Mahlabaneni,KwaZulu-Natal,6.01,2024,https://www.dlrrd.gov.za/phocadownloadpap/Annual_Report/CPA%20Annual%20Report%202023-24.pdf
Makhathalele,KwaZulu-Natal,5.89,2024,https://www.dlrrd.gov.za/phocadownloadpap/Annual_Report/CPA%20Annual%20Report%202023-24.pdf
Makwetshane,KwaZulu-Natal,4.81,2024,https://www.dlrrd.gov.za/phocadownloadpap/Annual_Report/CPA%20Annual%20Report%202023-24.pdf
Manzamnyama,KwaZulu-Natal,7.48,2024,https://www.dlrrd.gov.za/phocadownloadpap/Annual_Report/CPA%20Annual%20Report%202023-24.pdf
Maphumulo,KwaZulu-Natal,6.33,2024,https://www.dlrrd.gov.za/phocadownloadpap/Annual_Report/CPA%20Annual%20Report%202023-24.pdf
Masakhane,KwaZulu-Natal,12.15,2024,https://www.dlrrd.gov.za/phocadownloadpap/Annual_Report/CPA%20Annual%20Report%202023-24.pdf
Masakhane,KwaZulu-Natal,13.96,2024,https://www.dlrrd.gov.za/phocadownloadpap/Annual_Report/CPA%20Annual%20Report%202023-24.pdf
Masakhane,KwaZulu-Natal,,2024,https://www.dlrrd.gov.za/phocadownloadpap/Annual_Report/CPA%20Annual%20Report%202023-24.pdf
Masakhane,KwaZulu-Natal,,2024,https://www.dlrrd.gov.za/phocadownloadpap/Annual_Report/CPA%20Annual%20Report%202023-24.pdf
Masibambane,KwaZulu-Natal,4.61,2024,https://www.dlrrd.gov.za/phocadownloadpap/Annual_Report/CPA%20Annual%20Report%202023-24.pdf
Masibambaneni,KwaZulu-Natal,6.67,2024,https://www.dlrrd.gov.za/phocadownloadpap/Annual_Report/CPA%20Annual%20Report%202023-24.pdf
Masibambisane,KwaZulu-Natal,2.7,2024,https://www.dlrrd.gov.za/phocadownloadpap/Annual_Report/CPA%20Annual%20Report%202023-24.pdf
Masibambisane,KwaZulu-Natal,2.71,2024,https://www.dlrrd.gov.za/phocadownloadpap/Annual_Report/CPA%20Annual%20Report%202023-24.pdf
Masibumbane,KwaZulu-Natal,6.76,2024,https://www.dlrrd.gov.za/phocadownloadpap/Annual_Report/CPA%20Annual%20Report%202023-24.pdf
Masithuthuke,KwaZulu-Natal,3.35,2024,https://www.dlrrd.gov.za/phocadownloadpap/Annual_Report/CPA%20Annual%20Report%202023-24.pdf
Mazakhele,KwaZulu-Natal,2.34,2024,https://www.dlrrd.gov.za/phocadownloadpap/Annual_Report/CPA%20Annual%20Report%202023-24.pdf
Mbalane,KwaZulu-Natal,2.42,2024,https://www.dlrrd.gov.za/phocadownloadpap/Annual_Report/CPA%20Annual%20Report%202023-24.pdf
Mehlokazi,KwaZulu-Natal,1.51,2024,https://www.dlrrd.gov.za/phocadownloadpap/Annual_Report/CPA%20Annual%20Report%202023-24.pdf
Mengama,KwaZulu-Natal,4.11,2024,https://www.dlrrd.gov.za/phocadownloadpap/Annual_Report/CPA%20Annual%20Report%202023-24.pdf
Mgigimbe,KwaZulu-Natal,0.53,2024,https://www.dlrrd.gov.za/phocadownloadpap/Annual_Report/CPA%20Annual%20Report%202023-24.pdf
Mgobhozi CPA,KwaZulu-Natal,31.95,2024,https://www.dlrrd.gov.za/phocadownloadpap/Annual_Report/CPA%20Annual%20Report%202023-24.pdf
Mgqula,KwaZulu-Natal,,2024,https://www.dlrrd.gov.za/phocadownloadpap/Annual_Report/CPA%20Annual%20Report%202023-24.pdf
Mgwabalanada,KwaZulu-Natal,16.05,2024,https://www.dlrrd.gov.za/phocadownloadpap/Annual_Report/CPA%20Annual%20Report%202023-24.pdf
Mgwamama,KwaZulu-Natal,2.03,2024,https://www.dlrrd.gov.za/phocadownloadpap/Annual_Report/CPA%20Annual%20Report%202023-24.pdf
Mgxobeleni,KwaZulu-Natal,12.24,2024,https://www.dlrrd.gov.za/phocadownloadpap/Annual_Report/CPA%20Annual%20Report%202023-24.pdf
Mimtams,KwaZulu-Natal,2.8,2024,https://www.dlrrd.gov.za/phocadownloadpap/Annual_Report/CPA%20Annual%20Report%202023-24.pdf
Mkhunya,KwaZulu-Natal,6.85,2024,https://www.dlrrd.gov.za/phocadownloadpap/Annual_Report/CPA%20Annual%20Report%202023-24.pdf
Mkhuzane,KwaZulu-Natal,1.86,2024,https://www.dlrrd.gov.za/phocadownloadpap/Annual_Report/CPA%20Annual%20Report%202023-24.pdf
Mngwenya,KwaZulu-Natal,5.49,2024,https://www.dlrrd.gov.za/phocadownloadpap/Annual_Report/CPA%20Annual%20Report%202023-24.pdf
Mnyanyabuzi,KwaZulu-Natal,11.63,2024,https://www.dlrrd.gov.za/phocadownloadpap/Annual_Report/CPA%20Annual%20Report%202023-24.pdf
Mnyenenini,KwaZulu-Natal,2.99,2024,https://www.dlrrd.gov.za/phocadownloadpap/Annual_Report/CPA%20Annual%20Report%202023-24.pdf
Mphuzanyoni,KwaZulu-Natal,20.34,2024,https://www.dlrrd.gov.za/phocadownloadpap/Annual_Report/CPA%20Annual%20Report%202023-24.pdf
Mpondo,KwaZulu-Natal,3.27,2024,https://www.dlrrd.gov.za/phocadownloadpap/Annual_Report/CPA%20Annual%20Report%202023-24.pdf
Mpulo,KwaZulu-Natal,0.7,2024,https://www.dlrrd.gov.za/phocadownloadpap/Annual_Report/CPA%20Annual%20Report%202023-24.pdf
Mpumelifikile,KwaZulu-Natal,12.97,2024,https://www.dlrrd.gov.za/phocadownloadpap/Annual_Report/CPA%20Annual%20Report%202023-24.pdf
Mpungu,KwaZulu-Natal,9.6,2024,https://www.dlrrd.gov.za/phocadownloadpap/Annual_Report/CPA%20Annual%20Report%202023-24.pdf
Mpungulwane,KwaZulu-Natal,8.79,2024,https://www.dlrrd.gov.za/phocadownloadpap/Annual_Report/CPA%20Annual%20Report%202023-24.pdf
Mqongwane,KwaZulu-Natal,2.5,2024,https://www.dlrrd.gov.za/phocadownloadpap/Annual_Report/CPA%20Annual%20Report%202023-24.pdf
Mvunvini,KwaZulu-Natal,41.48,2024,https://www.dlrrd.gov.za/phocadownloadpap/Annual_Report/CPA%20Annual%20Report%202023-24.pdf
Mzinolovu,KwaZulu-Natal,0.67,2024,https://www.dlrrd.gov.za/phocadownloadpap/Annual_Report/CPA%20Annual%20Report%202023-24.pdf
Ndakane,KwaZulu-Natal,1.03,2024,https://www.dlrrd.gov.za/phocadownloadpap/Annual_Report/CPA%20Annual%20Report%202023-24.pdf
Ndindindi,KwaZulu-Natal,7.66,2024,https://www.dlrrd.gov.za/phocadownloadpap/Annual_Report/CPA%20Annual%20Report%202023-24.pdf
Ndolondlo,KwaZulu-Natal,2.71,2024,https://www.dlrrd.gov.za/phocadownloadpap/Annual_Report/CPA%20Annual%20Report%202023-24.pdf
Ngcongwane,KwaZulu-Natal,2.24,2024,https://www.dlrrd.gov.za/phocadownloadpap/Annual_Report/CPA%20Annual%20Report%202023-24.pdf
Ngobho,KwaZulu-Natal,,2024,https://www.dlrrd.gov.za/phocadownloadpap/Annual_Report/CPA%20Annual%20Report%202023-24.pdf
Ngodini,KwaZulu-Natal,5.92,2024,https://www.dlrrd.gov.za/phocadownloadpap/Annual_Report/CPA%20Annual%20Report%202023-24.pdf
Nhlalakahle,KwaZulu-Natal,6.52,2024,https://www.dlrrd.gov.za/phocadownloadpap/Annual_Report/CPA%20Annual%20Report%202023-24.pdf
Nhlalakahle,KwaZulu-Natal,8.05,2024,https://www.dlrrd.gov.za/phocadownloadpap/Annual_Report/CPA%20Annual%20Report%202023-24.pdf
Nhlangwini,KwaZulu-Natal,8.16,2024,https://www.dlrrd.gov.za/phocadownloadpap/Annual_Report/CPA%20Annual%20Report%202023-24.pdf
Nhlanhleni,KwaZulu-Natal,7.55,2024,https://www.dlrrd.gov.za/phocadownloadpap/Annual_Report/CPA%20Annual%20Report%202023-24.pdf
Nhlazatshe,KwaZulu-Natal,13.6,2024,https://www.dlrrd.gov.za/phocadownloadpap/Annual_Report/CPA%20Annual%20Report%202023-24.pdf
Nkaseni,KwaZulu-Natal,6.92,2024,https://www.dlrrd.gov.za/phocadownloadpap/Annual_Report/CPA%20Annual%20Report%202023-24.pdf
Nobamba-Katazo,KwaZulu-Natal,30.58,2024,https://www.dlrrd.gov.za/phocadownloadpap/Annual_Report/CPA%20Annual%20Report%202023-24.pdf
Nodunga,KwaZulu-Natal,8.31,2024,https://www.dlrrd.gov.za/phocadownloadpap/Annual_Report/CPA%20Annual%20Report%202023-24.pdf
Nomsa farmers,KwaZulu-Natal,6.89,2024,https://www.dlrrd.gov.za/phocadownloadpap/Annual_Report/CPA%20Annual%20Report%202023-24.pdf
Nqinani,KwaZulu-Natal,6.11,2024,https://www.dlrrd.gov.za/phocadownloadpap/Annual_Report/CPA%20Annual%20Report%202023-24.pdf
Ntababusuku,KwaZulu-Natal,12.71,2024,https://www.dlrrd.gov.za/phocadownloadpap/Annual_Report/CPA%20Annual%20Report%202023-24.pdf
Ntekelezwayo,KwaZulu-Natal,5.12,2024,https://www.dlrrd.gov.za/phocadownloadpap/Annual_Report/CPA%20Annual%20Report%202023-24.pdf
Nyakaza,KwaZulu-Natal,5.45,2024,https://www.dlrrd.gov.za/phocadownloadpap/Annual_Report/CPA%20Annual%20Report%202023-24.pdf
Nyandeni,KwaZulu-Natal,,2024,https://www.dlrrd.gov.za/phocadownloadpap/Annual_Report/CPA%20Annual%20Report%202023-24.pdf
Nyanisweni,KwaZulu-Natal,0.2,2024,https://www.dlrrd.gov.za/phocadownloadpap/Annual_Report/CPA%20Annual%20Report%202023-24.pdf
Nyenyeza,KwaZulu-Natal,,2024,https://www.dlrrd.gov.za/phocadownloadpap/Annual_Report/CPA%20Annual%20Report%202023-24.pdf
Nyenyezi,KwaZulu-Natal,0.77,2024,https://www.dlrrd.gov.za/phocadownloadpap/Annual_Report/CPA%20Annual%20Report%202023-24.pdf
Oakford,KwaZulu-Natal,2.6,2024,https://www.dlrrd.gov.za/phocadownloadpap/Annual_Report/CPA%20Annual%20Report%202023-24.pdf
Obambiswaneni,KwaZulu-Natal,5.6,2024,https://www.dlrrd.gov.za/phocadownloadpap/Annual_Report/CPA%20Annual%20Report%202023-24.pdf
Osizweni,KwaZulu-Natal,,2024,https://www.dlrrd.gov.za/phocadownloadpap/Annual_Report/CPA%20Annual%20Report%202023-24.pdf
Pakkies,KwaZulu-Natal,2.07,2024,https://www.dlrrd.gov.za/phocadownloadpap/Annual_Report/CPA%20Annual%20Report%202023-24.pdf
Phakamani,KwaZulu-Natal,1.8,2024,https://www.dlrrd.gov.za/phocadownloadpap/Annual_Report/CPA%20Annual%20Report%202023-24.pdf
Phezukomkhono,KwaZulu-Natal,12.62,2024,https://www.dlrrd.gov.za/phocadownloadpap/Annual_Report/CPA%20Annual%20Report%202023-24.pdf
Phezukomkhono,KwaZulu-Natal,7.78,2024,https://www.dlrrd.gov.za/phocadownloadpap/Annual_Report/CPA%20Annual%20Report%202023-24.pdf
Phola Dlamini,KwaZulu-Natal,9.83,2024,https://www.dlrrd.gov.za/phocadownloadpap/Annual_Report/CPA%20Annual%20Report%202023-24.pdf
Phumzile,KwaZulu-Natal,1.42,2024,https://www.dlrrd.gov.za/phocadownloadpap/Annual_Report/CPA%20Annual%20Report%202023-24.pdf
Qalakabusha,KwaZulu-Natal,4.14,2024,https://www.dlrrd.gov.za/phocadownloadpap/Annual_Report/CPA%20Annual%20Report%202023-24.pdf
Qedusizi,KwaZulu-Natal,1.52,2024,https://www.dlrrd.gov.za/phocadownloadpap/Annual_Report/CPA%20Annual%20Report%202023-24.pdf
Qhakaza,KwaZulu-Natal,3.17,2024,https://www.dlrrd.gov.za/phocadownloadpap/Annual_Report/CPA%20Annual%20Report%202023-24.pdf
Qiniseka,KwaZulu-Natal,17.67,2024,https://www.dlrrd.gov.za/phocadownloadpap/Annual_Report/CPA%20Annual%20Report%202023-24.pdf
Qophumlando,KwaZulu-Natal,12.23,2024,https://www.dlrrd.gov.za/phocadownloadpap/Annual_Report/CPA%20Annual%20Report%202023-24.pdf
Quaggasdrift,KwaZulu-Natal,13.12,2024,https://www.dlrrd.gov.za/phocadownloadpap/Annual_Report/CPA%20Annual%20Report%202023-24.pdf
Rosedale,KwaZulu-Natal,0.48,2024,https://www.dlrrd.gov.za/phocadownloadpap/Annual_Report/CPA%20Annual%20Report%202023-24.pdf
Sakhisizwe,KwaZulu-Natal,,2024,https://www.dlrrd.gov.za/phocadownloadpap/Annual_Report/CPA%20Annual%20Report%202023-24.pdf
Sani,KwaZulu-Natal,0.16,2024,https://www.dlrrd.gov.za/phocadownloadpap/Annual_Report/CPA%20Annual%20Report%202023-24.pdf
Sebenzani,KwaZulu-Natal,,2024,https://www.dlrrd.gov.za/phocadownloadpap/Annual_Report/CPA%20Annual%20Report%202023-24.pdf
Semoyeni,KwaZulu-Natal,1.03,2024,https://www.dlrrd.gov.za/phocadownloadpap/Annual_Report/CPA%20Annual%20Report%202023-24.pdf
Senzangakhona,KwaZulu-Natal,3.86,2024,https://www.dlrrd.gov.za/phocadownloadpap/Annual_Report/CPA%20Annual%20Report%202023-24.pdf
Senzokuhle,KwaZulu-Natal,0.84,2024,https://www.dlrrd.gov.za/phocadownloadpap/Annual_Report/CPA%20Annual%20Report%202023-24.pdf
Senzokuhle,KwaZulu-Natal,6.39,2024,https://www.dlrrd.gov.za/phocadownloadpap/Annual_Report/CPA%20Annual%20Report%202023-24.pdf
Senzokuhle,KwaZulu-Natal,12.2,2024,https://www.dlrrd.gov.za/phocadownloadpap/Annual_Report/CPA%20Annual%20Report%202023-24.pdf
Ses'khona,KwaZulu-Natal,1.83,2024,https://www.dlrrd.gov.za/phocadownloadpap/Annual_Report/CPA%20Annual%20Report%202023-24.pdf
Sgengana,KwaZulu-Natal,3.7,2024,https://www.dlrrd.gov.za/phocadownloadpap/Annual_Report/CPA%20Annual%20Report%202023-24.pdf
Shayamoya,KwaZulu-Natal,18.19,2024,https://www.dlrrd.gov.za/phocadownloadpap/Annual_Report/CPA%20Annual%20Report%202023-24.pdf
Shayizandla,KwaZulu-Natal,24.03,2024,https://www.dlrrd.gov.za/phocadownloadpap/Annual_Report/CPA%20Annual%20Report%202023-24.pdf
Sibankwana,KwaZulu-Natal,2.54,2024,https://www.dlrrd.gov.za/phocadownloadpap/Annual_Report/CPA%20Annual%20Report%202023-24.pdf
Sibhekintuthuko,KwaZulu-Natal,2.51,2024,https://www.dlrrd.gov.za/phocadownloadpap/Annual_Report/CPA%20Annual%20Report%202023-24.pdf
Sibonelo,KwaZulu-Natal,5.51,2024,https://www.dlrrd.gov.za/phocadownloadpap/Annual_Report/CPA%20Annual%20Report%202023-24.pdf
Sibonelo-Khwezi,KwaZulu-Natal,1.42,2024,https://www.dlrrd.gov.za/phocadownloadpap/Annual_Report/CPA%20Annual%20Report%202023-24.pdf
Sibusisiwe,KwaZulu-Natal,1.63,2024,https://www.dlrrd.gov.za/phocadownloadpap/Annual_Report/CPA%20Annual%20Report%202023-24.pdf
Sigongo Bambanani,KwaZulu-Natal,3.27,2024,https://www.dlrrd.gov.za/phocadownloadpap/Annual_Report/CPA%20Annual%20Report%202023-24.pdf
Silindokuhle,KwaZulu-Natal,1.67,2024,https://www.dlrrd.gov.za/phocadownloadpap/Annual_Report/CPA%20Annual%20Report%202023-24.pdf
Simunye,KwaZulu-Natal,23.03,2024,https://www.dlrrd.gov.za/phocadownloadpap/Annual_Report/CPA%20Annual%20Report%202023-24.pdf
Sinamuva,KwaZulu-Natal,1.47,2024,https://www.dlrrd.gov.za/phocadownloadpap/Annual_Report/CPA%20Annual%20Report%202023-24.pdf
Sinqobile,KwaZulu-Natal,12.23,2024,https://www.dlrrd.gov.za/phocadownloadpap/Annual_Report/CPA%20Annual%20Report%202023-24.pdf
Sinqobile,KwaZulu-Natal,9.42,2024,https://www.dlrrd.gov.za/phocadownloadpap/Annual_Report/CPA%20Annual%20Report%202023-24.pdf
Siphintuthuko,KwaZulu-Natal,7.11,2024,https://www.dlrrd.gov.za/phocadownloadpap/Annual_Report/CPA%20Annual%20Report%202023-24.pdf
Sipholile,KwaZulu-Natal,0.69,2024,https://www.dlrrd.gov.za/phocadownloadpap/Annual_Report/CPA%20Annual%20Report%202023-24.pdf
Siphumelele,KwaZulu-Natal,,2024,https://www.dlrrd.gov.za/phocadownloadpap/Annual_Report/CPA%20Annual%20Report%202023-24.pdf
Siphumelele Sotobe,KwaZulu-Natal,0.98,2024,https://www.dlrrd.gov.za/phocadownloadpap/Annual_Report/CPA%20Annual%20Report%202023-24.pdf
Siqhubekela Phambili,KwaZulu-Natal,2.88,2024,https://www.dlrrd.gov.za/phocadownloadpap/Annual_Report/CPA%20Annual%20Report%202023-24.pdf
Siqhubekela Phambili,KwaZulu-Natal,7.84,2024,https://www.dlrrd.gov.za/phocadownloadpap/Annual_Report/CPA%20Annual%20Report%202023-24.pdf
Sitholinhlanhla,KwaZulu-Natal,1.12,2024,https://www.dlrrd.gov.za/phocadownloadpap/Annual_Report/CPA%20Annual%20Report%202023-24.pdf
Sivelele,KwaZulu-Natal,0.21,2024,https://www.dlrrd.gov.za/phocadownloadpap/Annual_Report/CPA%20Annual%20Report%202023-24.pdf
Siyabona Khona,KwaZulu-Natal,7.97,2024,https://www.dlrrd.gov.za/phocadownloadpap/Annual_Report/CPA%20Annual%20Report%202023-24.pdf
Siyafufusa,KwaZulu-Natal,0.07,2024,https://www.dlrrd.gov.za/phocadownloadpap/Annual_Report/CPA%20Annual%20Report%202023-24.pdf
Siyakhula,KwaZulu-Natal,,2024,https://www.dlrrd.gov.za/phocadownloadpap/Annual_Report/CPA%20Annual%20Report%202023-24.pdf
Siyakhula,KwaZulu-Natal,12.13,2024,https://www.dlrrd.gov.za/phocadownloadpap/Annual_Report/CPA%20Annual%20Report%202023-24.pdf
Siyaphambili Ngema,KwaZulu-Natal,4.46,2024,https://www.dlrrd.gov.za/phocadownloadpap/Annual_Report/CPA%20Annual%20Report%202023-24.pdf
Siyaphumula,KwaZulu-Natal,1.42,2024,https://www.dlrrd.gov.za/phocadownloadpap/Annual_Report/CPA%20Annual%20Report%202023-24.pdf
Siyathemba,KwaZulu-Natal,11.47,2024,https://www.dlrrd.gov.za/phocadownloadpap/Annual_Report/CPA%20Annual%20Report%202023-24.pdf
Siyathemba,KwaZulu-Natal,,2024,https://www.dlrrd.gov.za/phocadownloadpap/Annual_Report/CPA%20Annual%20Report%202023-24.pdf
Siyathuthuka,KwaZulu-Natal,,2024,https://www.dlrrd.gov.za/phocadownloadpap/Annual_Report/CPA%20Annual%20Report%202023-24.pdf
Siyathuthuka,KwaZulu-Natal,19.01,2024,https://www.dlrrd.gov.za/phocadownloadpap/Annual_Report/CPA%20Annual%20Report%202023-24.pdf
Siyathuthuka,KwaZulu-Natal,,2024,https://www.dlrrd.gov.za/phocadownloadpap/Annual_Report/CPA%20Annual%20Report%202023-24.pdf
Siyathuthuka,KwaZulu-Natal,1.53,2024,https://www.dlrrd.gov.za/phocadownloadpap/Annual_Report/CPA%20Annual%20Report%202023-24.pdf
Siyazama,KwaZulu-Natal,0.1,2024,https://www.dlrrd.gov.za/phocadownloadpap/Annual_Report/CPA%20Annual%20Report%202023-24.pdf
Siyazama,KwaZulu-Natal,1.46,2024,https://www.dlrrd.gov.za/phocadownloadpap/Annual_Report/CPA%20Annual%20Report%202023-24.pdf
Siyazizamela,KwaZulu-Natal,7.33,2024,https://www.dlrrd.gov.za/phocadownloadpap/Annual_Report/CPA%20Annual%20Report%202023-24.pdf
Siza Uzulu,KwaZulu-Natal,27.92,2024,https://www.dlrrd.gov.za/phocadownloadpap/Annual_Report/CPA%20Annual%20Report%202023-24.pdf
Sizakahle,KwaZulu-Natal,5.28,2024,https://www.dlrrd.gov.za/phocadownloadpap/Annual_Report/CPA%20Annual%20Report%202023-24.pdf
Sizakancane /,KwaZulu-Natal,0.05,2024,https://www.dlrrd.gov.za/phocadownloadpap/Annual_Report/CPA%20Annual%20Report%202023-24.pdf
Sizama Indlela Entsha,KwaZulu-Natal,5.74,2024,https://www.dlrrd.gov.za/phocadownloadpap/Annual_Report/CPA%20Annual%20Report%202023-24.pdf
Sizameleni,KwaZulu-Natal,0.74,2024,https://www.dlrrd.gov.za/phocadownloadpap/Annual_Report/CPA%20Annual%20Report%202023-24.pdf
Sizanani,KwaZulu-Natal,4.59,2024,https://www.dlrrd.gov.za/phocadownloadpap/Annual_Report/CPA%20Annual%20Report%202023-24.pdf
Sizanani,KwaZulu-Natal,7.87,2024,https://www.dlrrd.gov.za/phocadownloadpap/Annual_Report/CPA%20Annual%20Report%202023-24.pdf
Sizanobuhle,KwaZulu-Natal,8.38,2024,https://www.dlrrd.gov.za/phocadownloadpap/Annual_Report/CPA%20Annual%20Report%202023-24.pdf
Sizathina,KwaZulu-Natal,1.61,2024,https://www.dlrrd.gov.za/phocadownloadpap/Annual_Report/CPA%20Annual%20Report%202023-24.pdf
Sizathina Maseko,KwaZulu-Natal,2.01,2024,https://www.dlrrd.gov.za/phocadownloadpap/Annual_Report/CPA%20Annual%20Report%202023-24.pdf
Sizisizwe,KwaZulu-Natal,2.18,2024,https://www.dlrrd.gov.za/phocadownloadpap/Annual_Report/CPA%20Annual%20Report%202023-24.pdf
Skhukhumuka,KwaZulu-Natal,6.56,2024,https://www.dlrrd.gov.za/phocadownloadpap/Annual_Report/CPA%20Annual%20Report%202023-24.pdf
Sokesibone,KwaZulu-Natal,5.82,2024,https://www.dlrrd.gov.za/phocadownloadpap/Annual_Report/CPA%20Annual%20Report%202023-24.pdf
Sondoda,KwaZulu-Natal,12.58,2024,https://www.dlrrd.gov.za/phocadownloadpap/Annual_Report/CPA%20Annual%20Report%202023-24.pdf
Springfield Stud,KwaZulu-Natal,0.21,2024,https://www.dlrrd.gov.za/phocadownloadpap/Annual_Report/CPA%20Annual%20Report%202023-24.pdf
Springvale,KwaZulu-Natal,7.8,2024,https://www.dlrrd.gov.za/phocadownloadpap/Annual_Report/CPA%20Annual%20Report%202023-24.pdf
St Joseph's,KwaZulu-Natal,43.46,2024,https://www.dlrrd.gov.za/phocadownloadpap/Annual_Report/CPA%20Annual%20Report%202023-24.pdf
Stilenga,KwaZulu-Natal,,2024,https://www.dlrrd.gov.za/phocadownloadpap/Annual_Report/CPA%20Annual%20Report%202023-24.pdf
Sukasambe,KwaZulu-Natal,11.09,2024,https://www.dlrrd.gov.za/phocadownloadpap/Annual_Report/CPA%20Annual%20Report%202023-24.pdf
Sukumasakhe / Grove/ GRVIN,KwaZulu-Natal,7.77,2024,https://www.dlrrd.gov.za/phocadownloadpap/Annual_Report/CPA%20Annual%20Report%202023-24.pdf
Thandanani,KwaZulu-Natal,2.46,2024,https://www.dlrrd.gov.za/phocadownloadpap/Annual_Report/CPA%20Annual%20Report%202023-24.pdf
Thandokuhle,KwaZulu-Natal,2.13,2024,https://www.dlrrd.gov.za/phocadownloadpap/Annual_Report/CPA%20Annual%20Report%202023-24.pdf
Thaphashiya,KwaZulu-Natal,3.5,2024,https://www.dlrrd.gov.za/phocadownloadpap/Annual_Report/CPA%20Annual%20Report%202023-24.pdf
Thembalihle One,KwaZulu-Natal,4.35,2024,https://www.dlrrd.gov.za/phocadownloadpap/Annual_Report/CPA%20Annual%20Report%202023-24.pdf
Thembalihle Two,KwaZulu-Natal,0.43,2024,https://www.dlrrd.gov.za/phocadownloadpap/Annual_Report/CPA%20Annual%20Report%202023-24.pdf
Thembanani,KwaZulu-Natal,2.37,2024,https://www.dlrrd.gov.za/phocadownloadpap/Annual_Report/CPA%20Annual%20Report%202023-24.pdf
Thembisa,KwaZulu-Natal,0.06,2024,https://www.dlrrd.gov.za/phocadownloadpap/Annual_Report/CPA%20Annual%20Report%202023-24.pdf
Thobelani,KwaZulu-Natal,32.32,2024,https://www.dlrrd.gov.za/phocadownloadpap/Annual_Report/CPA%20Annual%20Report%202023-24.pdf
Thokoza (Express),KwaZulu-Natal,11.46,2024,https://www.dlrrd.gov.za/phocadownloadpap/Annual_Report/CPA%20Annual%20Report%202023-24.pdf
Tholinhlanhla,KwaZulu-Natal,1.92,2024,https://www.dlrrd.gov.za/phocadownloadpap/Annual_Report/CPA%20Annual%20Report%202023-24.pdf
Tholulwazi,KwaZulu-Natal,9.59,2024,https://www.dlrrd.gov.za/phocadownloadpap/Annual_Report/CPA%20Annual%20Report%202023-24.pdf
Tholwethu,KwaZulu-Natal,7.22,2024,https://www.dlrrd.gov.za/phocadownloadpap/Annual_Report/CPA%20Annual%20Report%202023-24.pdf
Thubelihle,KwaZulu-Natal,3.54,2024,https://www.dlrrd.gov.za/phocadownloadpap/Annual_Report/CPA%20Annual%20Report%202023-24.pdf
Thulasizwe,KwaZulu-Natal,3.8,2024,https://www.dlrrd.gov.za/phocadownloadpap/Annual_Report/CPA%20Annual%20Report%202023-24.pdf
Thuthuka Mazulu,KwaZulu-Natal,6.22,2024,https://www.dlrrd.gov.za/phocadownloadpap/Annual_Report/CPA%20Annual%20Report%202023-24.pdf
Thuthukani,KwaZulu-Natal,48.1,2024,https://www.dlrrd.gov.za/phocadownloadpap/Annual_Report/CPA%20Annual%20Report%202023-24.pdf
Thuthukani,KwaZulu-Natal,142.41,2024,https://www.dlrrd.gov.za/phocadownloadpap/Annual_Report/CPA%20Annual%20Report%202023-24.pdf
Thuthukani,KwaZulu-Natal,1.77,2024,https://www.dlrrd.gov.za/phocadownloadpap/Annual_Report/CPA%20Annual%20Report%202023-24.pdf
Thuthukani Baqulusi,KwaZulu-Natal,1.07,2024,https://www.dlrrd.gov.za/phocadownloadpap/Annual_Report/CPA%20Annual%20Report%202023-24.pdf
Ubuhle buyeza,KwaZulu-Natal,31.94,2024,https://www.dlrrd.gov.za/phocadownloadpap/Annual_Report/CPA%20Annual%20Report%202023-24.pdf
Ubuhlebemvelo,KwaZulu-Natal,3.24,2024,https://www.dlrrd.gov.za/phocadownloadpap/Annual_Report/CPA%20Annual%20Report%202023-24.pdf
Ubuhlebezwa,KwaZulu-Natal,0.94,2024,https://www.dlrrd.gov.za/phocadownloadpap/Annual_Report/CPA%20Annual%20Report%202023-24.pdf
Ubumbano,KwaZulu-Natal,8.04,2024,https://www.dlrrd.gov.za/phocadownloadpap/Annual_Report/CPA%20Annual%20Report%202023-24.pdf
Udukane,KwaZulu-Natal,10.21,2024,https://www.dlrrd.gov.za/phocadownloadpap/Annual_Report/CPA%20Annual%20Report%202023-24.pdf
Ukuphumakwelanga,KwaZulu-Natal,4.75,2024,https://www.dlrrd.gov.za/phocadownloadpap/Annual_Report/CPA%20Annual%20Report%202023-24.pdf
Umdeni,KwaZulu-Natal,,2024,https://www.dlrrd.gov.za/phocadownloadpap/Annual_Report/CPA%20Annual%20Report%202023-24.pdf
Umngelekazi,KwaZulu-Natal,13.73,2024,https://www.dlrrd.gov.za/phocadownloadpap/Annual_Report/CPA%20Annual%20Report%202023-24.pdf
Umqundambazo,KwaZulu-Natal,,2024,https://www.dlrrd.gov.za/phocadownloadpap/Annual_Report/CPA%20Annual%20Report%202023-24.pdf
Umthashane,KwaZulu-Natal,2.53,2024,https://www.dlrrd.gov.za/phocadownloadpap/Annual_Report/CPA%20Annual%20Report%202023-24.pdf
Uthandanani,KwaZulu-Natal,11.03,2024,https://www.dlrrd.gov.za/phocadownloadpap/Annual_Report/CPA%20Annual%20Report%202023-24.pdf
Uthovane,KwaZulu-Natal,14.24,2024,https://www.dlrrd.gov.za/phocadownloadpap/Annual_Report/CPA%20Annual%20Report%202023-24.pdf
Uzulu Akafuni Ukusuka,KwaZulu-Natal,1.8,2024,https://www.dlrrd.gov.za/phocadownloadpap/Annual_Report/CPA%20Annual%20Report%202023-24.pdf
Verentoe Simunye,KwaZulu-Natal,8.59,2024,https://www.dlrrd.gov.za/phocadownloadpap/Annual_Report/CPA%20Annual%20Report%202023-24.pdf
Vukasizwe,KwaZulu-Natal,2.42,2024,https://www.dlrrd.gov.za/phocadownloadpap/Annual_Report/CPA%20Annual%20Report%202023-24.pdf
Vukukhanye,KwaZulu-Natal,3.49,2024,https://www.dlrrd.gov.za/phocadownloadpap/Annual_Report/CPA%20Annual%20Report%202023-24.pdf
Vukuzakhe,KwaZulu-Natal,3.08,2024,https://www.dlrrd.gov.za/phocadownloadpap/Annual_Report/CPA%20Annual%20Report%202023-24.pdf
Vukuzenzele,KwaZulu-Natal,1.51,2024,https://www.dlrrd.gov.za/phocadownloadpap/Annual_Report/CPA%20Annual%20Report%202023-24.pdf
Vukuzenzele,KwaZulu-Natal,6.08,2024,https://www.dlrrd.gov.za/phocadownloadpap/Annual_Report/CPA%20Annual%20Report%202023-24.pdf
Vukuzenzele,KwaZulu-Natal,,2024,https://www.dlrrd.gov.za/phocadownloadpap/Annual_Report/CPA%20Annual%20Report%202023-24.pdf
Vukuzenzele,KwaZulu-Natal,6.41,2024,https://www.dlrrd.gov.za/phocadownloadpap/Annual_Report/CPA%20Annual%20Report%202023-24.pdf
Vulamehlo,KwaZulu-Natal,6.61,2024,https://www.dlrrd.gov.za/phocadownloadpap/Annual_Report/CPA%20Annual%20Report%202023-24.pdf
Vulamehlo,KwaZulu-Natal,,2024,https://www.dlrrd.gov.za/phocadownloadpap/Annual_Report/CPA%20Annual%20Report%202023-24.pdf
Vulamehlo,KwaZulu-Natal,4.14,2024,https://www.dlrrd.gov.za/phocadownloadpap/Annual_Report/CPA%20Annual%20Report%202023-24.pdf
Vumani,KwaZulu-Natal,1.96,2024,https://www.dlrrd.gov.za/phocadownloadpap/Annual_Report/CPA%20Annual%20Report%202023-24.pdf
Woodstock/ Phumulani,KwaZulu-Natal,,2024,https://www.dlrrd.gov.za/phocadownloadpap/Annual_Report/CPA%20Annual%20Report%202023-24.pdf
Zabalaza,KwaZulu-Natal,1.27,2024,https://www.dlrrd.gov.za/phocadownloadpap/Annual_Report/CPA%20Annual%20Report%202023-24.pdf
Zakheleni,KwaZulu-Natal,1.91,2024,https://www.dlrrd.gov.za/phocadownloadpap/Annual_Report/CPA%20Annual%20Report%202023-24.pdf
Zama Uthando,KwaZulu-Natal,11.02,2024,https://www.dlrrd.gov.za/phocadownloadpap/Annual_Report/CPA%20Annual%20Report%202023-24.pdf
Zamanathi,KwaZulu-Natal,5.28,2024,https://www.dlrrd.gov.za/phocadownloadpap/Annual_Report/CPA%20Annual%20Report%202023-24.pdf
Zamani,KwaZulu-Natal,5.25,2024,https://www.dlrrd.gov.za/phocadownloadpap/Annual_Report/CPA%20Annual%20Report%202023-24.pdf
Zamimpilo,KwaZulu-Natal,1.4,2024,https://www.dlrrd.gov.za/phocadownloadpap/Annual_Report/CPA%20Annual%20Report%202023-24.pdf
Zamokuhle,KwaZulu-Natal,5.43,2024,https://www.dlrrd.gov.za/phocadownloadpap/Annual_Report/CPA%20Annual%20Report%202023-24.pdf
Zamokuhle,KwaZulu-Natal,8.47,2024,https://www.dlrrd.gov.za/phocadownloadpap/Annual_Report/CPA%20Annual%20Report%202023-24.pdf
Zamokuhle,KwaZulu-Natal,1.38,2024,https://www.dlrrd.gov.za/phocadownloadpap/Annual_Report/CPA%20Annual%20Report%202023-24.pdf
Zamokuhle,KwaZulu-Natal,8.47,2024,https://www.dlrrd.gov.za/phocadownloadpap/Annual_Report/CPA%20Annual%20Report%202023-24.pdf
Zamokuhle / Rutherglen,KwaZulu-Natal,12.96,2024,https://www.dlrrd.gov.za/phocadownloadpap/Annual_Report/CPA%20Annual%20Report%202023-24.pdf
Zamokuhle Ntabankulu,KwaZulu-Natal,1.38,2024,https://www.dlrrd.gov.za/phocadownloadpap/Annual_Report/CPA%20Annual%20Report%202023-24.pdf
Zamula,KwaZulu-Natal,1.91,2024,https://www.dlrrd.gov.za/phocadownloadpap/Annual_Report/CPA%20Annual%20Report%202023-24.pdf
Zankosheni,KwaZulu-Natal,4.37,2024,https://www.dlrrd.gov.za/phocadownloadpap/Annual_Report/CPA%20Annual%20Report%202023-24.pdf
Zenzeleni Madlanga,KwaZulu-Natal,5.1,2024,https://www.dlrrd.gov.za/phocadownloadpap/Annual_Report/CPA%20Annual%20Report%202023-24.pdf
Zibambeleni Kemplust,KwaZulu-Natal,5.1,2024,https://www.dlrrd.gov.za/phocadownloadpap/Annual_Report/CPA%20Annual%20Report%202023-24.pdf
Zibuseni,KwaZulu-Natal,2.63,2024,https://www.dlrrd.gov.za/phocadownloadpap/Annual_Report/CPA%20Annual%20Report%202023-24.pdf
Zimele,KwaZulu-Natal,1.84,2024,https://www.dlrrd.gov.za/phocadownloadpap/Annual_Report/CPA%20Annual%20Report%202023-24.pdf
Zimele,KwaZulu-Natal,2.05,2024,https://www.dlrrd.gov.za/phocadownloadpap/Annual_Report/CPA%20Annual%20Report%202023-24.pdf
Zimisele Dingledale,KwaZulu-Natal,3.46,2024,https://www.dlrrd.gov.za/phocadownloadpap/Annual_Report/CPA%20Annual%20Report%202023-24.pdf
Zimisele Mooikeus,KwaZulu-Natal,3.74,2024,https://www.dlrrd.gov.za/phocadownloadpap/Annual_Report/CPA%20Annual%20Report%202023-24.pdf
Zimisele Paarde Berg,KwaZulu-Natal,2.39,2024,https://www.dlrrd.gov.za/phocadownloadpap/Annual_Report/CPA%20Annual%20Report%202023-24.pdf
Zimisele Uitzuicht,KwaZulu-Natal,3.72,2024,https://www.dlrrd.gov.za/phocadownloadpap/Annual_Report/CPA%20Annual%20Report%202023-24.pdf
Zindela,KwaZulu-Natal,3.05,2024,https://www.dlrrd.gov.za/phocadownloadpap/Annual_Report/CPA%20Annual%20Report%202023-24.pdf
Zisizeni Sithole,KwaZulu-Natal,10.6,2024,https://www.dlrrd.gov.za/phocadownloadpap/Annual_Report/CPA%20Annual%20Report%202023-24.pdf
Zizamele,KwaZulu-Natal,6.06,2024,https://www.dlrrd.gov.za/phocadownloadpap/Annual_Report/CPA%20Annual%20Report%202023-24.pdf
Zizameleni,KwaZulu-Natal,6.36,2024,https://www.dlrrd.gov.za/phocadownloadpap/Annual_Report/CPA%20Annual%20Report%202023-24.pdf
Zonyama,KwaZulu-Natal,13.77,2024,https://www.dlrrd.gov.za/phocadownloadpap/Annual_Report/CPA%20Annual%20Report%202023-24.pdf
Zwelethu,KwaZulu-Natal,4,2024,https://www.dlrrd.gov.za/phocadownloadpap/Annual_Report/CPA%20Annual%20Report%202023-24.pdf
Zwelethu,KwaZulu-Natal,18.17,2024,https://www.dlrrd.gov.za/phocadownloadpap/Annual_Report/CPA%20Annual%20Report%202023-24.pdf
Zwelisha,KwaZulu-Natal,5.59,2024,https://www.dlrrd.gov.za/phocadownloadpap/Annual_Report/CPA%20Annual%20Report%202023-24.pdf
Bakoni Tau Phuti,Limpopo,30.42,2024,https://www.dlrrd.gov.za/phocadownloadpap/Annual_Report/CPA%20Annual%20Report%202023-24.pdf
Banakome,Limpopo,81.53,2024,https://www.dlrrd.gov.za/phocadownloadpap/Annual_Report/CPA%20Annual%20Report%202023-24.pdf
Bela Bela,Limpopo,63.54,2024,https://www.dlrrd.gov.za/phocadownloadpap/Annual_Report/CPA%20Annual%20Report%202023-24.pdf
Bjatladi,Limpopo,21.37,2024,https://www.dlrrd.gov.za/phocadownloadpap/Annual_Report/CPA%20Annual%20Report%202023-24.pdf
De Hoop,Limpopo,41.97,2024,https://www.dlrrd.gov.za/phocadownloadpap/Annual_Report/CPA%20Annual%20Report%202023-24.pdf
Funyufunyu,Limpopo,5.29,2024,https://www.dlrrd.gov.za/phocadownloadpap/Annual_Report/CPA%20Annual%20Report%202023-24.pdf
Ga-Mohale,Limpopo,49.01,2024,https://www.dlrrd.gov.za/phocadownloadpap/Annual_Report/CPA%20Annual%20Report%202023-24.pdf
Getrudesburg,Limpopo,6.74,2024,https://www.dlrrd.gov.za/phocadownloadpap/Annual_Report/CPA%20Annual%20Report%202023-24.pdf
Kgatle (Yamorna),Limpopo,1.16,2024,https://www.dlrrd.gov.za/phocadownloadpap/Annual_Report/CPA%20Annual%20Report%202023-24.pdf
Kharivhe,Limpopo,21.81,2024,https://www.dlrrd.gov.za/phocadownloadpap/Annual_Report/CPA%20Annual%20Report%202023-24.pdf
Koka Matlou,Limpopo,29.55,2024,https://www.dlrrd.gov.za/phocadownloadpap/Annual_Report/CPA%20Annual%20Report%202023-24.pdf
Kwa Malawuza,Limpopo,46.99,2024,https://www.dlrrd.gov.za/phocadownloadpap/Annual_Report/CPA%20Annual%20Report%202023-24.pdf
Kwa Qhaba,Limpopo,6.06,2024,https://www.dlrrd.gov.za/phocadownloadpap/Annual_Report/CPA%20Annual%20Report%202023-24.pdf
Leshiba,Limpopo,36.61,2024,https://www.dlrrd.gov.za/phocadownloadpap/Annual_Report/CPA%20Annual%20Report%202023-24.pdf
Mabare,Limpopo,14.23,2024,https://www.dlrrd.gov.za/phocadownloadpap/Annual_Report/CPA%20Annual%20Report%202023-24.pdf
Mabjaneng,Limpopo,37.06,2024,https://www.dlrrd.gov.za/phocadownloadpap/Annual_Report/CPA%20Annual%20Report%202023-24.pdf
Mahlammbandlovu,Limpopo,22.01,2024,https://www.dlrrd.gov.za/phocadownloadpap/Annual_Report/CPA%20Annual%20Report%202023-24.pdf
Makgato CPA,Limpopo,57.6,2024,https://www.dlrrd.gov.za/phocadownloadpap/Annual_Report/CPA%20Annual%20Report%202023-24.pdf
Makgwaraneng CPA,Limpopo,57.6,2024,https://www.dlrrd.gov.za/phocadownloadpap/Annual_Report/CPA%20Annual%20Report%202023-24.pdf
Makotopong,Limpopo,36,2024,https://www.dlrrd.gov.za/phocadownloadpap/Annual_Report/CPA%20Annual%20Report%202023-24.pdf
Malema CPA,Limpopo,1.21,2024,https://www.dlrrd.gov.za/phocadownloadpap/Annual_Report/CPA%20Annual%20Report%202023-24.pdf
Mamilwe,Limpopo,11.56,2024,https://www.dlrrd.gov.za/phocadownloadpap/Annual_Report/CPA%20Annual%20Report%202023-24.pdf
Manaileng,Limpopo,17.16,2024,https://www.dlrrd.gov.za/phocadownloadpap/Annual_Report/CPA%20Annual%20Report%202023-24.pdf
Manavhela,Limpopo,26.12,2024,https://www.dlrrd.gov.za/phocadownloadpap/Annual_Report/CPA%20Annual%20Report%202023-24.pdf
Mapakoni,Limpopo,60.14,2024,https://www.dlrrd.gov.za/phocadownloadpap/Annual_Report/CPA%20Annual%20Report%202023-24.pdf
Maraba CPA,Limpopo,13.61,2024,https://www.dlrrd.gov.za/phocadownloadpap/Annual_Report/CPA%20Annual%20Report%202023-24.pdf
Marobala oi tsose,Limpopo,71.48,2024,https://www.dlrrd.gov.za/phocadownloadpap/Annual_Report/CPA%20Annual%20Report%202023-24.pdf
Masakona,Limpopo,5.24,2024,https://www.dlrrd.gov.za/phocadownloadpap/Annual_Report/CPA%20Annual%20Report%202023-24.pdf
Mashishimale,Limpopo,187.33,2024,https://www.dlrrd.gov.za/phocadownloadpap/Annual_Report/CPA%20Annual%20Report%202023-24.pdf
Matshaba,Limpopo,0.67,2024,https://www.dlrrd.gov.za/phocadownloadpap/Annual_Report/CPA%20Annual%20Report%202023-24.pdf
Mavungeni,Limpopo,18.25,2024,https://www.dlrrd.gov.za/phocadownloadpap/Annual_Report/CPA%20Annual%20Report%202023-24.pdf
Mmatobole CPA,Limpopo,1.24,2024,https://www.dlrrd.gov.za/phocadownloadpap/Annual_Report/CPA%20Annual%20Report%202023-24.pdf
Modiba,Limpopo,3.91,2024,https://www.dlrrd.gov.za/phocadownloadpap/Annual_Report/CPA%20Annual%20Report%202023-24.pdf
Molekwa Clan,Limpopo,7.65,2024,https://www.dlrrd.gov.za/phocadownloadpap/Annual_Report/CPA%20Annual%20Report%202023-24.pdf
Moletele,Limpopo,76.51,2024,https://www.dlrrd.gov.za/phocadownloadpap/Annual_Report/CPA%20Annual%20Report%202023-24.pdf
Mudele,Limpopo,51.59,2024,https://www.dlrrd.gov.za/phocadownloadpap/Annual_Report/CPA%20Annual%20Report%202023-24.pdf
Mulambwane,Limpopo,14.38,2024,https://www.dlrrd.gov.za/phocadownloadpap/Annual_Report/CPA%20Annual%20Report%202023-24.pdf
Vhembe,Limpopo,5.47,2024,https://www.dlrrd.gov.za/phocadownloadpap/Annual_Report/CPA%20Annual%20Report%202023-24.pdf
Mulungufhala,Limpopo,56.94,2024,https://www.dlrrd.gov.za/phocadownloadpap/Annual_Report/CPA%20Annual%20Report%202023-24.pdf
Musingadi,Limpopo,4.28,2024,https://www.dlrrd.gov.za/phocadownloadpap/Annual_Report/CPA%20Annual%20Report%202023-24.pdf
Ndouvhada,Limpopo,2,2024,https://www.dlrrd.gov.za/phocadownloadpap/Annual_Report/CPA%20Annual%20Report%202023-24.pdf
Pheeha,Limpopo,94.41,2024,https://www.dlrrd.gov.za/phocadownloadpap/Annual_Report/CPA%20Annual%20Report%202023-24.pdf
Rakwadu,Limpopo,,2024,https://www.dlrrd.gov.za/phocadownloadpap/Annual_Report/CPA%20Annual%20Report%202023-24.pdf
Ramphabana,Limpopo,20.48,2024,https://www.dlrrd.gov.za/phocadownloadpap/Annual_Report/CPA%20Annual%20Report%202023-24.pdf
Rantho,Limpopo,,2024,https://www.dlrrd.gov.za/phocadownloadpap/Annual_Report/CPA%20Annual%20Report%202023-24.pdf
Rita community,Limpopo,35.8,2024,https://www.dlrrd.gov.za/phocadownloadpap/Annual_Report/CPA%20Annual%20Report%202023-24.pdf
Sadiki,Limpopo,18.05,2024,https://www.dlrrd.gov.za/phocadownloadpap/Annual_Report/CPA%20Annual%20Report%202023-24.pdf
Seema,Limpopo,18.48,2024,https://www.dlrrd.gov.za/phocadownloadpap/Annual_Report/CPA%20Annual%20Report%202023-24.pdf
Selobatsana,Limpopo,41.78,2024,https://www.dlrrd.gov.za/phocadownloadpap/Annual_Report/CPA%20Annual%20Report%202023-24.pdf
Sephikantswana,Limpopo,41.78,2024,https://www.dlrrd.gov.za/phocadownloadpap/Annual_Report/CPA%20Annual%20Report%202023-24.pdf
Seruwane,Limpopo,58.82,2024,https://www.dlrrd.gov.za/phocadownloadpap/Annual_Report/CPA%20Annual%20Report%202023-24.pdf
Sesele CPA,Limpopo,32.11,2024,https://www.dlrrd.gov.za/phocadownloadpap/Annual_Report/CPA%20Annual%20Report%202023-24.pdf
Shamane Magashula,Limpopo,8.28,2024,https://www.dlrrd.gov.za/phocadownloadpap/Annual_Report/CPA%20Annual%20Report%202023-24.pdf
Tale ga Morudu,Limpopo,268.4,2024,https://www.dlrrd.gov.za/phocadownloadpap/Annual_Report/CPA%20Annual%20Report%202023-24.pdf
Tshathogwe,Limpopo,32.86,2024,https://www.dlrrd.gov.za/phocadownloadpap/Annual_Report/CPA%20Annual%20Report%202023-24.pdf
Tshitwani,Limpopo,6.64,2024,https://www.dlrrd.gov.za/phocadownloadpap/Annual_Report/CPA%20Annual%20Report%202023-24.pdf
Vhembe,Limpopo,,2024,https://www.dlrrd.gov.za/phocadownloadpap/Annual_Report/CPA%20Annual%20Report%202023-24.pdf
Vuyani Duvula,Limpopo,9.85,2024,https://www.dlrrd.gov.za/phocadownloadpap/Annual_Report/CPA%20Annual%20Report%202023-24.pdf
Bakgatla Ba Mmakau ba Mokgoko,Limpopo,5.35,2024,https://www.dlrrd.gov.za/phocadownloadpap/Annual_Report/CPA%20Annual%20Report%202023-24.pdf
Baphalane,Limpopo,25.33,2024,https://www.dlrrd.gov.za/phocadownloadpap/Annual_Report/CPA%20Annual%20Report%202023-24.pdf
Batlhabine,Limpopo,21.81,2024,https://www.dlrrd.gov.za/phocadownloadpap/Annual_Report/CPA%20Annual%20Report%202023-24.pdf
Chatleka,Limpopo,156.97,2024,https://www.dlrrd.gov.za/phocadownloadpap/Annual_Report/CPA%20Annual%20Report%202023-24.pdf
Ditlatsane,Limpopo,,2024,https://www.dlrrd.gov.za/phocadownloadpap/Annual_Report/CPA%20Annual%20Report%202023-24.pdf
Ga Pamosa,Limpopo,8.57,2024,https://www.dlrrd.gov.za/phocadownloadpap/Annual_Report/CPA%20Annual%20Report%202023-24.pdf
Kraanspoort,Limpopo,15.43,2024,https://www.dlrrd.gov.za/phocadownloadpap/Annual_Report/CPA%20Annual%20Report%202023-24.pdf
Legwagweng,Limpopo,22.98,2024,https://www.dlrrd.gov.za/phocadownloadpap/Annual_Report/CPA%20Annual%20Report%202023-24.pdf
Lehlakong,Limpopo,21.12,2024,https://www.dlrrd.gov.za/phocadownloadpap/Annual_Report/CPA%20Annual%20Report%202023-24.pdf
Letlakaneng,Limpopo,2.61,2024,https://www.dlrrd.gov.za/phocadownloadpap/Annual_Report/CPA%20Annual%20Report%202023-24.pdf
Mmasegotšane,Limpopo,7.66,2024,https://www.dlrrd.gov.za/phocadownloadpap/Annual_Report/CPA%20Annual%20Report%202023-24.pdf
Mogodishane ga Kubela,Limpopo,21.54,2024,https://www.dlrrd.gov.za/phocadownloadpap/Annual_Report/CPA%20Annual%20Report%202023-24.pdf
Moime,Limpopo,3.83,2024,https://www.dlrrd.gov.za/phocadownloadpap/Annual_Report/CPA%20Annual%20Report%202023-24.pdf
Motlhabatse,Limpopo,32.27,2024,https://www.dlrrd.gov.za/phocadownloadpap/Annual_Report/CPA%20Annual%20Report%202023-24.pdf
Ramorula,Limpopo,8.57,2024,https://www.dlrrd.gov.za/phocadownloadpap/Annual_Report/CPA%20Annual%20Report%202023-24.pdf
Ravele,Limpopo,6.98,2024,https://www.dlrrd.gov.za/phocadownloadpap/Annual_Report/CPA%20Annual%20Report%202023-24.pdf
RR Mosima,Limpopo,9.4,2024,https://www.dlrrd.gov.za/phocadownloadpap/Annual_Report/CPA%20Annual%20Report%202023-24.pdf
Sebilong,Limpopo,13.62,2024,https://www.dlrrd.gov.za/phocadownloadpap/Annual_Report/CPA%20Annual%20Report%202023-24.pdf
Sundani Mujujwa,Limpopo,0.19,2024,https://www.dlrrd.gov.za/phocadownloadpap/Annual_Report/CPA%20Annual%20Report%202023-24.pdf
Tshwale,Limpopo,16.75,2024,https://www.dlrrd.gov.za/phocadownloadpap/Annual_Report/CPA%20Annual%20Report%202023-24.pdf
Ardwick,Limpopo,1.76,2024,https://www.dlrrd.gov.za/phocadownloadpap/Annual_Report/CPA%20Annual%20Report%202023-24.pdf
Arejeng-Mmogo,Limpopo,3.96,2024,https://www.dlrrd.gov.za/phocadownloadpap/Annual_Report/CPA%20Annual%20Report%202023-24.pdf
Ba Kgaga Ba Maake,Limpopo,29.51,2024,https://www.dlrrd.gov.za/phocadownloadpap/Annual_Report/CPA%20Annual%20Report%202023-24.pdf
Ba Matlala Lehwelere,Limpopo,6.46,2024,https://www.dlrrd.gov.za/phocadownloadpap/Annual_Report/CPA%20Annual%20Report%202023-24.pdf
Babina Kwena Baga Maja Kgomo,Limpopo,15.09,2024,https://www.dlrrd.gov.za/phocadownloadpap/Annual_Report/CPA%20Annual%20Report%202023-24.pdf
Babina Noko Ba Manganeng,Limpopo,7.96,2024,https://www.dlrrd.gov.za/phocadownloadpap/Annual_Report/CPA%20Annual%20Report%202023-24.pdf
Babirwa,Limpopo,8.43,2024,https://www.dlrrd.gov.za/phocadownloadpap/Annual_Report/CPA%20Annual%20Report%202023-24.pdf
Bahlalerwa,Limpopo,77.2,2024,https://www.dlrrd.gov.za/phocadownloadpap/Annual_Report/CPA%20Annual%20Report%202023-24.pdf
Bakgatla Ba Mocha (Moema),Limpopo,,2024,https://www.dlrrd.gov.za/phocadownloadpap/Annual_Report/CPA%20Annual%20Report%202023-24.pdf
Bakgatla Ba Mocha Pankop Benneficiaries,Limpopo,71.14,2024,https://www.dlrrd.gov.za/phocadownloadpap/Annual_Report/CPA%20Annual%20Report%202023-24.pdf
Bakoni ba Maimela,Limpopo,12.01,2024,https://www.dlrrd.gov.za/phocadownloadpap/Annual_Report/CPA%20Annual%20Report%202023-24.pdf
Bakoni ba Masha Makopole,Limpopo,36.52,2024,https://www.dlrrd.gov.za/phocadownloadpap/Annual_Report/CPA%20Annual%20Report%202023-24.pdf
Bakwena ba Kopa,Limpopo,14.63,2024,https://www.dlrrd.gov.za/phocadownloadpap/Annual_Report/CPA%20Annual%20Report%202023-24.pdf
Bakwena ba Mothlabetsi,Limpopo,30.26,2024,https://www.dlrrd.gov.za/phocadownloadpap/Annual_Report/CPA%20Annual%20Report%202023-24.pdf
Balebye,Limpopo,244.84,2024,https://www.dlrrd.gov.za/phocadownloadpap/Annual_Report/CPA%20Annual%20Report%202023-24.pdf
Banareng Ba Letsoalo Mathunyeng,Limpopo,6.49,2024,https://www.dlrrd.gov.za/phocadownloadpap/Annual_Report/CPA%20Annual%20Report%202023-24.pdf
Baroka,Limpopo,4.74,2024,https://www.dlrrd.gov.za/phocadownloadpap/Annual_Report/CPA%20Annual%20Report%202023-24.pdf
Batlokwa Ba Ga Polatla,Limpopo,,2024,https://www.dlrrd.gov.za/phocadownloadpap/Annual_Report/CPA%20Annual%20Report%202023-24.pdf
Berlyne,Limpopo,13.4,2024,https://www.dlrrd.gov.za/phocadownloadpap/Annual_Report/CPA%20Annual%20Report%202023-24.pdf
Bjatladi,Limpopo,14.84,2024,https://www.dlrrd.gov.za/phocadownloadpap/Annual_Report/CPA%20Annual%20Report%202023-24.pdf
Bolahlakgomo,Limpopo,5.3,2024,https://www.dlrrd.gov.za/phocadownloadpap/Annual_Report/CPA%20Annual%20Report%202023-24.pdf
Bona Thaba,Limpopo,,2024,https://www.dlrrd.gov.za/phocadownloadpap/Annual_Report/CPA%20Annual%20Report%202023-24.pdf
Borchers,Limpopo,,2024,https://www.dlrrd.gov.za/phocadownloadpap/Annual_Report/CPA%20Annual%20Report%202023-24.pdf
Calais,Limpopo,4.51,2024,https://www.dlrrd.gov.za/phocadownloadpap/Annual_Report/CPA%20Annual%20Report%202023-24.pdf
Dilokwaneng,Limpopo,35.19,2024,https://www.dlrrd.gov.za/phocadownloadpap/Annual_Report/CPA%20Annual%20Report%202023-24.pdf
Dinoko,Limpopo,10.69,2024,https://www.dlrrd.gov.za/phocadownloadpap/Annual_Report/CPA%20Annual%20Report%202023-24.pdf
Dithakone,Limpopo,1.71,2024,https://www.dlrrd.gov.za/phocadownloadpap/Annual_Report/CPA%20Annual%20Report%202023-24.pdf
Ezweni labobaba,Limpopo,1.71,2024,https://www.dlrrd.gov.za/phocadownloadpap/Annual_Report/CPA%20Annual%20Report%202023-24.pdf
Ga Mashung Matlala,Limpopo,50.7,2024,https://www.dlrrd.gov.za/phocadownloadpap/Annual_Report/CPA%20Annual%20Report%202023-24.pdf
Ga Mawela (St George),Limpopo,1.45,2024,https://www.dlrrd.gov.za/phocadownloadpap/Annual_Report/CPA%20Annual%20Report%202023-24.pdf
Ga Phadi,Limpopo,2.72,2024,https://www.dlrrd.gov.za/phocadownloadpap/Annual_Report/CPA%20Annual%20Report%202023-24.pdf
Ga Tjale,Limpopo,12.39,2024,https://www.dlrrd.gov.za/phocadownloadpap/Annual_Report/CPA%20Annual%20Report%202023-24.pdf
Hoop,Limpopo,4.71,2024,https://www.dlrrd.gov.za/phocadownloadpap/Annual_Report/CPA%20Annual%20Report%202023-24.pdf
Hwibi Tweespalk Farmers,Limpopo,,2024,https://www.dlrrd.gov.za/phocadownloadpap/Annual_Report/CPA%20Annual%20Report%202023-24.pdf
Itireleng Disabled Farmers,Limpopo,0.1,2024,https://www.dlrrd.gov.za/phocadownloadpap/Annual_Report/CPA%20Annual%20Report%202023-24.pdf
Kalokanang,Limpopo,0.36,2024,https://www.dlrrd.gov.za/phocadownloadpap/Annual_Report/CPA%20Annual%20Report%202023-24.pdf
Katjibane,Limpopo,8.5,2024,https://www.dlrrd.gov.za/phocadownloadpap/Annual_Report/CPA%20Annual%20Report%202023-24.pdf
Kgashane Mamatlepa,Limpopo,9.92,2024,https://www.dlrrd.gov.za/phocadownloadpap/Annual_Report/CPA%20Annual%20Report%202023-24.pdf
Kgololosego Enterprise,Limpopo,,2024,https://www.dlrrd.gov.za/phocadownloadpap/Annual_Report/CPA%20Annual%20Report%202023-24.pdf
Kgono,Limpopo,0.26,2024,https://www.dlrrd.gov.za/phocadownloadpap/Annual_Report/CPA%20Annual%20Report%202023-24.pdf
Khwali,Limpopo,16.68,2024,https://www.dlrrd.gov.za/phocadownloadpap/Annual_Report/CPA%20Annual%20Report%202023-24.pdf
Ko Noqholi,Limpopo,3.37,2024,https://www.dlrrd.gov.za/phocadownloadpap/Annual_Report/CPA%20Annual%20Report%202023-24.pdf
Kwa Huba,Limpopo,11.2,2024,https://www.dlrrd.gov.za/phocadownloadpap/Annual_Report/CPA%20Annual%20Report%202023-24.pdf
Kwa Mahlungulu,Limpopo,6.61,2024,https://www.dlrrd.gov.za/phocadownloadpap/Annual_Report/CPA%20Annual%20Report%202023-24.pdf
Lebelo,Limpopo,7.59,2024,https://www.dlrrd.gov.za/phocadownloadpap/Annual_Report/CPA%20Annual%20Report%202023-24.pdf
Leeuwdrift,Limpopo,1.26,2024,https://www.dlrrd.gov.za/phocadownloadpap/Annual_Report/CPA%20Annual%20Report%202023-24.pdf
Legashi,Limpopo,0.58,2024,https://www.dlrrd.gov.za/phocadownloadpap/Annual_Report/CPA%20Annual%20Report%202023-24.pdf
Legata,Limpopo,46.11,2024,https://www.dlrrd.gov.za/phocadownloadpap/Annual_Report/CPA%20Annual%20Report%202023-24.pdf
Lethuse CPA,Limpopo,35.89,2024,https://www.dlrrd.gov.za/phocadownloadpap/Annual_Report/CPA%20Annual%20Report%202023-24.pdf
Lwalanemeetse,Limpopo,15.66,2024,https://www.dlrrd.gov.za/phocadownloadpap/Annual_Report/CPA%20Annual%20Report%202023-24.pdf
Maanapo,Limpopo,1.11,2024,https://www.dlrrd.gov.za/phocadownloadpap/Annual_Report/CPA%20Annual%20Report%202023-24.pdf
Mabula Mosima,Limpopo,94.12,2024,https://www.dlrrd.gov.za/phocadownloadpap/Annual_Report/CPA%20Annual%20Report%202023-24.pdf
Machabaphala,Limpopo,4.39,2024,https://www.dlrrd.gov.za/phocadownloadpap/Annual_Report/CPA%20Annual%20Report%202023-24.pdf
Machete,Limpopo,27.62,2024,https://www.dlrrd.gov.za/phocadownloadpap/Annual_Report/CPA%20Annual%20Report%202023-24.pdf
Machikiri,Limpopo,22.56,2024,https://www.dlrrd.gov.za/phocadownloadpap/Annual_Report/CPA%20Annual%20Report%202023-24.pdf
Madisha,Limpopo,0.23,2024,https://www.dlrrd.gov.za/phocadownloadpap/Annual_Report/CPA%20Annual%20Report%202023-24.pdf
Madutula,Limpopo,34.04,2024,https://www.dlrrd.gov.za/phocadownloadpap/Annual_Report/CPA%20Annual%20Report%202023-24.pdf
Maemu Ramabulana,Limpopo,0.19,2024,https://www.dlrrd.gov.za/phocadownloadpap/Annual_Report/CPA%20Annual%20Report%202023-24.pdf
Mainetja,Limpopo,2.8,2024,https://www.dlrrd.gov.za/phocadownloadpap/Annual_Report/CPA%20Annual%20Report%202023-24.pdf
Maita-zwitoma,Limpopo,19.75,2024,https://www.dlrrd.gov.za/phocadownloadpap/Annual_Report/CPA%20Annual%20Report%202023-24.pdf
Majakaname,Limpopo,3.42,2024,https://www.dlrrd.gov.za/phocadownloadpap/Annual_Report/CPA%20Annual%20Report%202023-24.pdf
Makatu,Limpopo,,2024,https://www.dlrrd.gov.za/phocadownloadpap/Annual_Report/CPA%20Annual%20Report%202023-24.pdf
Makhushane,Limpopo,0.86,2024,https://www.dlrrd.gov.za/phocadownloadpap/Annual_Report/CPA%20Annual%20Report%202023-24.pdf
Makhutswe (Sekororo),Limpopo,50.16,2024,https://www.dlrrd.gov.za/phocadownloadpap/Annual_Report/CPA%20Annual%20Report%202023-24.pdf
Makulele,Limpopo,227.34,2024,https://www.dlrrd.gov.za/phocadownloadpap/Annual_Report/CPA%20Annual%20Report%202023-24.pdf
Makwa Tambani,Limpopo,,2024,https://www.dlrrd.gov.za/phocadownloadpap/Annual_Report/CPA%20Annual%20Report%202023-24.pdf
Makwatambani,Limpopo,,2024,https://www.dlrrd.gov.za/phocadownloadpap/Annual_Report/CPA%20Annual%20Report%202023-24.pdf
Mamahule,Limpopo,,2024,https://www.dlrrd.gov.za/phocadownloadpap/Annual_Report/CPA%20Annual%20Report%202023-24.pdf
Mamarumo,Limpopo,2.28,2024,https://www.dlrrd.gov.za/phocadownloadpap/Annual_Report/CPA%20Annual%20Report%202023-24.pdf
Mamashiane,Limpopo,86.07,2024,https://www.dlrrd.gov.za/phocadownloadpap/Annual_Report/CPA%20Annual%20Report%202023-24.pdf
Mamatsepedi Magwari,Limpopo,,2024,https://www.dlrrd.gov.za/phocadownloadpap/Annual_Report/CPA%20Annual%20Report%202023-24.pdf
Mamphodo Mushasha Begwa,Limpopo,29.06,2024,https://www.dlrrd.gov.za/phocadownloadpap/Annual_Report/CPA%20Annual%20Report%202023-24.pdf
Mandiwana,Limpopo,58.3,2024,https://www.dlrrd.gov.za/phocadownloadpap/Annual_Report/CPA%20Annual%20Report%202023-24.pdf
Manjenani,Limpopo,,2024,https://www.dlrrd.gov.za/phocadownloadpap/Annual_Report/CPA%20Annual%20Report%202023-24.pdf
Manoko,Limpopo,19.75,2024,https://www.dlrrd.gov.za/phocadownloadpap/Annual_Report/CPA%20Annual%20Report%202023-24.pdf
Mapakovi,Limpopo,,2024,https://www.dlrrd.gov.za/phocadownloadpap/Annual_Report/CPA%20Annual%20Report%202023-24.pdf
Maphutlhu,Limpopo,18.23,2024,https://www.dlrrd.gov.za/phocadownloadpap/Annual_Report/CPA%20Annual%20Report%202023-24.pdf
Marandela,Limpopo,10.56,2024,https://www.dlrrd.gov.za/phocadownloadpap/Annual_Report/CPA%20Annual%20Report%202023-24.pdf
Marobala,Limpopo,2.32,2024,https://www.dlrrd.gov.za/phocadownloadpap/Annual_Report/CPA%20Annual%20Report%202023-24.pdf
Mashishimale,Limpopo,187.33,2024,https://www.dlrrd.gov.za/phocadownloadpap/Annual_Report/CPA%20Annual%20Report%202023-24.pdf
Mashopeng Farmers,Limpopo,,2024,https://www.dlrrd.gov.za/phocadownloadpap/Annual_Report/CPA%20Annual%20Report%202023-24.pdf
Mathanjana,Limpopo,,2024,https://www.dlrrd.gov.za/phocadownloadpap/Annual_Report/CPA%20Annual%20Report%202023-24.pdf
Matidza Luonde,Limpopo,0.56,2024,https://www.dlrrd.gov.za/phocadownloadpap/Annual_Report/CPA%20Annual%20Report%202023-24.pdf
Matlhoakgomo,Limpopo,4.29,2024,https://www.dlrrd.gov.za/phocadownloadpap/Annual_Report/CPA%20Annual%20Report%202023-24.pdf
Matnbane,Limpopo,1.21,2024,https://www.dlrrd.gov.za/phocadownloadpap/Annual_Report/CPA%20Annual%20Report%202023-24.pdf
Matshisevhe,Limpopo,12.11,2024,https://www.dlrrd.gov.za/phocadownloadpap/Annual_Report/CPA%20Annual%20Report%202023-24.pdf
Matumba/ Makaulule,Limpopo,10.1,2024,https://www.dlrrd.gov.za/phocadownloadpap/Annual_Report/CPA%20Annual%20Report%202023-24.pdf
Mawela,Limpopo,23.68,2024,https://www.dlrrd.gov.za/phocadownloadpap/Annual_Report/CPA%20Annual%20Report%202023-24.pdf
Mmamahlola,Limpopo,37.75,2024,https://www.dlrrd.gov.za/phocadownloadpap/Annual_Report/CPA%20Annual%20Report%202023-24.pdf
Mmamotswiri,Limpopo,1.75,2024,https://www.dlrrd.gov.za/phocadownloadpap/Annual_Report/CPA%20Annual%20Report%202023-24.pdf
Mmatoti,Limpopo,3.14,2024,https://www.dlrrd.gov.za/phocadownloadpap/Annual_Report/CPA%20Annual%20Report%202023-24.pdf
Moddervlei,Limpopo,,2024,https://www.dlrrd.gov.za/phocadownloadpap/Annual_Report/CPA%20Annual%20Report%202023-24.pdf
Mogodi Letlapeng,Limpopo,5.54,2024,https://www.dlrrd.gov.za/phocadownloadpap/Annual_Report/CPA%20Annual%20Report%202023-24.pdf
Mogomane,Limpopo,6.05,2024,https://www.dlrrd.gov.za/phocadownloadpap/Annual_Report/CPA%20Annual%20Report%202023-24.pdf
Mokgolobotho,Limpopo,13.7,2024,https://www.dlrrd.gov.za/phocadownloadpap/Annual_Report/CPA%20Annual%20Report%202023-24.pdf
Mokororoane,Limpopo,46.39,2024,https://www.dlrrd.gov.za/phocadownloadpap/Annual_Report/CPA%20Annual%20Report%202023-24.pdf
Molekwa,Limpopo,188.15,2024,https://www.dlrrd.gov.za/phocadownloadpap/Annual_Report/CPA%20Annual%20Report%202023-24.pdf
Monyamane,Limpopo,23.21,2024,https://www.dlrrd.gov.za/phocadownloadpap/Annual_Report/CPA%20Annual%20Report%202023-24.pdf
Moolela,Limpopo,2.81,2024,https://www.dlrrd.gov.za/phocadownloadpap/Annual_Report/CPA%20Annual%20Report%202023-24.pdf
Morebene,Limpopo,17.91,2024,https://www.dlrrd.gov.za/phocadownloadpap/Annual_Report/CPA%20Annual%20Report%202023-24.pdf
Moretele,Limpopo,40,2024,https://www.dlrrd.gov.za/phocadownloadpap/Annual_Report/CPA%20Annual%20Report%202023-24.pdf
Morongwa,Limpopo,31.9,2024,https://www.dlrrd.gov.za/phocadownloadpap/Annual_Report/CPA%20Annual%20Report%202023-24.pdf
Motokolo,Limpopo,20.27,2024,https://www.dlrrd.gov.za/phocadownloadpap/Annual_Report/CPA%20Annual%20Report%202023-24.pdf
Motse,Limpopo,59.34,2024,https://www.dlrrd.gov.za/phocadownloadpap/Annual_Report/CPA%20Annual%20Report%202023-24.pdf
Moutse,Limpopo,47.05,2024,https://www.dlrrd.gov.za/phocadownloadpap/Annual_Report/CPA%20Annual%20Report%202023-24.pdf
Mpepu Ea Ipelesha,Limpopo,0.11,2024,https://www.dlrrd.gov.za/phocadownloadpap/Annual_Report/CPA%20Annual%20Report%202023-24.pdf
Mtshoeni,Limpopo,0.38,2024,https://www.dlrrd.gov.za/phocadownloadpap/Annual_Report/CPA%20Annual%20Report%202023-24.pdf
Muananzhele,Limpopo,47.14,2024,https://www.dlrrd.gov.za/phocadownloadpap/Annual_Report/CPA%20Annual%20Report%202023-24.pdf
Mudimeli,Limpopo,0.44,2024,https://www.dlrrd.gov.za/phocadownloadpap/Annual_Report/CPA%20Annual%20Report%202023-24.pdf
Munzhedzi,Limpopo,7.33,2024,https://www.dlrrd.gov.za/phocadownloadpap/Annual_Report/CPA%20Annual%20Report%202023-24.pdf
Musekwa,Limpopo,6.17,2024,https://www.dlrrd.gov.za/phocadownloadpap/Annual_Report/CPA%20Annual%20Report%202023-24.pdf
Ndzundza Maboko,Limpopo,9.43,2024,https://www.dlrrd.gov.za/phocadownloadpap/Annual_Report/CPA%20Annual%20Report%202023-24.pdf
Njakatleng,Limpopo,57.51,2024,https://www.dlrrd.gov.za/phocadownloadpap/Annual_Report/CPA%20Annual%20Report%202023-24.pdf
Nkhumishe,Limpopo,,2024,https://www.dlrrd.gov.za/phocadownloadpap/Annual_Report/CPA%20Annual%20Report%202023-24.pdf
Ntjie/Letsoalo,Limpopo,36.34,2024,https://www.dlrrd.gov.za/phocadownloadpap/Annual_Report/CPA%20Annual%20Report%202023-24.pdf
Nwanedi,Limpopo,17.95,2024,https://www.dlrrd.gov.za/phocadownloadpap/Annual_Report/CPA%20Annual%20Report%202023-24.pdf
Phomolong,Limpopo,1.97,2024,https://www.dlrrd.gov.za/phocadownloadpap/Annual_Report/CPA%20Annual%20Report%202023-24.pdf
Pitsi,Limpopo,1.66,2024,https://www.dlrrd.gov.za/phocadownloadpap/Annual_Report/CPA%20Annual%20Report%202023-24.pdf
Popela,Limpopo,5.05,2024,https://www.dlrrd.gov.za/phocadownloadpap/Annual_Report/CPA%20Annual%20Report%202023-24.pdf
Radzilani,Limpopo,7.31,2024,https://www.dlrrd.gov.za/phocadownloadpap/Annual_Report/CPA%20Annual%20Report%202023-24.pdf
Ramahlo,Limpopo,2.7,2024,https://www.dlrrd.gov.za/phocadownloadpap/Annual_Report/CPA%20Annual%20Report%202023-24.pdf
Ramavhoya Tshikundo,Limpopo,3.02,2024,https://www.dlrrd.gov.za/phocadownloadpap/Annual_Report/CPA%20Annual%20Report%202023-24.pdf
Rapetsoa CPA,Limpopo,17.78,2024,https://www.dlrrd.gov.za/phocadownloadpap/Annual_Report/CPA%20Annual%20Report%202023-24.pdf
Rasebopa Mabelebele,Limpopo,83.84,2024,https://www.dlrrd.gov.za/phocadownloadpap/Annual_Report/CPA%20Annual%20Report%202023-24.pdf
Ratombo,Limpopo,15.07,2024,https://www.dlrrd.gov.za/phocadownloadpap/Annual_Report/CPA%20Annual%20Report%202023-24.pdf
Roka Lebea,Limpopo,10.36,2024,https://www.dlrrd.gov.za/phocadownloadpap/Annual_Report/CPA%20Annual%20Report%202023-24.pdf
Rooi Pan,Limpopo,19.06,2024,https://www.dlrrd.gov.za/phocadownloadpap/Annual_Report/CPA%20Annual%20Report%202023-24.pdf
Rossback,Limpopo,9.14,2024,https://www.dlrrd.gov.za/phocadownloadpap/Annual_Report/CPA%20Annual%20Report%202023-24.pdf
Seabi,Limpopo,8.82,2024,https://www.dlrrd.gov.za/phocadownloadpap/Annual_Report/CPA%20Annual%20Report%202023-24.pdf
Sekgopo,Limpopo,38.41,2024,https://www.dlrrd.gov.za/phocadownloadpap/Annual_Report/CPA%20Annual%20Report%202023-24.pdf
Sekungwe,Limpopo,22.7,2024,https://www.dlrrd.gov.za/phocadownloadpap/Annual_Report/CPA%20Annual%20Report%202023-24.pdf
Seloane,Limpopo,44.63,2024,https://www.dlrrd.gov.za/phocadownloadpap/Annual_Report/CPA%20Annual%20Report%202023-24.pdf
Selowe,Limpopo,4.96,2024,https://www.dlrrd.gov.za/phocadownloadpap/Annual_Report/CPA%20Annual%20Report%202023-24.pdf
Serala,Limpopo,26.44,2024,https://www.dlrrd.gov.za/phocadownloadpap/Annual_Report/CPA%20Annual%20Report%202023-24.pdf
Shigalo,Limpopo,7.15,2024,https://www.dlrrd.gov.za/phocadownloadpap/Annual_Report/CPA%20Annual%20Report%202023-24.pdf
Shiko Shito Moloantoa,Limpopo,61.85,2024,https://www.dlrrd.gov.za/phocadownloadpap/Annual_Report/CPA%20Annual%20Report%202023-24.pdf
Shimange,Limpopo,7.19,2024,https://www.dlrrd.gov.za/phocadownloadpap/Annual_Report/CPA%20Annual%20Report%202023-24.pdf
Siyandhani,Limpopo,,2024,https://www.dlrrd.gov.za/phocadownloadpap/Annual_Report/CPA%20Annual%20Report%202023-24.pdf
Swobani,Limpopo,,2024,https://www.dlrrd.gov.za/phocadownloadpap/Annual_Report/CPA%20Annual%20Report%202023-24.pdf
Swongozwi,Limpopo,3.96,2024,https://www.dlrrd.gov.za/phocadownloadpap/Annual_Report/CPA%20Annual%20Report%202023-24.pdf
Tshifhefhe,Limpopo,32.86,2024,https://www.dlrrd.gov.za/phocadownloadpap/Annual_Report/CPA%20Annual%20Report%202023-24.pdf
Tshifhire-Maelula,Limpopo,,2024,https://www.dlrrd.gov.za/phocadownloadpap/Annual_Report/CPA%20Annual%20Report%202023-24.pdf
Tshivazwaulu,Limpopo,6.64,2024,https://www.dlrrd.gov.za/phocadownloadpap/Annual_Report/CPA%20Annual%20Report%202023-24.pdf
Tshivhazwaulu,Limpopo,2.97,2024,https://www.dlrrd.gov.za/phocadownloadpap/Annual_Report/CPA%20Annual%20Report%202023-24.pdf
Tshivhula,Limpopo,142.65,2024,https://www.dlrrd.gov.za/phocadownloadpap/Annual_Report/CPA%20Annual%20Report%202023-24.pdf
Tubatse African Agriculture Merging Farmers,Limpopo,4.41,2024,https://www.dlrrd.gov.za/phocadownloadpap/Annual_Report/CPA%20Annual%20Report%202023-24.pdf
Umbiza,Limpopo,26.82,2024,https://www.dlrrd.gov.za/phocadownloadpap/Annual_Report/CPA%20Annual%20Report%202023-24.pdf
Xihlomulo,Limpopo,12.05,2024,https://www.dlrrd.gov.za/phocadownloadpap/Annual_Report/CPA%20Annual%20Report%202023-24.pdf
Yarona C P Trust,Limpopo,,2024,https://www.dlrrd.gov.za/phocadownloadpap/Annual_Report/CPA%20Annual%20Report%202023-24.pdf
Buyelani Majabula,Mpumalanga,1.44,2024,https://www.dlrrd.gov.za/phocadownloadpap/Annual_Report/CPA%20Annual%20Report%202023-24.pdf
Esiyalwini,Mpumalanga,11.99,2024,https://www.dlrrd.gov.za/phocadownloadpap/Annual_Report/CPA%20Annual%20Report%202023-24.pdf
Indubazana,Mpumalanga,23.7,2024,https://www.dlrrd.gov.za/phocadownloadpap/Annual_Report/CPA%20Annual%20Report%202023-24.pdf
Makhalini womlambo,Mpumalanga,5.29,2024,https://www.dlrrd.gov.za/phocadownloadpap/Annual_Report/CPA%20Annual%20Report%202023-24.pdf
Mashobotho,Mpumalanga,18.18,2024,https://www.dlrrd.gov.za/phocadownloadpap/Annual_Report/CPA%20Annual%20Report%202023-24.pdf
Masulane,Mpumalanga,,2024,https://www.dlrrd.gov.za/phocadownloadpap/Annual_Report/CPA%20Annual%20Report%202023-24.pdf
Moloto,Mpumalanga,15.74,2024,https://www.dlrrd.gov.za/phocadownloadpap/Annual_Report/CPA%20Annual%20Report%202023-24.pdf
Andover And Leamington,Mpumalanga,65.52,2024,https://www.dlrrd.gov.za/phocadownloadpap/Annual_Report/CPA%20Annual%20Report%202023-24.pdf
Babina Kwena Baga Majakgomo,Mpumalanga,15.09,2024,https://www.dlrrd.gov.za/phocadownloadpap/Annual_Report/CPA%20Annual%20Report%202023-24.pdf
Bellevue,Mpumalanga,3.93,2024,https://www.dlrrd.gov.za/phocadownloadpap/Annual_Report/CPA%20Annual%20Report%202023-24.pdf
Bumbanani,Mpumalanga,,2024,https://www.dlrrd.gov.za/phocadownloadpap/Annual_Report/CPA%20Annual%20Report%202023-24.pdf
Dinkwanyane,Mpumalanga,3.35,2024,https://www.dlrrd.gov.za/phocadownloadpap/Annual_Report/CPA%20Annual%20Report%202023-24.pdf
Emahlubini,Mpumalanga,10.43,2024,https://www.dlrrd.gov.za/phocadownloadpap/Annual_Report/CPA%20Annual%20Report%202023-24.pdf
Eqhudeni Farming,Mpumalanga,3.07,2024,https://www.dlrrd.gov.za/phocadownloadpap/Annual_Report/CPA%20Annual%20Report%202023-24.pdf
Esandleni,Mpumalanga,12.07,2024,https://www.dlrrd.gov.za/phocadownloadpap/Annual_Report/CPA%20Annual%20Report%202023-24.pdf
Hlanganani Suikerhoek,Mpumalanga,9.56,2024,https://www.dlrrd.gov.za/phocadownloadpap/Annual_Report/CPA%20Annual%20Report%202023-24.pdf
Kantshele,Mpumalanga,2.6,2024,https://www.dlrrd.gov.za/phocadownloadpap/Annual_Report/CPA%20Annual%20Report%202023-24.pdf
Mabelane,Mpumalanga,68.89,2024,https://www.dlrrd.gov.za/phocadownloadpap/Annual_Report/CPA%20Annual%20Report%202023-24.pdf
Manyeleti,Mpumalanga,16.65,2024,https://www.dlrrd.gov.za/phocadownloadpap/Annual_Report/CPA%20Annual%20Report%202023-24.pdf
Maorabjang,Mpumalanga,165.38,2024,https://www.dlrrd.gov.za/phocadownloadpap/Annual_Report/CPA%20Annual%20Report%202023-24.pdf
Masakhane,Mpumalanga,,2024,https://www.dlrrd.gov.za/phocadownloadpap/Annual_Report/CPA%20Annual%20Report%202023-24.pdf
Matsamo,Mpumalanga,141.85,2024,https://www.dlrrd.gov.za/phocadownloadpap/Annual_Report/CPA%20Annual%20Report%202023-24.pdf
Mawewe,Mpumalanga,61.8,2024,https://www.dlrrd.gov.za/phocadownloadpap/Annual_Report/CPA%20Annual%20Report%202023-24.pdf
Mehlakung Village,Mpumalanga,,2024,https://www.dlrrd.gov.za/phocadownloadpap/Annual_Report/CPA%20Annual%20Report%202023-24.pdf
Mfulamuni,Mpumalanga,20.63,2024,https://www.dlrrd.gov.za/phocadownloadpap/Annual_Report/CPA%20Annual%20Report%202023-24.pdf
Mrabheli,Mpumalanga,7.36,2024,https://www.dlrrd.gov.za/phocadownloadpap/Annual_Report/CPA%20Annual%20Report%202023-24.pdf
Ngcogwane,Mpumalanga,33.91,2024,https://www.dlrrd.gov.za/phocadownloadpap/Annual_Report/CPA%20Annual%20Report%202023-24.pdf
Ngwenya,Mpumalanga,3.75,2024,https://www.dlrrd.gov.za/phocadownloadpap/Annual_Report/CPA%20Annual%20Report%202023-24.pdf
Pakaneng,Mpumalanga,17.3,2024,https://www.dlrrd.gov.za/phocadownloadpap/Annual_Report/CPA%20Annual%20Report%202023-24.pdf
Phuthanang,Mpumalanga,28.86,2024,https://www.dlrrd.gov.za/phocadownloadpap/Annual_Report/CPA%20Annual%20Report%202023-24.pdf
Sizanani,Mpumalanga,17.32,2024,https://www.dlrrd.gov.za/phocadownloadpap/Annual_Report/CPA%20Annual%20Report%202023-24.pdf
Sukuma Mswati,Mpumalanga,5.54,2024,https://www.dlrrd.gov.za/phocadownloadpap/Annual_Report/CPA%20Annual%20Report%202023-24.pdf
Sakhasizwe,Mpumalanga,3.43,2024,https://www.dlrrd.gov.za/phocadownloadpap/Annual_Report/CPA%20Annual%20Report%202023-24.pdf
Simunye,Mpumalanga,,2024,https://www.dlrrd.gov.za/phocadownloadpap/Annual_Report/CPA%20Annual%20Report%202023-24.pdf
Siyathuthuka,Mpumalanga,,2024,https://www.dlrrd.gov.za/phocadownloadpap/Annual_Report/CPA%20Annual%20Report%202023-24.pdf
Sizabantu,Mpumalanga,6.42,2024,https://www.dlrrd.gov.za/phocadownloadpap/Annual_Report/CPA%20Annual%20Report%202023-24.pdf
Thuthukani,Mpumalanga,3.91,2024,https://www.dlrrd.gov.za/phocadownloadpap/Annual_Report/CPA%20Annual%20Report%202023-24.pdf
Ukuthandakukhanya,Mpumalanga,7.55,2024,https://www.dlrrd.gov.za/phocadownloadpap/Annual_Report/CPA%20Annual%20Report%202023-24.pdf
Alexandria,Mpumalanga,1.2,2024,https://www.dlrrd.gov.za/phocadownloadpap/Annual_Report/CPA%20Annual%20Report%202023-24.pdf
Amajoni Farmers,Mpumalanga,4.7,2024,https://www.dlrrd.gov.za/phocadownloadpap/Annual_Report/CPA%20Annual%20Report%202023-24.pdf
Amakhaya,Mpumalanga,8.54,2024,https://www.dlrrd.gov.za/phocadownloadpap/Annual_Report/CPA%20Annual%20Report%202023-24.pdf
Amangcamaneni,Mpumalanga,5.64,2024,https://www.dlrrd.gov.za/phocadownloadpap/Annual_Report/CPA%20Annual%20Report%202023-24.pdf
Amantanatana Kangwane,Mpumalanga,6.39,2024,https://www.dlrrd.gov.za/phocadownloadpap/Annual_Report/CPA%20Annual%20Report%202023-24.pdf
Amazing Farmers,Mpumalanga,0.39,2024,https://www.dlrrd.gov.za/phocadownloadpap/Annual_Report/CPA%20Annual%20Report%202023-24.pdf
Asithandaneni,Mpumalanga,1.46,2024,https://www.dlrrd.gov.za/phocadownloadpap/Annual_Report/CPA%20Annual%20Report%202023-24.pdf
Avontuur,Mpumalanga,14.89,2024,https://www.dlrrd.gov.za/phocadownloadpap/Annual_Report/CPA%20Annual%20Report%202023-24.pdf
Babanani Sakhisizwe,Mpumalanga,8.44,2024,https://www.dlrrd.gov.za/phocadownloadpap/Annual_Report/CPA%20Annual%20Report%202023-24.pdf
Baka Msibi,Mpumalanga,11.76,2024,https://www.dlrrd.gov.za/phocadownloadpap/Annual_Report/CPA%20Annual%20Report%202023-24.pdf
Baka Nkosi,Mpumalanga,0.1,2024,https://www.dlrrd.gov.za/phocadownloadpap/Annual_Report/CPA%20Annual%20Report%202023-24.pdf
Baka Nkosi-Ginindza,Mpumalanga,9.48,2024,https://www.dlrrd.gov.za/phocadownloadpap/Annual_Report/CPA%20Annual%20Report%202023-24.pdf
Bakenkop,Mpumalanga,3.52,2024,https://www.dlrrd.gov.za/phocadownloadpap/Annual_Report/CPA%20Annual%20Report%202023-24.pdf
Bakoni Ba Phetla,Mpumalanga,11.52,2024,https://www.dlrrd.gov.za/phocadownloadpap/Annual_Report/CPA%20Annual%20Report%202023-24.pdf
Bakoni Ba Phetla,Mpumalanga,5.79,2024,https://www.dlrrd.gov.za/phocadownloadpap/Annual_Report/CPA%20Annual%20Report%202023-24.pdf
Bambanani,Mpumalanga,15.26,2024,https://www.dlrrd.gov.za/phocadownloadpap/Annual_Report/CPA%20Annual%20Report%202023-24.pdf
Bambanani,Mpumalanga,2.13,2024,https://www.dlrrd.gov.za/phocadownloadpap/Annual_Report/CPA%20Annual%20Report%202023-24.pdf
Bambanani,Mpumalanga,9.34,2024,https://www.dlrrd.gov.za/phocadownloadpap/Annual_Report/CPA%20Annual%20Report%202023-24.pdf
Batubatse Ba Mankge,Mpumalanga,10.14,2024,https://www.dlrrd.gov.za/phocadownloadpap/Annual_Report/CPA%20Annual%20Report%202023-24.pdf
Bavimbeni,Mpumalanga,0.21,2024,https://www.dlrrd.gov.za/phocadownloadpap/Annual_Report/CPA%20Annual%20Report%202023-24.pdf
Beerlagte,Mpumalanga,0.99,2024,https://www.dlrrd.gov.za/phocadownloadpap/Annual_Report/CPA%20Annual%20Report%202023-24.pdf
Bhorholo,Mpumalanga,,2024,https://www.dlrrd.gov.za/phocadownloadpap/Annual_Report/CPA%20Annual%20Report%202023-24.pdf
Bloemendal,Mpumalanga,,2024,https://www.dlrrd.gov.za/phocadownloadpap/Annual_Report/CPA%20Annual%20Report%202023-24.pdf
Borhole,Mpumalanga,24.89,2024,https://www.dlrrd.gov.za/phocadownloadpap/Annual_Report/CPA%20Annual%20Report%202023-24.pdf
Brook,Mpumalanga,0.41,2024,https://www.dlrrd.gov.za/phocadownloadpap/Annual_Report/CPA%20Annual%20Report%202023-24.pdf
Bumbanani Klipspruit,Mpumalanga,2.22,2024,https://www.dlrrd.gov.za/phocadownloadpap/Annual_Report/CPA%20Annual%20Report%202023-24.pdf
Bumbanani Mantimande,Mpumalanga,,2024,https://www.dlrrd.gov.za/phocadownloadpap/Annual_Report/CPA%20Annual%20Report%202023-24.pdf
Bunye Betfu,Mpumalanga,0.28,2024,https://www.dlrrd.gov.za/phocadownloadpap/Annual_Report/CPA%20Annual%20Report%202023-24.pdf
Canaan Farmers,Mpumalanga,,2024,https://www.dlrrd.gov.za/phocadownloadpap/Annual_Report/CPA%20Annual%20Report%202023-24.pdf
Champagne,Mpumalanga,33.41,2024,https://www.dlrrd.gov.za/phocadownloadpap/Annual_Report/CPA%20Annual%20Report%202023-24.pdf
Chilwane,Mpumalanga,0.1,2024,https://www.dlrrd.gov.za/phocadownloadpap/Annual_Report/CPA%20Annual%20Report%202023-24.pdf
Clifton,Mpumalanga,,2024,https://www.dlrrd.gov.za/phocadownloadpap/Annual_Report/CPA%20Annual%20Report%202023-24.pdf
Cunga,Mpumalanga,,2024,https://www.dlrrd.gov.za/phocadownloadpap/Annual_Report/CPA%20Annual%20Report%202023-24.pdf
Dalamuzi,Mpumalanga,12.11,2024,https://www.dlrrd.gov.za/phocadownloadpap/Annual_Report/CPA%20Annual%20Report%202023-24.pdf
Diepdrift,Mpumalanga,,2024,https://www.dlrrd.gov.za/phocadownloadpap/Annual_Report/CPA%20Annual%20Report%202023-24.pdf
Diepdrift,Mpumalanga,12.47,2024,https://www.dlrrd.gov.za/phocadownloadpap/Annual_Report/CPA%20Annual%20Report%202023-24.pdf
Dindela,Mpumalanga,0.17,2024,https://www.dlrrd.gov.za/phocadownloadpap/Annual_Report/CPA%20Annual%20Report%202023-24.pdf
Dithebe,Mpumalanga,3.78,2024,https://www.dlrrd.gov.za/phocadownloadpap/Annual_Report/CPA%20Annual%20Report%202023-24.pdf
Ditsema,Mpumalanga,0.33,2024,https://www.dlrrd.gov.za/phocadownloadpap/Annual_Report/CPA%20Annual%20Report%202023-24.pdf
Dludlu,Mpumalanga,,2024,https://www.dlrrd.gov.za/phocadownloadpap/Annual_Report/CPA%20Annual%20Report%202023-24.pdf
Donga Lamavuso,Mpumalanga,0.4,2024,https://www.dlrrd.gov.za/phocadownloadpap/Annual_Report/CPA%20Annual%20Report%202023-24.pdf
Dorenkop,Mpumalanga,10.53,2024,https://www.dlrrd.gov.za/phocadownloadpap/Annual_Report/CPA%20Annual%20Report%202023-24.pdf
Dube Family,Mpumalanga,0.12,2024,https://www.dlrrd.gov.za/phocadownloadpap/Annual_Report/CPA%20Annual%20Report%202023-24.pdf
Ebhodweni,Mpumalanga,3.55,2024,https://www.dlrrd.gov.za/phocadownloadpap/Annual_Report/CPA%20Annual%20Report%202023-24.pdf
Eguhleni,Mpumalanga,0.35,2024,https://www.dlrrd.gov.za/phocadownloadpap/Annual_Report/CPA%20Annual%20Report%202023-24.pdf
Ekaluka,Mpumalanga,19.84,2024,https://www.dlrrd.gov.za/phocadownloadpap/Annual_Report/CPA%20Annual%20Report%202023-24.pdf
Ekukhanyeni,Mpumalanga,2.81,2024,https://www.dlrrd.gov.za/phocadownloadpap/Annual_Report/CPA%20Annual%20Report%202023-24.pdf
Ekuphileni Kwesive Songimvelo,Mpumalanga,2.02,2024,https://www.dlrrd.gov.za/phocadownloadpap/Annual_Report/CPA%20Annual%20Report%202023-24.pdf
Ekuphumeleni,Mpumalanga,7.86,2024,https://www.dlrrd.gov.za/phocadownloadpap/Annual_Report/CPA%20Annual%20Report%202023-24.pdf
Ekuphumuleni,Mpumalanga,,2024,https://www.dlrrd.gov.za/phocadownloadpap/Annual_Report/CPA%20Annual%20Report%202023-24.pdf
Elitsheni,Mpumalanga,,2024,https://www.dlrrd.gov.za/phocadownloadpap/Annual_Report/CPA%20Annual%20Report%202023-24.pdf
Emabovini,Mpumalanga,,2024,https://www.dlrrd.gov.za/phocadownloadpap/Annual_Report/CPA%20Annual%20Report%202023-24.pdf
Emangwaneni,Mpumalanga,1.25,2024,https://www.dlrrd.gov.za/phocadownloadpap/Annual_Report/CPA%20Annual%20Report%202023-24.pdf
Emarubini Amabomvu,Mpumalanga,3.43,2024,https://www.dlrrd.gov.za/phocadownloadpap/Annual_Report/CPA%20Annual%20Report%202023-24.pdf
Emsamo,Mpumalanga,0.26,2024,https://www.dlrrd.gov.za/phocadownloadpap/Annual_Report/CPA%20Annual%20Report%202023-24.pdf
Emthonjeni,Mpumalanga,3.82,2024,https://www.dlrrd.gov.za/phocadownloadpap/Annual_Report/CPA%20Annual%20Report%202023-24.pdf
Endlovini,Mpumalanga,2.35,2024,https://www.dlrrd.gov.za/phocadownloadpap/Annual_Report/CPA%20Annual%20Report%202023-24.pdf
Engcungcwini,Mpumalanga,11.26,2024,https://www.dlrrd.gov.za/phocadownloadpap/Annual_Report/CPA%20Annual%20Report%202023-24.pdf
Entombe Farmers,Mpumalanga,17.38,2024,https://www.dlrrd.gov.za/phocadownloadpap/Annual_Report/CPA%20Annual%20Report%202023-24.pdf
Enyathini Amafumbe,Mpumalanga,,2024,https://www.dlrrd.gov.za/phocadownloadpap/Annual_Report/CPA%20Annual%20Report%202023-24.pdf
Ephokweni,Mpumalanga,,2024,https://www.dlrrd.gov.za/phocadownloadpap/Annual_Report/CPA%20Annual%20Report%202023-24.pdf
Ethembalethu,Mpumalanga,0.0003,2024,https://www.dlrrd.gov.za/phocadownloadpap/Annual_Report/CPA%20Annual%20Report%202023-24.pdf
Etidziweni,Mpumalanga,2.11,2024,https://www.dlrrd.gov.za/phocadownloadpap/Annual_Report/CPA%20Annual%20Report%202023-24.pdf
Ezakheni,Mpumalanga,2.35,2024,https://www.dlrrd.gov.za/phocadownloadpap/Annual_Report/CPA%20Annual%20Report%202023-24.pdf
Ezimbonjeni,Mpumalanga,,2024,https://www.dlrrd.gov.za/phocadownloadpap/Annual_Report/CPA%20Annual%20Report%202023-24.pdf
Ezwelethu,Mpumalanga,9,2024,https://www.dlrrd.gov.za/phocadownloadpap/Annual_Report/CPA%20Annual%20Report%202023-24.pdf
Feyera,Mpumalanga,2.33,2024,https://www.dlrrd.gov.za/phocadownloadpap/Annual_Report/CPA%20Annual%20Report%202023-24.pdf
Gadla,Mpumalanga,1.32,2024,https://www.dlrrd.gov.za/phocadownloadpap/Annual_Report/CPA%20Annual%20Report%202023-24.pdf
Geluk,Mpumalanga,5.75,2024,https://www.dlrrd.gov.za/phocadownloadpap/Annual_Report/CPA%20Annual%20Report%202023-24.pdf
Gemsbokfontein,Mpumalanga,8.93,2024,https://www.dlrrd.gov.za/phocadownloadpap/Annual_Report/CPA%20Annual%20Report%202023-24.pdf
German heavy force,Mpumalanga,2.68,2024,https://www.dlrrd.gov.za/phocadownloadpap/Annual_Report/CPA%20Annual%20Report%202023-24.pdf
Giba,Mpumalanga,14.83,2024,https://www.dlrrd.gov.za/phocadownloadpap/Annual_Report/CPA%20Annual%20Report%202023-24.pdf
Gogo Zwane,Mpumalanga,2.58,2024,https://www.dlrrd.gov.za/phocadownloadpap/Annual_Report/CPA%20Annual%20Report%202023-24.pdf
Goliath,Mpumalanga,5.24,2024,https://www.dlrrd.gov.za/phocadownloadpap/Annual_Report/CPA%20Annual%20Report%202023-24.pdf
Guliwe,Mpumalanga,0.22,2024,https://www.dlrrd.gov.za/phocadownloadpap/Annual_Report/CPA%20Annual%20Report%202023-24.pdf
Havin Maseko,Mpumalanga,2.03,2024,https://www.dlrrd.gov.za/phocadownloadpap/Annual_Report/CPA%20Annual%20Report%202023-24.pdf
Hlakaniphani,Mpumalanga,7.79,2024,https://www.dlrrd.gov.za/phocadownloadpap/Annual_Report/CPA%20Annual%20Report%202023-24.pdf
Hlanganani,Mpumalanga,0.99,2024,https://www.dlrrd.gov.za/phocadownloadpap/Annual_Report/CPA%20Annual%20Report%202023-24.pdf
Hlaping,Mpumalanga,,2024,https://www.dlrrd.gov.za/phocadownloadpap/Annual_Report/CPA%20Annual%20Report%202023-24.pdf
Ilanga Liphuma,Mpumalanga,4.37,2024,https://www.dlrrd.gov.za/phocadownloadpap/Annual_Report/CPA%20Annual%20Report%202023-24.pdf
Impokoma,Mpumalanga,11.78,2024,https://www.dlrrd.gov.za/phocadownloadpap/Annual_Report/CPA%20Annual%20Report%202023-24.pdf
Impumelelo,Mpumalanga,23.69,2024,https://www.dlrrd.gov.za/phocadownloadpap/Annual_Report/CPA%20Annual%20Report%202023-24.pdf
Ingogo,Mpumalanga,17.19,2024,https://www.dlrrd.gov.za/phocadownloadpap/Annual_Report/CPA%20Annual%20Report%202023-24.pdf
Inhlalonhle,Mpumalanga,2.06,2024,https://www.dlrrd.gov.za/phocadownloadpap/Annual_Report/CPA%20Annual%20Report%202023-24.pdf
Injaka-Waterval,Mpumalanga,34.81,2024,https://www.dlrrd.gov.za/phocadownloadpap/Annual_Report/CPA%20Annual%20Report%202023-24.pdf
Inkalane,Mpumalanga,57.21,2024,https://www.dlrrd.gov.za/phocadownloadpap/Annual_Report/CPA%20Annual%20Report%202023-24.pdf
Inkhabahle,Mpumalanga,3.6,2024,https://www.dlrrd.gov.za/phocadownloadpap/Annual_Report/CPA%20Annual%20Report%202023-24.pdf
Inkululeko,Mpumalanga,15.17,2024,https://www.dlrrd.gov.za/phocadownloadpap/Annual_Report/CPA%20Annual%20Report%202023-24.pdf
Inkululeko,Mpumalanga,18.55,2024,https://www.dlrrd.gov.za/phocadownloadpap/Annual_Report/CPA%20Annual%20Report%202023-24.pdf
Inkululeko Klipspruit,Mpumalanga,15.17,2024,https://www.dlrrd.gov.za/phocadownloadpap/Annual_Report/CPA%20Annual%20Report%202023-24.pdf
Ithembalethu,Mpumalanga,,2024,https://www.dlrrd.gov.za/phocadownloadpap/Annual_Report/CPA%20Annual%20Report%202023-24.pdf
Ivusa Eyivusayo Village,Mpumalanga,2.24,2024,https://www.dlrrd.gov.za/phocadownloadpap/Annual_Report/CPA%20Annual%20Report%202023-24.pdf
Jolo,Mpumalanga,1.43,2024,https://www.dlrrd.gov.za/phocadownloadpap/Annual_Report/CPA%20Annual%20Report%202023-24.pdf
Juza,Mpumalanga,3.19,2024,https://www.dlrrd.gov.za/phocadownloadpap/Annual_Report/CPA%20Annual%20Report%202023-24.pdf
Kghodwana,Mpumalanga,53.55,2024,https://www.dlrrd.gov.za/phocadownloadpap/Annual_Report/CPA%20Annual%20Report%202023-24.pdf
Kgoloko,Mpumalanga,3.95,2024,https://www.dlrrd.gov.za/phocadownloadpap/Annual_Report/CPA%20Annual%20Report%202023-24.pdf
Khiphindlala,Mpumalanga,3.43,2024,https://www.dlrrd.gov.za/phocadownloadpap/Annual_Report/CPA%20Annual%20Report%202023-24.pdf
Khiphinkunzi,Mpumalanga,8.79,2024,https://www.dlrrd.gov.za/phocadownloadpap/Annual_Report/CPA%20Annual%20Report%202023-24.pdf
Khobongo Gongoboze,Mpumalanga,1.49,2024,https://www.dlrrd.gov.za/phocadownloadpap/Annual_Report/CPA%20Annual%20Report%202023-24.pdf
Khulani Balimi,Mpumalanga,3.95,2024,https://www.dlrrd.gov.za/phocadownloadpap/Annual_Report/CPA%20Annual%20Report%202023-24.pdf
Kliprivier,Mpumalanga,8.79,2024,https://www.dlrrd.gov.za/phocadownloadpap/Annual_Report/CPA%20Annual%20Report%202023-24.pdf
Komkrans,Mpumalanga,14.01,2024,https://www.dlrrd.gov.za/phocadownloadpap/Annual_Report/CPA%20Annual%20Report%202023-24.pdf
Kosetsheliwe,Mpumalanga,,2024,https://www.dlrrd.gov.za/phocadownloadpap/Annual_Report/CPA%20Annual%20Report%202023-24.pdf
Kosotsheliwe,Mpumalanga,4.65,2024,https://www.dlrrd.gov.za/phocadownloadpap/Annual_Report/CPA%20Annual%20Report%202023-24.pdf
Kubhedu,Mpumalanga,26.69,2024,https://www.dlrrd.gov.za/phocadownloadpap/Annual_Report/CPA%20Annual%20Report%202023-24.pdf
Kubheka Family,Mpumalanga,,2024,https://www.dlrrd.gov.za/phocadownloadpap/Annual_Report/CPA%20Annual%20Report%202023-24.pdf
Kusekhaya,Mpumalanga,,2024,https://www.dlrrd.gov.za/phocadownloadpap/Annual_Report/CPA%20Annual%20Report%202023-24.pdf
Kwakhekhekhe,Mpumalanga,,2024,https://www.dlrrd.gov.za/phocadownloadpap/Annual_Report/CPA%20Annual%20Report%202023-24.pdf
Kwalidolo,Mpumalanga,52.89,2024,https://www.dlrrd.gov.za/phocadownloadpap/Annual_Report/CPA%20Annual%20Report%202023-24.pdf
Kwamadlayi,Mpumalanga,22.01,2024,https://www.dlrrd.gov.za/phocadownloadpap/Annual_Report/CPA%20Annual%20Report%202023-24.pdf
Leandra Small Farmers,Mpumalanga,0.28,2024,https://www.dlrrd.gov.za/phocadownloadpap/Annual_Report/CPA%20Annual%20Report%202023-24.pdf
Leiden,Mpumalanga,5.2,2024,https://www.dlrrd.gov.za/phocadownloadpap/Annual_Report/CPA%20Annual%20Report%202023-24.pdf
Lethukuthula,Mpumalanga,,2024,https://www.dlrrd.gov.za/phocadownloadpap/Annual_Report/CPA%20Annual%20Report%202023-24.pdf
Lethaukuthula,Mpumalanga,8.45,2024,https://www.dlrrd.gov.za/phocadownloadpap/Annual_Report/CPA%20Annual%20Report%202023-24.pdf
Letswalo family,Mpumalanga,1.22,2024,https://www.dlrrd.gov.za/phocadownloadpap/Annual_Report/CPA%20Annual%20Report%202023-24.pdf
Lidumeleng,Mpumalanga,0.67,2024,https://www.dlrrd.gov.za/phocadownloadpap/Annual_Report/CPA%20Annual%20Report%202023-24.pdf
Ligwa,Mpumalanga,0.73,2024,https://www.dlrrd.gov.za/phocadownloadpap/Annual_Report/CPA%20Annual%20Report%202023-24.pdf
Litjelenkosi,Mpumalanga,8.89,2024,https://www.dlrrd.gov.za/phocadownloadpap/Annual_Report/CPA%20Annual%20Report%202023-24.pdf
Lodewyskslut,Mpumalanga,14.06,2024,https://www.dlrrd.gov.za/phocadownloadpap/Annual_Report/CPA%20Annual%20Report%202023-24.pdf
Long Valley,Mpumalanga,0.8,2024,https://www.dlrrd.gov.za/phocadownloadpap/Annual_Report/CPA%20Annual%20Report%202023-24.pdf
Lukhele,Mpumalanga,3.46,2024,https://www.dlrrd.gov.za/phocadownloadpap/Annual_Report/CPA%20Annual%20Report%202023-24.pdf
Luphondo,Mpumalanga,17.4,2024,https://www.dlrrd.gov.za/phocadownloadpap/Annual_Report/CPA%20Annual%20Report%202023-24.pdf
Mabhonwane,Mpumalanga,2.13,2024,https://www.dlrrd.gov.za/phocadownloadpap/Annual_Report/CPA%20Annual%20Report%202023-24.pdf
Machobeni Rietvlei,Mpumalanga,3.65,2024,https://www.dlrrd.gov.za/phocadownloadpap/Annual_Report/CPA%20Annual%20Report%202023-24.pdf
Madakwa,Mpumalanga,,2024,https://www.dlrrd.gov.za/phocadownloadpap/Annual_Report/CPA%20Annual%20Report%202023-24.pdf
Magagula family,Mpumalanga,0.43,2024,https://www.dlrrd.gov.za/phocadownloadpap/Annual_Report/CPA%20Annual%20Report%202023-24.pdf
Maganagaboshoa,Mpumalanga,1.88,2024,https://www.dlrrd.gov.za/phocadownloadpap/Annual_Report/CPA%20Annual%20Report%202023-24.pdf
Magedvula Edamini,Mpumalanga,7.33,2024,https://www.dlrrd.gov.za/phocadownloadpap/Annual_Report/CPA%20Annual%20Report%202023-24.pdf
Magedvula Emantini,Mpumalanga,1.34,2024,https://www.dlrrd.gov.za/phocadownloadpap/Annual_Report/CPA%20Annual%20Report%202023-24.pdf
Magedvula Engengeni,Mpumalanga,0.57,2024,https://www.dlrrd.gov.za/phocadownloadpap/Annual_Report/CPA%20Annual%20Report%202023-24.pdf
Magedvula Manzimhlophe,Mpumalanga,25.82,2024,https://www.dlrrd.gov.za/phocadownloadpap/Annual_Report/CPA%20Annual%20Report%202023-24.pdf
Magedvula Steenbok,Mpumalanga,2.09,2024,https://www.dlrrd.gov.za/phocadownloadpap/Annual_Report/CPA%20Annual%20Report%202023-24.pdf
Magedvula Vamane,Mpumalanga,4.82,2024,https://www.dlrrd.gov.za/phocadownloadpap/Annual_Report/CPA%20Annual%20Report%202023-24.pdf
Magiya,Mpumalanga,7.18,2024,https://www.dlrrd.gov.za/phocadownloadpap/Annual_Report/CPA%20Annual%20Report%202023-24.pdf
Mahlambi,Mpumalanga,1.43,2024,https://www.dlrrd.gov.za/phocadownloadpap/Annual_Report/CPA%20Annual%20Report%202023-24.pdf
Mahlangani,Mpumalanga,0.49,2024,https://www.dlrrd.gov.za/phocadownloadpap/Annual_Report/CPA%20Annual%20Report%202023-24.pdf
Mahlangu family,Mpumalanga,1.29,2024,https://www.dlrrd.gov.za/phocadownloadpap/Annual_Report/CPA%20Annual%20Report%202023-24.pdf
Maila Family,Mpumalanga,,2024,https://www.dlrrd.gov.za/phocadownloadpap/Annual_Report/CPA%20Annual%20Report%202023-24.pdf
Makalane,Mpumalanga,3.68,2024,https://www.dlrrd.gov.za/phocadownloadpap/Annual_Report/CPA%20Annual%20Report%202023-24.pdf
Makgasa,Mpumalanga,47.13,2024,https://www.dlrrd.gov.za/phocadownloadpap/Annual_Report/CPA%20Annual%20Report%202023-24.pdf
Makhalini Wo mlambo,Mpumalanga,5.29,2024,https://www.dlrrd.gov.za/phocadownloadpap/Annual_Report/CPA%20Annual%20Report%202023-24.pdf
Makhomane,Mpumalanga,1.41,2024,https://www.dlrrd.gov.za/phocadownloadpap/Annual_Report/CPA%20Annual%20Report%202023-24.pdf
Makhunevu,Mpumalanga,12.99,2024,https://www.dlrrd.gov.za/phocadownloadpap/Annual_Report/CPA%20Annual%20Report%202023-24.pdf
Malewu,Mpumalanga,1.51,2024,https://www.dlrrd.gov.za/phocadownloadpap/Annual_Report/CPA%20Annual%20Report%202023-24.pdf
Manala Mgibe,Mpumalanga,139.14,2024,https://www.dlrrd.gov.za/phocadownloadpap/Annual_Report/CPA%20Annual%20Report%202023-24.pdf
Mandzindza,Mpumalanga,5.14,2024,https://www.dlrrd.gov.za/phocadownloadpap/Annual_Report/CPA%20Annual%20Report%202023-24.pdf
Mantsoene,Mpumalanga,4.61,2024,https://www.dlrrd.gov.za/phocadownloadpap/Annual_Report/CPA%20Annual%20Report%202023-24.pdf
Manzimhlophe,Mpumalanga,2.77,2024,https://www.dlrrd.gov.za/phocadownloadpap/Annual_Report/CPA%20Annual%20Report%202023-24.pdf
Manzimhlophe,Mpumalanga,1.23,2024,https://www.dlrrd.gov.za/phocadownloadpap/Annual_Report/CPA%20Annual%20Report%202023-24.pdf
Maphanga,Mpumalanga,6.44,2024,https://www.dlrrd.gov.za/phocadownloadpap/Annual_Report/CPA%20Annual%20Report%202023-24.pdf
Maphepheni,Mpumalanga,0.89,2024,https://www.dlrrd.gov.za/phocadownloadpap/Annual_Report/CPA%20Annual%20Report%202023-24.pdf
Maphofu,Mpumalanga,,2024,https://www.dlrrd.gov.za/phocadownloadpap/Annual_Report/CPA%20Annual%20Report%202023-24.pdf
Mapofu,Mpumalanga,14.55,2024,https://www.dlrrd.gov.za/phocadownloadpap/Annual_Report/CPA%20Annual%20Report%202023-24.pdf
Marhole,Mpumalanga,19.48,2024,https://www.dlrrd.gov.za/phocadownloadpap/Annual_Report/CPA%20Annual%20Report%202023-24.pdf
Masakhane,Mpumalanga,,2024,https://www.dlrrd.gov.za/phocadownloadpap/Annual_Report/CPA%20Annual%20Report%202023-24.pdf
Masakhane,Mpumalanga,2.13,2024,https://www.dlrrd.gov.za/phocadownloadpap/Annual_Report/CPA%20Annual%20Report%202023-24.pdf
Masango Mbethwa,Mpumalanga,2.86,2024,https://www.dlrrd.gov.za/phocadownloadpap/Annual_Report/CPA%20Annual%20Report%202023-24.pdf
Maseko,Mpumalanga,1.71,2024,https://www.dlrrd.gov.za/phocadownloadpap/Annual_Report/CPA%20Annual%20Report%202023-24.pdf
Maseko Ndlovu Vilakazi,Mpumalanga,,2024,https://www.dlrrd.gov.za/phocadownloadpap/Annual_Report/CPA%20Annual%20Report%202023-24.pdf
Mashaba Family,Mpumalanga,0.34,2024,https://www.dlrrd.gov.za/phocadownloadpap/Annual_Report/CPA%20Annual%20Report%202023-24.pdf
Mashilwane,Mpumalanga,,2024,https://www.dlrrd.gov.za/phocadownloadpap/Annual_Report/CPA%20Annual%20Report%202023-24.pdf
Mashoba,Mpumalanga,,2024,https://www.dlrrd.gov.za/phocadownloadpap/Annual_Report/CPA%20Annual%20Report%202023-24.pdf
Masibabisane,Mpumalanga,1.1,2024,https://www.dlrrd.gov.za/phocadownloadpap/Annual_Report/CPA%20Annual%20Report%202023-24.pdf
Masibambisane,Mpumalanga,1.1,2024,https://www.dlrrd.gov.za/phocadownloadpap/Annual_Report/CPA%20Annual%20Report%202023-24.pdf
Masibambisane,Mpumalanga,1.18,2024,https://www.dlrrd.gov.za/phocadownloadpap/Annual_Report/CPA%20Annual%20Report%202023-24.pdf
Masibambisane,Mpumalanga,,2024,https://www.dlrrd.gov.za/phocadownloadpap/Annual_Report/CPA%20Annual%20Report%202023-24.pdf
Masibambisane Ekuphileni Kwabantu.,Mpumalanga,,2024,https://www.dlrrd.gov.za/phocadownloadpap/Annual_Report/CPA%20Annual%20Report%202023-24.pdf
Masibambisaneni,Mpumalanga,4.32,2024,https://www.dlrrd.gov.za/phocadownloadpap/Annual_Report/CPA%20Annual%20Report%202023-24.pdf
Masihlanganeni Madlangeni,Mpumalanga,0.08,2024,https://www.dlrrd.gov.za/phocadownloadpap/Annual_Report/CPA%20Annual%20Report%202023-24.pdf
Masilela,Mpumalanga,,2024,https://www.dlrrd.gov.za/phocadownloadpap/Annual_Report/CPA%20Annual%20Report%202023-24.pdf
Masimula-Skosana,Mpumalanga,2.52,2024,https://www.dlrrd.gov.za/phocadownloadpap/Annual_Report/CPA%20Annual%20Report%202023-24.pdf
Masiphula,Mpumalanga,16.09,2024,https://www.dlrrd.gov.za/phocadownloadpap/Annual_Report/CPA%20Annual%20Report%202023-24.pdf
Masisukume,Mpumalanga,6.42,2024,https://www.dlrrd.gov.za/phocadownloadpap/Annual_Report/CPA%20Annual%20Report%202023-24.pdf
Masombuka,Mpumalanga,,2024,https://www.dlrrd.gov.za/phocadownloadpap/Annual_Report/CPA%20Annual%20Report%202023-24.pdf
Mathebula,Mpumalanga,0.09,2024,https://www.dlrrd.gov.za/phocadownloadpap/Annual_Report/CPA%20Annual%20Report%202023-24.pdf
Matjhiyinja,Mpumalanga,,2024,https://www.dlrrd.gov.za/phocadownloadpap/Annual_Report/CPA%20Annual%20Report%202023-24.pdf
Mavula,Mpumalanga,24.28,2024,https://www.dlrrd.gov.za/phocadownloadpap/Annual_Report/CPA%20Annual%20Report%202023-24.pdf
Mavula Singene,Mpumalanga,1.09,2024,https://www.dlrrd.gov.za/phocadownloadpap/Annual_Report/CPA%20Annual%20Report%202023-24.pdf
Mawubuye Umhlaba Wethu,Mpumalanga,8.78,2024,https://www.dlrrd.gov.za/phocadownloadpap/Annual_Report/CPA%20Annual%20Report%202023-24.pdf
Mawulu,Mpumalanga,21.37,2024,https://www.dlrrd.gov.za/phocadownloadpap/Annual_Report/CPA%20Annual%20Report%202023-24.pdf
Mbayiyane,Mpumalanga,,2024,https://www.dlrrd.gov.za/phocadownloadpap/Annual_Report/CPA%20Annual%20Report%202023-24.pdf
Mbege,Mpumalanga,4.36,2024,https://www.dlrrd.gov.za/phocadownloadpap/Annual_Report/CPA%20Annual%20Report%202023-24.pdf
Mbethwa Masango,Mpumalanga,2.86,2024,https://www.dlrrd.gov.za/phocadownloadpap/Annual_Report/CPA%20Annual%20Report%202023-24.pdf
Mbuyane,Mpumalanga,1.75,2024,https://www.dlrrd.gov.za/phocadownloadpap/Annual_Report/CPA%20Annual%20Report%202023-24.pdf
Mbuzi,Mpumalanga,17.38,2024,https://www.dlrrd.gov.za/phocadownloadpap/Annual_Report/CPA%20Annual%20Report%202023-24.pdf
Mdumayezi,Mpumalanga,5.91,2024,https://www.dlrrd.gov.za/phocadownloadpap/Annual_Report/CPA%20Annual%20Report%202023-24.pdf
Memuka,Mpumalanga,2.5,2024,https://www.dlrrd.gov.za/phocadownloadpap/Annual_Report/CPA%20Annual%20Report%202023-24.pdf
Mgaduzana,Mpumalanga,10.36,2024,https://www.dlrrd.gov.za/phocadownloadpap/Annual_Report/CPA%20Annual%20Report%202023-24.pdf
Mgazini,Mpumalanga,5.47,2024,https://www.dlrrd.gov.za/phocadownloadpap/Annual_Report/CPA%20Annual%20Report%202023-24.pdf
Mgudlwa,Mpumalanga,3.09,2024,https://www.dlrrd.gov.za/phocadownloadpap/Annual_Report/CPA%20Annual%20Report%202023-24.pdf
Mgudlwa,Mpumalanga,7.62,2024,https://www.dlrrd.gov.za/phocadownloadpap/Annual_Report/CPA%20Annual%20Report%202023-24.pdf
Mhlabezi,Mpumalanga,,2024,https://www.dlrrd.gov.za/phocadownloadpap/Annual_Report/CPA%20Annual%20Report%202023-24.pdf
Mhlangeni,Mpumalanga,2.38,2024,https://www.dlrrd.gov.za/phocadownloadpap/Annual_Report/CPA%20Annual%20Report%202023-24.pdf
Mhlongamvula,Mpumalanga,10.84,2024,https://www.dlrrd.gov.za/phocadownloadpap/Annual_Report/CPA%20Annual%20Report%202023-24.pdf
Mhlopheni Bhensani,Mpumalanga,1.92,2024,https://www.dlrrd.gov.za/phocadownloadpap/Annual_Report/CPA%20Annual%20Report%202023-24.pdf
Mhwayi,Mpumalanga,,2024,https://www.dlrrd.gov.za/phocadownloadpap/Annual_Report/CPA%20Annual%20Report%202023-24.pdf
Mkhweli-pondo,Mpumalanga,,2024,https://www.dlrrd.gov.za/phocadownloadpap/Annual_Report/CPA%20Annual%20Report%202023-24.pdf
Mkingoma,Mpumalanga,,2024,https://www.dlrrd.gov.za/phocadownloadpap/Annual_Report/CPA%20Annual%20Report%202023-24.pdf
Mnabela ka Khulwane,Mpumalanga,,2024,https://www.dlrrd.gov.za/phocadownloadpap/Annual_Report/CPA%20Annual%20Report%202023-24.pdf
Mndawe,Mpumalanga,14.68,2024,https://www.dlrrd.gov.za/phocadownloadpap/Annual_Report/CPA%20Annual%20Report%202023-24.pdf
Mngomezulu,Mpumalanga,,2024,https://www.dlrrd.gov.za/phocadownloadpap/Annual_Report/CPA%20Annual%20Report%202023-24.pdf
Mninwa,Mpumalanga,17.34,2024,https://www.dlrrd.gov.za/phocadownloadpap/Annual_Report/CPA%20Annual%20Report%202023-24.pdf
Mnisi Commando Dry,Mpumalanga,,2024,https://www.dlrrd.gov.za/phocadownloadpap/Annual_Report/CPA%20Annual%20Report%202023-24.pdf
Mnisi Family,Mpumalanga,2.85,2024,https://www.dlrrd.gov.za/phocadownloadpap/Annual_Report/CPA%20Annual%20Report%202023-24.pdf
Mnisi Family,Mpumalanga,1.55,2024,https://www.dlrrd.gov.za/phocadownloadpap/Annual_Report/CPA%20Annual%20Report%202023-24.pdf
Mofu Ngwenya,Mpumalanga,,2024,https://www.dlrrd.gov.za/phocadownloadpap/Annual_Report/CPA%20Annual%20Report%202023-24.pdf
Mokolobe,Mpumalanga,9.21,2024,https://www.dlrrd.gov.za/phocadownloadpap/Annual_Report/CPA%20Annual%20Report%202023-24.pdf
Molapong,Mpumalanga,6.17,2024,https://www.dlrrd.gov.za/phocadownloadpap/Annual_Report/CPA%20Annual%20Report%202023-24.pdf
Moralemong,Mpumalanga,24.62,2024,https://www.dlrrd.gov.za/phocadownloadpap/Annual_Report/CPA%20Annual%20Report%202023-24.pdf
Moreipuso,Mpumalanga,129.51,2024,https://www.dlrrd.gov.za/phocadownloadpap/Annual_Report/CPA%20Annual%20Report%202023-24.pdf
Mosetheng,Mpumalanga,1.57,2024,https://www.dlrrd.gov.za/phocadownloadpap/Annual_Report/CPA%20Annual%20Report%202023-24.pdf
Moutse,Mpumalanga,47.05,2024,https://www.dlrrd.gov.za/phocadownloadpap/Annual_Report/CPA%20Annual%20Report%202023-24.pdf
Mpakeni mlegeni,Mpumalanga,23.69,2024,https://www.dlrrd.gov.za/phocadownloadpap/Annual_Report/CPA%20Annual%20Report%202023-24.pdf
Mphazima,Mpumalanga,3.83,2024,https://www.dlrrd.gov.za/phocadownloadpap/Annual_Report/CPA%20Annual%20Report%202023-24.pdf
Mpisikazi,Mpumalanga,27.71,2024,https://www.dlrrd.gov.za/phocadownloadpap/Annual_Report/CPA%20Annual%20Report%202023-24.pdf
Mrhetja -Mbuduma,Mpumalanga,4.3,2024,https://www.dlrrd.gov.za/phocadownloadpap/Annual_Report/CPA%20Annual%20Report%202023-24.pdf
Msibi,Mpumalanga,0.11,2024,https://www.dlrrd.gov.za/phocadownloadpap/Annual_Report/CPA%20Annual%20Report%202023-24.pdf
Msibi,Mpumalanga,26.82,2024,https://www.dlrrd.gov.za/phocadownloadpap/Annual_Report/CPA%20Annual%20Report%202023-24.pdf
Msongelwa,Mpumalanga,4.76,2024,https://www.dlrrd.gov.za/phocadownloadpap/Annual_Report/CPA%20Annual%20Report%202023-24.pdf
Mswati,Mpumalanga,14.18,2024,https://www.dlrrd.gov.za/phocadownloadpap/Annual_Report/CPA%20Annual%20Report%202023-24.pdf
Mthembu Sikhonde,Mpumalanga,0.74,2024,https://www.dlrrd.gov.za/phocadownloadpap/Annual_Report/CPA%20Annual%20Report%202023-24.pdf
Mthethwa Mofokeng,Mpumalanga,,2024,https://www.dlrrd.gov.za/phocadownloadpap/Annual_Report/CPA%20Annual%20Report%202023-24.pdf
Mthimunye,Mpumalanga,0.99,2024,https://www.dlrrd.gov.za/phocadownloadpap/Annual_Report/CPA%20Annual%20Report%202023-24.pdf
Mthimunye Sepogoane,Mpumalanga,,2024,https://www.dlrrd.gov.za/phocadownloadpap/Annual_Report/CPA%20Annual%20Report%202023-24.pdf
Mthombeni,Mpumalanga,,2024,https://www.dlrrd.gov.za/phocadownloadpap/Annual_Report/CPA%20Annual%20Report%202023-24.pdf
Mtshweni Letswalo,Mpumalanga,,2024,https://www.dlrrd.gov.za/phocadownloadpap/Annual_Report/CPA%20Annual%20Report%202023-24.pdf
Mtsweni,Mpumalanga,3.49,2024,https://www.dlrrd.gov.za/phocadownloadpap/Annual_Report/CPA%20Annual%20Report%202023-24.pdf
Mvimbela,Mpumalanga,2.57,2024,https://www.dlrrd.gov.za/phocadownloadpap/Annual_Report/CPA%20Annual%20Report%202023-24.pdf
Mzinoni,Mpumalanga,3.35,2024,https://www.dlrrd.gov.za/phocadownloadpap/Annual_Report/CPA%20Annual%20Report%202023-24.pdf
"Ndhlovu, Maseko & Vilakazi",Mpumalanga,2.85,2024,https://www.dlrrd.gov.za/phocadownloadpap/Annual_Report/CPA%20Annual%20Report%202023-24.pdf
Nguye Maridili Wako Ndamas,Mpumalanga,9.11,2024,https://www.dlrrd.gov.za/phocadownloadpap/Annual_Report/CPA%20Annual%20Report%202023-24.pdf
Ngwanya,Mpumalanga,3.48,2024,https://www.dlrrd.gov.za/phocadownloadpap/Annual_Report/CPA%20Annual%20Report%202023-24.pdf
Nhlabathi,Mpumalanga,15.25,2024,https://www.dlrrd.gov.za/phocadownloadpap/Annual_Report/CPA%20Annual%20Report%202023-24.pdf
Nhlapho Mavuso,Mpumalanga,1.38,2024,https://www.dlrrd.gov.za/phocadownloadpap/Annual_Report/CPA%20Annual%20Report%202023-24.pdf
Nkosehle,Mpumalanga,3.83,2024,https://www.dlrrd.gov.za/phocadownloadpap/Annual_Report/CPA%20Annual%20Report%202023-24.pdf
Nkosi city,Mpumalanga,9.68,2024,https://www.dlrrd.gov.za/phocadownloadpap/Annual_Report/CPA%20Annual%20Report%202023-24.pdf
Nkosi Farming,Mpumalanga,2.74,2024,https://www.dlrrd.gov.za/phocadownloadpap/Annual_Report/CPA%20Annual%20Report%202023-24.pdf
Nkosi Zwane,Mpumalanga,0.8,2024,https://www.dlrrd.gov.za/phocadownloadpap/Annual_Report/CPA%20Annual%20Report%202023-24.pdf
Nkosinathi,Mpumalanga,6.6,2024,https://www.dlrrd.gov.za/phocadownloadpap/Annual_Report/CPA%20Annual%20Report%202023-24.pdf
Nkosi-Nzima,Mpumalanga,4.33,2024,https://www.dlrrd.gov.za/phocadownloadpap/Annual_Report/CPA%20Annual%20Report%202023-24.pdf
Nkosi-Nzima,Mpumalanga,,2024,https://www.dlrrd.gov.za/phocadownloadpap/Annual_Report/CPA%20Annual%20Report%202023-24.pdf
Nogwatsha,Mpumalanga,3.88,2024,https://www.dlrrd.gov.za/phocadownloadpap/Annual_Report/CPA%20Annual%20Report%202023-24.pdf
Nomkhombe,Mpumalanga,17.16,2024,https://www.dlrrd.gov.za/phocadownloadpap/Annual_Report/CPA%20Annual%20Report%202023-24.pdf
Nooitgezien,Mpumalanga,2.01,2024,https://www.dlrrd.gov.za/phocadownloadpap/Annual_Report/CPA%20Annual%20Report%202023-24.pdf
Ntozimandla,Mpumalanga,12.15,2024,https://www.dlrrd.gov.za/phocadownloadpap/Annual_Report/CPA%20Annual%20Report%202023-24.pdf
Ntuli mbonani,Mpumalanga,16.85,2024,https://www.dlrrd.gov.za/phocadownloadpap/Annual_Report/CPA%20Annual%20Report%202023-24.pdf
Nwandlamharhi,Mpumalanga,131.84,2024,https://www.dlrrd.gov.za/phocadownloadpap/Annual_Report/CPA%20Annual%20Report%202023-24.pdf
Okuhle,Mpumalanga,,2024,https://www.dlrrd.gov.za/phocadownloadpap/Annual_Report/CPA%20Annual%20Report%202023-24.pdf
Onbekend,Mpumalanga,3.99,2024,https://www.dlrrd.gov.za/phocadownloadpap/Annual_Report/CPA%20Annual%20Report%202023-24.pdf
Phakamani,Mpumalanga,1.74,2024,https://www.dlrrd.gov.za/phocadownloadpap/Annual_Report/CPA%20Annual%20Report%202023-24.pdf
Phakamani,Mpumalanga,,2024,https://www.dlrrd.gov.za/phocadownloadpap/Annual_Report/CPA%20Annual%20Report%202023-24.pdf
Phaphamani Balimi,Mpumalanga,,2024,https://www.dlrrd.gov.za/phocadownloadpap/Annual_Report/CPA%20Annual%20Report%202023-24.pdf
Pholani Balimi,Mpumalanga,1.63,2024,https://www.dlrrd.gov.za/phocadownloadpap/Annual_Report/CPA%20Annual%20Report%202023-24.pdf
Phumulani,Mpumalanga,,2024,https://www.dlrrd.gov.za/phocadownloadpap/Annual_Report/CPA%20Annual%20Report%202023-24.pdf
Phumulani Village,Mpumalanga,1.5,2024,https://www.dlrrd.gov.za/phocadownloadpap/Annual_Report/CPA%20Annual%20Report%202023-24.pdf
Qalabotsha Balimi,Mpumalanga,6.44,2024,https://www.dlrrd.gov.za/phocadownloadpap/Annual_Report/CPA%20Annual%20Report%202023-24.pdf
Qinisela,Mpumalanga,7.8,2024,https://www.dlrrd.gov.za/phocadownloadpap/Annual_Report/CPA%20Annual%20Report%202023-24.pdf
Rekhutlile Temong,Mpumalanga,,2024,https://www.dlrrd.gov.za/phocadownloadpap/Annual_Report/CPA%20Annual%20Report%202023-24.pdf
Rotterdam,Mpumalanga,16.67,2024,https://www.dlrrd.gov.za/phocadownloadpap/Annual_Report/CPA%20Annual%20Report%202023-24.pdf
Sabaan,Mpumalanga,1.87,2024,https://www.dlrrd.gov.za/phocadownloadpap/Annual_Report/CPA%20Annual%20Report%202023-24.pdf
Samukiwe,Mpumalanga,4.94,2024,https://www.dlrrd.gov.za/phocadownloadpap/Annual_Report/CPA%20Annual%20Report%202023-24.pdf
Sangweni,Mpumalanga,,2024,https://www.dlrrd.gov.za/phocadownloadpap/Annual_Report/CPA%20Annual%20Report%202023-24.pdf
Schietpad,Mpumalanga,4.43,2024,https://www.dlrrd.gov.za/phocadownloadpap/Annual_Report/CPA%20Annual%20Report%202023-24.pdf
Schulk-Marhiqa,Mpumalanga,6.27,2024,https://www.dlrrd.gov.za/phocadownloadpap/Annual_Report/CPA%20Annual%20Report%202023-24.pdf
Sekuma-Mswati,Mpumalanga,5.54,2024,https://www.dlrrd.gov.za/phocadownloadpap/Annual_Report/CPA%20Annual%20Report%202023-24.pdf
Shabangu & Sons,Mpumalanga,1.16,2024,https://www.dlrrd.gov.za/phocadownloadpap/Annual_Report/CPA%20Annual%20Report%202023-24.pdf
Shabangu Mkhanya,Mpumalanga,2.83,2024,https://www.dlrrd.gov.za/phocadownloadpap/Annual_Report/CPA%20Annual%20Report%202023-24.pdf
Shamile,Mpumalanga,32.13,2024,https://www.dlrrd.gov.za/phocadownloadpap/Annual_Report/CPA%20Annual%20Report%202023-24.pdf
Shelembe,Mpumalanga,,2024,https://www.dlrrd.gov.za/phocadownloadpap/Annual_Report/CPA%20Annual%20Report%202023-24.pdf
Shishila,Mpumalanga,0.8,2024,https://www.dlrrd.gov.za/phocadownloadpap/Annual_Report/CPA%20Annual%20Report%202023-24.pdf
Shonanyawo,Mpumalanga,11.02,2024,https://www.dlrrd.gov.za/phocadownloadpap/Annual_Report/CPA%20Annual%20Report%202023-24.pdf
Sibambene,Mpumalanga,0.3,2024,https://www.dlrrd.gov.za/phocadownloadpap/Annual_Report/CPA%20Annual%20Report%202023-24.pdf
Sibonelo,Mpumalanga,,2024,https://www.dlrrd.gov.za/phocadownloadpap/Annual_Report/CPA%20Annual%20Report%202023-24.pdf
Sidlamafa,Mpumalanga,0.49,2024,https://www.dlrrd.gov.za/phocadownloadpap/Annual_Report/CPA%20Annual%20Report%202023-24.pdf
Sigegede,Mpumalanga,4.59,2024,https://www.dlrrd.gov.za/phocadownloadpap/Annual_Report/CPA%20Annual%20Report%202023-24.pdf
Sigwinyamana,Mpumalanga,8.61,2024,https://www.dlrrd.gov.za/phocadownloadpap/Annual_Report/CPA%20Annual%20Report%202023-24.pdf
Sihlengene,Mpumalanga,17.58,2024,https://www.dlrrd.gov.za/phocadownloadpap/Annual_Report/CPA%20Annual%20Report%202023-24.pdf
Silindokuhle,Mpumalanga,1.43,2024,https://www.dlrrd.gov.za/phocadownloadpap/Annual_Report/CPA%20Annual%20Report%202023-24.pdf
Sinqobile Enterprise Farmer,Mpumalanga,,2024,https://www.dlrrd.gov.za/phocadownloadpap/Annual_Report/CPA%20Annual%20Report%202023-24.pdf
Siphumelele,Mpumalanga,8.87,2024,https://www.dlrrd.gov.za/phocadownloadpap/Annual_Report/CPA%20Annual%20Report%202023-24.pdf
Siphumelele,Mpumalanga,,2024,https://www.dlrrd.gov.za/phocadownloadpap/Annual_Report/CPA%20Annual%20Report%202023-24.pdf
Siphumelele,Mpumalanga,,2024,https://www.dlrrd.gov.za/phocadownloadpap/Annual_Report/CPA%20Annual%20Report%202023-24.pdf
Sisonke,Mpumalanga,65.47,2024,https://www.dlrrd.gov.za/phocadownloadpap/Annual_Report/CPA%20Annual%20Report%202023-24.pdf
Sisonke,Mpumalanga,,2024,https://www.dlrrd.gov.za/phocadownloadpap/Annual_Report/CPA%20Annual%20Report%202023-24.pdf
Sitama impilo,Mpumalanga,,2024,https://www.dlrrd.gov.za/phocadownloadpap/Annual_Report/CPA%20Annual%20Report%202023-24.pdf
Siyafuya,Mpumalanga,3.48,2024,https://www.dlrrd.gov.za/phocadownloadpap/Annual_Report/CPA%20Annual%20Report%202023-24.pdf
Siyaphambili,Mpumalanga,5.49,2024,https://www.dlrrd.gov.za/phocadownloadpap/Annual_Report/CPA%20Annual%20Report%202023-24.pdf
Siyaphumula,Mpumalanga,,2024,https://www.dlrrd.gov.za/phocadownloadpap/Annual_Report/CPA%20Annual%20Report%202023-24.pdf
Siyathuthuka,Mpumalanga,8.89,2024,https://www.dlrrd.gov.za/phocadownloadpap/Annual_Report/CPA%20Annual%20Report%202023-24.pdf
Siyathuthuka,Mpumalanga,,2024,https://www.dlrrd.gov.za/phocadownloadpap/Annual_Report/CPA%20Annual%20Report%202023-24.pdf
Siyavuka,Mpumalanga,,2024,https://www.dlrrd.gov.za/phocadownloadpap/Annual_Report/CPA%20Annual%20Report%202023-24.pdf
Siyavuka,Mpumalanga,3.62,2024,https://www.dlrrd.gov.za/phocadownloadpap/Annual_Report/CPA%20Annual%20Report%202023-24.pdf
Sizakancane,Mpumalanga,2.24,2024,https://www.dlrrd.gov.za/phocadownloadpap/Annual_Report/CPA%20Annual%20Report%202023-24.pdf
Sizanani,Mpumalanga,,2024,https://www.dlrrd.gov.za/phocadownloadpap/Annual_Report/CPA%20Annual%20Report%202023-24.pdf
Sizenzele,Mpumalanga,25.15,2024,https://www.dlrrd.gov.za/phocadownloadpap/Annual_Report/CPA%20Annual%20Report%202023-24.pdf
Skhunyane,Mpumalanga,30.06,2024,https://www.dlrrd.gov.za/phocadownloadpap/Annual_Report/CPA%20Annual%20Report%202023-24.pdf
Snyakaza,Mpumalanga,13.57,2024,https://www.dlrrd.gov.za/phocadownloadpap/Annual_Report/CPA%20Annual%20Report%202023-24.pdf
Somala,Mpumalanga,,2024,https://www.dlrrd.gov.za/phocadownloadpap/Annual_Report/CPA%20Annual%20Report%202023-24.pdf
Somkhala,Mpumalanga,109.64,2024,https://www.dlrrd.gov.za/phocadownloadpap/Annual_Report/CPA%20Annual%20Report%202023-24.pdf
Somphalali Sibuyela Ekhaya,Mpumalanga,14.35,2024,https://www.dlrrd.gov.za/phocadownloadpap/Annual_Report/CPA%20Annual%20Report%202023-24.pdf
Sompungane Hannes Mnisi,Mpumalanga,8.46,2024,https://www.dlrrd.gov.za/phocadownloadpap/Annual_Report/CPA%20Annual%20Report%202023-24.pdf
Stageng,Mpumalanga,47.16,2024,https://www.dlrrd.gov.za/phocadownloadpap/Annual_Report/CPA%20Annual%20Report%202023-24.pdf
Sukumani Balimi,Mpumalanga,12.44,2024,https://www.dlrrd.gov.za/phocadownloadpap/Annual_Report/CPA%20Annual%20Report%202023-24.pdf
Sukumani Tshondo,Mpumalanga,6.07,2024,https://www.dlrrd.gov.za/phocadownloadpap/Annual_Report/CPA%20Annual%20Report%202023-24.pdf
Tenteleni,Mpumalanga,2.66,2024,https://www.dlrrd.gov.za/phocadownloadpap/Annual_Report/CPA%20Annual%20Report%202023-24.pdf
Tetema,Mpumalanga,99.21,2024,https://www.dlrrd.gov.za/phocadownloadpap/Annual_Report/CPA%20Annual%20Report%202023-24.pdf
Thamana,Mpumalanga,1.11,2024,https://www.dlrrd.gov.za/phocadownloadpap/Annual_Report/CPA%20Annual%20Report%202023-24.pdf
Thandanani,Mpumalanga,2.01,2024,https://www.dlrrd.gov.za/phocadownloadpap/Annual_Report/CPA%20Annual%20Report%202023-24.pdf
Thandanani Khululekani,Mpumalanga,,2024,https://www.dlrrd.gov.za/phocadownloadpap/Annual_Report/CPA%20Annual%20Report%202023-24.pdf
Thembalethu,Mpumalanga,5.63,2024,https://www.dlrrd.gov.za/phocadownloadpap/Annual_Report/CPA%20Annual%20Report%202023-24.pdf
Thembalihle,Mpumalanga,,2024,https://www.dlrrd.gov.za/phocadownloadpap/Annual_Report/CPA%20Annual%20Report%202023-24.pdf
Thembani,Mpumalanga,0.64,2024,https://www.dlrrd.gov.za/phocadownloadpap/Annual_Report/CPA%20Annual%20Report%202023-24.pdf
Thokozani,Mpumalanga,,2024,https://www.dlrrd.gov.za/phocadownloadpap/Annual_Report/CPA%20Annual%20Report%202023-24.pdf
Thula,Mpumalanga,5.43,2024,https://www.dlrrd.gov.za/phocadownloadpap/Annual_Report/CPA%20Annual%20Report%202023-24.pdf
Thuthuka Ngokuzenzela,Mpumalanga,,2024,https://www.dlrrd.gov.za/phocadownloadpap/Annual_Report/CPA%20Annual%20Report%202023-24.pdf
Thuthukani,Mpumalanga,0.85,2024,https://www.dlrrd.gov.za/phocadownloadpap/Annual_Report/CPA%20Annual%20Report%202023-24.pdf
Thuthukani,Mpumalanga,6.99,2024,https://www.dlrrd.gov.za/phocadownloadpap/Annual_Report/CPA%20Annual%20Report%202023-24.pdf
Thuthukani,Mpumalanga,0.85,2024,https://www.dlrrd.gov.za/phocadownloadpap/Annual_Report/CPA%20Annual%20Report%202023-24.pdf
Thuthukani,Mpumalanga,6.63,2024,https://www.dlrrd.gov.za/phocadownloadpap/Annual_Report/CPA%20Annual%20Report%202023-24.pdf
Thuthukani,Mpumalanga,3.34,2024,https://www.dlrrd.gov.za/phocadownloadpap/Annual_Report/CPA%20Annual%20Report%202023-24.pdf
Thuthukani Mlotshwa,Mpumalanga,,2024,https://www.dlrrd.gov.za/phocadownloadpap/Annual_Report/CPA%20Annual%20Report%202023-24.pdf
Tiel,Mpumalanga,14.56,2024,https://www.dlrrd.gov.za/phocadownloadpap/Annual_Report/CPA%20Annual%20Report%202023-24.pdf
Tjala Vuna Agri-Business,Mpumalanga,5.11,2024,https://www.dlrrd.gov.za/phocadownloadpap/Annual_Report/CPA%20Annual%20Report%202023-24.pdf
Tokollo,Mpumalanga,0.36,2024,https://www.dlrrd.gov.za/phocadownloadpap/Annual_Report/CPA%20Annual%20Report%202023-24.pdf
Transvallia,Mpumalanga,7.15,2024,https://www.dlrrd.gov.za/phocadownloadpap/Annual_Report/CPA%20Annual%20Report%202023-24.pdf
Tsotetsi,Mpumalanga,1.83,2024,https://www.dlrrd.gov.za/phocadownloadpap/Annual_Report/CPA%20Annual%20Report%202023-24.pdf
Tubatse African Agriculture Merging Farmers,Mpumalanga,2.53,2024,https://www.dlrrd.gov.za/phocadownloadpap/Annual_Report/CPA%20Annual%20Report%202023-24.pdf
Ubuhle Uyazenzela,Mpumalanga,50.05,2024,https://www.dlrrd.gov.za/phocadownloadpap/Annual_Report/CPA%20Annual%20Report%202023-24.pdf
Udukuza Ongafiko,Mpumalanga,,2024,https://www.dlrrd.gov.za/phocadownloadpap/Annual_Report/CPA%20Annual%20Report%202023-24.pdf
Uguhleni,Mpumalanga,0.35,2024,https://www.dlrrd.gov.za/phocadownloadpap/Annual_Report/CPA%20Annual%20Report%202023-24.pdf
Uhlelo,Mpumalanga,8.52,2024,https://www.dlrrd.gov.za/phocadownloadpap/Annual_Report/CPA%20Annual%20Report%202023-24.pdf
Ukhalo Luka Msithi,Mpumalanga,24.02,2024,https://www.dlrrd.gov.za/phocadownloadpap/Annual_Report/CPA%20Annual%20Report%202023-24.pdf
Umcebo,Mpumalanga,,2024,https://www.dlrrd.gov.za/phocadownloadpap/Annual_Report/CPA%20Annual%20Report%202023-24.pdf
Umkhanyo,Mpumalanga,,2024,https://www.dlrrd.gov.za/phocadownloadpap/Annual_Report/CPA%20Annual%20Report%202023-24.pdf
Unity is Power,Mpumalanga,,2024,https://www.dlrrd.gov.za/phocadownloadpap/Annual_Report/CPA%20Annual%20Report%202023-24.pdf
Vukasakhe,Mpumalanga,,2024,https://www.dlrrd.gov.za/phocadownloadpap/Annual_Report/CPA%20Annual%20Report%202023-24.pdf
Vezimpilo,Mpumalanga,8,2024,https://www.dlrrd.gov.za/phocadownloadpap/Annual_Report/CPA%20Annual%20Report%202023-24.pdf
Vezokuhle,Mpumalanga,20.36,2024,https://www.dlrrd.gov.za/phocadownloadpap/Annual_Report/CPA%20Annual%20Report%202023-24.pdf
Vezokuhle,Mpumalanga,10.74,2024,https://www.dlrrd.gov.za/phocadownloadpap/Annual_Report/CPA%20Annual%20Report%202023-24.pdf
Vilakazi,Mpumalanga,4.28,2024,https://www.dlrrd.gov.za/phocadownloadpap/Annual_Report/CPA%20Annual%20Report%202023-24.pdf
Vilakazi,Mpumalanga,0.09,2024,https://www.dlrrd.gov.za/phocadownloadpap/Annual_Report/CPA%20Annual%20Report%202023-24.pdf
Vilakazi Nkabinde,Mpumalanga,5.14,2024,https://www.dlrrd.gov.za/phocadownloadpap/Annual_Report/CPA%20Annual%20Report%202023-24.pdf
Vriesland,Mpumalanga,1.91,2024,https://www.dlrrd.gov.za/phocadownloadpap/Annual_Report/CPA%20Annual%20Report%202023-24.pdf
Vrisschgewaagd,Mpumalanga,21.91,2024,https://www.dlrrd.gov.za/phocadownloadpap/Annual_Report/CPA%20Annual%20Report%202023-24.pdf
Vuka,Mpumalanga,3.63,2024,https://www.dlrrd.gov.za/phocadownloadpap/Annual_Report/CPA%20Annual%20Report%202023-24.pdf
Vuka Uzenzele,Mpumalanga,0.33,2024,https://www.dlrrd.gov.za/phocadownloadpap/Annual_Report/CPA%20Annual%20Report%202023-24.pdf
Vukani,Mpumalanga,7.31,2024,https://www.dlrrd.gov.za/phocadownloadpap/Annual_Report/CPA%20Annual%20Report%202023-24.pdf
Vukani Mdeni,Mpumalanga,4.37,2024,https://www.dlrrd.gov.za/phocadownloadpap/Annual_Report/CPA%20Annual%20Report%202023-24.pdf
Vulamenhlo,Mpumalanga,2.4,2024,https://www.dlrrd.gov.za/phocadownloadpap/Annual_Report/CPA%20Annual%20Report%202023-24.pdf
Vulindlela,Mpumalanga,,2024,https://www.dlrrd.gov.za/phocadownloadpap/Annual_Report/CPA%20Annual%20Report%202023-24.pdf
Walanga,Mpumalanga,3.86,2024,https://www.dlrrd.gov.za/phocadownloadpap/Annual_Report/CPA%20Annual%20Report%202023-24.pdf
Wales,Mpumalanga,6.71,2024,https://www.dlrrd.gov.za/phocadownloadpap/Annual_Report/CPA%20Annual%20Report%202023-24.pdf
Welgelegen,Mpumalanga,4.85,2024,https://www.dlrrd.gov.za/phocadownloadpap/Annual_Report/CPA%20Annual%20Report%202023-24.pdf
Welgelegen,Mpumalanga,1.01,2024,https://www.dlrrd.gov.za/phocadownloadpap/Annual_Report/CPA%20Annual%20Report%202023-24.pdf
Wildhondekraal-Rampholodi,Mpumalanga,26.32,2024,https://www.dlrrd.gov.za/phocadownloadpap/Annual_Report/CPA%20Annual%20Report%202023-24.pdf
Zama-Okunzima,Mpumalanga,3.76,2024,https://www.dlrrd.gov.za/phocadownloadpap/Annual_Report/CPA%20Annual%20Report%202023-24.pdf
Zama Zama,Mpumalanga,,2024,https://www.dlrrd.gov.za/phocadownloadpap/Annual_Report/CPA%20Annual%20Report%202023-24.pdf
Zama Zama,Mpumalanga,2.54,2024,https://www.dlrrd.gov.za/phocadownloadpap/Annual_Report/CPA%20Annual%20Report%202023-24.pdf
Zamakuhle,Mpumalanga,,2024,https://www.dlrrd.gov.za/phocadownloadpap/Annual_Report/CPA%20Annual%20Report%202023-24.pdf
Zamani,Mpumalanga,,2024,https://www.dlrrd.gov.za/phocadownloadpap/Annual_Report/CPA%20Annual%20Report%202023-24.pdf
Zamani,Mpumalanga,,2024,https://www.dlrrd.gov.za/phocadownloadpap/Annual_Report/CPA%20Annual%20Report%202023-24.pdf
Zamani,Mpumalanga,8.09,2024,https://www.dlrrd.gov.za/phocadownloadpap/Annual_Report/CPA%20Annual%20Report%202023-24.pdf
Zamani Drinkwater,Mpumalanga,6.67,2024,https://www.dlrrd.gov.za/phocadownloadpap/Annual_Report/CPA%20Annual%20Report%202023-24.pdf
Zamani Isizwe,Mpumalanga,6.92,2024,https://www.dlrrd.gov.za/phocadownloadpap/Annual_Report/CPA%20Annual%20Report%202023-24.pdf
Zamokuhle,Mpumalanga,1.19,2024,https://www.dlrrd.gov.za/phocadownloadpap/Annual_Report/CPA%20Annual%20Report%202023-24.pdf
Zamokuhle,Mpumalanga,,2024,https://www.dlrrd.gov.za/phocadownloadpap/Annual_Report/CPA%20Annual%20Report%202023-24.pdf
Zidlekhaya,Mpumalanga,,2024,https://www.dlrrd.gov.za/phocadownloadpap/Annual_Report/CPA%20Annual%20Report%202023-24.pdf
Zizamele,Mpumalanga,0.67,2024,https://www.dlrrd.gov.za/phocadownloadpap/Annual_Report/CPA%20Annual%20Report%202023-24.pdf
Zulu,Mpumalanga,,2024,https://www.dlrrd.gov.za/phocadownloadpap/Annual_Report/CPA%20Annual%20Report%202023-24.pdf
Zwelinjani Phakathi,Mpumalanga,1.84,2024,https://www.dlrrd.gov.za/phocadownloadpap/Annual_Report/CPA%20Annual%20Report%202023-24.pdf
Bakolobeng Ba Ga Ramadiane,Nord-Ouest,77.58,2024,https://www.dlrrd.gov.za/phocadownloadpap/Annual_Report/CPA%20Annual%20Report%202023-24.pdf
Baphiring,Nord-Ouest,77.04,2024,https://www.dlrrd.gov.za/phocadownloadpap/Annual_Report/CPA%20Annual%20Report%202023-24.pdf
Barokologadi,Nord-Ouest,,2024,https://www.dlrrd.gov.za/phocadownloadpap/Annual_Report/CPA%20Annual%20Report%202023-24.pdf
Barolong Balemirui,Nord-Ouest,24.43,2024,https://www.dlrrd.gov.za/phocadownloadpap/Annual_Report/CPA%20Annual%20Report%202023-24.pdf
Barolong Boo Modiboa Bo Matlwang,Nord-Ouest,53.33,2024,https://www.dlrrd.gov.za/phocadownloadpap/Annual_Report/CPA%20Annual%20Report%202023-24.pdf
Barolong Boo Maiketso,Nord-Ouest,402.55,2024,https://www.dlrrd.gov.za/phocadownloadpap/Annual_Report/CPA%20Annual%20Report%202023-24.pdf
Batshweneng,Nord-Ouest,191.27,2024,https://www.dlrrd.gov.za/phocadownloadpap/Annual_Report/CPA%20Annual%20Report%202023-24.pdf
Mekgareng,Nord-Ouest,5.45,2024,https://www.dlrrd.gov.za/phocadownloadpap/Annual_Report/CPA%20Annual%20Report%202023-24.pdf
Ramotlakane,Nord-Ouest,41.09,2024,https://www.dlrrd.gov.za/phocadownloadpap/Annual_Report/CPA%20Annual%20Report%202023-24.pdf
Sepuputle,Nord-Ouest,67.46,2024,https://www.dlrrd.gov.za/phocadownloadpap/Annual_Report/CPA%20Annual%20Report%202023-24.pdf
Tlhabanyane,Nord-Ouest,10.26,2024,https://www.dlrrd.gov.za/phocadownloadpap/Annual_Report/CPA%20Annual%20Report%202023-24.pdf
Uitkyk,Nord-Ouest,18.74,2024,https://www.dlrrd.gov.za/phocadownloadpap/Annual_Report/CPA%20Annual%20Report%202023-24.pdf
Welgeval,Nord-Ouest,20.63,2024,https://www.dlrrd.gov.za/phocadownloadpap/Annual_Report/CPA%20Annual%20Report%202023-24.pdf
Witklip,Nord-Ouest,19.85,2024,https://www.dlrrd.gov.za/phocadownloadpap/Annual_Report/CPA%20Annual%20Report%202023-24.pdf
Areboetswe Bakwena,Nord-Ouest,57.1,2024,https://www.dlrrd.gov.za/phocadownloadpap/Annual_Report/CPA%20Annual%20Report%202023-24.pdf
Bafokeng Ba Mafethe,Nord-Ouest,13.41,2024,https://www.dlrrd.gov.za/phocadownloadpap/Annual_Report/CPA%20Annual%20Report%202023-24.pdf
Bahurutshe Boo Mokgatlha,Nord-Ouest,122.32,2024,https://www.dlrrd.gov.za/phocadownloadpap/Annual_Report/CPA%20Annual%20Report%202023-24.pdf
Bakubung Ba Ratheo,Nord-Ouest,45.93,2024,https://www.dlrrd.gov.za/phocadownloadpap/Annual_Report/CPA%20Annual%20Report%202023-24.pdf
Baphalane Ba Sesobe,Nord-Ouest,46.45,2024,https://www.dlrrd.gov.za/phocadownloadpap/Annual_Report/CPA%20Annual%20Report%202023-24.pdf
Bapolomiti,Nord-Ouest,18.51,2024,https://www.dlrrd.gov.za/phocadownloadpap/Annual_Report/CPA%20Annual%20Report%202023-24.pdf
Barolong Boo Rapulana,Nord-Ouest,144.49,2024,https://www.dlrrd.gov.za/phocadownloadpap/Annual_Report/CPA%20Annual%20Report%202023-24.pdf
Diratsagae,Nord-Ouest,53.79,2024,https://www.dlrrd.gov.za/phocadownloadpap/Annual_Report/CPA%20Annual%20Report%202023-24.pdf
Ikageng,Nord-Ouest,1.75,2024,https://www.dlrrd.gov.za/phocadownloadpap/Annual_Report/CPA%20Annual%20Report%202023-24.pdf
Khutso-Naketsi,Nord-Ouest,21.79,2024,https://www.dlrrd.gov.za/phocadownloadpap/Annual_Report/CPA%20Annual%20Report%202023-24.pdf
Leeuwspruit,Nord-Ouest,13.28,2024,https://www.dlrrd.gov.za/phocadownloadpap/Annual_Report/CPA%20Annual%20Report%202023-24.pdf
Magokgwane,Nord-Ouest,43.35,2024,https://www.dlrrd.gov.za/phocadownloadpap/Annual_Report/CPA%20Annual%20Report%202023-24.pdf
Modiane-Lekgolo,Nord-Ouest,7.42,2024,https://www.dlrrd.gov.za/phocadownloadpap/Annual_Report/CPA%20Annual%20Report%202023-24.pdf
Polonia,Nord-Ouest,0.15,2024,https://www.dlrrd.gov.za/phocadownloadpap/Annual_Report/CPA%20Annual%20Report%202023-24.pdf
Ramalebane,Nord-Ouest,12.45,2024,https://www.dlrrd.gov.za/phocadownloadpap/Annual_Report/CPA%20Annual%20Report%202023-24.pdf
Ramathibela,Nord-Ouest,1.09,2024,https://www.dlrrd.gov.za/phocadownloadpap/Annual_Report/CPA%20Annual%20Report%202023-24.pdf
Rasekata Serala,Nord-Ouest,12.68,2024,https://www.dlrrd.gov.za/phocadownloadpap/Annual_Report/CPA%20Annual%20Report%202023-24.pdf
Schaapkraal,Nord-Ouest,16.77,2024,https://www.dlrrd.gov.za/phocadownloadpap/Annual_Report/CPA%20Annual%20Report%202023-24.pdf
Tshwaane,Nord-Ouest,109.87,2024,https://www.dlrrd.gov.za/phocadownloadpap/Annual_Report/CPA%20Annual%20Report%202023-24.pdf
A re itekeng batlharo,Nord-Ouest,,2024,https://www.dlrrd.gov.za/phocadownloadpap/Annual_Report/CPA%20Annual%20Report%202023-24.pdf
Appeldraai Boikhutso,Nord-Ouest,23.5,2024,https://www.dlrrd.gov.za/phocadownloadpap/Annual_Report/CPA%20Annual%20Report%202023-24.pdf
Applegreen,Nord-Ouest,2.56,2024,https://www.dlrrd.gov.za/phocadownloadpap/Annual_Report/CPA%20Annual%20Report%202023-24.pdf
Aretsogeng,Nord-Ouest,,2024,https://www.dlrrd.gov.za/phocadownloadpap/Annual_Report/CPA%20Annual%20Report%202023-24.pdf
Badirisane,Nord-Ouest,8.49,2024,https://www.dlrrd.gov.za/phocadownloadpap/Annual_Report/CPA%20Annual%20Report%202023-24.pdf
Ba-Gagaseemelwe,Nord-Ouest,79.36,2024,https://www.dlrrd.gov.za/phocadownloadpap/Annual_Report/CPA%20Annual%20Report%202023-24.pdf
Baitshoki,Nord-Ouest,0.22,2024,https://www.dlrrd.gov.za/phocadownloadpap/Annual_Report/CPA%20Annual%20Report%202023-24.pdf
Baitshoko,Nord-Ouest,,2024,https://www.dlrrd.gov.za/phocadownloadpap/Annual_Report/CPA%20Annual%20Report%202023-24.pdf
Bajalefa,Nord-Ouest,,2024,https://www.dlrrd.gov.za/phocadownloadpap/Annual_Report/CPA%20Annual%20Report%202023-24.pdf
Bakerville,Nord-Ouest,8,2024,https://www.dlrrd.gov.za/phocadownloadpap/Annual_Report/CPA%20Annual%20Report%202023-24.pdf
Bakerville,Nord-Ouest,8,2024,https://www.dlrrd.gov.za/phocadownloadpap/Annual_Report/CPA%20Annual%20Report%202023-24.pdf
Bakgatla Ba kgafela,Nord-Ouest,292.22,2024,https://www.dlrrd.gov.za/phocadownloadpap/Annual_Report/CPA%20Annual%20Report%202023-24.pdf
Bakgatla Ba Mosetlha,Nord-Ouest,568.71,2024,https://www.dlrrd.gov.za/phocadownloadpap/Annual_Report/CPA%20Annual%20Report%202023-24.pdf
Bakgatla ba Rampakong,Nord-Ouest,1.22,2024,https://www.dlrrd.gov.za/phocadownloadpap/Annual_Report/CPA%20Annual%20Report%202023-24.pdf
Bakwena Ba Mare a Phogole,Nord-Ouest,11.21,2024,https://www.dlrrd.gov.za/phocadownloadpap/Annual_Report/CPA%20Annual%20Report%202023-24.pdf
Bakwena Ba Modisana,Nord-Ouest,0.82,2024,https://www.dlrrd.gov.za/phocadownloadpap/Annual_Report/CPA%20Annual%20Report%202023-24.pdf
Bakwena Ba Molopyane,Nord-Ouest,11.82,2024,https://www.dlrrd.gov.za/phocadownloadpap/Annual_Report/CPA%20Annual%20Report%202023-24.pdf
Balemi Ba Merogo le tse Dingwe,Nord-Ouest,0.17,2024,https://www.dlrrd.gov.za/phocadownloadpap/Annual_Report/CPA%20Annual%20Report%202023-24.pdf
Bambanani,Nord-Ouest,2.06,2024,https://www.dlrrd.gov.za/phocadownloadpap/Annual_Report/CPA%20Annual%20Report%202023-24.pdf
Banogeng,Nord-Ouest,2.15,2024,https://www.dlrrd.gov.za/phocadownloadpap/Annual_Report/CPA%20Annual%20Report%202023-24.pdf
Baphalane ba Ramokoka,Nord-Ouest,1.04,2024,https://www.dlrrd.gov.za/phocadownloadpap/Annual_Report/CPA%20Annual%20Report%202023-24.pdf
Barolong boo Maikeco,Nord-Ouest,44.85,2024,https://www.dlrrd.gov.za/phocadownloadpap/Annual_Report/CPA%20Annual%20Report%202023-24.pdf
Barolong Boo Makgobi,Nord-Ouest,40.35,2024,https://www.dlrrd.gov.za/phocadownloadpap/Annual_Report/CPA%20Annual%20Report%202023-24.pdf
Barolong Boo Modiboa Matlwang,Nord-Ouest,45.65,2024,https://www.dlrrd.gov.za/phocadownloadpap/Annual_Report/CPA%20Annual%20Report%202023-24.pdf
Barolong Boo Ratlou Ba Ga Seitshero,Nord-Ouest,77.9,2024,https://www.dlrrd.gov.za/phocadownloadpap/Annual_Report/CPA%20Annual%20Report%202023-24.pdf
Basiana Ba Montshe,Nord-Ouest,9.85,2024,https://www.dlrrd.gov.za/phocadownloadpap/Annual_Report/CPA%20Annual%20Report%202023-24.pdf
Bataung Ba Ga Selale,Nord-Ouest,7.69,2024,https://www.dlrrd.gov.za/phocadownloadpap/Annual_Report/CPA%20Annual%20Report%202023-24.pdf
Batlokwa,Nord-Ouest,2.09,2024,https://www.dlrrd.gov.za/phocadownloadpap/Annual_Report/CPA%20Annual%20Report%202023-24.pdf
Batloung,Nord-Ouest,52.33,2024,https://www.dlrrd.gov.za/phocadownloadpap/Annual_Report/CPA%20Annual%20Report%202023-24.pdf
Ben Nteo,Nord-Ouest,0.51,2024,https://www.dlrrd.gov.za/phocadownloadpap/Annual_Report/CPA%20Annual%20Report%202023-24.pdf
Ben Sehole,Nord-Ouest,,2024,https://www.dlrrd.gov.za/phocadownloadpap/Annual_Report/CPA%20Annual%20Report%202023-24.pdf
Bo Moshe,Nord-Ouest,4.29,2024,https://www.dlrrd.gov.za/phocadownloadpap/Annual_Report/CPA%20Annual%20Report%202023-24.pdf
Bodibe Chain Farmers,Nord-Ouest,9.16,2024,https://www.dlrrd.gov.za/phocadownloadpap/Annual_Report/CPA%20Annual%20Report%202023-24.pdf
Boikhuco,Nord-Ouest,39,2024,https://www.dlrrd.gov.za/phocadownloadpap/Annual_Report/CPA%20Annual%20Report%202023-24.pdf
Boikhutso,Nord-Ouest,10.54,2024,https://www.dlrrd.gov.za/phocadownloadpap/Annual_Report/CPA%20Annual%20Report%202023-24.pdf
Boikhutsong,Nord-Ouest,8.57,2024,https://www.dlrrd.gov.za/phocadownloadpap/Annual_Report/CPA%20Annual%20Report%202023-24.pdf
Bokamoso Yeng,Nord-Ouest,4.04,2024,https://www.dlrrd.gov.za/phocadownloadpap/Annual_Report/CPA%20Annual%20Report%202023-24.pdf
Borolelo,Nord-Ouest,,2024,https://www.dlrrd.gov.za/phocadownloadpap/Annual_Report/CPA%20Annual%20Report%202023-24.pdf
Boschoek,Nord-Ouest,11.74,2024,https://www.dlrrd.gov.za/phocadownloadpap/Annual_Report/CPA%20Annual%20Report%202023-24.pdf
Boskop,Nord-Ouest,14.57,2024,https://www.dlrrd.gov.za/phocadownloadpap/Annual_Report/CPA%20Annual%20Report%202023-24.pdf
Bote,Nord-Ouest,0.24,2024,https://www.dlrrd.gov.za/phocadownloadpap/Annual_Report/CPA%20Annual%20Report%202023-24.pdf
Boyskraal Madibamantsho,Nord-Ouest,11.21,2024,https://www.dlrrd.gov.za/phocadownloadpap/Annual_Report/CPA%20Annual%20Report%202023-24.pdf
Brakspruit,Nord-Ouest,4.03,2024,https://www.dlrrd.gov.za/phocadownloadpap/Annual_Report/CPA%20Annual%20Report%202023-24.pdf
Dilokong,Nord-Ouest,5.91,2024,https://www.dlrrd.gov.za/phocadownloadpap/Annual_Report/CPA%20Annual%20Report%202023-24.pdf
Dinkwanyane,Nord-Ouest,,2024,https://www.dlrrd.gov.za/phocadownloadpap/Annual_Report/CPA%20Annual%20Report%202023-24.pdf
Dipati,Nord-Ouest,18.18,2024,https://www.dlrrd.gov.za/phocadownloadpap/Annual_Report/CPA%20Annual%20Report%202023-24.pdf
Dithakwaneng,Nord-Ouest,102.39,2024,https://www.dlrrd.gov.za/phocadownloadpap/Annual_Report/CPA%20Annual%20Report%202023-24.pdf
Esjobe,Nord-Ouest,4.92,2024,https://www.dlrrd.gov.za/phocadownloadpap/Annual_Report/CPA%20Annual%20Report%202023-24.pdf
Francis,Nord-Ouest,0.21,2024,https://www.dlrrd.gov.za/phocadownloadpap/Annual_Report/CPA%20Annual%20Report%202023-24.pdf
Ga Habedi,Nord-Ouest,19.63,2024,https://www.dlrrd.gov.za/phocadownloadpap/Annual_Report/CPA%20Annual%20Report%202023-24.pdf
Ga Matshipa,Nord-Ouest,0.66,2024,https://www.dlrrd.gov.za/phocadownloadpap/Annual_Report/CPA%20Annual%20Report%202023-24.pdf
Gaelebale Mokgothu,Nord-Ouest,16.51,2024,https://www.dlrrd.gov.za/phocadownloadpap/Annual_Report/CPA%20Annual%20Report%202023-24.pdf
Gaesegwe,Nord-Ouest,141.91,2024,https://www.dlrrd.gov.za/phocadownloadpap/Annual_Report/CPA%20Annual%20Report%202023-24.pdf
Gotsube Le Thothwe,Nord-Ouest,9.81,2024,https://www.dlrrd.gov.za/phocadownloadpap/Annual_Report/CPA%20Annual%20Report%202023-24.pdf
Grasfontein,Nord-Ouest,,2024,https://www.dlrrd.gov.za/phocadownloadpap/Annual_Report/CPA%20Annual%20Report%202023-24.pdf
Grasfontein,Nord-Ouest,8.99,2024,https://www.dlrrd.gov.za/phocadownloadpap/Annual_Report/CPA%20Annual%20Report%202023-24.pdf
H & S Mosenogi,Nord-Ouest,,2024,https://www.dlrrd.gov.za/phocadownloadpap/Annual_Report/CPA%20Annual%20Report%202023-24.pdf
Hawkins,Nord-Ouest,3.8,2024,https://www.dlrrd.gov.za/phocadownloadpap/Annual_Report/CPA%20Annual%20Report%202023-24.pdf
Hebron Kgabeletsane Raboloka (shares reg with Sepuputle),Nord-Ouest,0.0026,2024,https://www.dlrrd.gov.za/phocadownloadpap/Annual_Report/CPA%20Annual%20Report%202023-24.pdf
Hendrick Mokolobate,Nord-Ouest,3.55,2024,https://www.dlrrd.gov.za/phocadownloadpap/Annual_Report/CPA%20Annual%20Report%202023-24.pdf
Ikageng,Nord-Ouest,1.75,2024,https://www.dlrrd.gov.za/phocadownloadpap/Annual_Report/CPA%20Annual%20Report%202023-24.pdf
Isagontle,Nord-Ouest,13.86,2024,https://www.dlrrd.gov.za/phocadownloadpap/Annual_Report/CPA%20Annual%20Report%202023-24.pdf
Itekeng,Nord-Ouest,0.62,2024,https://www.dlrrd.gov.za/phocadownloadpap/Annual_Report/CPA%20Annual%20Report%202023-24.pdf
Itireleng Balimi Rui Segwaelane,Nord-Ouest,0.24,2024,https://www.dlrrd.gov.za/phocadownloadpap/Annual_Report/CPA%20Annual%20Report%202023-24.pdf
Jachtkraal Farmers,Nord-Ouest,4.07,2024,https://www.dlrrd.gov.za/phocadownloadpap/Annual_Report/CPA%20Annual%20Report%202023-24.pdf
Jonathan,Nord-Ouest,11.08,2024,https://www.dlrrd.gov.za/phocadownloadpap/Annual_Report/CPA%20Annual%20Report%202023-24.pdf
JSE Motsuenyane,Nord-Ouest,3.68,2024,https://www.dlrrd.gov.za/phocadownloadpap/Annual_Report/CPA%20Annual%20Report%202023-24.pdf
Katlegong Section,Nord-Ouest,0.54,2024,https://www.dlrrd.gov.za/phocadownloadpap/Annual_Report/CPA%20Annual%20Report%202023-24.pdf
Keobusitswe,Nord-Ouest,98.66,2024,https://www.dlrrd.gov.za/phocadownloadpap/Annual_Report/CPA%20Annual%20Report%202023-24.pdf
Kgame,Nord-Ouest,3.88,2024,https://www.dlrrd.gov.za/phocadownloadpap/Annual_Report/CPA%20Annual%20Report%202023-24.pdf
Kgaswane,Nord-Ouest,1.97,2024,https://www.dlrrd.gov.za/phocadownloadpap/Annual_Report/CPA%20Annual%20Report%202023-24.pdf
Kgatelopele,Nord-Ouest,4.26,2024,https://www.dlrrd.gov.za/phocadownloadpap/Annual_Report/CPA%20Annual%20Report%202023-24.pdf
Kgoa,Nord-Ouest,13.31,2024,https://www.dlrrd.gov.za/phocadownloadpap/Annual_Report/CPA%20Annual%20Report%202023-24.pdf
Kgolagano,Nord-Ouest,0.34,2024,https://www.dlrrd.gov.za/phocadownloadpap/Annual_Report/CPA%20Annual%20Report%202023-24.pdf
Kgotsofalang,Nord-Ouest,5.34,2024,https://www.dlrrd.gov.za/phocadownloadpap/Annual_Report/CPA%20Annual%20Report%202023-24.pdf
Khanyisa,Nord-Ouest,11.19,2024,https://www.dlrrd.gov.za/phocadownloadpap/Annual_Report/CPA%20Annual%20Report%202023-24.pdf
Khongkhobe,Nord-Ouest,9.46,2024,https://www.dlrrd.gov.za/phocadownloadpap/Annual_Report/CPA%20Annual%20Report%202023-24.pdf
Khumo,Nord-Ouest,2.5,2024,https://www.dlrrd.gov.za/phocadownloadpap/Annual_Report/CPA%20Annual%20Report%202023-24.pdf
Kleinbooi Rakhetsi,Nord-Ouest,,2024,https://www.dlrrd.gov.za/phocadownloadpap/Annual_Report/CPA%20Annual%20Report%202023-24.pdf
Klipvoorstad,Nord-Ouest,30.13,2024,https://www.dlrrd.gov.za/phocadownloadpap/Annual_Report/CPA%20Annual%20Report%202023-24.pdf
Kodisang Abel Mogatusi,Nord-Ouest,4.5,2024,https://www.dlrrd.gov.za/phocadownloadpap/Annual_Report/CPA%20Annual%20Report%202023-24.pdf
Kok,Nord-Ouest,12.96,2024,https://www.dlrrd.gov.za/phocadownloadpap/Annual_Report/CPA%20Annual%20Report%202023-24.pdf
Kokame,Nord-Ouest,76.31,2024,https://www.dlrrd.gov.za/phocadownloadpap/Annual_Report/CPA%20Annual%20Report%202023-24.pdf
Kudunkgwane,Nord-Ouest,36.79,2024,https://www.dlrrd.gov.za/phocadownloadpap/Annual_Report/CPA%20Annual%20Report%202023-24.pdf
Lelotong,Nord-Ouest,5.64,2024,https://www.dlrrd.gov.za/phocadownloadpap/Annual_Report/CPA%20Annual%20Report%202023-24.pdf
Lethoba,Nord-Ouest,5.92,2024,https://www.dlrrd.gov.za/phocadownloadpap/Annual_Report/CPA%20Annual%20Report%202023-24.pdf
Letsopa,Nord-Ouest,16.09,2024,https://www.dlrrd.gov.za/phocadownloadpap/Annual_Report/CPA%20Annual%20Report%202023-24.pdf
Madiakgame,Nord-Ouest,51.45,2024,https://www.dlrrd.gov.za/phocadownloadpap/Annual_Report/CPA%20Annual%20Report%202023-24.pdf
Magokgwane,Nord-Ouest,40,2024,https://www.dlrrd.gov.za/phocadownloadpap/Annual_Report/CPA%20Annual%20Report%202023-24.pdf
Magomotso,Nord-Ouest,12.09,2024,https://www.dlrrd.gov.za/phocadownloadpap/Annual_Report/CPA%20Annual%20Report%202023-24.pdf
Malambule,Nord-Ouest,2.55,2024,https://www.dlrrd.gov.za/phocadownloadpap/Annual_Report/CPA%20Annual%20Report%202023-24.pdf
Malebelele,Nord-Ouest,193.07,2024,https://www.dlrrd.gov.za/phocadownloadpap/Annual_Report/CPA%20Annual%20Report%202023-24.pdf
Malefane’s Legacy,Nord-Ouest,4.33,2024,https://www.dlrrd.gov.za/phocadownloadpap/Annual_Report/CPA%20Annual%20Report%202023-24.pdf
Maphisa,Nord-Ouest,1.55,2024,https://www.dlrrd.gov.za/phocadownloadpap/Annual_Report/CPA%20Annual%20Report%202023-24.pdf
Maropeng,Nord-Ouest,37.91,2024,https://www.dlrrd.gov.za/phocadownloadpap/Annual_Report/CPA%20Annual%20Report%202023-24.pdf
Matebeleng,Nord-Ouest,0.59,2024,https://www.dlrrd.gov.za/phocadownloadpap/Annual_Report/CPA%20Annual%20Report%202023-24.pdf
Matjima,Nord-Ouest,3.41,2024,https://www.dlrrd.gov.za/phocadownloadpap/Annual_Report/CPA%20Annual%20Report%202023-24.pdf
Maungo a Temo,Nord-Ouest,0.17,2024,https://www.dlrrd.gov.za/phocadownloadpap/Annual_Report/CPA%20Annual%20Report%202023-24.pdf
Mentorspan,Nord-Ouest,8.8,2024,https://www.dlrrd.gov.za/phocadownloadpap/Annual_Report/CPA%20Annual%20Report%202023-24.pdf
Migdol,Nord-Ouest,14.54,2024,https://www.dlrrd.gov.za/phocadownloadpap/Annual_Report/CPA%20Annual%20Report%202023-24.pdf
Mmamerotse,Nord-Ouest,68.97,2024,https://www.dlrrd.gov.za/phocadownloadpap/Annual_Report/CPA%20Annual%20Report%202023-24.pdf
Mmantsose,Nord-Ouest,0.01,2024,https://www.dlrrd.gov.za/phocadownloadpap/Annual_Report/CPA%20Annual%20Report%202023-24.pdf
Mmonye,Nord-Ouest,7.11,2024,https://www.dlrrd.gov.za/phocadownloadpap/Annual_Report/CPA%20Annual%20Report%202023-24.pdf
Mojahi,Nord-Ouest,4.31,2024,https://www.dlrrd.gov.za/phocadownloadpap/Annual_Report/CPA%20Annual%20Report%202023-24.pdf
Mokgotlhwane Mokgethi Mokoma,Nord-Ouest,4.51,2024,https://www.dlrrd.gov.za/phocadownloadpap/Annual_Report/CPA%20Annual%20Report%202023-24.pdf
Mokopole,Nord-Ouest,21.34,2024,https://www.dlrrd.gov.za/phocadownloadpap/Annual_Report/CPA%20Annual%20Report%202023-24.pdf
Molokwane,Nord-Ouest,3.38,2024,https://www.dlrrd.gov.za/phocadownloadpap/Annual_Report/CPA%20Annual%20Report%202023-24.pdf
Monamaladi,Nord-Ouest,28.99,2024,https://www.dlrrd.gov.za/phocadownloadpap/Annual_Report/CPA%20Annual%20Report%202023-24.pdf
Mooke,Nord-Ouest,142.67,2024,https://www.dlrrd.gov.za/phocadownloadpap/Annual_Report/CPA%20Annual%20Report%202023-24.pdf
Moropeng,Nord-Ouest,37.91,2024,https://www.dlrrd.gov.za/phocadownloadpap/Annual_Report/CPA%20Annual%20Report%202023-24.pdf
Morubane,Nord-Ouest,6.75,2024,https://www.dlrrd.gov.za/phocadownloadpap/Annual_Report/CPA%20Annual%20Report%202023-24.pdf
Mosita,Nord-Ouest,40.43,2024,https://www.dlrrd.gov.za/phocadownloadpap/Annual_Report/CPA%20Annual%20Report%202023-24.pdf
Motati,Nord-Ouest,6,2024,https://www.dlrrd.gov.za/phocadownloadpap/Annual_Report/CPA%20Annual%20Report%202023-24.pdf
Motshabi,Nord-Ouest,,2024,https://www.dlrrd.gov.za/phocadownloadpap/Annual_Report/CPA%20Annual%20Report%202023-24.pdf
Mvala,Nord-Ouest,3.19,2024,https://www.dlrrd.gov.za/phocadownloadpap/Annual_Report/CPA%20Annual%20Report%202023-24.pdf
Ngwanadirane,Nord-Ouest,29.45,2024,https://www.dlrrd.gov.za/phocadownloadpap/Annual_Report/CPA%20Annual%20Report%202023-24.pdf
Nkagisang,Nord-Ouest,1.94,2024,https://www.dlrrd.gov.za/phocadownloadpap/Annual_Report/CPA%20Annual%20Report%202023-24.pdf
Nkagisang,Nord-Ouest,1.94,2024,https://www.dlrrd.gov.za/phocadownloadpap/Annual_Report/CPA%20Annual%20Report%202023-24.pdf
Oblate,Nord-Ouest,3.84,2024,https://www.dlrrd.gov.za/phocadownloadpap/Annual_Report/CPA%20Annual%20Report%202023-24.pdf
Paalkraal,Nord-Ouest,21.79,2024,https://www.dlrrd.gov.za/phocadownloadpap/Annual_Report/CPA%20Annual%20Report%202023-24.pdf
Phomolong,Nord-Ouest,1.71,2024,https://www.dlrrd.gov.za/phocadownloadpap/Annual_Report/CPA%20Annual%20Report%202023-24.pdf
Phuku Motsuenyane,Nord-Ouest,2.57,2024,https://www.dlrrd.gov.za/phocadownloadpap/Annual_Report/CPA%20Annual%20Report%202023-24.pdf
Phuku Motswenyane,Nord-Ouest,,2024,https://www.dlrrd.gov.za/phocadownloadpap/Annual_Report/CPA%20Annual%20Report%202023-24.pdf
Po Land,Nord-Ouest,0.05,2024,https://www.dlrrd.gov.za/phocadownloadpap/Annual_Report/CPA%20Annual%20Report%202023-24.pdf
Pula,Nord-Ouest,24.06,2024,https://www.dlrrd.gov.za/phocadownloadpap/Annual_Report/CPA%20Annual%20Report%202023-24.pdf
Rakomane wa Ratshefola,Nord-Ouest,,2024,https://www.dlrrd.gov.za/phocadownloadpap/Annual_Report/CPA%20Annual%20Report%202023-24.pdf
Ramalebye,Nord-Ouest,3.46,2024,https://www.dlrrd.gov.za/phocadownloadpap/Annual_Report/CPA%20Annual%20Report%202023-24.pdf
Rathateng,Nord-Ouest,3.66,2024,https://www.dlrrd.gov.za/phocadownloadpap/Annual_Report/CPA%20Annual%20Report%202023-24.pdf
Ratho Debora,Nord-Ouest,,2024,https://www.dlrrd.gov.za/phocadownloadpap/Annual_Report/CPA%20Annual%20Report%202023-24.pdf
Reboetswe Cpa,Nord-Ouest,10.71,2024,https://www.dlrrd.gov.za/phocadownloadpap/Annual_Report/CPA%20Annual%20Report%202023-24.pdf
Rekgonne,Nord-Ouest,0.17,2024,https://www.dlrrd.gov.za/phocadownloadpap/Annual_Report/CPA%20Annual%20Report%202023-24.pdf
Relebone,Nord-Ouest,4.21,2024,https://www.dlrrd.gov.za/phocadownloadpap/Annual_Report/CPA%20Annual%20Report%202023-24.pdf
Rietdraai,Nord-Ouest,,2024,https://www.dlrrd.gov.za/phocadownloadpap/Annual_Report/CPA%20Annual%20Report%202023-24.pdf
Rietdraai,Nord-Ouest,,2024,https://www.dlrrd.gov.za/phocadownloadpap/Annual_Report/CPA%20Annual%20Report%202023-24.pdf
RKM Mankwe West,Nord-Ouest,2.62,2024,https://www.dlrrd.gov.za/phocadownloadpap/Annual_Report/CPA%20Annual%20Report%202023-24.pdf
Sebuemang-Khaukhwe Cpa,Nord-Ouest,28.65,2024,https://www.dlrrd.gov.za/phocadownloadpap/Annual_Report/CPA%20Annual%20Report%202023-24.pdf
Sefako,Nord-Ouest,0.08,2024,https://www.dlrrd.gov.za/phocadownloadpap/Annual_Report/CPA%20Annual%20Report%202023-24.pdf
Segaelane Balemi Itsoseng,Nord-Ouest,0.2,2024,https://www.dlrrd.gov.za/phocadownloadpap/Annual_Report/CPA%20Annual%20Report%202023-24.pdf
Serobatse Family,Nord-Ouest,9.77,2024,https://www.dlrrd.gov.za/phocadownloadpap/Annual_Report/CPA%20Annual%20Report%202023-24.pdf
Seyferfontein,Nord-Ouest,4.38,2024,https://www.dlrrd.gov.za/phocadownloadpap/Annual_Report/CPA%20Annual%20Report%202023-24.pdf
Siyaya,Nord-Ouest,3.53,2024,https://www.dlrrd.gov.za/phocadownloadpap/Annual_Report/CPA%20Annual%20Report%202023-24.pdf
Sizamile Indawo,Nord-Ouest,3.76,2024,https://www.dlrrd.gov.za/phocadownloadpap/Annual_Report/CPA%20Annual%20Report%202023-24.pdf
Sizani Ngoma,Nord-Ouest,0.08,2024,https://www.dlrrd.gov.za/phocadownloadpap/Annual_Report/CPA%20Annual%20Report%202023-24.pdf
Slilo,Nord-Ouest,0.08,2024,https://www.dlrrd.gov.za/phocadownloadpap/Annual_Report/CPA%20Annual%20Report%202023-24.pdf
Soya Ilizwelethu,Nord-Ouest,0.08,2024,https://www.dlrrd.gov.za/phocadownloadpap/Annual_Report/CPA%20Annual%20Report%202023-24.pdf
Sterkfontein,Nord-Ouest,,2024,https://www.dlrrd.gov.za/phocadownloadpap/Annual_Report/CPA%20Annual%20Report%202023-24.pdf
Strydpan,Nord-Ouest,0.23,2024,https://www.dlrrd.gov.za/phocadownloadpap/Annual_Report/CPA%20Annual%20Report%202023-24.pdf
Thusanang,Nord-Ouest,1.55,2024,https://www.dlrrd.gov.za/phocadownloadpap/Annual_Report/CPA%20Annual%20Report%202023-24.pdf
Thusano,Nord-Ouest,,2024,https://www.dlrrd.gov.za/phocadownloadpap/Annual_Report/CPA%20Annual%20Report%202023-24.pdf
Tirisano,Nord-Ouest,0.18,2024,https://www.dlrrd.gov.za/phocadownloadpap/Annual_Report/CPA%20Annual%20Report%202023-24.pdf
Tshireletso,Nord-Ouest,3.43,2024,https://www.dlrrd.gov.za/phocadownloadpap/Annual_Report/CPA%20Annual%20Report%202023-24.pdf
Tshwaraganang,Nord-Ouest,1.68,2024,https://www.dlrrd.gov.za/phocadownloadpap/Annual_Report/CPA%20Annual%20Report%202023-24.pdf
Tshwaro,Nord-Ouest,8.56,2024,https://www.dlrrd.gov.za/phocadownloadpap/Annual_Report/CPA%20Annual%20Report%202023-24.pdf
Tsoga Re Dire,Nord-Ouest,,2024,https://www.dlrrd.gov.za/phocadownloadpap/Annual_Report/CPA%20Annual%20Report%202023-24.pdf
Tswaing,Nord-Ouest,62.96,2024,https://www.dlrrd.gov.za/phocadownloadpap/Annual_Report/CPA%20Annual%20Report%202023-24.pdf
Wildebeestpan Portion 3,Nord-Ouest,2.02,2024,https://www.dlrrd.gov.za/phocadownloadpap/Annual_Report/CPA%20Annual%20Report%202023-24.pdf
Wildebeestpan Portion 4,Nord-Ouest,1.22,2024,https://www.dlrrd.gov.za/phocadownloadpap/Annual_Report/CPA%20Annual%20Report%202023-24.pdf
Wildebeestpan Portion 5,Nord-Ouest,1.25,2024,https://www.dlrrd.gov.za/phocadownloadpap/Annual_Report/CPA%20Annual%20Report%202023-24.pdf
Wildebeestpan Portion 6,Nord-Ouest,3.36,2024,https://www.dlrrd.gov.za/phocadownloadpap/Annual_Report/CPA%20Annual%20Report%202023-24.pdf
Wildebeestpan Portion 7,Nord-Ouest,,2024,https://www.dlrrd.gov.za/phocadownloadpap/Annual_Report/CPA%20Annual%20Report%202023-24.pdf
Wildebeestpan Portion 9 & 10,Nord-Ouest,10.67,2024,https://www.dlrrd.gov.za/phocadownloadpap/Annual_Report/CPA%20Annual%20Report%202023-24.pdf
Babatas,Cap-du-Nord,90.24,2024,https://www.dlrrd.gov.za/phocadownloadpap/Annual_Report/CPA%20Annual%20Report%202023-24.pdf
Batlhaping baga Phetlhu,Cap-du-Nord,,2024,https://www.dlrrd.gov.za/phocadownloadpap/Annual_Report/CPA%20Annual%20Report%202023-24.pdf
Concordia,Cap-du-Nord,,2024,https://www.dlrrd.gov.za/phocadownloadpap/Annual_Report/CPA%20Annual%20Report%202023-24.pdf
Droogfontein,Cap-du-Nord,120.57,2024,https://www.dlrrd.gov.za/phocadownloadpap/Annual_Report/CPA%20Annual%20Report%202023-24.pdf
Gamopedi CPA,Cap-du-Nord,21.24,2024,https://www.dlrrd.gov.za/phocadownloadpap/Annual_Report/CPA%20Annual%20Report%202023-24.pdf
Jonathan Cloete CPA,Cap-du-Nord,84.26,2024,https://www.dlrrd.gov.za/phocadownloadpap/Annual_Report/CPA%20Annual%20Report%202023-24.pdf
Kono,Cap-du-Nord,106.72,2024,https://www.dlrrd.gov.za/phocadownloadpap/Annual_Report/CPA%20Annual%20Report%202023-24.pdf
Kurrees CPA,Cap-du-Nord,86.84,2024,https://www.dlrrd.gov.za/phocadownloadpap/Annual_Report/CPA%20Annual%20Report%202023-24.pdf
Majeng,Cap-du-Nord,59.6,2024,https://www.dlrrd.gov.za/phocadownloadpap/Annual_Report/CPA%20Annual%20Report%202023-24.pdf
Metsimatswe,Cap-du-Nord,58.79,2024,https://www.dlrrd.gov.za/phocadownloadpap/Annual_Report/CPA%20Annual%20Report%202023-24.pdf
Old Dikgweng,Cap-du-Nord,11.1,2024,https://www.dlrrd.gov.za/phocadownloadpap/Annual_Report/CPA%20Annual%20Report%202023-24.pdf
Ritchersveld Sida! Hub,Cap-du-Nord,194.33,2024,https://www.dlrrd.gov.za/phocadownloadpap/Annual_Report/CPA%20Annual%20Report%202023-24.pdf
Rooiwal,Cap-du-Nord,61.57,2024,https://www.dlrrd.gov.za/phocadownloadpap/Annual_Report/CPA%20Annual%20Report%202023-24.pdf
Schamboua,Cap-du-Nord,105.81,2024,https://www.dlrrd.gov.za/phocadownloadpap/Annual_Report/CPA%20Annual%20Report%202023-24.pdf
Bakenkop,Cap-du-Nord,,2024,https://www.dlrrd.gov.za/phocadownloadpap/Annual_Report/CPA%20Annual%20Report%202023-24.pdf
Bucklands,Cap-du-Nord,16.57,2024,https://www.dlrrd.gov.za/phocadownloadpap/Annual_Report/CPA%20Annual%20Report%202023-24.pdf
Jood Family,Cap-du-Nord,11.31,2024,https://www.dlrrd.gov.za/phocadownloadpap/Annual_Report/CPA%20Annual%20Report%202023-24.pdf
Kuiepan,Cap-du-Nord,173.09,2024,https://www.dlrrd.gov.za/phocadownloadpap/Annual_Report/CPA%20Annual%20Report%202023-24.pdf
Madibeng,Cap-du-Nord,143.48,2024,https://www.dlrrd.gov.za/phocadownloadpap/Annual_Report/CPA%20Annual%20Report%202023-24.pdf
Maremane,Cap-du-Nord,109.98,2024,https://www.dlrrd.gov.za/phocadownloadpap/Annual_Report/CPA%20Annual%20Report%202023-24.pdf
Mazelfontein/ Katlani,Cap-du-Nord,91.14,2024,https://www.dlrrd.gov.za/phocadownloadpap/Annual_Report/CPA%20Annual%20Report%202023-24.pdf
Pniel,Cap-du-Nord,,2024,https://www.dlrrd.gov.za/phocadownloadpap/Annual_Report/CPA%20Annual%20Report%202023-24.pdf
Putsies,Cap-du-Nord,55.15,2024,https://www.dlrrd.gov.za/phocadownloadpap/Annual_Report/CPA%20Annual%20Report%202023-24.pdf
Rooilyf,Cap-du-Nord,54.41,2024,https://www.dlrrd.gov.za/phocadownloadpap/Annual_Report/CPA%20Annual%20Report%202023-24.pdf
Seoding,Cap-du-Nord,67.03,2024,https://www.dlrrd.gov.za/phocadownloadpap/Annual_Report/CPA%20Annual%20Report%202023-24.pdf
Smauswane,Cap-du-Nord,37.64,2024,https://www.dlrrd.gov.za/phocadownloadpap/Annual_Report/CPA%20Annual%20Report%202023-24.pdf
Skeifontein,Cap-du-Nord,,2024,https://www.dlrrd.gov.za/phocadownloadpap/Annual_Report/CPA%20Annual%20Report%202023-24.pdf
Stinkfontein,Cap-du-Nord,34.24,2024,https://www.dlrrd.gov.za/phocadownloadpap/Annual_Report/CPA%20Annual%20Report%202023-24.pdf
Tsineng,Cap-du-Nord,,2024,https://www.dlrrd.gov.za/phocadownloadpap/Annual_Report/CPA%20Annual%20Report%202023-24.pdf
Vioolsdrift,Cap-du-Nord,,2024,https://www.dlrrd.gov.za/phocadownloadpap/Annual_Report/CPA%20Annual%20Report%202023-24.pdf
Vreede,Cap-du-Nord,218.51,2024,https://www.dlrrd.gov.za/phocadownloadpap/Annual_Report/CPA%20Annual%20Report%202023-24.pdf
Askham Kameelduin Klein Boere,Cap-du-Nord,25.26,2024,https://www.dlrrd.gov.za/phocadownloadpap/Annual_Report/CPA%20Annual%20Report%202023-24.pdf
Bassonsdrift,Cap-du-Nord,0.11,2024,https://www.dlrrd.gov.za/phocadownloadpap/Annual_Report/CPA%20Annual%20Report%202023-24.pdf
Batsamaya-Mmogo,Cap-du-Nord,0.98,2024,https://www.dlrrd.gov.za/phocadownloadpap/Annual_Report/CPA%20Annual%20Report%202023-24.pdf
Boichoko African farmers,Cap-du-Nord,,2024,https://www.dlrrd.gov.za/phocadownloadpap/Annual_Report/CPA%20Annual%20Report%202023-24.pdf
Bonita Park Olives,Cap-du-Nord,0.1,2024,https://www.dlrrd.gov.za/phocadownloadpap/Annual_Report/CPA%20Annual%20Report%202023-24.pdf
Bonita Park small farmers,Cap-du-Nord,0.26,2024,https://www.dlrrd.gov.za/phocadownloadpap/Annual_Report/CPA%20Annual%20Report%202023-24.pdf
Booikoppies and Cypherkranz,Cap-du-Nord,12.59,2024,https://www.dlrrd.gov.za/phocadownloadpap/Annual_Report/CPA%20Annual%20Report%202023-24.pdf
CK II ADAM KOK,Cap-du-Nord,25.15,2024,https://www.dlrrd.gov.za/phocadownloadpap/Annual_Report/CPA%20Annual%20Report%202023-24.pdf
DIE! XU & Khwe,Cap-du-Nord,189.56,2024,https://www.dlrrd.gov.za/phocadownloadpap/Annual_Report/CPA%20Annual%20Report%202023-24.pdf
Dipitseng,Cap-du-Nord,5.65,2024,https://www.dlrrd.gov.za/phocadownloadpap/Annual_Report/CPA%20Annual%20Report%202023-24.pdf
Dirisanang Small Farmers,Cap-du-Nord,,2024,https://www.dlrrd.gov.za/phocadownloadpap/Annual_Report/CPA%20Annual%20Report%202023-24.pdf
Ditaung,Cap-du-Nord,0.22,2024,https://www.dlrrd.gov.za/phocadownloadpap/Annual_Report/CPA%20Annual%20Report%202023-24.pdf
Doornvlei,Cap-du-Nord,,2024,https://www.dlrrd.gov.za/phocadownloadpap/Annual_Report/CPA%20Annual%20Report%202023-24.pdf
Fetogang Farmers,Cap-du-Nord,16.06,2024,https://www.dlrrd.gov.za/phocadownloadpap/Annual_Report/CPA%20Annual%20Report%202023-24.pdf
Goedehoop,Cap-du-Nord,,2024,https://www.dlrrd.gov.za/phocadownloadpap/Annual_Report/CPA%20Annual%20Report%202023-24.pdf
Gong Gong,Cap-du-Nord,24.59,2024,https://www.dlrrd.gov.za/phocadownloadpap/Annual_Report/CPA%20Annual%20Report%202023-24.pdf
Gousies,Cap-du-Nord,42.83,2024,https://www.dlrrd.gov.za/phocadownloadpap/Annual_Report/CPA%20Annual%20Report%202023-24.pdf
Groenwater,Cap-du-Nord,117.28,2024,https://www.dlrrd.gov.za/phocadownloadpap/Annual_Report/CPA%20Annual%20Report%202023-24.pdf
Grootfontein,Cap-du-Nord,,2024,https://www.dlrrd.gov.za/phocadownloadpap/Annual_Report/CPA%20Annual%20Report%202023-24.pdf
Holpan,Cap-du-Nord,0.48,2024,https://www.dlrrd.gov.za/phocadownloadpap/Annual_Report/CPA%20Annual%20Report%202023-24.pdf
Iphemeleng,Cap-du-Nord,0.21,2024,https://www.dlrrd.gov.za/phocadownloadpap/Annual_Report/CPA%20Annual%20Report%202023-24.pdf
Joseph,Cap-du-Nord,0.02,2024,https://www.dlrrd.gov.za/phocadownloadpap/Annual_Report/CPA%20Annual%20Report%202023-24.pdf
Kgatlane,Cap-du-Nord,,2024,https://www.dlrrd.gov.za/phocadownloadpap/Annual_Report/CPA%20Annual%20Report%202023-24.pdf
Khomani San,Cap-du-Nord,337.59,2024,https://www.dlrrd.gov.za/phocadownloadpap/Annual_Report/CPA%20Annual%20Report%202023-24.pdf
Khuis,Cap-du-Nord,,2024,https://www.dlrrd.gov.za/phocadownloadpap/Annual_Report/CPA%20Annual%20Report%202023-24.pdf
Kleinbegin,Cap-du-Nord,,2024,https://www.dlrrd.gov.za/phocadownloadpap/Annual_Report/CPA%20Annual%20Report%202023-24.pdf
Kock Family,Cap-du-Nord,29.95,2024,https://www.dlrrd.gov.za/phocadownloadpap/Annual_Report/CPA%20Annual%20Report%202023-24.pdf
Koegas,Cap-du-Nord,225.32,2024,https://www.dlrrd.gov.za/phocadownloadpap/Annual_Report/CPA%20Annual%20Report%202023-24.pdf
Kono,Cap-du-Nord,,2024,https://www.dlrrd.gov.za/phocadownloadpap/Annual_Report/CPA%20Annual%20Report%202023-24.pdf
Koopman Boerdery,Cap-du-Nord,16.16,2024,https://www.dlrrd.gov.za/phocadownloadpap/Annual_Report/CPA%20Annual%20Report%202023-24.pdf
Koopmansfontein,Cap-du-Nord,108.9,2024,https://www.dlrrd.gov.za/phocadownloadpap/Annual_Report/CPA%20Annual%20Report%202023-24.pdf
Kopano Small farmers,Cap-du-Nord,0.23,2024,https://www.dlrrd.gov.za/phocadownloadpap/Annual_Report/CPA%20Annual%20Report%202023-24.pdf
Langverwatch Boereverening,Cap-du-Nord,,2024,https://www.dlrrd.gov.za/phocadownloadpap/Annual_Report/CPA%20Annual%20Report%202023-24.pdf
Laughing water Kleinboereverening,Cap-du-Nord,19.04,2024,https://www.dlrrd.gov.za/phocadownloadpap/Annual_Report/CPA%20Annual%20Report%202023-24.pdf
Lawane Saamstaan,Cap-du-Nord,,2024,https://www.dlrrd.gov.za/phocadownloadpap/Annual_Report/CPA%20Annual%20Report%202023-24.pdf
Loeriesfontein,Cap-du-Nord,193.05,2024,https://www.dlrrd.gov.za/phocadownloadpap/Annual_Report/CPA%20Annual%20Report%202023-24.pdf
Lohatlha,Cap-du-Nord,,2024,https://www.dlrrd.gov.za/phocadownloadpap/Annual_Report/CPA%20Annual%20Report%202023-24.pdf
Majemanchu,Cap-du-Nord,16.7,2024,https://www.dlrrd.gov.za/phocadownloadpap/Annual_Report/CPA%20Annual%20Report%202023-24.pdf
Melkkraal,Cap-du-Nord,13.73,2024,https://www.dlrrd.gov.za/phocadownloadpap/Annual_Report/CPA%20Annual%20Report%202023-24.pdf
Meyers,Cap-du-Nord,37.05,2024,https://www.dlrrd.gov.za/phocadownloadpap/Annual_Report/CPA%20Annual%20Report%202023-24.pdf
Mokgosi,Cap-du-Nord,7.72,2024,https://www.dlrrd.gov.za/phocadownloadpap/Annual_Report/CPA%20Annual%20Report%202023-24.pdf
Molekos Farm,Cap-du-Nord,10.01,2024,https://www.dlrrd.gov.za/phocadownloadpap/Annual_Report/CPA%20Annual%20Report%202023-24.pdf
Motsamai Lucas Mokubung,Cap-du-Nord,36.31,2024,https://www.dlrrd.gov.za/phocadownloadpap/Annual_Report/CPA%20Annual%20Report%202023-24.pdf
Nuweplaas Landgoed,Cap-du-Nord,,2024,https://www.dlrrd.gov.za/phocadownloadpap/Annual_Report/CPA%20Annual%20Report%202023-24.pdf
Papkuil,Cap-du-Nord,1.05,2024,https://www.dlrrd.gov.za/phocadownloadpap/Annual_Report/CPA%20Annual%20Report%202023-24.pdf
Rietkloof,Cap-du-Nord,36.08,2024,https://www.dlrrd.gov.za/phocadownloadpap/Annual_Report/CPA%20Annual%20Report%202023-24.pdf
Rietkuil Agri-village,Cap-du-Nord,,2024,https://www.dlrrd.gov.za/phocadownloadpap/Annual_Report/CPA%20Annual%20Report%202023-24.pdf
Ritchie Small Farmers,Cap-du-Nord,25.26,2024,https://www.dlrrd.gov.za/phocadownloadpap/Annual_Report/CPA%20Annual%20Report%202023-24.pdf
Ronaldsvlei,Cap-du-Nord,,2024,https://www.dlrrd.gov.za/phocadownloadpap/Annual_Report/CPA%20Annual%20Report%202023-24.pdf
Schmidtsdrift,Cap-du-Nord,318.72,2024,https://www.dlrrd.gov.za/phocadownloadpap/Annual_Report/CPA%20Annual%20Report%202023-24.pdf
Steenbokfontein,Cap-du-Nord,13.09,2024,https://www.dlrrd.gov.za/phocadownloadpap/Annual_Report/CPA%20Annual%20Report%202023-24.pdf
Steenbokfontein,Cap-du-Nord,,2024,https://www.dlrrd.gov.za/phocadownloadpap/Annual_Report/CPA%20Annual%20Report%202023-24.pdf
Steinkop,Cap-du-Nord,,2024,https://www.dlrrd.gov.za/phocadownloadpap/Annual_Report/CPA%20Annual%20Report%202023-24.pdf
Strauss,Cap-du-Nord,34.24,2024,https://www.dlrrd.gov.za/phocadownloadpap/Annual_Report/CPA%20Annual%20Report%202023-24.pdf
Sydney On Vaal,Cap-du-Nord,181.22,2024,https://www.dlrrd.gov.za/phocadownloadpap/Annual_Report/CPA%20Annual%20Report%202023-24.pdf
Tatie Newman,Cap-du-Nord,,2024,https://www.dlrrd.gov.za/phocadownloadpap/Annual_Report/CPA%20Annual%20Report%202023-24.pdf
Victoria West Progressive BL,Cap-du-Nord,3.65,2024,https://www.dlrrd.gov.za/phocadownloadpap/Annual_Report/CPA%20Annual%20Report%202023-24.pdf
Wedberg,Cap-du-Nord,16.18,2024,https://www.dlrrd.gov.za/phocadownloadpap/Annual_Report/CPA%20Annual%20Report%202023-24.pdf
Witaar,Cap-du-Nord,,2024,https://www.dlrrd.gov.za/phocadownloadpap/Annual_Report/CPA%20Annual%20Report%202023-24.pdf
Witsand,Cap-du-Nord,,2024,https://www.dlrrd.gov.za/phocadownloadpap/Annual_Report/CPA%20Annual%20Report%202023-24.pdf
Wrenchville Emerging Farmers,Cap-du-Nord,10.34,2024,https://www.dlrrd.gov.za/phocadownloadpap/Annual_Report/CPA%20Annual%20Report%202023-24.pdf
Fair Valley,Cap-Occidental,0.18,2024,https://www.dlrrd.gov.za/phocadownloadpap/Annual_Report/CPA%20Annual%20Report%202023-24.pdf
Beeswater,Cap-Occidental,39.45,2024,https://www.dlrrd.gov.za/phocadownloadpap/Annual_Report/CPA%20Annual%20Report%202023-24.pdf
Constantia,Cap-Occidental,0.1,2024,https://www.dlrrd.gov.za/phocadownloadpap/Annual_Report/CPA%20Annual%20Report%202023-24.pdf
Crowford,Cap-Occidental,0.02,2024,https://www.dlrrd.gov.za/phocadownloadpap/Annual_Report/CPA%20Annual%20Report%202023-24.pdf
Ebenhezer,Cap-Occidental,4.73,2024,https://www.dlrrd.gov.za/phocadownloadpap/Annual_Report/CPA%20Annual%20Report%202023-24.pdf
Ou Tuin,Cap-Occidental,0.03,2024,https://www.dlrrd.gov.za/phocadownloadpap/Annual_Report/CPA%20Annual%20Report%202023-24.pdf
Pacaltsdorp,Cap-Occidental,0.7,2024,https://www.dlrrd.gov.za/phocadownloadpap/Annual_Report/CPA%20Annual%20Report%202023-24.pdf
Pniel,Cap-Occidental,0.09,2024,https://www.dlrrd.gov.za/phocadownloadpap/Annual_Report/CPA%20Annual%20Report%202023-24.pdf
Protea Village,Cap-Occidental,0.04,2024,https://www.dlrrd.gov.za/phocadownloadpap/Annual_Report/CPA%20Annual%20Report%202023-24.pdf
Saron,Cap-Occidental,33.77,2024,https://www.dlrrd.gov.za/phocadownloadpap/Annual_Report/CPA%20Annual%20Report%202023-24.pdf
Zoar,Cap-Occidental,,2024,https://www.dlrrd.gov.za/phocadownloadpap/Annual_Report/CPA%20Annual%20Report%202023-24.pdf
Covie,Cap-Occidental,7.66,2024,https://www.dlrrd.gov.za/phocadownloadpap/Annual_Report/CPA%20Annual%20Report%202023-24.pdf
Mosselbay African Farmers Union (MAFU),Cap-Occidental,12.68,2024,https://www.dlrrd.gov.za/phocadownloadpap/Annual_Report/CPA%20Annual%20Report%202023-24.pdf
Algeria,Cap-Occidental,,2024,https://www.dlrrd.gov.za/phocadownloadpap/Annual_Report/CPA%20Annual%20Report%202023-24.pdf
Brandwacht,Cap-Occidental,0.91,2024,https://www.dlrrd.gov.za/phocadownloadpap/Annual_Report/CPA%20Annual%20Report%202023-24.pdf
Elandskloof,Cap-Occidental,31.03,2024,https://www.dlrrd.gov.za/phocadownloadpap/Annual_Report/CPA%20Annual%20Report%202023-24.pdf
Harlem,Cap-Occidental,5.59,2024,https://www.dlrrd.gov.za/phocadownloadpap/Annual_Report/CPA%20Annual%20Report%202023-24.pdf
Hazeldene Housing,Cap-Occidental,,2024,https://www.dlrrd.gov.za/phocadownloadpap/Annual_Report/CPA%20Annual%20Report%202023-24.pdf
Klein Begin,Cap-Occidental,,2024,https://www.dlrrd.gov.za/phocadownloadpap/Annual_Report/CPA%20Annual%20Report%202023-24.pdf
Kranshoek,Cap-Occidental,,2024,https://www.dlrrd.gov.za/phocadownloadpap/Annual_Report/CPA%20Annual%20Report%202023-24.pdf
Lanquedoc,Cap-Occidental,,2024,https://www.dlrrd.gov.za/phocadownloadpap/Annual_Report/CPA%20Annual%20Report%202023-24.pdf
Mamre,Cap-Occidental,42.54,2024,https://www.dlrrd.gov.za/phocadownloadpap/Annual_Report/CPA%20Annual%20Report%202023-24.pdf
Masincedane,Cap-Occidental,0.83,2024,https://www.dlrrd.gov.za/phocadownloadpap/Annual_Report/CPA%20Annual%20Report%202023-24.pdf
Melkhoutfontein Landbou Vereniging,Cap-Occidental,4.24,2024,https://www.dlrrd.gov.za/phocadownloadpap/Annual_Report/CPA%20Annual%20Report%202023-24.pdf
Middelpos,Cap-Occidental,,2024,https://www.dlrrd.gov.za/phocadownloadpap/Annual_Report/CPA%20Annual%20Report%202023-24.pdf
Mountain View,Cap-Occidental,0.1,2024,https://www.dlrrd.gov.za/phocadownloadpap/Annual_Report/CPA%20Annual%20Report%202023-24.pdf
New Acre,Cap-Occidental,,2024,https://www.dlrrd.gov.za/phocadownloadpap/Annual_Report/CPA%20Annual%20Report%202023-24.pdf
Richmond Park,Cap-Occidental,1.39,2024,https://www.dlrrd.gov.za/phocadownloadpap/Annual_Report/CPA%20Annual%20Report%202023-24.pdf
Riversdal Kleinboere,Cap-Occidental,,2024,https://www.dlrrd.gov.za/phocadownloadpap/Annual_Report/CPA%20Annual%20Report%202023-24.pdf
Slangrivier,Cap-Occidental,,2024,https://www.dlrrd.gov.za/phocadownloadpap/Annual_Report/CPA%20Annual%20Report%202023-24.pdf
Toekoms,Cap-Occidental,,2024,https://www.dlrrd.gov.za/phocadownloadpap/Annual_Report/CPA%20Annual%20Report%202023-24.pdf
Vaalplaas,Cap-Occidental,0.04,2024,https://www.dlrrd.gov.za/phocadownloadpap/Annual_Report/CPA%20Annual%20Report%202023-24.pdf
Vukuzenzele Housing,Cap-Occidental,,2024,https://www.dlrrd.gov.za/phocadownloadpap/Annual_Report/CPA%20Annual%20Report%202023-24.pdf
