nom,subdivision,surface_km2,annee,source_url
Ростовская общественная организация Региональная национально-культурная Греческая автономия,Ростовская область,,2009,https://fadn.gov.ru/otkritoe-agenstvo/reestr-nka/
"Общественная организация ""Еврейская национально - культурная автономия Приморского края""",Приморский край,,2005,https://fadn.gov.ru/otkritoe-agenstvo/reestr-nka/
"Региональная общественная организация ""Национально-культурная автономия немцев Республики Башкортостан""",Республика Башкортостан,,2003,https://fadn.gov.ru/otkritoe-agenstvo/reestr-nka/
"Региональная Общественная организация ""Национально-культурная автономия татар Ханты-Мансийского автономного округа - Югры""",Ханты-Мансийский автономный округ,,2003,https://fadn.gov.ru/otkritoe-agenstvo/reestr-nka/
"Местная общественная организация национально-культурная автономия кыргызов г. Томска ""Мекендештер (Соотечественники)""",Томская область,,2003,https://fadn.gov.ru/otkritoe-agenstvo/reestr-nka/
"Общественная организация ""Местная татарская национально- культурная автономия Асекеевского района Оренбургской области""",Оренбургская область,,2004,https://fadn.gov.ru/otkritoe-agenstvo/reestr-nka/
"Общественная организация ""Белорусская национально-культурная автономия ""Белорусы Владивостока""",Приморский край,,2006,https://fadn.gov.ru/otkritoe-agenstvo/reestr-nka/
"Общественная организация ""Ростовская городская украинская национально-культурная автономия""",Ростовская область,,2006,https://fadn.gov.ru/otkritoe-agenstvo/reestr-nka/
Ангарская городская общественная организация национально-культурная автономия татар,Иркутская область,,2006,https://fadn.gov.ru/otkritoe-agenstvo/reestr-nka/
Региональная общественная организация «Национально-культурная автономия «Белорусы Москвы»,Москва,,2002,https://fadn.gov.ru/otkritoe-agenstvo/reestr-nka/
Местная общественная организация национально-культурная автономия эвенков г. Улан-Удэ,Республика Бурятия,,2005,https://fadn.gov.ru/otkritoe-agenstvo/reestr-nka/
Общественная организация Местная ногайская национально-культурная автономия Нефтекумского района Ставропольского края,Ставропольский край,,2007,https://fadn.gov.ru/otkritoe-agenstvo/reestr-nka/
"Общественная организация ""Местная Татарская Национально-Культурная Автономия г. Калуги""",Калужская область,,2005,https://fadn.gov.ru/otkritoe-agenstvo/reestr-nka/
Общественная организация местная национально-культурная автономия украинцев г. Новосибирска,Новосибирская область,,2003,https://fadn.gov.ru/otkritoe-agenstvo/reestr-nka/
"Общественная организация ""Местная еврейская национально-культурная автономия города Дзержинска Нижегородской области""",Нижегородская область,,2005,https://fadn.gov.ru/otkritoe-agenstvo/reestr-nka/
"Общественная организация ""Нижегородская региональная еврейская национально-культурная автономия""",Нижегородская область,,2006,https://fadn.gov.ru/otkritoe-agenstvo/reestr-nka/
"Общественная организация ""Местная национально-культурная автономия марийцев Тонкинского района Нижегородской области""",Нижегородская область,,2006,https://fadn.gov.ru/otkritoe-agenstvo/reestr-nka/
Общественная организация местная еврейская национально-культурная автономия города Воронежа,Воронежская область,,2004,https://fadn.gov.ru/otkritoe-agenstvo/reestr-nka/
Общественная организация белорусская национально-культурная автономия в Республике Коми,Республика Коми,,2002,https://fadn.gov.ru/otkritoe-agenstvo/reestr-nka/
Общественная организация еврейская национально-культурная автономия г. Оренбурга,Оренбургская область,,2004,https://fadn.gov.ru/otkritoe-agenstvo/reestr-nka/
"Общественная организация ""Местная национально-культурная автономия татар г. Нижний Новгород""",Нижегородская область,,2004,https://fadn.gov.ru/otkritoe-agenstvo/reestr-nka/
"Общественная организация ""Калужская региональная азербайджанская национально-культурная автономия""",Калужская область,,2003,https://fadn.gov.ru/otkritoe-agenstvo/reestr-nka/
"Общественная организация ""Местная национально-культурная автономия татар г. Дзержинска Нижегородской области""",Нижегородская область,,2004,https://fadn.gov.ru/otkritoe-agenstvo/reestr-nka/
"Общественная организация ""Региональная национально-культурная автономия татар Нижегородской области""",Нижегородская область,,2004,https://fadn.gov.ru/otkritoe-agenstvo/reestr-nka/
"Общественная организация ""Местная корейская национально-культурная автономия г. Нижнего Новгорода""",Нижегородская область,,2004,https://fadn.gov.ru/otkritoe-agenstvo/reestr-nka/
Общественная организация Региональная национально-культурная автономия татар Бурятии,Республика Бурятия,,2005,https://fadn.gov.ru/otkritoe-agenstvo/reestr-nka/
"Общественная организация ""Калужская региональная еврейская национально-культурная автономия""",Калужская область,,2003,https://fadn.gov.ru/otkritoe-agenstvo/reestr-nka/
Региональная общественная организация национально-культурная автономия татар в Республике Коми,Республика Коми,,2002,https://fadn.gov.ru/otkritoe-agenstvo/reestr-nka/
"Общественная организация ""Новосибирская региональная национально-культурная автономия российских немцев""",Новосибирская область,,2002,https://fadn.gov.ru/otkritoe-agenstvo/reestr-nka/
Региональная общественная организация еврейская национально-культурная автономия Республики Карелия,Республика Карелия,,2005,https://fadn.gov.ru/otkritoe-agenstvo/reestr-nka/
"Общественная организация ""Региональная еврейская национально-культурная автономия Новосибирской области",Новосибирская область,,2002,https://fadn.gov.ru/otkritoe-agenstvo/reestr-nka/
Общественная организация Новосибирская региональная национально-культурная автономия белорусов,Новосибирская область,,2002,https://fadn.gov.ru/otkritoe-agenstvo/reestr-nka/
"Региональная общественная организация Грузинская национально-культурная автономия Тверской области ""ИВЕРИЯ"" (Грузия)",Тверская область,,2007,https://fadn.gov.ru/otkritoe-agenstvo/reestr-nka/
"Иркутская городская общественная организация ""Бурятская национально-культурная автономия г. Иркутска""",Иркутская область,,2005,https://fadn.gov.ru/otkritoe-agenstvo/reestr-nka/
"Общественная организация Еврейская Национально-Культурная автономия муниципального образования ""город Биробиджан""",Еврейская автономная область,,2008,https://fadn.gov.ru/otkritoe-agenstvo/reestr-nka/
Общественная организация Еврейская национально-культурная автономия города Орла,Орловская область,,2003,https://fadn.gov.ru/otkritoe-agenstvo/reestr-nka/
Тверская региональная общественная организация еврейская национально-культурная автономия,Тверская область,,2007,https://fadn.gov.ru/otkritoe-agenstvo/reestr-nka/
Региональная общественная организация татарская национально-культурная автономия Архангельской области,Архангельская область,,2002,https://fadn.gov.ru/otkritoe-agenstvo/reestr-nka/
"Коми региональная общественная организация ""Еврейская национально-культурная автономия""",Республика Коми,,2002,https://fadn.gov.ru/otkritoe-agenstvo/reestr-nka/
"Белгородская региональная общественная организация ""Национально- культурная автономия евреев""",Белгородская область,,2003,https://fadn.gov.ru/otkritoe-agenstvo/reestr-nka/
"Общественная организация ""Местная Польская Национально-Культурная Автономия г.Калининграда ""Полония""",Калининградская область,,2004,https://fadn.gov.ru/otkritoe-agenstvo/reestr-nka/
"Общественная организация ""Оренбургская региональная казахская национально-культурная автономия""",Оренбургская область,,2008,https://fadn.gov.ru/otkritoe-agenstvo/reestr-nka/
"Астраханская общественная организация ""Местная немецкая национально-культурная автономия ""Единство""",Астраханская область,,2002,https://fadn.gov.ru/otkritoe-agenstvo/reestr-nka/
"Местная общественная организация ""Бурятская национально-культурная автономия Нукутского района Иркутской области""",Иркутская область,,2007,https://fadn.gov.ru/otkritoe-agenstvo/reestr-nka/
"Общественная организация ""Региональная еврейская национально-культурная автономия Ярославской области""",Ярославская область,,2006,https://fadn.gov.ru/otkritoe-agenstvo/reestr-nka/
Общественная организация Местная еврейская национально-культурная автономия сельского поселения Караваево,Костромская область,,2006,https://fadn.gov.ru/otkritoe-agenstvo/reestr-nka/
"Волгоградская городская общественная организация ""ЕВРЕЙСКАЯ НАЦИОНАЛЬНО-КУЛЬТУРНАЯ АВТОНОМИЯ ГОРОДА ВОЛГОГРАДА""",Волгоградская область,,2004,https://fadn.gov.ru/otkritoe-agenstvo/reestr-nka/
"Общественная организация ""Краевая Национально-Культурная Автономия Немцев Алтая""",Алтайский край,,2002,https://fadn.gov.ru/otkritoe-agenstvo/reestr-nka/
"Общественная организация ""Местная национально - культурная автономия татар г. Барнаула""",Алтайский край,,2005,https://fadn.gov.ru/otkritoe-agenstvo/reestr-nka/
Общественная организация Местная белорусская национально - культурная автономия г. Барнаула,Алтайский край,,2004,https://fadn.gov.ru/otkritoe-agenstvo/reestr-nka/
"Общественная организация ""ВОЛГОГРАДСКАЯ РЕГИОНАЛЬНАЯ ЕВРЕЙСКАЯ НАЦИОНАЛЬНО-КУЛЬТУРНАЯ АВТОНОМИЯ""",Волгоградская область,,2005,https://fadn.gov.ru/otkritoe-agenstvo/reestr-nka/
"Общественная организация ""Местная мордовская национально-культурная автономия Мокшанского района Пензенской области""",Пензенская область,,2003,https://fadn.gov.ru/otkritoe-agenstvo/reestr-nka/
Федеральная ассирийская национально-культурная автономия,niveau fédéral,,2006,https://fadn.gov.ru/otkritoe-agenstvo/reestr-nka/
Местная общественная организация татарско-национальная культурная автономия г. Лесосибирска,Красноярский край,,2006,https://fadn.gov.ru/otkritoe-agenstvo/reestr-nka/
Местная общественная организация национально-культурная автономия татар г.Томска Томской области,Томская область,,2005,https://fadn.gov.ru/otkritoe-agenstvo/reestr-nka/
"Общественная организация ""Региональная национально-культурная автономия корейцев в Томской области""",Томская область,,2002,https://fadn.gov.ru/otkritoe-agenstvo/reestr-nka/
"Общественное объединение Местная национально-культурная автономия ""Генухцы""",Республика Дагестан,,2004,https://fadn.gov.ru/otkritoe-agenstvo/reestr-nka/
"Местная национально-культурная автономия ""Дидойцы""",Республика Дагестан,,2003,https://fadn.gov.ru/otkritoe-agenstvo/reestr-nka/
Региональная общественная организация еврейская национально-культурная автономия Орловской области,Орловская область,,2004,https://fadn.gov.ru/otkritoe-agenstvo/reestr-nka/
"Общественная организация ""Местная Татарская национально-культурная автономия Неверкинского района Пензенской области""",Пензенская область,,2003,https://fadn.gov.ru/otkritoe-agenstvo/reestr-nka/
"Магнитогорская городская общественная организация ""Местная национально-культурная автономия татар ""Татар рухы"" (Татарский дух)",Челябинская область,,2006,https://fadn.gov.ru/otkritoe-agenstvo/reestr-nka/
"Региональная общественная организация ""Татарская национально-культурная автономия Пензенской области""",Пензенская область,,2004,https://fadn.gov.ru/otkritoe-agenstvo/reestr-nka/
"Общественная организация ""Региональная мордовская национально-культурная автономия Пензенской области""",Пензенская область,,2004,https://fadn.gov.ru/otkritoe-agenstvo/reestr-nka/
"Общественная организация ""Местная армянская национально-культурная автономия г. Пензы""",Пензенская область,,2003,https://fadn.gov.ru/otkritoe-agenstvo/reestr-nka/
"Общественная организация ""Региональная еврейская национально-культурная Автономия Пензенской области""",Пензенская область,,2003,https://fadn.gov.ru/otkritoe-agenstvo/reestr-nka/
Ярославская региональная общественная организация Азербайджанская национально-культурная автономия,Ярославская область,,2002,https://fadn.gov.ru/otkritoe-agenstvo/reestr-nka/
Общественная организация национально-культурная автономия корейцев города Уссурийска,Приморский край,,2004,https://fadn.gov.ru/otkritoe-agenstvo/reestr-nka/
Общественная организация Региональная Армянская Национально-Культурная Автономия Костромской области,Костромская область,,2002,https://fadn.gov.ru/otkritoe-agenstvo/reestr-nka/
"Общественная организация ""Региональная национально-культурная автономия армян Ивановской области""",Ивановская область,,2003,https://fadn.gov.ru/otkritoe-agenstvo/reestr-nka/
Общественная организация Местная ногайская национально-культурная автономия Степновского района Ставропольского края,Ставропольский край,,2007,https://fadn.gov.ru/otkritoe-agenstvo/reestr-nka/
"Общественная организация ""Русская национально-культурная автономия Курганской области""",Курганская область,,2002,https://fadn.gov.ru/otkritoe-agenstvo/reestr-nka/
"Региональная общественная организация ""Национально-культурная автономия литовцев Калининградской области""",Калининградская область,,2003,https://fadn.gov.ru/otkritoe-agenstvo/reestr-nka/
Общественная организация - Федеральная национально-культурная Автономия литовцев Российской Федерации,niveau fédéral,,2004,https://fadn.gov.ru/otkritoe-agenstvo/reestr-nka/
Дагестанская региональная еврейская национально-культурная автономия,Республика Дагестан,,2005,https://fadn.gov.ru/otkritoe-agenstvo/reestr-nka/
"Всероссийская общественная организация Федеральная польская национально-культурная автономия ""КОНГРЕСС ПОЛЯКОВ В РОССИИ""",niveau fédéral,,2003,https://fadn.gov.ru/otkritoe-agenstvo/reestr-nka/
Общественная организация Местная немецкая национально-культурная автономия Любинского муниципального района Омской области,Омская область,,2005,https://fadn.gov.ru/otkritoe-agenstvo/reestr-nka/
Общественная организация - Местная немецкая национально-культурная автономия Москаленского муниципального района Омской области,Омская область,,2005,https://fadn.gov.ru/otkritoe-agenstvo/reestr-nka/
"Общественная организация ""Ульяновская областная чувашская национально-культурная автономия""",Ульяновская область,,2002,https://fadn.gov.ru/otkritoe-agenstvo/reestr-nka/
Общественная организация региональная национально-культурная автономия немцев Калининградской области,Калининградская область,,2003,https://fadn.gov.ru/otkritoe-agenstvo/reestr-nka/
Ярославская городская общественная организация Азербайджанская национально-культурная автономия,Ярославская область,,2002,https://fadn.gov.ru/otkritoe-agenstvo/reestr-nka/
"Региональная общественная организация ""Национально-культурная автономия армян Новосибирской области""",Новосибирская область,,2002,https://fadn.gov.ru/otkritoe-agenstvo/reestr-nka/
"Общественная организация ""Ставропольская городская греческая национально-культурная автономия""",Ставропольский край,,2003,https://fadn.gov.ru/otkritoe-agenstvo/reestr-nka/
"Общественная организация ""Дербентская еврейская национально-культурная автономия""",Республика Дагестан,,2004,https://fadn.gov.ru/otkritoe-agenstvo/reestr-nka/
"Общественная организация Региональная национально-культурная Автономия ""Калининградское землячество белорусов""",Калининградская область,,2002,https://fadn.gov.ru/otkritoe-agenstvo/reestr-nka/
Тульская городская немецкая национально-культурная автономия,Тульская область,,2004,https://fadn.gov.ru/otkritoe-agenstvo/reestr-nka/
"Местная общественная организация Национально-культурная автономия татар Тюменского района Тюменской области ""Бердэмлек"" (Единство)""",Тюменская область,,2003,https://fadn.gov.ru/otkritoe-agenstvo/reestr-nka/
Общественная организация - Немецкая национально-культурная автономия города Богородицка Тульской области,Тульская область,,2004,https://fadn.gov.ru/otkritoe-agenstvo/reestr-nka/
Общественная организация Региональная национально-культурная автономия немцев Омской области,Омская область,,2002,https://fadn.gov.ru/otkritoe-agenstvo/reestr-nka/
"Общественная организация ""Ульяновская региональная еврейская национально-культурная автономия""",Ульяновская область,,2003,https://fadn.gov.ru/otkritoe-agenstvo/reestr-nka/
"Общественная организация ""Нюгдинская еврейская национально-культурная автономия""",Республика Дагестан,,2005,https://fadn.gov.ru/otkritoe-agenstvo/reestr-nka/
Местная общественная организация еврейская национально-культурная автономия Моздокского района Республики Северная Осетия-Алания,Республика Северная Осетия - Алания,,2009,https://fadn.gov.ru/otkritoe-agenstvo/reestr-nka/
Общественная организация - Региональная Татарская национально-культурная автономия Саратовской области,Саратовская область,,2002,https://fadn.gov.ru/otkritoe-agenstvo/reestr-nka/
Общественная организация Национально-культурная автономия казахов Курганской области,Курганская область,,2005,https://fadn.gov.ru/otkritoe-agenstvo/reestr-nka/
"Ростовская региональная общественная организация ""Азербайджанская национально-культурная автономия""",Ростовская область,,2005,https://fadn.gov.ru/otkritoe-agenstvo/reestr-nka/
Общественная организация «Ульяновская областная татарская национально - культурная автономия»,Ульяновская область,,2002,https://fadn.gov.ru/otkritoe-agenstvo/reestr-nka/
"Общественная организация ""Ростовская Региональная еврейская национально-культурная автономия""",Ростовская область,,2005,https://fadn.gov.ru/otkritoe-agenstvo/reestr-nka/
"Общественная организация ""Ульяновская областная мордовская национально-культурная автономия""",Ульяновская область,,2002,https://fadn.gov.ru/otkritoe-agenstvo/reestr-nka/
"Красноярская местная общественная организация ""Бурятская национально-культурная автономия ""АЛТАН ГЭРЭЛ"" (ЗОЛОТИСТЫЙ СВЕТ)""",Красноярский край,,2005,https://fadn.gov.ru/otkritoe-agenstvo/reestr-nka/
Региональная общественная организация еврейская национально-культурная автономия Республики Северная Осетия-Алания,Республика Северная Осетия - Алания,,2009,https://fadn.gov.ru/otkritoe-agenstvo/reestr-nka/
Общественная организация «Местная немецкая национально-культурная автономия Чердаклинского района Ульяновской области»,Ульяновская область,,2003,https://fadn.gov.ru/otkritoe-agenstvo/reestr-nka/
Региональная общественная организация Еврейская национально-культурная автономия Свердловской области,Свердловская область,,2003,https://fadn.gov.ru/otkritoe-agenstvo/reestr-nka/
"Общественная организация Национально-культурная автономия корейцев г. Партизанска ""Единство""",Приморский край,,2006,https://fadn.gov.ru/otkritoe-agenstvo/reestr-nka/
"Архангельская региональная общественная организация ""Украинская национально-культурная автономия""",Архангельская область,,2002,https://fadn.gov.ru/otkritoe-agenstvo/reestr-nka/
Общественная организация - Федеральная национально-культурная автономия российских немцев,niveau fédéral,,2002,https://fadn.gov.ru/otkritoe-agenstvo/reestr-nka/
"Общественная организация Иркутская городская национально-культурная греческая автономия ""Свет Эллады""",Иркутская область,,2004,https://fadn.gov.ru/otkritoe-agenstvo/reestr-nka/
"Общественная организация Армянская Национально-культурная автономия ""НАИРИ"" г. Ставрополя",Ставропольский край,,2003,https://fadn.gov.ru/otkritoe-agenstvo/reestr-nka/
Общественная организация еврейская национально-культурная автономия Курской области,Курская область,,2003,https://fadn.gov.ru/otkritoe-agenstvo/reestr-nka/
"Общественная организация ""Местная казахская национально-культурная автономия г.Саратова""",Саратовская область,,2004,https://fadn.gov.ru/otkritoe-agenstvo/reestr-nka/
"ОБЩЕСТВЕННАЯ ОРГАНИЗАЦИЯ ""ХАБАРОВСКАЯ ГОРОДСКАЯ НАЦИОНАЛЬНО-КУЛЬТУРНАЯ АВТОНОМИЯ ТАТАР ""ХАБАР""",Хабаровский край,,2006,https://fadn.gov.ru/otkritoe-agenstvo/reestr-nka/
"Местная общественная организация украинская национально-культурная автономия ""Батькивщына"" г.Калининграда",Калининградская область,,2003,https://fadn.gov.ru/otkritoe-agenstvo/reestr-nka/
"Общественная организация ""Региональная еврейская национально-культурная автономия Смоленской области""",Смоленская область,,2006,https://fadn.gov.ru/otkritoe-agenstvo/reestr-nka/
"Омская местная общественная организация татарская национально-культурная автономия ""ИБИРЬ"" (Сибирь)",Омская область,,2003,https://fadn.gov.ru/otkritoe-agenstvo/reestr-nka/
"Общероссийская общественная организация ""Федеральная национально-культурная автономия курдов Российской Федерации""",niveau fédéral,,2002,https://fadn.gov.ru/otkritoe-agenstvo/reestr-nka/
"Общественная организация ""Федеральная национально-культурная автономия чувашей России""",niveau fédéral,,2003,https://fadn.gov.ru/otkritoe-agenstvo/reestr-nka/
Региональная национально-культурная автономия русских Калининградской области,Калининградская область,,2003,https://fadn.gov.ru/otkritoe-agenstvo/reestr-nka/
Общественная организация местная ногайская национально-культурная автономия а. Адыге-Хабль Адыге-Хабльского района Карачаево-Черкесской Республики,Карачаево-Черкесская Республика,,2011,https://fadn.gov.ru/otkritoe-agenstvo/reestr-nka/
Тверская региональная общественная организация национально-культурная автономия тверских карел,Тверская область,,2002,https://fadn.gov.ru/otkritoe-agenstvo/reestr-nka/
Общественная организация местная ногайская национально-культурная автономия а. Кызыл-Юрт Хабезского района Карачаево-Черкесской Республики,Карачаево-Черкесская Республика,,2011,https://fadn.gov.ru/otkritoe-agenstvo/reestr-nka/
"Общественная организация ""Федеральная национально-культурная автономия Белорусов России""",niveau fédéral,,2003,https://fadn.gov.ru/otkritoe-agenstvo/reestr-nka/
Общественная организация Новосибирская региональная Азербайджанская национально-культурная автономия,Новосибирская область,,2004,https://fadn.gov.ru/otkritoe-agenstvo/reestr-nka/
"Общероссийская общественная организация ""Федеральная национально-культурная автономия российских цыган""",niveau fédéral,,2003,https://fadn.gov.ru/otkritoe-agenstvo/reestr-nka/
"Общественная организация ""Местная национально-культурная автономия немцев города Черкесска Карачаево-Черкесской Республики""",Карачаево-Черкесская Республика,,2011,https://fadn.gov.ru/otkritoe-agenstvo/reestr-nka/
"Общественная организация ""Федеральная национально-культурная автономия азербайджанцев России""",niveau fédéral,,2002,https://fadn.gov.ru/otkritoe-agenstvo/reestr-nka/
Общественная организация Омская городская немецкая национально-культурная автономия,Омская область,,2003,https://fadn.gov.ru/otkritoe-agenstvo/reestr-nka/
"Общественная организация региональная ногайская национально-культурная автономия ""Ногай Эл"" (Ногайский народ) Карачаево-Черкесской Республики",Карачаево-Черкесская Республика,,2011,https://fadn.gov.ru/otkritoe-agenstvo/reestr-nka/
"Местная общественная организация ""Национально-культурная автономия поляков г. Улан-Удэ ""Наджея""",Республика Бурятия,,2005,https://fadn.gov.ru/otkritoe-agenstvo/reestr-nka/
Общественная организация Региональная Еврейская Национально-Культурная Автономия Костромской области,Костромская область,,2007,https://fadn.gov.ru/otkritoe-agenstvo/reestr-nka/
"Местная общественная организация ""Национально-культурная автономия немцев г. Екатеринбурга""",Свердловская область,,2003,https://fadn.gov.ru/otkritoe-agenstvo/reestr-nka/
Общественная организация местная национально-культурная автономия татар г. Южно-Сахалинска,Сахалинская область,,2009,https://fadn.gov.ru/otkritoe-agenstvo/reestr-nka/
"Общественная организация ""Федеральная национально-культурная автономия татар""",niveau fédéral,,2003,https://fadn.gov.ru/otkritoe-agenstvo/reestr-nka/
"Региональная общественная организация ""Национально-культурная автономия татар Тюменской области""",Тюменская область,,2003,https://fadn.gov.ru/otkritoe-agenstvo/reestr-nka/
Местная общественная организация национально-культурная автономия татар города Тобольска Тюменской области,Тюменская область,,2003,https://fadn.gov.ru/otkritoe-agenstvo/reestr-nka/
"Общественная организация местная национально-культурная бурятская автономия ""БАЙКАЛ"" г. Новосибирска",Новосибирская область,,2005,https://fadn.gov.ru/otkritoe-agenstvo/reestr-nka/
"Тверская региональная общественная организация национально-культурная автономия азербайджанцев ""Конгресс Азербайджанцев""",Тверская область,,2003,https://fadn.gov.ru/otkritoe-agenstvo/reestr-nka/
"Общественная организация ""Еврейская национально-культурная автономия г. Тюмени ""Авив""",Тюменская область,,2004,https://fadn.gov.ru/otkritoe-agenstvo/reestr-nka/
Общественная организация - Региональная национально-культурная автономия немцев Тюменской области,Тюменская область,,2003,https://fadn.gov.ru/otkritoe-agenstvo/reestr-nka/
Тюменская городская общественная организация Национально-культурная автономия татар,Тюменская область,,2003,https://fadn.gov.ru/otkritoe-agenstvo/reestr-nka/
"Региональная общественная организация ""Национально-культурная автономия немцев Томской области""",Томская область,,2003,https://fadn.gov.ru/otkritoe-agenstvo/reestr-nka/
"Общественная организация ""Федеральная еврейская национально-культурная автономия""",niveau fédéral,,2002,https://fadn.gov.ru/otkritoe-agenstvo/reestr-nka/
"Карельская Региональная Общественная Организация ""Национально-культурная автономия армян""",Республика Карелия,,2002,https://fadn.gov.ru/otkritoe-agenstvo/reestr-nka/
Общественная организация национально-культурная автономия корейцев г. Находки,Приморский край,,2003,https://fadn.gov.ru/otkritoe-agenstvo/reestr-nka/
"Общественная организация ""Национально-культурная автономия казахов Юргинского муниципального района Тюменской области""",Тюменская область,,2007,https://fadn.gov.ru/otkritoe-agenstvo/reestr-nka/
Местная общественная организация национально-культурная автономия таджиков г. Томска Томской области,Томская область,,2008,https://fadn.gov.ru/otkritoe-agenstvo/reestr-nka/
Общественная организация региональная национально-культурная автономия татар Удмуртской Республики,Удмуртская Республика,,2005,https://fadn.gov.ru/otkritoe-agenstvo/reestr-nka/
Ярославская региональная общественная организация Немецкая национально-культурная автономия,Ярославская область,,2002,https://fadn.gov.ru/otkritoe-agenstvo/reestr-nka/
"Местная общественная организация Татарская национально-культурная автономия г. Нижневартовска ""Мирас (Наследие)""",Ханты-Мансийский автономный округ,,2003,https://fadn.gov.ru/otkritoe-agenstvo/reestr-nka/
Общественная организация - Федеральная лезгинская национально-культурная автономия,niveau fédéral,,2003,https://fadn.gov.ru/otkritoe-agenstvo/reestr-nka/
"Местная общественная организация ""Бесермянская национально-культурная Автономия в г. Глазове Удмуртской Республики""",Удмуртская Республика,,2003,https://fadn.gov.ru/otkritoe-agenstvo/reestr-nka/
"Общественная организация ""Местная национально-культурная автономия татар г.Можги и Можгинского района""",Удмуртская Республика,,2002,https://fadn.gov.ru/otkritoe-agenstvo/reestr-nka/
"Общественная организация ""Местная национально-культурная автономия азербайджанцев г. Нижнего Новгорода""",Нижегородская область,,2006,https://fadn.gov.ru/otkritoe-agenstvo/reestr-nka/
"Общественная организация ""Региональная национально-культурная автономия ингерманландских финнов"" Ленинградской области",Ленинградская область,,2003,https://fadn.gov.ru/otkritoe-agenstvo/reestr-nka/
"Общественная организация ""Еврейская национально-культурная автономия Удмуртской Республики""",Удмуртская Республика,,2004,https://fadn.gov.ru/otkritoe-agenstvo/reestr-nka/
"Общественная организация ""Местная Татарская Национально-Культурная Автономия г. Обнинска""",Калужская область,,2008,https://fadn.gov.ru/otkritoe-agenstvo/reestr-nka/
Общественная организация местная татарская национально-культурная автономия Абдулинского района Оренбургской области,Оренбургская область,,2005,https://fadn.gov.ru/otkritoe-agenstvo/reestr-nka/
Городская национально-культурная автономия татар г. Тольятти,Самарская область,,2003,https://fadn.gov.ru/otkritoe-agenstvo/reestr-nka/
"Региональная общественная организация ""Национально-культурная автономия греков Республики Татарстан ""Демос"" (Народ)",Республика Татарстан (Татарстан),,2002,https://fadn.gov.ru/otkritoe-agenstvo/reestr-nka/
"Местная общественная организация ""Национально-культурная автономия хантов ""Пулнгават"" города Салехард",Ямало-Ненецкий автономный округ,,2012,https://fadn.gov.ru/otkritoe-agenstvo/reestr-nka/
"Тюменская городская общественная организация ""Национально-культурная автономия казахов г. Тюмени""",Тюменская область,,2007,https://fadn.gov.ru/otkritoe-agenstvo/reestr-nka/
МЕСТНАЯ ОБЩЕСТВЕННАЯ ОРГАНИЗАЦИЯ ГОРОДА СЫКТЫВКАРА БОЛГАРСКАЯ НАЦИОНАЛЬНО-КУЛЬТУРНАЯ АВТОНОМИЯ,Республика Коми,,2010,https://fadn.gov.ru/otkritoe-agenstvo/reestr-nka/
"Общественная организация ""Региональная национально-культурная автономия татар Республики Марий Эл""",Республика Марий Эл,,2005,https://fadn.gov.ru/otkritoe-agenstvo/reestr-nka/
"Региональная общественная организация ""Национально-культурная автономия казахов Республики Татарстан ""Казахстан""",Республика Татарстан (Татарстан),,2002,https://fadn.gov.ru/otkritoe-agenstvo/reestr-nka/
Общественная организация Немецкая Национально-культурная автономия Приморского края,Приморский край,,2002,https://fadn.gov.ru/otkritoe-agenstvo/reestr-nka/
"Общественная организация ""Местная национально-культурная автономия абазин города Карачаевска Карачаево-Черкесской Республики""",Карачаево-Черкесская Республика,,2013,https://fadn.gov.ru/otkritoe-agenstvo/reestr-nka/
"Общественная организация ""Еврейская национально-культурная автономия г. Владивостока""",Приморский край,,2003,https://fadn.gov.ru/otkritoe-agenstvo/reestr-nka/
"Общественная организация ""Региональная национально-культурная автономия абазин ""Адгылара"" (Единение) Карачаево-Черкесской Республики""",Карачаево-Черкесская Республика,,2013,https://fadn.gov.ru/otkritoe-agenstvo/reestr-nka/
"Региональная общественная организация ""Азербайджанский национально-культурный центр по Республике Ингушетия ""Шуша""",Республика Ингушетия,,2015,https://fadn.gov.ru/otkritoe-agenstvo/reestr-nka/
Общественная организация Томская городская национально-культурная автономия грузин,Томская область,,2007,https://fadn.gov.ru/otkritoe-agenstvo/reestr-nka/
Местная общественная организация еврейская национально-культурная автономия города Твери,Тверская область,,2004,https://fadn.gov.ru/otkritoe-agenstvo/reestr-nka/
"Местная общественная организация Башкирская национально-культурная Автономия ""Урал"" города Нижнекамска",Республика Татарстан (Татарстан),,2003,https://fadn.gov.ru/otkritoe-agenstvo/reestr-nka/
"Местная общественная организация ""Тверская городская национально-культурная корейская автономия""",Тверская область,,2003,https://fadn.gov.ru/otkritoe-agenstvo/reestr-nka/
"Местная общественная организация Чувашская национально-культурная автономия ""Ентеш"" города Салехарда",Ямало-Ненецкий автономный округ,,2013,https://fadn.gov.ru/otkritoe-agenstvo/reestr-nka/
"Общественная организация Местная татарская национально-культурная автономия ""ЯНАРЫШ"" (Возрождение) г. Красноярск",Красноярский край,,2004,https://fadn.gov.ru/otkritoe-agenstvo/reestr-nka/
"Общественная организация ""Местная национально-культурная автономия абазин аула Эрсакон Адыге-Хабльского района Карачаево-Черкесской Республики""",Карачаево-Черкесская Республика,,2014,https://fadn.gov.ru/otkritoe-agenstvo/reestr-nka/
"Местная общественная организация ""Национально-культурная автономия ""Курултай башкир"" города Ноябрьска",Ямало-Ненецкий автономный округ,,2013,https://fadn.gov.ru/otkritoe-agenstvo/reestr-nka/
"Региональная общественная организация ""Еврейская национально-культурная автономия Республики Хакасия""",Республика Хакасия,,2004,https://fadn.gov.ru/otkritoe-agenstvo/reestr-nka/
"Нижневартовская городская местная общественная организация ""Чувашская национально-культурная автономия города Нижневартовска ""ИЛЕМ"" (""Красота"")",Ханты-Мансийский автономный округ,,2010,https://fadn.gov.ru/otkritoe-agenstvo/reestr-nka/
"Региональная общественная организация ""Национально-культурная автономия армян Республики Татарстан""",Республика Татарстан (Татарстан),,2002,https://fadn.gov.ru/otkritoe-agenstvo/reestr-nka/
"Региональная общественная организация ""Национально-культурная автономия мордвы Республики Татарстан""",Республика Татарстан (Татарстан),,2002,https://fadn.gov.ru/otkritoe-agenstvo/reestr-nka/
"Саратовская областная общественная организация Чувашская национально-культурная автономия ""Ентеш"" (""Земляк"")",Саратовская область,,2002,https://fadn.gov.ru/otkritoe-agenstvo/reestr-nka/
"Региональная общественная организация ""Еврейская национально-культурная автономия Республики Татарстан""",Республика Татарстан (Татарстан),,2002,https://fadn.gov.ru/otkritoe-agenstvo/reestr-nka/
"Общественная организация ""Местная Национально-Культурная Автономия Татар Кильмезского района Кировской области""",Кировская область,,2007,https://fadn.gov.ru/otkritoe-agenstvo/reestr-nka/
"Санкт-Петербургская Региональная общественная организация Армянская Национально-Культурная Автономия ""АРМЯНСКИЙ НАЦИОНАЛЬНЫЙ ЦЕНТР-АРМЕНИЯ""",Санкт-Петербург,,2003,https://fadn.gov.ru/otkritoe-agenstvo/reestr-nka/
Общественная организация - Местная национально-культурная автономия немцев Марксовского района Саратовской области,Саратовская область,,2002,https://fadn.gov.ru/otkritoe-agenstvo/reestr-nka/
Общественная организация - Тульская областная немецкая национально-культурная Автономия,Тульская область,,2004,https://fadn.gov.ru/otkritoe-agenstvo/reestr-nka/
"Общественная организация ""Местная национально-культурная автономия российских немцев г. Искитима Новосибирской области""",Новосибирская область,,2007,https://fadn.gov.ru/otkritoe-agenstvo/reestr-nka/
"Общественная организация ""Местная немецкая национально-культурная автономия Сергиево-Посадского района Московской области""",Московская область,,2003,https://fadn.gov.ru/otkritoe-agenstvo/reestr-nka/
"Общественная организация ""Местная Татарская национально-культурная автономия Орехово-Зуевского района Московской области""",Московская область,,2003,https://fadn.gov.ru/otkritoe-agenstvo/reestr-nka/
"Региональная общественная организация ""Азербайджанская национально-культурная автономия Санкт-Петербурга""",Санкт-Петербург,,2003,https://fadn.gov.ru/otkritoe-agenstvo/reestr-nka/
"Тверская городская общественная организация Армянская национально-культурная автономия ""АРАРАТ""",Тверская область,,2003,https://fadn.gov.ru/otkritoe-agenstvo/reestr-nka/
"Региональная общественная организация ""Национально-культурная автономия евреев Архангельской области""",Архангельская область,,2009,https://fadn.gov.ru/otkritoe-agenstvo/reestr-nka/
"Местная общественная организация ""Национально-культурная автономия корейцев города Казани""",Республика Татарстан (Татарстан),,2002,https://fadn.gov.ru/otkritoe-agenstvo/reestr-nka/
"Региональная общественная организация ""Национально-культурная автономия узбеков Республики Татарстан""",Республика Татарстан (Татарстан),,2002,https://fadn.gov.ru/otkritoe-agenstvo/reestr-nka/
"Общественная организация ""Местная Татарская Национально-Культурная Автономия г. Сухиничи""",Калужская область,,2009,https://fadn.gov.ru/otkritoe-agenstvo/reestr-nka/
"Общественная Организация Узбекская местная национально-культурная автономия г.Нижневартовска ""Мир Вашему дому""",Ханты-Мансийский автономный округ,,2010,https://fadn.gov.ru/otkritoe-agenstvo/reestr-nka/
"Общественная организация ""Дубненская татарская национально-культурная автономия""",Московская область,,2003,https://fadn.gov.ru/otkritoe-agenstvo/reestr-nka/
"Местная общественная организация национально-культурная автономия удмуртов Чаинского района Томской области ""Восходящее солнце""",Томская область,,2009,https://fadn.gov.ru/otkritoe-agenstvo/reestr-nka/
"Архангельская местная общественная организация ""Грузинская национально-культурная автономия""",Архангельская область,,2010,https://fadn.gov.ru/otkritoe-agenstvo/reestr-nka/
"""Региональная общественная организация ""Оренбургская татарская национально-культурная автономия""",Оренбургская область,,2003,https://fadn.gov.ru/otkritoe-agenstvo/reestr-nka/
Региональная общественная организация - национально-культурная автономия поляков Карелии,Республика Карелия,,2010,https://fadn.gov.ru/otkritoe-agenstvo/reestr-nka/
Общественная организация Местная еврейская национально-культурная автономия города Новозыбкова Брянской области,Брянская область,,2008,https://fadn.gov.ru/otkritoe-agenstvo/reestr-nka/
Общественная организация Местная еврейская национально-культурная автономия города Клинцы Брянской области,Брянская область,,2008,https://fadn.gov.ru/otkritoe-agenstvo/reestr-nka/
Общественная организация Местная еврейская национально-культурная автономия города Унечи Брянской области,Брянская область,,2008,https://fadn.gov.ru/otkritoe-agenstvo/reestr-nka/
"Общественная организация ""Чувашская национально-культурная автономия Абдулинского района Оренбургской области""",Оренбургская область,,2007,https://fadn.gov.ru/otkritoe-agenstvo/reestr-nka/
"Общественная организация - ""Еврейская национально-культурная автономия г. Тулы Тульской области""",Тульская область,,2009,https://fadn.gov.ru/otkritoe-agenstvo/reestr-nka/
"Региональная общественная организация ""Национально-культурная автономия туркмен"" Республики Татарстан",Республика Татарстан (Татарстан),,2002,https://fadn.gov.ru/otkritoe-agenstvo/reestr-nka/
Общественная организация - региональная национально-культурная автономия немцев Саратовской области,Саратовская область,,2002,https://fadn.gov.ru/otkritoe-agenstvo/reestr-nka/
"Общественная организация ""Региональная Татарская Национально-Культурная Автономия Калужской области""",Калужская область,,2010,https://fadn.gov.ru/otkritoe-agenstvo/reestr-nka/
"Общественная организация ""Региональная Татарская Национально-Культурная Автономия Новосибирской области""",Новосибирская область,,2003,https://fadn.gov.ru/otkritoe-agenstvo/reestr-nka/
Общественная организация Национально-Культурная Автономия корейцев Новосибирской области,Новосибирская область,,2002,https://fadn.gov.ru/otkritoe-agenstvo/reestr-nka/
"Новосибирская местная общественная организация ""Национально-культурная автономия казахов ""Арман""",Новосибирская область,,2005,https://fadn.gov.ru/otkritoe-agenstvo/reestr-nka/
"Региональная общественная организация национально-культурная автономия ""Азербайджан"" в Республике Коми",Республика Коми,,2011,https://fadn.gov.ru/otkritoe-agenstvo/reestr-nka/
"Общественная организация ""Региональная немецкая национально-культурная автономия Московской области""",Московская область,,2003,https://fadn.gov.ru/otkritoe-agenstvo/reestr-nka/
"Тюменская региональная общественная организация ""Национально-культурная автономия казахов Тюменской области""",Тюменская область,,2007,https://fadn.gov.ru/otkritoe-agenstvo/reestr-nka/
"Местная общественная организация ""Национально-культурная автономия марийцев города Казани""",Республика Татарстан (Татарстан),,2002,https://fadn.gov.ru/otkritoe-agenstvo/reestr-nka/
"Местная общественная организация ""Национально-культурная автономия российских немцев города Котласа Архангельской области""",Архангельская область,,2011,https://fadn.gov.ru/otkritoe-agenstvo/reestr-nka/
"Общественная организация ""Еврейская национально-культурная автономия Тульской области""",Тульская область,,2009,https://fadn.gov.ru/otkritoe-agenstvo/reestr-nka/
Местная общественная организация национально-культурная автономия казахов г.Томска,Томская область,,2008,https://fadn.gov.ru/otkritoe-agenstvo/reestr-nka/
"Общественная организация ""Национально-культурная автономия татар города Костромы""",Костромская область,,2013,https://fadn.gov.ru/otkritoe-agenstvo/reestr-nka/
Петрозаводская общественная организация национально-культурная автономия немцев,Республика Карелия,,2011,https://fadn.gov.ru/otkritoe-agenstvo/reestr-nka/
"Общественная организация ""Местная Азербайджанская национально-культурная автономия г. Новосибирска""",Новосибирская область,,2002,https://fadn.gov.ru/otkritoe-agenstvo/reestr-nka/
"Общественная организация ""Местная национально-культурная автономия российских немцев Куйбышевского района Новосибирской области""",Новосибирская область,,2006,https://fadn.gov.ru/otkritoe-agenstvo/reestr-nka/
"Общественная организация ""Местная национально-культурная автономия российских немцев Краснозерского района Новосибирской области""",Новосибирская область,,2006,https://fadn.gov.ru/otkritoe-agenstvo/reestr-nka/
"Местная общественная организация ""Костромская азербайджанская национально-культурная автономия""",Костромская область,,2013,https://fadn.gov.ru/otkritoe-agenstvo/reestr-nka/
Местная общественная организация Корейская национально-культурная автономия Великого Новгорода,Новгородская область,,2011,https://fadn.gov.ru/otkritoe-agenstvo/reestr-nka/
"Местная общественная организация ""Татарская национально-культурная автономия ""Дуслык"" г. Ноябрьска",Ямало-Ненецкий автономный округ,,2015,https://fadn.gov.ru/otkritoe-agenstvo/reestr-nka/
Общественная организация Региональная еврейская национально-культурная автономия Брянской области,Брянская область,,2008,https://fadn.gov.ru/otkritoe-agenstvo/reestr-nka/
"Местная общественная организация ""Украинская национально-культурная автономия"" г.Екатеринбурга",Свердловская область,,2004,https://fadn.gov.ru/otkritoe-agenstvo/reestr-nka/
"Региональная общественная организация ""Национально-культурная автономия башкир - Курултай (конгресс) башкир Республики Татарстан""",Республика Татарстан (Татарстан),,2004,https://fadn.gov.ru/otkritoe-agenstvo/reestr-nka/
"Общественная организация ""Местная немецкая национально-культурная автономия г.Коломны Московской области""",Московская область,,2003,https://fadn.gov.ru/otkritoe-agenstvo/reestr-nka/
"Общественная организация ""Местная национально-культурная автономия немцев г. Мурманска""",Мурманская область,,2010,https://fadn.gov.ru/otkritoe-agenstvo/reestr-nka/
"Региональная общественная организация ""Украинская национально-культурная автономия Санкт-Петербурга""",Санкт-Петербург,,2003,https://fadn.gov.ru/otkritoe-agenstvo/reestr-nka/
Красноярская местная общественная организация азербайджанская национально-культурная автономия,Красноярский край,,2004,https://fadn.gov.ru/otkritoe-agenstvo/reestr-nka/
"Общественная организация ""Национально-культурная автономия татар г. Новочебоксарск Чувашской Республики""",Чувашская Республика - Чувашия,,2010,https://fadn.gov.ru/otkritoe-agenstvo/reestr-nka/
"Местная общественная организация Национально-культурная автономия ""Белорусы Архангельска""",Архангельская область,,2011,https://fadn.gov.ru/otkritoe-agenstvo/reestr-nka/
"Местная общественная организация ""Татарская национально-культурная автономия г. Мегиона ""Булгар""",Ханты-Мансийский автономный округ,,2011,https://fadn.gov.ru/otkritoe-agenstvo/reestr-nka/
Местная немецкая национально-культурная автономия Клинского района Московской области,Московская область,,2003,https://fadn.gov.ru/otkritoe-agenstvo/reestr-nka/
Общественная организация Чувашская национально-культурная автономия Грачевского района Оренбургской области,Оренбургская область,,2007,https://fadn.gov.ru/otkritoe-agenstvo/reestr-nka/
Местная Таджикская национально-культурная автономия г.Оренбурга,Оренбургская область,,2007,https://fadn.gov.ru/otkritoe-agenstvo/reestr-nka/
Общественная организация местная Еврейская национально-культурная автономия города Калининграда,Калининградская область,,2010,https://fadn.gov.ru/otkritoe-agenstvo/reestr-nka/
"Иркутская областная общественная организация ""Польская культурная автономия ""Огниво""",Иркутская область,,2002,https://fadn.gov.ru/otkritoe-agenstvo/reestr-nka/
"Общественная организация ""Местная Еврейская национально-культурная автономия г. Барнаула""",Алтайский край,,2007,https://fadn.gov.ru/otkritoe-agenstvo/reestr-nka/
"Общероссийская общественная организация ""Федеральная национально-культурная автономия казахов России""",niveau fédéral,,2007,https://fadn.gov.ru/otkritoe-agenstvo/reestr-nka/
"Общественная организация ""Местная национально-культурная автономия греков города Воронежа""",Воронежская область,,2008,https://fadn.gov.ru/otkritoe-agenstvo/reestr-nka/
"Региональная общественная организация ""Национально-культурная автономия удмуртов Республики Татарстан""",Республика Татарстан (Татарстан),,2004,https://fadn.gov.ru/otkritoe-agenstvo/reestr-nka/
"Местная общественная организация ""Национально-культурная автономия украинцев города Казани""",Республика Татарстан (Татарстан),,2004,https://fadn.gov.ru/otkritoe-agenstvo/reestr-nka/
"Общественная организация ""Армавирская городская немецкая национально-культурная автономия""",Краснодарский край,,2005,https://fadn.gov.ru/otkritoe-agenstvo/reestr-nka/
"Общественная организация ""Региональная национально-культурная автономия казахов Саратовской области""",Саратовская область,,2007,https://fadn.gov.ru/otkritoe-agenstvo/reestr-nka/
"Общественная организация ""НЕМЕЦКАЯ НАЦИОНАЛЬНО-КУЛЬТУРНАЯ АВТОНОМИЯ г. ХАНТЫ-МАНСИЙСКА""",Ханты-Мансийский автономный округ,,2011,https://fadn.gov.ru/otkritoe-agenstvo/reestr-nka/
"Общественная организация ""Еврейская национально-культурная автономия города Рыбинска Ярославской области""",Ярославская область,,2005,https://fadn.gov.ru/otkritoe-agenstvo/reestr-nka/
"Местная общественная организация ""Цыганская национально-культурная автономия района ""Печатники"" Юго-восточного административного округа г. Москвы",Москва,,2003,https://fadn.gov.ru/otkritoe-agenstvo/reestr-nka/
"Местная общественная организация ""Национально - культурная автономия сибирских татар города Тюмени",Тюменская область,,2008,https://fadn.gov.ru/otkritoe-agenstvo/reestr-nka/
Местная общественная организация Узбекская национально-культурная автономия города Твери,Тверская область,,2007,https://fadn.gov.ru/otkritoe-agenstvo/reestr-nka/
"Общественная организация ""Местная национально-культурная автономия российских немцев Карасукского района Новосибирской области""",Новосибирская область,,2007,https://fadn.gov.ru/otkritoe-agenstvo/reestr-nka/
Общественная организация Красноярская региональная Чувашская национально-культурная автономия,Красноярский край,,2003,https://fadn.gov.ru/otkritoe-agenstvo/reestr-nka/
"Общественная организация ""Национально-культурная автономия татар Свердловской области""",Свердловская область,,2002,https://fadn.gov.ru/otkritoe-agenstvo/reestr-nka/
"Общественная организация Красноярская региональная литовская национально-культурная автономия ""ЛИЕТУВА""",Красноярский край,,2003,https://fadn.gov.ru/otkritoe-agenstvo/reestr-nka/
Региональная общественная организация Национально-культурная автономия немцев Татарстана,Республика Татарстан (Татарстан),,2002,https://fadn.gov.ru/otkritoe-agenstvo/reestr-nka/
"Общественная организация ""Местная татарская национально-культурная автономия г. Подольска Московской области""",Московская область,,2003,https://fadn.gov.ru/otkritoe-agenstvo/reestr-nka/
"Общественная организация ""Национально-культурная автономия татар Чувашской Республики""",Чувашская Республика - Чувашия,,2010,https://fadn.gov.ru/otkritoe-agenstvo/reestr-nka/
"Общественная организация ""Краснодарская краевая еврейская национально-культурная автономия""",Краснодарский край,,2005,https://fadn.gov.ru/otkritoe-agenstvo/reestr-nka/
"Общественная организация ""Местная татарская национально-культурная автономия городского округа Домодедово Московской области""",Московская область,,2003,https://fadn.gov.ru/otkritoe-agenstvo/reestr-nka/
"Региональная общественная организация ""Национально-культурная автономия ассирийцев Республики Татарстан""",Республика Татарстан (Татарстан),,2002,https://fadn.gov.ru/otkritoe-agenstvo/reestr-nka/
Местная татарская национально-культурная автономия Одинцовского района Московской области,Московская область,,2003,https://fadn.gov.ru/otkritoe-agenstvo/reestr-nka/
"Общественная организация ""Местная еврейская национально-культурная автономия города Липецка""",Липецкая область,,2010,https://fadn.gov.ru/otkritoe-agenstvo/reestr-nka/
"Общественная организация ""Национально-культурная автономия татар Костромского района""",Костромская область,,2015,https://fadn.gov.ru/otkritoe-agenstvo/reestr-nka/
"Самарская региональная общественная организация Национально-культурная автономия казахов ""АК ЖОЛ"" (""СВЕТЛЫЙ ПУТЬ"")",Самарская область,,2005,https://fadn.gov.ru/otkritoe-agenstvo/reestr-nka/
"Региональная общественная организация ""Национально-культурная автономия кыргызов Республики Татарстан""",Республика Татарстан (Татарстан),,2002,https://fadn.gov.ru/otkritoe-agenstvo/reestr-nka/
"Местная общественная организация ""Татарская национально-культурная автономия г. Перми""",Пермский край,,2002,https://fadn.gov.ru/otkritoe-agenstvo/reestr-nka/
"Общественная организация ""Татарская национально-культурная автономия г. Самара""",Самарская область,,2003,https://fadn.gov.ru/otkritoe-agenstvo/reestr-nka/
Общественная организация Еврейская национально-культурная автономия Иркутской области,Иркутская область,,2002,https://fadn.gov.ru/otkritoe-agenstvo/reestr-nka/
"Общественная организация ""Пятигорская городская армянская национально-культурная автономия""",Ставропольский край,,2003,https://fadn.gov.ru/otkritoe-agenstvo/reestr-nka/
"Местная общественная организация ""Национально-культурная автономия казахов г.Горно-Алтайска Республики Алтай""",Республика Алтай,,2016,https://fadn.gov.ru/otkritoe-agenstvo/reestr-nka/
"Местная общественная организация ""Национально-культурная автономия кумыков ""ТЕРЕ"" Гудермесского района Чеченской Республики",Чеченская Республика,,2013,https://fadn.gov.ru/otkritoe-agenstvo/reestr-nka/
Городская общественная организация - Татарская национально-культурная автономия г. Сочи,Краснодарский край,,2003,https://fadn.gov.ru/otkritoe-agenstvo/reestr-nka/
Общественная организация - Местная татарская национально-культурная автономия г. Новомосковска Тульской области,Тульская область,,2011,https://fadn.gov.ru/otkritoe-agenstvo/reestr-nka/
"Местная общественная организация Национально-культурная автономия казахов г. Самары ""АК ЖОЛ"" (""Светлый путь"")",Самарская область,,2003,https://fadn.gov.ru/otkritoe-agenstvo/reestr-nka/
"Местная общественная организация ""Национально-культурная автономия турок города Казани ""Анадолу"" (""Анатолия"")",Республика Татарстан (Татарстан),,2005,https://fadn.gov.ru/otkritoe-agenstvo/reestr-nka/
"Местная общественная организация Национально-культурная автономия казахов Красноярского района Самарской области ""КАНАТ"" (""Крылья"")",Самарская область,,2005,https://fadn.gov.ru/otkritoe-agenstvo/reestr-nka/
"Общественная организация ""Липецкая региональная еврейская национально-культурная автономия""",Липецкая область,,2011,https://fadn.gov.ru/otkritoe-agenstvo/reestr-nka/
Региональная общественная организация Немецкая национально-культурная автономия Республики Коми,Республика Коми,,2013,https://fadn.gov.ru/otkritoe-agenstvo/reestr-nka/
"Общественная организация ""Местная Новоуренгойская чеченская национально-культурная автономия""",Ямало-Ненецкий автономный округ,,2018,https://fadn.gov.ru/otkritoe-agenstvo/reestr-nka/
"Ростовская Городская Грузинская Национально-Культурная автономия ""Вардзиа"" (пещерный монастырский комплекс)",Ростовская область,,2007,https://fadn.gov.ru/otkritoe-agenstvo/reestr-nka/
"Региональная общественная организация ""Национально-культурная автономия казахов Республики Алтай""",Республика Алтай,,2016,https://fadn.gov.ru/otkritoe-agenstvo/reestr-nka/
Общественная организация - Национально-культурная автономия российских немцев города Ижевска,Удмуртская Республика,,2011,https://fadn.gov.ru/otkritoe-agenstvo/reestr-nka/
"Общественная организация - Местная национально-культурная Автономия таджиков ""ВАТАН"" (Родина) города Вологды",Вологодская область,,2010,https://fadn.gov.ru/otkritoe-agenstvo/reestr-nka/
"Общественная организация ""Димитровградская местная татарская национально-культурная автономия""",Ульяновская область,,2013,https://fadn.gov.ru/otkritoe-agenstvo/reestr-nka/
"Региональная общественная организация ""Национально-культурная автономия татар Костромской области""",Костромская область,,2016,https://fadn.gov.ru/otkritoe-agenstvo/reestr-nka/
"Местная общественная организация ""Башкирская национально-культурная автономия города Новый Уренгой""",Ямало-Ненецкий автономный округ,,2018,https://fadn.gov.ru/otkritoe-agenstvo/reestr-nka/
Местная общественная организация национально-культурная автономия татар города Воткинска,Удмуртская Республика,,2011,https://fadn.gov.ru/otkritoe-agenstvo/reestr-nka/
"Общественная организация ""Краснодарская краевая корейская национально-культурная автономия""",Краснодарский край,,2003,https://fadn.gov.ru/otkritoe-agenstvo/reestr-nka/
"Региональная общественная организация ""Объединенная украинская национально-культурная автономия"" в Республике Татарстан",Республика Татарстан (Татарстан),,2006,https://fadn.gov.ru/otkritoe-agenstvo/reestr-nka/
Общественная организация Местная еврейская национально-культурная автономия округа Муром Владимирской области,Владимирская область,,2013,https://fadn.gov.ru/otkritoe-agenstvo/reestr-nka/
Общественная организация Местная еврейская национально-культурная автономия города Владимира,Владимирская область,,2013,https://fadn.gov.ru/otkritoe-agenstvo/reestr-nka/
"Региональная общественная организация ""Немецкая национально-культурная автономия Удмуртской Республики""",Удмуртская Республика,,2012,https://fadn.gov.ru/otkritoe-agenstvo/reestr-nka/
"Общественная организация ""Местная чувашская национально-культурная автономия Неверкинского района Пензенской области""",Пензенская область,,2011,https://fadn.gov.ru/otkritoe-agenstvo/reestr-nka/
Общественная организация Местная национально-культурная автономия казахов города Славгорода,Алтайский край,,2007,https://fadn.gov.ru/otkritoe-agenstvo/reestr-nka/
"Общественная организация ""Оренбургская региональная таджикская национально-культурная автономия""",Оренбургская область,,2007,https://fadn.gov.ru/otkritoe-agenstvo/reestr-nka/
"Иркутская региональная общественная организация ""Бурятская национально-культурная автономия ""Иркут""",Иркутская область,,2007,https://fadn.gov.ru/otkritoe-agenstvo/reestr-nka/
"Региональная общественная организация ""Национально-культурная автономия татар Пермского края""",Пермский край,,2003,https://fadn.gov.ru/otkritoe-agenstvo/reestr-nka/
Региональная общественная организация национально-культурная автономия белорусов в Томской области,Томская область,,2010,https://fadn.gov.ru/otkritoe-agenstvo/reestr-nka/
Местная общественная организация национально-культурная автономия коми-пермяков в г. Сыктывкаре,Республика Коми,,2014,https://fadn.gov.ru/otkritoe-agenstvo/reestr-nka/
"Местная общественная организация ""Национально-культурная автономия марийцев Каракулинского района Удмуртской Республики""",Удмуртская Республика,,2012,https://fadn.gov.ru/otkritoe-agenstvo/reestr-nka/
"Общественная организация ""Местная татарская национально-культурная автономия Иссинского района Пензенской области""",Пензенская область,,2011,https://fadn.gov.ru/otkritoe-agenstvo/reestr-nka/
"Местная общественная организация ""Украинская национально - культурная автономия города Набережные Челны""",Республика Татарстан (Татарстан),,2005,https://fadn.gov.ru/otkritoe-agenstvo/reestr-nka/
"Общественная организация ""Региональная еврейская национально-культурная автономия Оренбургской области""",Оренбургская область,,2008,https://fadn.gov.ru/otkritoe-agenstvo/reestr-nka/
Общественная организация - Местная национально-культурная Автономия Белорусов города Вологды,Вологодская область,,2010,https://fadn.gov.ru/otkritoe-agenstvo/reestr-nka/
Общественная организация Региональная еврейская национально-культурная автономия Владимирской области,Владимирская область,,2013,https://fadn.gov.ru/otkritoe-agenstvo/reestr-nka/
"Пятигорская городская общественная организация немецкая национально-культурная автономия ""Квелле"" (Исток)",Ставропольский край,,2005,https://fadn.gov.ru/otkritoe-agenstvo/reestr-nka/
"Общественная организация ""Региональная армянская национально-культурная автономия Ставропольского края""",Ставропольский край,,2003,https://fadn.gov.ru/otkritoe-agenstvo/reestr-nka/
Общественная организация Федеральная национально-культурная автономия греков России,niveau fédéral,,2011,https://fadn.gov.ru/otkritoe-agenstvo/reestr-nka/
"Общественная организация ""Региональная азербайджанская национально-культурная автономия Саратовской области""",Саратовская область,,2009,https://fadn.gov.ru/otkritoe-agenstvo/reestr-nka/
"Общественная организация ""Местная татарская национально-культурная автономия Холмского городского округа Сахалинской области""",Сахалинская область,,2015,https://fadn.gov.ru/otkritoe-agenstvo/reestr-nka/
Общественная организация Ногайская региональная национально-культурная автономия Ставропольского края,Ставропольский край,,2008,https://fadn.gov.ru/otkritoe-agenstvo/reestr-nka/
"Общественная организация Местная Национально-Культурная Автономия Казахов ""Асыл-Мура (Драгоценное наследие)"" г. Барнаула Алтайского края",Алтайский край,,2007,https://fadn.gov.ru/otkritoe-agenstvo/reestr-nka/
"Общественная организация ""Местная татарская национально-культурная автономия городского округа ""Долинский"" Сахалинской области""",Сахалинская область,,2015,https://fadn.gov.ru/otkritoe-agenstvo/reestr-nka/
"Общественная организация ""Местная татарская национально-культурная автономия Невельского городского округа Сахалинской области""",Сахалинская область,,2015,https://fadn.gov.ru/otkritoe-agenstvo/reestr-nka/
Алтайская краевая общественная организация «Национально-Культурная автономия казахов»,Алтайский край,,2008,https://fadn.gov.ru/otkritoe-agenstvo/reestr-nka/
"Петрозаводская общественная организация местная национально-культурная автономия белорусов ""Белая Русь""",Республика Карелия,,2015,https://fadn.gov.ru/otkritoe-agenstvo/reestr-nka/
"Общественная организация ""Местная азербайджанская национально-культурная автономия города Саратова""",Саратовская область,,2008,https://fadn.gov.ru/otkritoe-agenstvo/reestr-nka/
"Региональная общественная организация ""Еврейская национально-культурная автономия Республики Башкортостан""",Республика Башкортостан,,2004,https://fadn.gov.ru/otkritoe-agenstvo/reestr-nka/
"Зеленоградская местная общественная организация ""Лезгинская национально-культурная автономия""",Калининградская область,,2013,https://fadn.gov.ru/otkritoe-agenstvo/reestr-nka/
"Региональная общественная организация ""Национально-культурная автономия марийцев Удмуртской Республики""",Удмуртская Республика,,2013,https://fadn.gov.ru/otkritoe-agenstvo/reestr-nka/
"Региональная общественная организация ""Татарская национально-культурная автономия Санкт-Петербурга""",Санкт-Петербург,,2003,https://fadn.gov.ru/otkritoe-agenstvo/reestr-nka/
"Общественная организация ""Местная национально-культурная автономия аварцев города Хасавюрта""",Республика Дагестан,,2011,https://fadn.gov.ru/otkritoe-agenstvo/reestr-nka/
"Местная общественная организация ""Национально-культурная автономия корейцев г. Улан-Удэ""",Республика Бурятия,,2012,https://fadn.gov.ru/otkritoe-agenstvo/reestr-nka/
"Общественная организация ""Местная Армянская национально-культурная Автономия г. Кисловодска""",Ставропольский край,,2007,https://fadn.gov.ru/otkritoe-agenstvo/reestr-nka/
"Общественная организация ""Ессентукская городская греческая национально-культурная автономия""",Ставропольский край,,2003,https://fadn.gov.ru/otkritoe-agenstvo/reestr-nka/
"Санкт-Петербургская общественная организация ""Еврейская национально-культурная автономия""",Санкт-Петербург,,2006,https://fadn.gov.ru/otkritoe-agenstvo/reestr-nka/
"Норильская местная общественная организация - национально-культурная автономия татар ""МИРАС"" (НАСЛЕДИЕ)",Красноярский край,,2007,https://fadn.gov.ru/otkritoe-agenstvo/reestr-nka/
"Местная общественная организация национально-культурная автономия армян в г. Ухте ""УРАРТУ""",Республика Коми,,2014,https://fadn.gov.ru/otkritoe-agenstvo/reestr-nka/
Местная общественная организация национально-культурная автономия татар города Кимры и Кимрского района,Тверская область,,2011,https://fadn.gov.ru/otkritoe-agenstvo/reestr-nka/
Общественная организация «Местная татарская национально-культурная автономия Старокулаткинского района Ульяновской области»,Ульяновская область,,2014,https://fadn.gov.ru/otkritoe-agenstvo/reestr-nka/
Местная общественная организация национально-культурная автономия татар города Вышний Волочек и Вышневолоцкого района,Тверская область,,2011,https://fadn.gov.ru/otkritoe-agenstvo/reestr-nka/
"ОБЩЕСТВЕННАЯ ОРГАНИЗАЦИЯ - РЕГИОНАЛЬНАЯ МАРИЙСКАЯ НАЦИОНАЛЬНО-КУЛЬТУРНАЯ АВТОНОМИЯ ""ЭРВЕЛ МАРИЙ"" РЕСПУБЛИКИ БАШКОРТОСТАН",Республика Башкортостан,,2005,https://fadn.gov.ru/otkritoe-agenstvo/reestr-nka/
"Общественная организация ""Местная еврейская национально-культурная автономия города Выборга""",Ленинградская область,,2012,https://fadn.gov.ru/otkritoe-agenstvo/reestr-nka/
Региональная общественная организация национально-культурная автономия татар Тверской области,Тверская область,,2012,https://fadn.gov.ru/otkritoe-agenstvo/reestr-nka/
"Общественная организация ""Новомосковская городская немецкая национально-культурная автономия Тульской области""",Тульская область,,2013,https://fadn.gov.ru/otkritoe-agenstvo/reestr-nka/
Местная общественная организация - марийская национально культурная автономия «Эрвел Марий» Краснокамского района Республики Башкортостан,Республика Башкортостан,,2004,https://fadn.gov.ru/otkritoe-agenstvo/reestr-nka/
"Общественная Организация Местная Национально-Культурная Автономия Казахов ""Болашак"" с. Кирей Кулундинского района Алтайского края",Алтайский край,,2007,https://fadn.gov.ru/otkritoe-agenstvo/reestr-nka/
"Красноярская местная общественная организация ""Кыргызская национально-культурная автономия""",Красноярский край,,2005,https://fadn.gov.ru/otkritoe-agenstvo/reestr-nka/
"Общественная организация "" Региональная национально-культурная автономия аварцев Республики Дагестан""",Республика Дагестан,,2012,https://fadn.gov.ru/otkritoe-agenstvo/reestr-nka/
Общественная организация «Димитровградская местная украинская национально-культурная автономия»,Ульяновская область,,2015,https://fadn.gov.ru/otkritoe-agenstvo/reestr-nka/
"Общественная организация ""Местная национально-культурная автономия татар г. Оха""",Сахалинская область,,2016,https://fadn.gov.ru/otkritoe-agenstvo/reestr-nka/
Местная национально-культурная автономия азербайджанцев Истринского района Московской области,Московская область,,2003,https://fadn.gov.ru/otkritoe-agenstvo/reestr-nka/
"Общественная организация ""Федеральная национально-культурная автономия ""Украинцы России""",niveau fédéral,,2012,https://fadn.gov.ru/otkritoe-agenstvo/reestr-nka/
"Омская городская общественная организация Местная белорусская национально-культурная автономия ""Омские белорусы""",Омская область,,2010,https://fadn.gov.ru/otkritoe-agenstvo/reestr-nka/
"Местная общественная организация армянская национально-культурная автономия Конаковского района Тверской области ""Урарту""",Тверская область,,2014,https://fadn.gov.ru/otkritoe-agenstvo/reestr-nka/
Региональная Общественная Организация Национально-Культурная Автономия греков Томской области,Томская область,,2011,https://fadn.gov.ru/otkritoe-agenstvo/reestr-nka/
Общественная организация - Ассирийская национально-культурная местная автономия ассирийцев г. Крымска и Крымского района,Краснодарский край,,2003,https://fadn.gov.ru/otkritoe-agenstvo/reestr-nka/
"Сегежская общественная организация местная национально-культурная автономия белорусов ""Сябры""",Республика Карелия,,2016,https://fadn.gov.ru/otkritoe-agenstvo/reestr-nka/
"Общественная организация местная национально-культурная автономия белорусов Кондопожского района ""Криницы""",Республика Карелия,,2016,https://fadn.gov.ru/otkritoe-agenstvo/reestr-nka/
Местная общественная организация - Национально-культурная автономия татар городского округа Сызрань,Самарская область,,2007,https://fadn.gov.ru/otkritoe-agenstvo/reestr-nka/
"местная общественная организация ""Азербайджанская национально-культурная автономия городского округа - город Галич""",Костромская область,,2018,https://fadn.gov.ru/otkritoe-agenstvo/reestr-nka/
"Региональная общественная организация ""Пермская еврейская национально-культурная автономия""",Пермский край,,2003,https://fadn.gov.ru/otkritoe-agenstvo/reestr-nka/
"Общественная организация ""Региональная национально-культурная автономия армян Тверской области""",Тверская область,,2014,https://fadn.gov.ru/otkritoe-agenstvo/reestr-nka/
"Псковская городская общественная организация ""Азербайджанская национально-культурная автономия""",Псковская область,,2014,https://fadn.gov.ru/otkritoe-agenstvo/reestr-nka/
Региональная еврейская национально-культурная автономия Самарской области «Самарский еврейский национальный центр» общественная организация,Самарская область,,2007,https://fadn.gov.ru/otkritoe-agenstvo/reestr-nka/
"Местная общественная организация ""Национально-культурная автономия немцев г. Улан-Удэ""",Республика Бурятия,,2012,https://fadn.gov.ru/otkritoe-agenstvo/reestr-nka/
"Общественная организация ""Местная чувашская национально-культурная автономия города Пензы""",Пензенская область,,2013,https://fadn.gov.ru/otkritoe-agenstvo/reestr-nka/
"Региональная общественная организация ""Национально-культурная автономия татар Республики Башкортостан""",Республика Башкортостан,,2009,https://fadn.gov.ru/otkritoe-agenstvo/reestr-nka/
"Общественная организация "" Местная национально-культурная автономия ногайцев Тарумовского района Республики Дагестан ""Ногайцы""",Республика Дагестан,,2012,https://fadn.gov.ru/otkritoe-agenstvo/reestr-nka/
"Местная общественная организация армянская национально-культурная автономия ""Аракс"" город Нягань",Ханты-Мансийский автономный округ,,2014,https://fadn.gov.ru/otkritoe-agenstvo/reestr-nka/
Общественная организация - Местная Немецкая национально-культурная Автономия Большереченского района Омской области,Омская область,,2010,https://fadn.gov.ru/otkritoe-agenstvo/reestr-nka/
"Общественная организация Региональная татарская национально-культурная автономия Красноярского края ""ЯР""",Красноярский край,,2007,https://fadn.gov.ru/otkritoe-agenstvo/reestr-nka/
Общественная организация - Местная немецкая национально-культурная автономия Азовского немецкого национального муниципального района Омской области,Омская область,,2010,https://fadn.gov.ru/otkritoe-agenstvo/reestr-nka/
Торжокская местная общественная организация Узбекская национально-культурная автономия,Тверская область,,2016,https://fadn.gov.ru/otkritoe-agenstvo/reestr-nka/
"Челябинская местная национально-культурная автономия чеченцев ""Вайнах""",Челябинская область,,2011,https://fadn.gov.ru/otkritoe-agenstvo/reestr-nka/
Региональная общественная организация Узбекская национально-культурная автономия Тверской области,Тверская область,,2016,https://fadn.gov.ru/otkritoe-agenstvo/reestr-nka/
"Местная общественная организация национально-культурная автономия кыргызов г.Оренбурга ""Мекендеш"" (""Соотечественник"")",Оренбургская область,,2010,https://fadn.gov.ru/otkritoe-agenstvo/reestr-nka/
Общественная организация - Местная национально-культурная автономия украинцев г. Саранска Республики Мордовия,Республика Мордовия,,2005,https://fadn.gov.ru/otkritoe-agenstvo/reestr-nka/
"Общественная организация ""Местная Чувашская национально-культурная автономия города Екатеринбурга""",Свердловская область,,2008,https://fadn.gov.ru/otkritoe-agenstvo/reestr-nka/
"Региональная общественная организация ""Национально-культурная автономия чувашей Самарской области""",Самарская область,,2008,https://fadn.gov.ru/otkritoe-agenstvo/reestr-nka/
"Местная общественная организация ""Армянская национально-культурная автономия Великого Новгорода""",Новгородская область,,2016,https://fadn.gov.ru/otkritoe-agenstvo/reestr-nka/
"Общественная организация ""Местная национально-культурная автономия аварцев ""Закатала-Билкан"" города Махачкалы""",Республика Дагестан,,2013,https://fadn.gov.ru/otkritoe-agenstvo/reestr-nka/
"Местная общественная организация ""Национально-культурная автономия немцев г.Томска""",Томская область,,2012,https://fadn.gov.ru/otkritoe-agenstvo/reestr-nka/
"Общественная организация ""Местная белорусская национально-культурная автономия города Смоленска""",Смоленская область,,2016,https://fadn.gov.ru/otkritoe-agenstvo/reestr-nka/
Общественная организация - Местная немецкая национально-культурная автономия Шербакульского муниципального района Омской области,Омская область,,2011,https://fadn.gov.ru/otkritoe-agenstvo/reestr-nka/
"Общественная организация ""Местная национально-культурная автономия ""Ногай Эл"" (ногайский народ) ногайцев г. Махачкалы Республики Дагестан",Республика Дагестан,,2013,https://fadn.gov.ru/otkritoe-agenstvo/reestr-nka/
"Общественная организация ""Местная еврейская национально-культурная автономия Шпаковского муниципального района Ставропольского края""",Ставропольский край,,2009,https://fadn.gov.ru/otkritoe-agenstvo/reestr-nka/
"Общественная организация ""Региональная ногайская национально-культурная автономия ""Ногай Эл"" (ногайский народ) Республики Дагестан",Республика Дагестан,,2013,https://fadn.gov.ru/otkritoe-agenstvo/reestr-nka/
"Общественная организация ""Местная еврейская национально-культурная автономия города Ставрополя""",Ставропольский край,,2009,https://fadn.gov.ru/otkritoe-agenstvo/reestr-nka/
Магнитогорская городская общественная организация - местная немецкая национально-культурная автономия,Челябинская область,,2012,https://fadn.gov.ru/otkritoe-agenstvo/reestr-nka/
"Общественная организация Городская еврейская национально-культурная автономия ""Тарбут Лаам"" (""Культура народу"") г. Самары",Самарская область,,2007,https://fadn.gov.ru/otkritoe-agenstvo/reestr-nka/
"Смоленская региональная общественная организация ""Белорусская национально-культурная автономия Смоленской области""",Смоленская область,,2016,https://fadn.gov.ru/otkritoe-agenstvo/reestr-nka/
Региональная общественная организация национально-культурная автономия белорусов Карелии,Республика Карелия,,2017,https://fadn.gov.ru/otkritoe-agenstvo/reestr-nka/
Общественная организация - Местная немецкая национально-культурная автономия Тарского муниципального района Омской области,Омская область,,2011,https://fadn.gov.ru/otkritoe-agenstvo/reestr-nka/
Местная общественная организация «Национально-культурная автономия чувашей города Самары»,Самарская область,,2008,https://fadn.gov.ru/otkritoe-agenstvo/reestr-nka/
Общественная организация Местная немецкая национально-культурная автономия Полтавского муниципального района Омской области,Омская область,,2011,https://fadn.gov.ru/otkritoe-agenstvo/reestr-nka/
Общественная организация национально-культурная автономия корейцев Приморского края,Приморский край,,2012,https://fadn.gov.ru/otkritoe-agenstvo/reestr-nka/
Общественная организация - Местная немецкая национально-культурная автономия Таврического муниципального района Омской области,Омская область,,2012,https://fadn.gov.ru/otkritoe-agenstvo/reestr-nka/
"Общественная организация ""Местная мордовская (эрзяно-мокшанская) национально-культурная автономия города Пензы""",Пензенская область,,2015,https://fadn.gov.ru/otkritoe-agenstvo/reestr-nka/
Местная общественная организация Армянская Национально-Культурная автономия р.п. Колывань Новосибирской области,Новосибирская область,,2009,https://fadn.gov.ru/otkritoe-agenstvo/reestr-nka/
"Общественная организация ""Узбекская национально-культурная автономия города Челябинска ""АЗИЯ""",Челябинская область,,2013,https://fadn.gov.ru/otkritoe-agenstvo/reestr-nka/
"Челябинская городская общественная организация кыргызская национально-культурная автономия ""Мекендештер"" (Соотечественники)",Челябинская область,,2013,https://fadn.gov.ru/otkritoe-agenstvo/reestr-nka/
"Местная общественная организация национально-культурная автономия цыган г.Томска ""Томские Цыгане""",Томская область,,2012,https://fadn.gov.ru/otkritoe-agenstvo/reestr-nka/
"Общественная организация ""Яшкинская местная национально-культурная автономия немцев""",Кемеровская область - Кузбасс,,2012,https://fadn.gov.ru/otkritoe-agenstvo/reestr-nka/
"Общественная организация ""Владимирская местная национально-культурная автономия азербайджанцев""",Владимирская область,,2016,https://fadn.gov.ru/otkritoe-agenstvo/reestr-nka/
Местная общественная организация национально-культурная автономия венгров г. Сыктывкара,Республика Коми,,2017,https://fadn.gov.ru/otkritoe-agenstvo/reestr-nka/
Общественная организация Местная национально-культурная автономия таджиков г. Новосибирска,Новосибирская область,,2009,https://fadn.gov.ru/otkritoe-agenstvo/reestr-nka/
"Общественная организация ""Александровская местная национально-культурная автономия азербайджанцев""",Владимирская область,,2016,https://fadn.gov.ru/otkritoe-agenstvo/reestr-nka/
Общественная организация местная еврейская национально-культурная автономия поселка Высокий Таловского района Воронежской области,Воронежская область,,2012,https://fadn.gov.ru/otkritoe-agenstvo/reestr-nka/
"Общественная организация ""Ковровская местная национально-культурная автономия азербайджанцев""",Владимирская область,,2016,https://fadn.gov.ru/otkritoe-agenstvo/reestr-nka/
"Общественная организация местная украинская национально-культурная автономия ""Надия"" (Надежда) Шарыповского района",Красноярский край,,2009,https://fadn.gov.ru/otkritoe-agenstvo/reestr-nka/
Общественная организация Региональная национально-культурная автономия греков Ставропольского края,Ставропольский край,,2010,https://fadn.gov.ru/otkritoe-agenstvo/reestr-nka/
Общественная организация местная белорусская национально-культурная автономия г. Красноярска,Красноярский край,,2009,https://fadn.gov.ru/otkritoe-agenstvo/reestr-nka/
"Общественная организация ""Тобольская городская еврейская национально-культурная автономия""",Тюменская область,,2014,https://fadn.gov.ru/otkritoe-agenstvo/reestr-nka/
"Местная общественная организация ""Ингушская национально-культурная автономия города Казани""",Республика Татарстан (Татарстан),,2006,https://fadn.gov.ru/otkritoe-agenstvo/reestr-nka/
Общественная организация региональная национально-культурная автономия евреев Воронежской области,Воронежская область,,2013,https://fadn.gov.ru/otkritoe-agenstvo/reestr-nka/
"Местная общественная организация ""Еврейская национально-культурная автономия города Перми""",Пермский край,,2010,https://fadn.gov.ru/otkritoe-agenstvo/reestr-nka/
Региональная общественная организация Шорская национально-культурная автономия Кемеровской области,Кемеровская область - Кузбасс,,2013,https://fadn.gov.ru/otkritoe-agenstvo/reestr-nka/
"Общественная организация ""Региональная национально-культурная автономия ассирийцев Краснодарского края ""Хаядта"" (Единение)",Краснодарский край,,2006,https://fadn.gov.ru/otkritoe-agenstvo/reestr-nka/
"Местная общественная организация ""Еврейская национально-культурная автономия города Кунгура ""Авраам""",Пермский край,,2010,https://fadn.gov.ru/otkritoe-agenstvo/reestr-nka/
"Местная общественная организация ""Национально-культурная автономия татар города Чебоксары"" Чувашской Республики",Чувашская Республика - Чувашия,,2014,https://fadn.gov.ru/otkritoe-agenstvo/reestr-nka/
"Общественная организация ""Региональная еврейская национально-культурная автономия Кемеровской области""",Кемеровская область - Кузбасс,,2013,https://fadn.gov.ru/otkritoe-agenstvo/reestr-nka/
"Общественная организация ""Местная национально-культурная автономия марийцев Шарангского муниципального округа Нижегородской области""",Нижегородская область,,2007,https://fadn.gov.ru/otkritoe-agenstvo/reestr-nka/
"Местная общественная организация ""Ингушская национально-культурная автономия г. Астрахани ""ИНГУШЕТИЯ""",Астраханская область,,2016,https://fadn.gov.ru/otkritoe-agenstvo/reestr-nka/
Местная общественная организация национально-культурная автономия башкир в г. Сыктывкаре,Республика Коми,,2017,https://fadn.gov.ru/otkritoe-agenstvo/reestr-nka/
"Местная общественная организация ""Национально-культурная автономия украинцев Полтавского района Омской области""",Омская область,,2012,https://fadn.gov.ru/otkritoe-agenstvo/reestr-nka/
"Общественная организация ""Таганрогская городская национально-культурная автономия азербайджанцев""",Ростовская область,,2004,https://fadn.gov.ru/otkritoe-agenstvo/reestr-nka/
"Местная общественная организация ""Башкирская национально-культурная автономия г. Сургута""",Ханты-Мансийский автономный округ,,2016,https://fadn.gov.ru/otkritoe-agenstvo/reestr-nka/
"Общественная организация ""Местная еврейская национально-культурная автономия города Саратова""",Саратовская область,,2012,https://fadn.gov.ru/otkritoe-agenstvo/reestr-nka/
"Местная общественная организация ""Национально-культурная автономия сибирских татар Тобольского района Тюменской области""",Тюменская область,,2014,https://fadn.gov.ru/otkritoe-agenstvo/reestr-nka/
"Местная общественная организация ""Национально-культурная автономия сибирских татар Нижнетавдинского района Тюменской области""",Тюменская область,,2014,https://fadn.gov.ru/otkritoe-agenstvo/reestr-nka/
"Местная общественная организация ""Национально-культурная автономия сибирских татар Аромашевского района Тюменской области""",Тюменская область,,2014,https://fadn.gov.ru/otkritoe-agenstvo/reestr-nka/
"Общественная организация ""Федеральная национально-культурная автономия армян России""",niveau fédéral,,2013,https://fadn.gov.ru/otkritoe-agenstvo/reestr-nka/
Самарская областная татарская национально-культурная автономия,Самарская область,,2010,https://fadn.gov.ru/otkritoe-agenstvo/reestr-nka/
"Общественная организация города Йошкар-Олы ""Местная национально-культурная автономия азербайджанцев""",Республика Марий Эл,,2018,https://fadn.gov.ru/otkritoe-agenstvo/reestr-nka/
"Общественная организация Медведевского района Республики Марий Эл ""Местная национально-культурная автономия азербайджанцев""",Республика Марий Эл,,2018,https://fadn.gov.ru/otkritoe-agenstvo/reestr-nka/
"Местная общественная организация ""Армянская национально-культурная автономия Выборгского района Ленинградской области ""УРАРТУ""",Ленинградская область,,2016,https://fadn.gov.ru/otkritoe-agenstvo/reestr-nka/
"Общественная организация ""Региональная национально-культурная автономия татар Алтайского края""",Алтайский край,,2011,https://fadn.gov.ru/otkritoe-agenstvo/reestr-nka/
Общественная организация Местная национально-культурная автономия немцев г. Канска,Красноярский край,,2010,https://fadn.gov.ru/otkritoe-agenstvo/reestr-nka/
Ростовская общественная организация местная национально-культурная Греческая Автономия,Ростовская область,,2009,https://fadn.gov.ru/otkritoe-agenstvo/reestr-nka/
"Общественная организация ""Региональная национально-культурная автономия татар Кировской области""",Кировская область,,2012,https://fadn.gov.ru/otkritoe-agenstvo/reestr-nka/
Общественная организация Местная немецкая национально-культурная автономия Марьяновского муниципального района Омской области,Омская область,,2013,https://fadn.gov.ru/otkritoe-agenstvo/reestr-nka/
"Местная общественная организация ""Белорусская национально-культурная автономия ""Нёман"" городского округа Тольятти""",Самарская область,,2010,https://fadn.gov.ru/otkritoe-agenstvo/reestr-nka/
"Общественная организация, местная Татарская национально-культурная Автономия ""Яна Гасыр"" (Новый Век) г. Шарыпово Красноярского края",Красноярский край,,2011,https://fadn.gov.ru/otkritoe-agenstvo/reestr-nka/
Общественная организация - Местная лезгинская национально-культурная автономия г. Дербента,Республика Дагестан,,2016,https://fadn.gov.ru/otkritoe-agenstvo/reestr-nka/
"Общественная организация ""Башкирская национально-культурная автономия г. Челябинска""",Челябинская область,,2015,https://fadn.gov.ru/otkritoe-agenstvo/reestr-nka/
"Местная общественная организация ""Татарская национально-культурная автономия Выборгского района Ленинградской области""",Ленинградская область,,2016,https://fadn.gov.ru/otkritoe-agenstvo/reestr-nka/
"Общественная организация местная хакасская национально-культурная автономия ""Хада"" (Вместе) г. Красноярск",Красноярский край,,2011,https://fadn.gov.ru/otkritoe-agenstvo/reestr-nka/
Общественная организация Местная еврейская национально-культурная автономия г. Новосибирска,Новосибирская область,,2010,https://fadn.gov.ru/otkritoe-agenstvo/reestr-nka/
Общественная организация Местная ногайская национально-культурная автономия г. Норильска,Красноярский край,,2011,https://fadn.gov.ru/otkritoe-agenstvo/reestr-nka/
"Общественная организация ""Башкирская национально-культурная автономия г. Чебаркуля и Чебаркульского района""",Челябинская область,,2015,https://fadn.gov.ru/otkritoe-agenstvo/reestr-nka/
Общественная организация Местная немецкая национально-культурная автономия Одесского муниципального района Омской области,Омская область,,2013,https://fadn.gov.ru/otkritoe-agenstvo/reestr-nka/
"Местная общественная организация национально-культурная автономия казахов ""Ынтымак"" (Содружество) г. Норильска",Красноярский край,,2011,https://fadn.gov.ru/otkritoe-agenstvo/reestr-nka/
Общественная организация Красноярская региональная национально-культурная автономия немцев,Красноярский край,,2011,https://fadn.gov.ru/otkritoe-agenstvo/reestr-nka/
Общественная организация - Местная лезгинская национально - культурная автономия г. Махачкалы,Республика Дагестан,,2016,https://fadn.gov.ru/otkritoe-agenstvo/reestr-nka/
"Общественная организация ""Ростовская городская еврейская национально-культурная автономия""",Ростовская область,,2004,https://fadn.gov.ru/otkritoe-agenstvo/reestr-nka/
Общественная организация региональная национально-культурная азербайджанская автономия Омской области,Омская область,,2013,https://fadn.gov.ru/otkritoe-agenstvo/reestr-nka/
Общественная организация Местная Узбекская национально-культурная автономия города Пензы,Пензенская область,,2017,https://fadn.gov.ru/otkritoe-agenstvo/reestr-nka/
"Ростовская городская общественная организация ""Национально-культурная Автономия Азербайджанцев""",Ростовская область,,2003,https://fadn.gov.ru/otkritoe-agenstvo/reestr-nka/
"Общественная организация ""Региональная еврейская национально-культурная автономия Ленинградской области""",Ленинградская область,,2016,https://fadn.gov.ru/otkritoe-agenstvo/reestr-nka/
"Ростовская региональная общественная организация ""Национально-культурная автономия Ассирийцев""",Ростовская область,,2004,https://fadn.gov.ru/otkritoe-agenstvo/reestr-nka/
"МЕСТНАЯ ОБЩЕСТВЕННАЯ ОРГАНИЗАЦИЯ ""КАЗАНСКАЯ АССИРИЙСКАЯ НАЦИОНАЛЬНО-КУЛЬТУРНАЯ АВТОНОМИЯ""",Республика Татарстан (Татарстан),,2010,https://fadn.gov.ru/otkritoe-agenstvo/reestr-nka/
"Общественная организация ""Местная украинская национально-культурная автономия г. Красноярска ""Барвинок""",Красноярский край,,2011,https://fadn.gov.ru/otkritoe-agenstvo/reestr-nka/
Местная общественная организация национально-культурная автономия грузин Святого Праведного Илии в г.Сыктывкаре,Республика Коми,,2018,https://fadn.gov.ru/otkritoe-agenstvo/reestr-nka/
"Местная общественная организация чувашская национально-культурная автономия ""ТАРАВАТ"" (""Радушие"") города Самара",Самарская область,,2011,https://fadn.gov.ru/otkritoe-agenstvo/reestr-nka/
"Тюменская областная общественная организация ""Национально-культурная автономия сибирских татар""",Тюменская область,,2015,https://fadn.gov.ru/otkritoe-agenstvo/reestr-nka/
"Общественная организация "" Местная национально - культурная автономия армян г . Тобольска "" Карот """,Тюменская область,,2015,https://fadn.gov.ru/otkritoe-agenstvo/reestr-nka/
"Общественная организация "" Региональная еврейская национально - культурная автономия Тюменской области "" АДАР """,Тюменская область,,2015,https://fadn.gov.ru/otkritoe-agenstvo/reestr-nka/
"Региональная общественная организация ""Башкирская национально-культурная автономия Челябинской области""",Челябинская область,,2015,https://fadn.gov.ru/otkritoe-agenstvo/reestr-nka/
"Общественная организация ""Местная национально-культурная автономия грузин города Чебоксары""",Чувашская Республика - Чувашия,,2016,https://fadn.gov.ru/otkritoe-agenstvo/reestr-nka/
"Местная общественная организация ""Национально-культурная автономия азербайджанцев города Самара""",Самарская область,,2011,https://fadn.gov.ru/otkritoe-agenstvo/reestr-nka/
"Местная общественная организация ""Татарская национально-культурная автономия Всеволожского района Ленинградской области""",Ленинградская область,,2017,https://fadn.gov.ru/otkritoe-agenstvo/reestr-nka/
"Общественная организация ""Местная национально-культурная автономия татар"" г. Кемерово",Кемеровская область - Кузбасс,,2015,https://fadn.gov.ru/otkritoe-agenstvo/reestr-nka/
"Местная общественная организация национально-культурная автономия башкир ""Дуслык"" (дружба) в г. Ухте",Республика Коми,,2018,https://fadn.gov.ru/otkritoe-agenstvo/reestr-nka/
Общественная организация Мордовская национально-культурная автономия городского округа Сызрань,Самарская область,,2011,https://fadn.gov.ru/otkritoe-agenstvo/reestr-nka/
"Региональная общественная организация ""Национально-культурная автономия ""Московские лезгины""",Москва,,2006,https://fadn.gov.ru/otkritoe-agenstvo/reestr-nka/
"Местная общественная организация национально-культурная автономия татар ""Бердэмлек"" (единство) в г. Ухте",Республика Коми,,2018,https://fadn.gov.ru/otkritoe-agenstvo/reestr-nka/
Местная общественная организация немецкой национально-культурной автономии городского округа Кинешма Ивановской области,Ивановская область,,2013,https://fadn.gov.ru/otkritoe-agenstvo/reestr-nka/
Общественная организация - Региональная еврейская национально-культурная автономия Вологодской области,Вологодская область,,2014,https://fadn.gov.ru/otkritoe-agenstvo/reestr-nka/
"Общественная организация ""Местная национально-культурная автономия татар"" г. Новокузнецк",Кемеровская область - Кузбасс,,2015,https://fadn.gov.ru/otkritoe-agenstvo/reestr-nka/
"Местная общественная организация ""Национально-культурная автономия грузин г. Казани ""Сиони""""",Республика Татарстан (Татарстан),,2010,https://fadn.gov.ru/otkritoe-agenstvo/reestr-nka/
"Общественная Организация Местная Национально-Культурная Автономия Абазин г. Кисловодска ""АБАЗАШТА""",Ставропольский край,,2010,https://fadn.gov.ru/otkritoe-agenstvo/reestr-nka/
"Местная общественная организация ""Чувашская национально-культурная автономия г. Стерлитамак Республики Башкортостан""",Республика Башкортостан,,2013,https://fadn.gov.ru/otkritoe-agenstvo/reestr-nka/
"Региональная общественная организация ""Национально-культурная автономия азербайджанцев Самарской области ""Ватан"" (""Родина"")""",Самарская область,,2011,https://fadn.gov.ru/otkritoe-agenstvo/reestr-nka/
Региональная общественная организация Татарская национально-культурная автономия Кемеровской области,Кемеровская область - Кузбасс,,2015,https://fadn.gov.ru/otkritoe-agenstvo/reestr-nka/
"Местная общественная организация чувашская национально-культурная автономия ""УЯР"" (""Ясный"") города Самара",Самарская область,,2011,https://fadn.gov.ru/otkritoe-agenstvo/reestr-nka/
"Общественная организация региональная осетинская национально-культурная автономия Красноярского края ""ИРИСТОН"" (""Осетия"")",Красноярский край,,2012,https://fadn.gov.ru/otkritoe-agenstvo/reestr-nka/
"Местная общественная организация Марийская национально-культурная автономия ""Эрвел Марий"" города Уфы Республики Башкортостан",Республика Башкортостан,,2014,https://fadn.gov.ru/otkritoe-agenstvo/reestr-nka/
"Общественная организация ""Местная узбекская национально-культурная автономия "" Щекинского района Тульской области",Тульская область,,2018,https://fadn.gov.ru/otkritoe-agenstvo/reestr-nka/
Общественная организация - Местная еврейская национально-культурная автономия города Саранска,Республика Мордовия,,2011,https://fadn.gov.ru/otkritoe-agenstvo/reestr-nka/
"Общественная организация Красноярская Местная Польская Национально-Культурная Автономия ""Дом Польский""",Красноярский край,,2012,https://fadn.gov.ru/otkritoe-agenstvo/reestr-nka/
Местная общественная организация - литовская национально-культурная автономия Центрального административного окрага города Москвы,Москва,,2003,https://fadn.gov.ru/otkritoe-agenstvo/reestr-nka/
"МЕСТНАЯ ОБЩЕСТВЕННАЯ ОРГАНИЗАЦИЯ - МАРИЙСКАЯ НАЦИОНАЛЬНО КУЛЬТУРНАЯ АВТОНОМИЯ ""ЭРВЕЛ МАРИЙ"" КАЛТАСИНСКОГО РАЙОНА РЕСПУБЛИКИ БАШКОРТОСТАН",Республика Башкортостан,,2013,https://fadn.gov.ru/otkritoe-agenstvo/reestr-nka/
"Местная общественная организация национально-культурная автономия грузин ""Руставели"" в г.Ухте",Республика Коми,,2019,https://fadn.gov.ru/otkritoe-agenstvo/reestr-nka/
"Общественная организация ""Новокуйбышевская городская Армянская национально-культурная автономия ""НАИРИ""""",Самарская область,,2012,https://fadn.gov.ru/otkritoe-agenstvo/reestr-nka/
"Общественная организация ""Самарская городская Армянская национально-культурная автономия ""НАИРИ""""",Самарская область,,2012,https://fadn.gov.ru/otkritoe-agenstvo/reestr-nka/
"Местная общественная организация чувашская национально-культурная автономия ""ПЕХИЛ"" (""Благословение"") города Самара",Самарская область,,2012,https://fadn.gov.ru/otkritoe-agenstvo/reestr-nka/
"Местная общественная организация ""Еврейская национально-культурная автономия г.Казани""",Республика Татарстан (Татарстан),,2010,https://fadn.gov.ru/otkritoe-agenstvo/reestr-nka/
Общественная организация Местная немецкая национально-культурная автономия Русско-Полянского муниципального района Омской области,Омская область,,2014,https://fadn.gov.ru/otkritoe-agenstvo/reestr-nka/
"Общественная организация ""Местная мордовская национально-культурная автономия"" г. Самары",Самарская область,,2012,https://fadn.gov.ru/otkritoe-agenstvo/reestr-nka/
"МЕСТНАЯ ОБЩЕСТВЕННАЯ ОРГАНИЗАЦИЯ ""ЧУВАШСКАЯ НАЦИОНАЛЬНО-КУЛЬТУРНАЯ АВТОНОМИЯ МУНИЦИПАЛЬНОГО РАЙОНА БЕЛЕБЕЕВСКИЙ РАЙОН РЕСПУБЛИКИ БАШКОРТОСТАН",Республика Башкортостан,,2014,https://fadn.gov.ru/otkritoe-agenstvo/reestr-nka/
Местная общественная организация Национально-культурная автономия эвенков Туруханского района Красноярского края,Красноярский край,,2012,https://fadn.gov.ru/otkritoe-agenstvo/reestr-nka/
"Общественная организация ""Местная еврейская национально-культурная автономия города Кисловодска""",Ставропольский край,,2011,https://fadn.gov.ru/otkritoe-agenstvo/reestr-nka/
"Общественная организация ""Местная мордовская национально-культурная автономия"" г.о. Жигулевск",Самарская область,,2012,https://fadn.gov.ru/otkritoe-agenstvo/reestr-nka/
"Общественная организация ""Местная мордовская нацонально-культурная автономия"" Кинель-Черкасского района Самарской области",Самарская область,,2012,https://fadn.gov.ru/otkritoe-agenstvo/reestr-nka/
Общественная организация - Федеральная национально-культурная автономия ногайцев России,niveau fédéral,,2015,https://fadn.gov.ru/otkritoe-agenstvo/reestr-nka/
"Общественная организация ""Ярославская региональная лезгинская национально-культурная автономия""",Ярославская область,,2013,https://fadn.gov.ru/otkritoe-agenstvo/reestr-nka/
"МЕСТНАЯ ОБЩЕСТВЕННАЯ ОРГАНИЗАЦИЯ ""НАЦИОНАЛЬНО-КУЛЬТУРНАЯ АВТОНОМИЯ МАРИЙЦЕВ МУНИЦИПАЛЬНОГО РАЙОНА ДЮРТЮЛИНСКИЙ РАЙОН РЕСПУБЛИКИ БАШКОРТОСТАН""",Республика Башкортостан,,2014,https://fadn.gov.ru/otkritoe-agenstvo/reestr-nka/
"МЕСТНАЯ ОБЩЕСТВЕННАЯ ОРГАНИЗАЦИЯ МАРИЙСКАЯ НАЦИОНАЛЬНО-КУЛЬТУРНАЯ АВТОНОМИЯ ""ЭРВЕЛ МАРИЙ"" ЯНАУЛЬСКОГО РАЙОНА РЕСПУБЛИКИ БАШКОРТОСТАН",Республика Башкортостан,,2014,https://fadn.gov.ru/otkritoe-agenstvo/reestr-nka/
"Общественная организация местная национально-культурная автономия Кыргызов г. Барнаула ""НашДомАлтай""",Алтайский край,,2012,https://fadn.gov.ru/otkritoe-agenstvo/reestr-nka/
Региональная общественная организация - литовская национально-культурная автономия г. Москвы,Москва,,2004,https://fadn.gov.ru/otkritoe-agenstvo/reestr-nka/
"Общественная организация ""Региональная мордовская национально-культурная автономия"" Самарской области",Самарская область,,2012,https://fadn.gov.ru/otkritoe-agenstvo/reestr-nka/
"Местная общественная организация ""Чувашская национально-культурная автономия г.Уфа Республики Башкортостан""",Республика Башкортостан,,2014,https://fadn.gov.ru/otkritoe-agenstvo/reestr-nka/
"Общественная организация ""Федеральная национально-культурная автономия марийцев России""",niveau fédéral,,2015,https://fadn.gov.ru/otkritoe-agenstvo/reestr-nka/
"Общественная организация ""Местная еврейская национально-культурная автономия г. Рузаевка""",Республика Мордовия,,2013,https://fadn.gov.ru/otkritoe-agenstvo/reestr-nka/
"Местная общественная организация ""Еврейская национально-культурная автономия города Набережные Челны""",Республика Татарстан (Татарстан),,2011,https://fadn.gov.ru/otkritoe-agenstvo/reestr-nka/
Местная общественная организация чувашская национально-культурная автономия Шигонского района Самарской области,Самарская область,,2012,https://fadn.gov.ru/otkritoe-agenstvo/reestr-nka/
"Местная общественная организация чувашская национально-культурная автономия ""Улах"" (""Посиделки"") Челно-Вершинского района Самарской области",Самарская область,,2012,https://fadn.gov.ru/otkritoe-agenstvo/reestr-nka/
"Региональная общественная организация ""Чувашская национально-культурная автономия Республики Башкортостан""",Республика Башкортостан,,2015,https://fadn.gov.ru/otkritoe-agenstvo/reestr-nka/
"Общественная организация ""Местная таджикская национально-культурная автономия г.о. Самара""",Самарская область,,2012,https://fadn.gov.ru/otkritoe-agenstvo/reestr-nka/
Общественная организация «Местная эрзянь-мокшанская национально-культурная автономия «ТУНДО» (ВЕСНА),Самарская область,,2012,https://fadn.gov.ru/otkritoe-agenstvo/reestr-nka/
"Общероссийская общественная организация ""Федеральная Грузинская национально-культурная автономия в России""",niveau fédéral,,2016,https://fadn.gov.ru/otkritoe-agenstvo/reestr-nka/
"Местная общественная организация ""Чувашская национально культурная автономия миниципального района Аургазинский район Республики Башкортостан""",Республика Башкортостан,,2015,https://fadn.gov.ru/otkritoe-agenstvo/reestr-nka/
Общественная организация Местная азербайджанская национально-культурная автономия города Нижнекамск,Республика Татарстан (Татарстан),,2011,https://fadn.gov.ru/otkritoe-agenstvo/reestr-nka/
"Местная общественная организация ""Национально-культурная автономия белорусов города Тобольска""",Тюменская область,,2016,https://fadn.gov.ru/otkritoe-agenstvo/reestr-nka/
"Региональная общественная организация ""Национально-культурная автономия марийцев Республики Татарстан""",Республика Татарстан (Татарстан),,2011,https://fadn.gov.ru/otkritoe-agenstvo/reestr-nka/
Местная общественная организация Еврейская национально-культурная автономия города Екатеринбурга,Свердловская область,,2008,https://fadn.gov.ru/otkritoe-agenstvo/reestr-nka/
"Общественная организация ""Местная еврейская национально-культурная автономия города Пятигорска""",Ставропольский край,,2011,https://fadn.gov.ru/otkritoe-agenstvo/reestr-nka/
"Общественная организация местная Пятигорская осетинская национально-культурная автономия ""Иристон""",Ставропольский край,,2011,https://fadn.gov.ru/otkritoe-agenstvo/reestr-nka/
Общественная организация - Еврейская национально-культурная автономия Республики Мордовия,Республика Мордовия,,2014,https://fadn.gov.ru/otkritoe-agenstvo/reestr-nka/
"Красноярская местная общественная организация таджикская национально-культурная автономия ""ВАТАН"" (РОДИНА)",Красноярский край,,2013,https://fadn.gov.ru/otkritoe-agenstvo/reestr-nka/
"Общественная организация ""Региональная национально-культурная автономия таджиков Самарской области""",Самарская область,,2013,https://fadn.gov.ru/otkritoe-agenstvo/reestr-nka/
"Екатеринбургская Городская Общественная Организация ""Национально-Культурная Автономия Российских Корейцев""",Свердловская область,,2007,https://fadn.gov.ru/otkritoe-agenstvo/reestr-nka/
"Местная общественная организация ""Национально - культурная автономия казахов Омутинского муниципального района Тюменской области""",Тюменская область,,2017,https://fadn.gov.ru/otkritoe-agenstvo/reestr-nka/
Местная общественная организация чувашская национально-культурная автономия Кинельского района Самарской области,Самарская область,,2013,https://fadn.gov.ru/otkritoe-agenstvo/reestr-nka/
"Местная общественная организация ""Национально-культурная автономия марийцев муниципального района Бирский район Республики Башкортостан""",Республика Башкортостан,,2016,https://fadn.gov.ru/otkritoe-agenstvo/reestr-nka/
"Местная общественная организация чувашская национально-культурная автономия ""Хавас"" (""Радостный"") города Самара",Самарская область,,2013,https://fadn.gov.ru/otkritoe-agenstvo/reestr-nka/
"Общественная организация ""Самарская городская езидская национально-культурная автономия ""ШАМС"" (Солнце)",Самарская область,,2013,https://fadn.gov.ru/otkritoe-agenstvo/reestr-nka/
"Общественная организация ""Местная национально-культурная автономия этнических немцев Немецкого национального района Алтайского края""",Алтайский край,,2013,https://fadn.gov.ru/otkritoe-agenstvo/reestr-nka/
"Местная общественная организация ""Национально-культурная автономия азербайджанцев г. Перми""",Пермский край,,2015,https://fadn.gov.ru/otkritoe-agenstvo/reestr-nka/
Миасская городская общественная организация-немецкая национально-культурная автономия,Челябинская область,,2017,https://fadn.gov.ru/otkritoe-agenstvo/reestr-nka/
"Местная общественная организация ""Национально-культурная автономия марийцев города Тюмени""",Тюменская область,,2017,https://fadn.gov.ru/otkritoe-agenstvo/reestr-nka/
Общественная организация Узбекская национально-культурная автономия города Ярославля,Ярославская область,,2014,https://fadn.gov.ru/otkritoe-agenstvo/reestr-nka/
Региональная общественная организация «Национально-культурная автономия азербайджанцев» в г. Москве,Москва,,2003,https://fadn.gov.ru/otkritoe-agenstvo/reestr-nka/
"Общественная организация ""Самарская региональная Армянская национально-культурная автономия ""НАИРИ""",Самарская область,,2014,https://fadn.gov.ru/otkritoe-agenstvo/reestr-nka/
Чебаркульская городская общественная организация-немецкая национально-культурная автономия,Челябинская область,,2017,https://fadn.gov.ru/otkritoe-agenstvo/reestr-nka/
Местная общественная организация национально-культурная автономия азербайджанцев города Кинешма Ивановской области,Ивановская область,,2016,https://fadn.gov.ru/otkritoe-agenstvo/reestr-nka/
"Региональная общественная организация ""Национально-культурная автономия белорусов Тюменской области""",Тюменская область,,2017,https://fadn.gov.ru/otkritoe-agenstvo/reestr-nka/
Общественная организация местная узбекская национально-культурная автономия города Красноярска,Красноярский край,,2014,https://fadn.gov.ru/otkritoe-agenstvo/reestr-nka/
Общественная организация - местная немецкая национально-культурная автономия Металлургического района города Челябинска,Челябинская область,,2017,https://fadn.gov.ru/otkritoe-agenstvo/reestr-nka/
Местная общественная организация чувашская национально-культурная автономия Красноярского района Самарской области,Самарская область,,2014,https://fadn.gov.ru/otkritoe-agenstvo/reestr-nka/
"Таганрогская городская армянская общественная организация национально-культурная автономия ""Наири""",Ростовская область,,2010,https://fadn.gov.ru/otkritoe-agenstvo/reestr-nka/
"Общественная организация ""Новочеркасская городская армянская национально-культурная автономия""",Ростовская область,,2010,https://fadn.gov.ru/otkritoe-agenstvo/reestr-nka/
"Местная общественная организация Марийская национально культурная автономия "" Эрвел Марий"" Мишкинского района Республики Башкортостан",Республика Башкортостан,,2016,https://fadn.gov.ru/otkritoe-agenstvo/reestr-nka/
"Местная общественная организация грузинская национально-культурная автономия Ивановского муниципального района Ивановской области ""Алазани""",Ивановская область,,2016,https://fadn.gov.ru/otkritoe-agenstvo/reestr-nka/
"Местная общественная организация Азербайджанская национально-культурная автономия города Лениногорск и Лениногорского района Республики Татарстан ""Бирлик"" (Единство)",Республика Татарстан (Татарстан),,2012,https://fadn.gov.ru/otkritoe-agenstvo/reestr-nka/
"Общественная организация ""Татарская национально-культурная автономия города Армавира ""Батыр""",Краснодарский край,,2009,https://fadn.gov.ru/otkritoe-agenstvo/reestr-nka/
"Ивановская региональная общественная организация ""Национально-культурная автономия езидов""",Ивановская область,,2016,https://fadn.gov.ru/otkritoe-agenstvo/reestr-nka/
Общественная организация местная курдская национально-культурная автономия г. Омска,Омская область,,2016,https://fadn.gov.ru/otkritoe-agenstvo/reestr-nka/
"Местная общественная организация ""Национально-культурная автономия народов Дагестана ""ДАГ-СИБ"" города Новосибирска""",Новосибирская область,,2014,https://fadn.gov.ru/otkritoe-agenstvo/reestr-nka/
"Общественная организация ""Немецкая национально-культурная автономия г.о. Самары""",Самарская область,,2014,https://fadn.gov.ru/otkritoe-agenstvo/reestr-nka/
"Общественная организация ""Местная национально-культурная автономия марийцев Кильмезского района Кировской области""",Кировская область,,2013,https://fadn.gov.ru/otkritoe-agenstvo/reestr-nka/
"Общественная организация ""Местная Чувашская Национально-Культурная Автономия г. Тольятти""",Самарская область,,2014,https://fadn.gov.ru/otkritoe-agenstvo/reestr-nka/
"Региональная общественная организация ""Немецкая национально-культурная автономия Челябинской области""",Челябинская область,,2017,https://fadn.gov.ru/otkritoe-agenstvo/reestr-nka/
Общественная организация региональная национально-культурная автономия узбеков Красноярского края,Красноярский край,,2015,https://fadn.gov.ru/otkritoe-agenstvo/reestr-nka/
"Общественная организация ""Местная национально-культурная автономия греков г. Белореченска""",Краснодарский край,,2009,https://fadn.gov.ru/otkritoe-agenstvo/reestr-nka/
"Общественная организация ""Национально-культурная автономия татар Юго-Восточного административного округа г. Москвы""",Москва,,2003,https://fadn.gov.ru/otkritoe-agenstvo/reestr-nka/
"Общественная организация ""Местная национально-культурная автономия азербайджанцев г. Улан-Удэ""",Республика Бурятия,,2018,https://fadn.gov.ru/otkritoe-agenstvo/reestr-nka/
Общественная организация Местная национально-культурная автономия греков Ейского городского поселения,Краснодарский край,,2010,https://fadn.gov.ru/otkritoe-agenstvo/reestr-nka/
"Общественная организация ""Местная национально-культурная автономия азербайджанцев Кабанского района Республики Бурятия""",Республика Бурятия,,2018,https://fadn.gov.ru/otkritoe-agenstvo/reestr-nka/
Региональная общественная организация Национально-культурная автономия азербайджанцев Ивановской области,Ивановская область,,2017,https://fadn.gov.ru/otkritoe-agenstvo/reestr-nka/
Общественная организация Краснодарская городская немецкая национально-культурная автономия,Краснодарский край,,2010,https://fadn.gov.ru/otkritoe-agenstvo/reestr-nka/
"Общественная организация ""Местная национально - культурная автономия марийцев Тоншаевского муниципального округа Нижегородской области""",Нижегородская область,,2011,https://fadn.gov.ru/otkritoe-agenstvo/reestr-nka/
"Местная общественная организация Национально-культурная автономия эвенков г. Якутска ""Дулин Буга"" (Средний мир)",Республика Саха (Якутия),,2009,https://fadn.gov.ru/otkritoe-agenstvo/reestr-nka/
"Ивановская областная общественная организация региональная грузинская национально-культурная автономия ""Иверия""",Ивановская область,,2017,https://fadn.gov.ru/otkritoe-agenstvo/reestr-nka/
"Общественная организация ""Местная национально-культурная автономия татар"" г. Осинники",Кемеровская область - Кузбасс,,2017,https://fadn.gov.ru/otkritoe-agenstvo/reestr-nka/
"Общественная организация ""Местная национально-культурная автономия марийцев Уржумского района Кировской области ""Уржум-мари""",Кировская область,,2014,https://fadn.gov.ru/otkritoe-agenstvo/reestr-nka/
"Общественная организация ""Еврейская национально-культурная автономия городского округа Мытищи Московской области""",Московская область,,2009,https://fadn.gov.ru/otkritoe-agenstvo/reestr-nka/
"Общественная организация ""Местная национально-культурная автономия курдов города Саратова""",Саратовская область,,2014,https://fadn.gov.ru/otkritoe-agenstvo/reestr-nka/
"Региональная общественная организация ""Национально-культурная автономия азербайджанцев Республики Бурятия""",Республика Бурятия,,2018,https://fadn.gov.ru/otkritoe-agenstvo/reestr-nka/
"Местная общественная организация ""Национально-культурная автономия марийцев города Набережные Челны""",Республика Татарстан (Татарстан),,2015,https://fadn.gov.ru/otkritoe-agenstvo/reestr-nka/
"Общественная организация ""Местная национально-культурная автономия татар Малмыжского района Кировской области""",Кировская область,,2014,https://fadn.gov.ru/otkritoe-agenstvo/reestr-nka/
"Общественная организация ""Немецкая национально-культурная автономия города Челябинска""",Челябинская область,,2018,https://fadn.gov.ru/otkritoe-agenstvo/reestr-nka/
"Местная общественная организация ""Армянская национально-культурная автономия города Нижнекамска""",Республика Татарстан (Татарстан),,2015,https://fadn.gov.ru/otkritoe-agenstvo/reestr-nka/
"Общественная организация Московская национально-культурная автономия поляков ""Дом Польский""",Москва,,2003,https://fadn.gov.ru/otkritoe-agenstvo/reestr-nka/
"Местная общественная организация ""Национально-культурная автономия марийцев Менделеевского района""",Республика Татарстан (Татарстан),,2015,https://fadn.gov.ru/otkritoe-agenstvo/reestr-nka/
"Местная общественная организация ""Национально-культурная автономия марийцев Агрызского района Республики Татарстан""",Республика Татарстан (Татарстан),,2015,https://fadn.gov.ru/otkritoe-agenstvo/reestr-nka/
"Общественная организация ""Местная национально-культурная автономия ногайцев Кизлярского района Республики Дагестан ""Ногай Эл""",Республика Дагестан,,2018,https://fadn.gov.ru/otkritoe-agenstvo/reestr-nka/
"Общественная организация местная национально-культурная автономия ""Белорусы Зерноградского района""",Ростовская область,,2011,https://fadn.gov.ru/otkritoe-agenstvo/reestr-nka/
"Местная общественная организация национально-культурная автономия кыргызов""Эне-Сай""(Енисей) г.Норильска",Красноярский край,,2016,https://fadn.gov.ru/otkritoe-agenstvo/reestr-nka/
Местная общественная организация узбекская национально-культурная автономия города Нижнекамск,Республика Татарстан (Татарстан),,2015,https://fadn.gov.ru/otkritoe-agenstvo/reestr-nka/
"Общественная организация местная национально-культурная автономия ""Белорусы Кагальницкого района""",Ростовская область,,2011,https://fadn.gov.ru/otkritoe-agenstvo/reestr-nka/
"Ростовская региональная общественная организация ""Армянская национально-культурная автономия ""Нор-Нахичеван""",Ростовская область,,2011,https://fadn.gov.ru/otkritoe-agenstvo/reestr-nka/
Общественная организация - Региональная национально-культурная автономия греков Краснодарского края,Краснодарский край,,2011,https://fadn.gov.ru/otkritoe-agenstvo/reestr-nka/
Общественная организация местная Азербайджанская национально-культурная автономия Шарыповского района,Красноярский край,,2016,https://fadn.gov.ru/otkritoe-agenstvo/reestr-nka/
"Общественная организация ""Местная национально-культурная автономия греков муниципального образования Крымский район""",Краснодарский край,,2011,https://fadn.gov.ru/otkritoe-agenstvo/reestr-nka/
"Общественная организация Местная чеченская национально-культурная автономия г. Красноярска ""Вайнах"" (Наши люди)",Красноярский край,,2016,https://fadn.gov.ru/otkritoe-agenstvo/reestr-nka/
Общественная организация местная Азербайджанская национально-культурная автономия Ачинского района,Красноярский край,,2016,https://fadn.gov.ru/otkritoe-agenstvo/reestr-nka/
"Региональная общественная организация ""Санкт-Петербургская литовская национально-культурная автономия""",Санкт-Петербург,,2003,https://fadn.gov.ru/otkritoe-agenstvo/reestr-nka/
"Общественная организация ""Татарская национально-культурная автономия города Ярославля""",Ярославская область,,2017,https://fadn.gov.ru/otkritoe-agenstvo/reestr-nka/
"Общественная организация ""Татарская национально-культурная автономия Угличского района Ярославской области""",Ярославская область,,2017,https://fadn.gov.ru/otkritoe-agenstvo/reestr-nka/
"Общественная организация ""Федеральная Национально-Культурная Автономия Молдаван России""",niveau fédéral,,2018,https://fadn.gov.ru/otkritoe-agenstvo/reestr-nka/
"Местная общественная организация ""Национально-культурная автономия молдаван города Тюмени ""АС-Молдова""",Тюменская область,,2018,https://fadn.gov.ru/otkritoe-agenstvo/reestr-nka/
Местная национально-культурная автономия азербайджанцев г. Махачкала,Республика Дагестан,,2018,https://fadn.gov.ru/otkritoe-agenstvo/reestr-nka/
Общественная организация Местная татарская национально-культурная автономия г. Старая Купавна Ногинского района Московской области,Московская область,,2008,https://fadn.gov.ru/otkritoe-agenstvo/reestr-nka/
"Общественная организация ""Местная еврейская национально-культурная автономия города Кирова Кировской области""",Кировская область,,2015,https://fadn.gov.ru/otkritoe-agenstvo/reestr-nka/
"Общественная организация Региональная национально-культурная автономия ""Белорусы Ростовской области""",Ростовская область,,2012,https://fadn.gov.ru/otkritoe-agenstvo/reestr-nka/
Общественная организация региональная Азербайджанская национально-культурная автономия Красноярского края,Красноярский край,,2016,https://fadn.gov.ru/otkritoe-agenstvo/reestr-nka/
"Общественная организация ""Татарская национально-культурная автономия города Тутаева Ярославской области""",Ярославская область,,2017,https://fadn.gov.ru/otkritoe-agenstvo/reestr-nka/
"Местная общественная организация ""Талышская национально-культурная автономия города Екатеринбург Свердловской области""",Свердловская область,,2013,https://fadn.gov.ru/otkritoe-agenstvo/reestr-nka/
Общественная организация местная мордовская национально-культурная автономия Абдулинского района Оренбургской области,Оренбургская область,,2012,https://fadn.gov.ru/otkritoe-agenstvo/reestr-nka/
"Челябинская городская общественная организация-местная национально-культурная автономия осетин ""Уацамонга""",Челябинская область,,2018,https://fadn.gov.ru/otkritoe-agenstvo/reestr-nka/
"Региональная Общественная Организация Национально-Культурная Автономия Абазин Ставропольского края ""АБАЗА""",Ставропольский край,,2012,https://fadn.gov.ru/otkritoe-agenstvo/reestr-nka/
"Общественная организация ""Региональная еврейская национально-культурная автономия Московской области""",Московская область,,2009,https://fadn.gov.ru/otkritoe-agenstvo/reestr-nka/
"Общественная организация ""Бурятская Местная Национально-Культурная Автономия в г.Якутске""",Республика Саха (Якутия),,2011,https://fadn.gov.ru/otkritoe-agenstvo/reestr-nka/
Сальская Городская Общественная Организация Армянская Национально-Культурная Автономия «УРАРТУ» (древнее государство),Ростовская область,,2012,https://fadn.gov.ru/otkritoe-agenstvo/reestr-nka/
"Местная общественная организация - марийская национально-культурная автономия ""Эрвел марий"" Балтачевского района Республики Башкортостан",Республика Башкортостан,,2017,https://fadn.gov.ru/otkritoe-agenstvo/reestr-nka/
"Ростовская городская общественная организация национально-культурная автономия ""Союз поляков Дона""",Ростовская область,,2012,https://fadn.gov.ru/otkritoe-agenstvo/reestr-nka/
"Местная Общественная Организация ""Национально-культурная автономия немцев г. Нижнего Тагила""",Свердловская область,,2014,https://fadn.gov.ru/otkritoe-agenstvo/reestr-nka/
"Общественная организация ""Национально-культурная автономия татар Некрасовского муниципального района Ярославской области""",Ярославская область,,2017,https://fadn.gov.ru/otkritoe-agenstvo/reestr-nka/
"Общественная организация ""Национально-культурная автономия татар Большесельского муниципального района Ярославской области""",Ярославская область,,2017,https://fadn.gov.ru/otkritoe-agenstvo/reestr-nka/
"Общественная организация ""Рязанская региональная еврейская национально-культурная автономия""",Рязанская область,,2004,https://fadn.gov.ru/otkritoe-agenstvo/reestr-nka/
"Общественная организация региональная белорусская национально-культурная автономия ""Беларусь"" Красноярского края",Красноярский край,,2017,https://fadn.gov.ru/otkritoe-agenstvo/reestr-nka/
"Местная общественная организация ""Нижнетагильская городская национально-культурная автономия башкир""",Свердловская область,,2015,https://fadn.gov.ru/otkritoe-agenstvo/reestr-nka/
"Общественная организация Местная казахская национально-культурная автономия Нововаршавского муниципального района Омской области ""Бирлик"" (Единство)",Омская область,,2018,https://fadn.gov.ru/otkritoe-agenstvo/reestr-nka/
"Региональная общественная организация ""Немецкая национально-культурная автономия Свердловской области""",Свердловская область,,2015,https://fadn.gov.ru/otkritoe-agenstvo/reestr-nka/
"Общественная организация ""Местная национально-культурная автономия татар городского округа Верхняя Пышма Свердловской области""",Свердловская область,,2015,https://fadn.gov.ru/otkritoe-agenstvo/reestr-nka/
"Общественная организация ""Местная национально-культурная автономия мордвы Лукояновского муниципального округа Нижегородской области ""Лисьмапря"" (родник)",Нижегородская область,,2013,https://fadn.gov.ru/otkritoe-agenstvo/reestr-nka/
"Местная общественная организация ""Нижнетагильская армянская национально-культурная автономия ""Эребуни""",Свердловская область,,2015,https://fadn.gov.ru/otkritoe-agenstvo/reestr-nka/
"Общественная организация ""Бурятская Местная Национально-Культурная Автономия в г. Нерюнгри""",Республика Саха (Якутия),,2013,https://fadn.gov.ru/otkritoe-agenstvo/reestr-nka/
"Общественная организация ""Региональная национально-культурная автономия татар Ярославской области""",Ярославская область,,2017,https://fadn.gov.ru/otkritoe-agenstvo/reestr-nka/
"Общественная организация ""Национально-культурная автономия татар Ярославского муниципального района Ярославской области""",Ярославская область,,2017,https://fadn.gov.ru/otkritoe-agenstvo/reestr-nka/
"Ростовская Региональная Общественная Организация Грузинская Национально-Культурная автономия ""Вардзиа""",Ростовская область,,2013,https://fadn.gov.ru/otkritoe-agenstvo/reestr-nka/
"Общественная организация ""Таганрогская городская еврейская национально-культурная автономия""",Ростовская область,,2013,https://fadn.gov.ru/otkritoe-agenstvo/reestr-nka/
Общественная организация - местная национально-культурная автономия Азербайджанцев городского округа Химки Московской области,Московская область,,2010,https://fadn.gov.ru/otkritoe-agenstvo/reestr-nka/
"Общественная организация ""Местная немецкая национально-культурная автономия"" городского округа Химки Московской области",Московская область,,2011,https://fadn.gov.ru/otkritoe-agenstvo/reestr-nka/
"ОБЩЕСТВЕННАЯ ОРГАНИЗАЦИЯ НАЦИОНАЛЬНО-КУЛЬТУРНАЯ АВТОНОМИЯ НАРОДОВ ДАГЕСТАНА Г, ВОЛГОГРАДА ""ДАГЕСТАН""",Волгоградская область,,2016,https://fadn.gov.ru/otkritoe-agenstvo/reestr-nka/
"Общественная организация ""Региональная татарская национально-культурная автономия Московской области""",Московская область,,2003,https://fadn.gov.ru/otkritoe-agenstvo/reestr-nka/
"Общественная организация ""Белорусская национально-культурная автономия Московской области""",Московская область,,2011,https://fadn.gov.ru/otkritoe-agenstvo/reestr-nka/
"Общественная организация ""Местная татарская национально-культурная автономия Мытищинского муниципального района""",Московская область,,2011,https://fadn.gov.ru/otkritoe-agenstvo/reestr-nka/
Общественная организация - Региональная национально - культурная автономия Азербайджанцев Московской области,Московская область,,2011,https://fadn.gov.ru/otkritoe-agenstvo/reestr-nka/
Региональная общественная организация национально-культурная автономия азербайджанцев Пермского края,Пермский край,,2018,https://fadn.gov.ru/otkritoe-agenstvo/reestr-nka/
"Общественная организация ""Региональная еврейская национально-культурная автономия Саратовcкой области""",Саратовская область,,2018,https://fadn.gov.ru/otkritoe-agenstvo/reestr-nka/
"Греческая национально-культурная автономия г. Рязани - ""Эллитарос""",Рязанская область,,2008,https://fadn.gov.ru/otkritoe-agenstvo/reestr-nka/
"Общественная организация ""Региональная национально-культурная автономия марийцев Кировской области ""Виче-мари (Вятские марийцы)""",Кировская область,,2018,https://fadn.gov.ru/otkritoe-agenstvo/reestr-nka/
Местная общественная организация - национально-культурная автономия мари Артинского городского округа Свердловской области,Свердловская область,,2017,https://fadn.gov.ru/otkritoe-agenstvo/reestr-nka/
"""Общественная организация местная национально-культурная автономия ""Белорусы Неклиновского района""",Ростовская область,,2014,https://fadn.gov.ru/otkritoe-agenstvo/reestr-nka/
Общественная организация Новороссийская городская немецкая национально-культурная автономия,Краснодарский край,,2012,https://fadn.gov.ru/otkritoe-agenstvo/reestr-nka/
"Новочеркасская городская общественная организация грузинская национально-культурная автономия ""Сакартвело"" (Грузия)",Ростовская область,,2014,https://fadn.gov.ru/otkritoe-agenstvo/reestr-nka/
"Местная общественная организация Константиновского района армянская национально-культурная автономия ""Урарту""",Ростовская область,,2014,https://fadn.gov.ru/otkritoe-agenstvo/reestr-nka/
"Общественная организация ""Местная татарская национально-культурная автономия Соль-Илецкого района Оренбургской области""",Оренбургская область,,2014,https://fadn.gov.ru/otkritoe-agenstvo/reestr-nka/
"ОБЩЕСТВЕННАЯ ОРГАНИЗАЦИЯ НОВОЧЕРКАССКАЯ ГОРОДСКАЯ ГРУЗИНСКАЯ НАЦИОНАЛЬНО-КУЛЬТУРНАЯ АВТОНОМИЯ ""ВАРДЗИЯ""",Ростовская область,,2014,https://fadn.gov.ru/otkritoe-agenstvo/reestr-nka/
"Общественная организация ""Чеченская национально-культурная автономия города Ставрополя ""НИЙСО""",Ставропольский край,,2014,https://fadn.gov.ru/otkritoe-agenstvo/reestr-nka/
"Общественная организация ""Сасовская местная татарская национально-культурная автономия Рязанской области""",Рязанская область,,2011,https://fadn.gov.ru/otkritoe-agenstvo/reestr-nka/
Общественная организация - местная Азербайджанская национально-культурная автономия Волоколамского района Московской области,Московская область,,2013,https://fadn.gov.ru/otkritoe-agenstvo/reestr-nka/
"Общественная организация местная национально-культурная автономия кыргызов ""Кыргыз нуру"" (Луч кыргызов) г. Дудинка",Красноярский край,,2018,https://fadn.gov.ru/otkritoe-agenstvo/reestr-nka/
Общественная организация -местная азербайджанская национально-культурная автономия Сергиево-Посадского района Московской области,Московская область,,2013,https://fadn.gov.ru/otkritoe-agenstvo/reestr-nka/
Общественная организация - местная Азербайджанская национально - культурная автономия Люберецкого района Московской области,Московская область,,2013,https://fadn.gov.ru/otkritoe-agenstvo/reestr-nka/
"Общественная организация ""Казахская национально-культурная автономия города Оренбург ""Атамекен"" (""Земля отцов"")",Оренбургская область,,2015,https://fadn.gov.ru/otkritoe-agenstvo/reestr-nka/
Общественная организация «Местная национально-культурная автономия татар города Рязани»,Рязанская область,,2012,https://fadn.gov.ru/otkritoe-agenstvo/reestr-nka/
Общественная организация - местная национально-культурная автономия азербайджанцев Ленинского района Московской области,Московская область,,2013,https://fadn.gov.ru/otkritoe-agenstvo/reestr-nka/
"Общественная организация ""Местная национально-культурная автономия немцев г. Новосибирска""",Новосибирская область,,2018,https://fadn.gov.ru/otkritoe-agenstvo/reestr-nka/
"Общественная организация ""Ингушская Национально-культурная автономия в городе Пятигорске Ставропольского края - ""МАГАС""",Ставропольский край,,2014,https://fadn.gov.ru/otkritoe-agenstvo/reestr-nka/
"Общественная организация ""Касимовская местная татарская национально - культурная автономия Рязанской области",Рязанская область,,2012,https://fadn.gov.ru/otkritoe-agenstvo/reestr-nka/
Общественная организация белорусская местная национально-культурная автономия города Таганрога,Ростовская область,,2016,https://fadn.gov.ru/otkritoe-agenstvo/reestr-nka/
"Местная общественная организация национально-культурная автономия кыргызов г. Новосибирска ""Мекендештер (Соотечественники)""",Новосибирская область,,2018,https://fadn.gov.ru/otkritoe-agenstvo/reestr-nka/
"Общественная организация ""Казахская национально-культурная автономия Соль-Илецкого района Оренбургской области""",Оренбургская область,,2016,https://fadn.gov.ru/otkritoe-agenstvo/reestr-nka/
Местная общественная организация - татарская национально-культурная автономия Восточного административного округа г. Москвы,Москва,,2003,https://fadn.gov.ru/otkritoe-agenstvo/reestr-nka/
"Общественная организация ""Казахская национально-культурная автономия города Новотроицка""",Оренбургская область,,2016,https://fadn.gov.ru/otkritoe-agenstvo/reestr-nka/
"Общественная организация ""Рязанская местная узбекская национально-культурная автономия ""АЛМАЗ""",Рязанская область,,2013,https://fadn.gov.ru/otkritoe-agenstvo/reestr-nka/
"ОБЩЕСТВЕННАЯ ОРГАНИЗАЦИЯ ""МЕСТНАЯ НАЦИОНАЛЬНО-КУЛЬТУРНАЯ АВТОНОМИЯ КАЗАХОВ ЧУЛЫМСКОГО РАЙОНА НОВОСИБИРСКОЙ ОБЛАСТИ""",Новосибирская область,,2018,https://fadn.gov.ru/otkritoe-agenstvo/reestr-nka/
"Общественная организация ""Местная национально-культурная автономия узбеков города Оренбурга""",Оренбургская область,,2016,https://fadn.gov.ru/otkritoe-agenstvo/reestr-nka/
"Общественная организация ""Местная национально-культурная автономия немцев города Королева Московской области""",Московская область,,2014,https://fadn.gov.ru/otkritoe-agenstvo/reestr-nka/
"ОБЩЕСТВЕННАЯ ОРГАНИЗАЦИЯ ""МЕСТНАЯ ТАТАРСКАЯ НАЦИОНАЛЬНО-КУЛЬТУРНАЯ АВТОНОМИЯ"" Г.ЖЕЛЕЗНОДОРОЖНЫЙ МОСКОВСКОЙ ОБЛАСТИ",Московская область,,2014,https://fadn.gov.ru/otkritoe-agenstvo/reestr-nka/
"Общественная организация ""Местная национально-культурная автономия казахов г. Орска ""АЛЕМ"" (МИР)",Оренбургская область,,2016,https://fadn.gov.ru/otkritoe-agenstvo/reestr-nka/
"Общественная организация ""Татарская местная национально-культурная автономия Южного административного округа г. Москвы""",Москва,,2003,https://fadn.gov.ru/otkritoe-agenstvo/reestr-nka/
"Региональная общественная организация ""Узбекская национально-культурная автономия Санкт-Петербурга ""Узбегим""",Санкт-Петербург,,2012,https://fadn.gov.ru/otkritoe-agenstvo/reestr-nka/
"Общественная организация ""Местная национально-культурная мордовская автономия г. Новосибирска""",Новосибирская область,,2018,https://fadn.gov.ru/otkritoe-agenstvo/reestr-nka/
"Красноярская местная общественная организация тувинская национально-культурная автономия ""Бедик сулде"" (Жизненная энергия)",Красноярский край,,2019,https://fadn.gov.ru/otkritoe-agenstvo/reestr-nka/
Местная татарская национально-культурная автономия Юго-западного административного округа г. Москвы,Москва,,2003,https://fadn.gov.ru/otkritoe-agenstvo/reestr-nka/
"Общественная организация ""Азербайджанская Национально-Культурная Автономия г. Ставрополя ""АЗЕРИ""",Ставропольский край,,2016,https://fadn.gov.ru/otkritoe-agenstvo/reestr-nka/
"Местная общественная организация ""Армянская национально-культурная автономия Люберецкого района""",Московская область,,2014,https://fadn.gov.ru/otkritoe-agenstvo/reestr-nka/
Местная общественная организация - Национально-культурная автономия Мари Красноуфимского округа Свердловской области,Свердловская область,,2018,https://fadn.gov.ru/otkritoe-agenstvo/reestr-nka/
Местная общественная организация Греческая национально-культурная автономия города Таганрога,Ростовская область,,2016,https://fadn.gov.ru/otkritoe-agenstvo/reestr-nka/
"Общественная организация ""Местная национально-культурная автономия казахов Коченевского района Новосибирской области ""Кызыл Ту"" (Красное знамя)",Новосибирская область,,2019,https://fadn.gov.ru/otkritoe-agenstvo/reestr-nka/
"Региональная общественная организация ""Казахская национально-культурная автономия Новосибирской области ""ОТАН"" (Отчизна)",Новосибирская область,,2019,https://fadn.gov.ru/otkritoe-agenstvo/reestr-nka/
"Общественная организация ""Местная татарская национально-культурная автономия Ленинского городского округа Московской области""",Московская область,,2015,https://fadn.gov.ru/otkritoe-agenstvo/reestr-nka/
"Местная общественная организация ""Азербайджанская национально-культурная автономия города Оренбурга Оренбургской области""",Оренбургская область,,2017,https://fadn.gov.ru/otkritoe-agenstvo/reestr-nka/
"Общественная организация-местная грузинская национально-культурная автономия в г. Ставрополе ""Имеди""",Ставропольский край,,2017,https://fadn.gov.ru/otkritoe-agenstvo/reestr-nka/
"Общественная организация Армянская национально-культурная автономия ""АЙК"" Минераловодского городского округа",Ставропольский край,,2017,https://fadn.gov.ru/otkritoe-agenstvo/reestr-nka/
"Региональная общественная организация ""Мордовская национально-культурная автономия Московской области""",Московская область,,2016,https://fadn.gov.ru/otkritoe-agenstvo/reestr-nka/
"Городская общественная организация ""Киргизская национально-культурная автономия Санкт-Петербурга""",Санкт-Петербург,,2014,https://fadn.gov.ru/otkritoe-agenstvo/reestr-nka/
"Рязанская местная общественная организация ""Азербайджанская национально-культурная автономия""",Рязанская область,,2015,https://fadn.gov.ru/otkritoe-agenstvo/reestr-nka/
Санкт-Петербургская общественная организация «Корейская национально-культурная автономия»,Санкт-Петербург,,2014,https://fadn.gov.ru/otkritoe-agenstvo/reestr-nka/
"Местная общественная организация ""Азербайджанская национально-культурная автономия Рузского района Московской области""",Московская область,,2016,https://fadn.gov.ru/otkritoe-agenstvo/reestr-nka/
"Местная общественная организация ""Азербайджанская национально-культурная автономия города Бузулука Оренбургской области""",Оренбургская область,,2018,https://fadn.gov.ru/otkritoe-agenstvo/reestr-nka/
"Общественная организация ""Местная национально-культурная татарская автономия ""Мирас"" (Наследие) города Орска Оренбургской области""",Оренбургская область,,2018,https://fadn.gov.ru/otkritoe-agenstvo/reestr-nka/
"Местная общественная организация ""Национально-культурная автономия молдаван ""ДОР"", Волоколамского р-на, Московской области""",Московская область,,2017,https://fadn.gov.ru/otkritoe-agenstvo/reestr-nka/
"Региональная общественная организация ""Санкт-Петербургская национально-культурная автономия грузин ""Иверия""",Санкт-Петербург,,2015,https://fadn.gov.ru/otkritoe-agenstvo/reestr-nka/
"Общественная организация ""Региональная национально-культурная автономия татар Рязанской области""",Рязанская область,,2016,https://fadn.gov.ru/otkritoe-agenstvo/reestr-nka/
"Местная общественная организация ""НАЦИОНАЛЬНО-КУЛЬТУРНАЯ АВТОНОМИЯ МОЛДАВАН ""ЛУЧАФЭРУЛ"", ОДИНЦОВСКОГО Р-НА МОСКОВСКОЙ ОБЛАСТИ""",Московская область,,2017,https://fadn.gov.ru/otkritoe-agenstvo/reestr-nka/
"Общественная организация ""Местная мордовская национально-культурная автономия"" г. Нижнего Новгорода",Нижегородская область,,2017,https://fadn.gov.ru/otkritoe-agenstvo/reestr-nka/
"Общественная организация ""Рязанская местная цыганская национально-культурная автономия""",Рязанская область,,2017,https://fadn.gov.ru/otkritoe-agenstvo/reestr-nka/
"Местная общественная организация ""Местная еврейская национально-культурная автономия городского округа Реутов Московской области """,Московская область,,2017,https://fadn.gov.ru/otkritoe-agenstvo/reestr-nka/
Общественная организация Городская национально-культурная автономия грузин города Сочи,Краснодарский край,,2017,https://fadn.gov.ru/otkritoe-agenstvo/reestr-nka/
"Местная общественная организация ""Бурятская национально-культурная автономия ""Хунхэр"" (Падь) муниципального округа ""Светлановский"" города Санкт-Петербурга""",Санкт-Петербург,,2015,https://fadn.gov.ru/otkritoe-agenstvo/reestr-nka/
"Местная общественная организация ""НАЦИОНАЛЬНО-КУЛЬТУРНАЯ АВТОНОМИЯ МОЛДАВАН ""Прут"" г. Рязань""",Рязанская область,,2018,https://fadn.gov.ru/otkritoe-agenstvo/reestr-nka/
"Местная общественная организация ""Азербайджанская национально-культурная автономия городского округа Домодедово""",Московская область,,2017,https://fadn.gov.ru/otkritoe-agenstvo/reestr-nka/
Региональная общественная организация - Армянская национально-культурная автономия г. Москвы,Москва,,2003,https://fadn.gov.ru/otkritoe-agenstvo/reestr-nka/
"Региональная общественная организация""Национально-культурная автономия молдаван ""ДОЙНА"" Московской области",Московская область,,2017,https://fadn.gov.ru/otkritoe-agenstvo/reestr-nka/
Местная общественная организация - Талышская национально-культурная автономия муниципального округа Финляндский,Санкт-Петербург,,2018,https://fadn.gov.ru/otkritoe-agenstvo/reestr-nka/
"Местная общественная организация ""Азербайджанская национально-культурная автономия городского округа Балашиха Московской области",Московская область,,2017,https://fadn.gov.ru/otkritoe-agenstvo/reestr-nka/
Городская общественная организация местная национально-культурная автономия курдов Краснодара,Краснодарский край,,2018,https://fadn.gov.ru/otkritoe-agenstvo/reestr-nka/
"Общественная организация ""Местная Чувашская национально-культурная автономия Невского района Санкт-Петербурга""",Санкт-Петербург,,2018,https://fadn.gov.ru/otkritoe-agenstvo/reestr-nka/
"Местная общественная организация ""Азербайджанская национально-культурная автономия г.о. Павловский Посад Московской области""",Московская область,,2018,https://fadn.gov.ru/otkritoe-agenstvo/reestr-nka/
"Общественная организация ""Местная национально-культурная автономия азербайджанцев городского округа Красногорск Московской области""",Московская область,,2018,https://fadn.gov.ru/otkritoe-agenstvo/reestr-nka/
Местная общественная организация-татарская национально-культурная автономия Зеленоградского административного округа г. Москвы,Москва,,2003,https://fadn.gov.ru/otkritoe-agenstvo/reestr-nka/
"Общественная организация ""Местная национально-культурная автономия азербайджанцев"" Лотошинского муниципального района Московской области",Московская область,,2018,https://fadn.gov.ru/otkritoe-agenstvo/reestr-nka/
"Региональная общественная организация ""Чувашская национально-культурная автономия Санкт-Петербурга""",Санкт-Петербург,,2018,https://fadn.gov.ru/otkritoe-agenstvo/reestr-nka/
Региональная общественная организация - Татарская национально-культурная автономия г. Москвы,Москва,,2003,https://fadn.gov.ru/otkritoe-agenstvo/reestr-nka/
Местная общественная организация «Еврейская национально-культурная автономия района Капотня города Москвы»,Москва,,2009,https://fadn.gov.ru/otkritoe-agenstvo/reestr-nka/
Местная общественная организация «Еврейская национально-культурная автономия района Перово города Москвы»,Москва,,2009,https://fadn.gov.ru/otkritoe-agenstvo/reestr-nka/
Местная общественная организация «Еврейская национально-культурная автономия Пресненского района города Москвы»,Москва,,2009,https://fadn.gov.ru/otkritoe-agenstvo/reestr-nka/
"Региональная общественная организация ""Еврейская национально-культурная автономия города Москвы""",Москва,,2010,https://fadn.gov.ru/otkritoe-agenstvo/reestr-nka/
"Местная общественная организация ""Еврейская национально-культурная автономия района Ховрино города Москвы""",Москва,,2010,https://fadn.gov.ru/otkritoe-agenstvo/reestr-nka/
"Местная общественная организация ""Татарская национально-культурная автономия Академического района Юго-Западного административного округа города Москвы""",Москва,,2010,https://fadn.gov.ru/otkritoe-agenstvo/reestr-nka/
"Общественная организация ""Местная национально-культурная автономия курдов Останкинского района города Москвы""",Москва,,2011,https://fadn.gov.ru/otkritoe-agenstvo/reestr-nka/
"Местная общественная организация ""Татарская национально-культурная автономия Бабушкинского района Северо-Восточного административного округа города Москвы""",Москва,,2011,https://fadn.gov.ru/otkritoe-agenstvo/reestr-nka/
"Местная общественная организация ""Татарская национально-культурная автономия района Люблино Юго-Восточного административного округа города Москвы""",Москва,,2011,https://fadn.gov.ru/otkritoe-agenstvo/reestr-nka/
"Местная общественная организация ""Татарская национально-культурная автономия Пресненского района Центрального административного округа города Москвы""",Москва,,2011,https://fadn.gov.ru/otkritoe-agenstvo/reestr-nka/
"Местная общественная организация ""Татарская национально-культурная автономия района Коптево Северного административного округа города Москвы""",Москва,,2011,https://fadn.gov.ru/otkritoe-agenstvo/reestr-nka/
"Местная общественная организация ""Татарская национально-культурная автономия района Замоскворечье Центрального административного округа города Москвы""",Москва,,2011,https://fadn.gov.ru/otkritoe-agenstvo/reestr-nka/
"Местная общественная организация ""Татарская национально-культурная автономия района Ясенево Юго-Западного административного округа города Москвы""",Москва,,2011,https://fadn.gov.ru/otkritoe-agenstvo/reestr-nka/
"Местная общественная организация ""Татарская национально-культурная автономия района Преображенское Восточного административного округа города Москва""",Москва,,2011,https://fadn.gov.ru/otkritoe-agenstvo/reestr-nka/
"Местная общественная организация ""Татарская национально-культурная автономия района Северное Измайлово Восточного административного округа города Москвы""",Москва,,2011,https://fadn.gov.ru/otkritoe-agenstvo/reestr-nka/
"Местная общественная организация ""Татарская национально-культурная автономия района Бирюлево Восточное Южного административного округа города Москвы""",Москва,,2012,https://fadn.gov.ru/otkritoe-agenstvo/reestr-nka/
"Местная общественная организация ""Татарская национально-культурная автономия района Орехово-Борисово Северное Южного административного округа города Москвы",Москва,,2012,https://fadn.gov.ru/otkritoe-agenstvo/reestr-nka/
"Местная общественная организация ""Татарская национально-культурная автономия района Кузьминки Юго-Восточного административного округа города Москвы",Москва,,2012,https://fadn.gov.ru/otkritoe-agenstvo/reestr-nka/
"Местная общественная организация ""Татарская национально-культурная автономия района Митино Северо-Западного административного округа города Москвы""",Москва,,2012,https://fadn.gov.ru/otkritoe-agenstvo/reestr-nka/
"Местная общественная организация ""Татарская национально-культурная автономия района Некрасовка Юго-Восточного административного округа города Москвы""",Москва,,2012,https://fadn.gov.ru/otkritoe-agenstvo/reestr-nka/
"Местная общественная организация ""Татарская национально-культурная автономия Москворечье-Сабурово Южного административного округа города Москвы""",Москва,,2012,https://fadn.gov.ru/otkritoe-agenstvo/reestr-nka/
"Местная общественная организация ""Татарская национально-культурная автономия района Вешняки Восточного административного округа города Москвы""",Москва,,2012,https://fadn.gov.ru/otkritoe-agenstvo/reestr-nka/
"Региональная общественная организация ""Национально-культурная автономия Караимов города Москвы""",Москва,,2012,https://fadn.gov.ru/otkritoe-agenstvo/reestr-nka/
"Местная общественная организация - ""Татарская национально - культурная автономия района Гольяново Восточного административного округа города Москвы""",Москва,,2013,https://fadn.gov.ru/otkritoe-agenstvo/reestr-nka/
"Региональная общественная организация ""Казахская национально-культурная автономия в городе Москве""",Москва,,2014,https://fadn.gov.ru/otkritoe-agenstvo/reestr-nka/
"Местная общественная организация ""Татарская национально-культурная автономия района Беговой Северного административного округа г. Москвы""",Москва,,2014,https://fadn.gov.ru/otkritoe-agenstvo/reestr-nka/
Местная общественная организация узбекская национально-культурная автономия района Раменки Западного административного округа города Москвы,Москва,,2014,https://fadn.gov.ru/otkritoe-agenstvo/reestr-nka/
Местная общественная организация Цахурская национально-культурная автономия района Новокосино Восточного административного округа города Москвы,Москва,,2014,https://fadn.gov.ru/otkritoe-agenstvo/reestr-nka/
"Региональная общественная организация ""Узбекская национально-культурная автономия в городе Москве""",Москва,,2015,https://fadn.gov.ru/otkritoe-agenstvo/reestr-nka/
"Местная общественная организация национально-культурная автономия ""Лезгины""",Москва,,2015,https://fadn.gov.ru/otkritoe-agenstvo/reestr-nka/
"Местная общественная организация ""Азербайджанская национально-культурная автономия района Митино Северо-Западного административного округа города Москвы""",Москва,,2015,https://fadn.gov.ru/otkritoe-agenstvo/reestr-nka/
"Местная общественная организация ""Азербайджанская национально-культурная автономия района Чертаново Центральное Южного административного округа города Москвы""",Москва,,2016,https://fadn.gov.ru/otkritoe-agenstvo/reestr-nka/
"Местная общественная организация ""Азербайджанская национально-культурная автономия района Восточное Дегунино Северного административного округа города Москвы""",Москва,,2016,https://fadn.gov.ru/otkritoe-agenstvo/reestr-nka/
"МЕСТНАЯ ОБЩЕСТВЕННАЯ ОРГАНИЗАЦИЯ «НАЦИОНАЛЬНО-КУЛЬТУРНАЯ АВТОНОМИЯ МОЛДАВАН «КОДРУ», ГОРОДСКОГО ОКРУГА ТРОИЦК, Г. МОСКВА»",Москва,,2017,https://fadn.gov.ru/otkritoe-agenstvo/reestr-nka/
"МЕСТНАЯ ОБЩЕСТВЕННАЯ ОРГАНИЗАЦИЯ ""НАЦИОНАЛЬНО-КУЛЬТУРНАЯ АВТОНОМИЯ МОЛДАВАН ""ПАТРИЯ"", ЮГО-ЗАПАДНОГО АДМИНИСТРАТИВНОГО ОКРУГА, Г. МОСКВА""",Москва,,2017,https://fadn.gov.ru/otkritoe-agenstvo/reestr-nka/
"Местная общественная организация - ""Татарская национально-культурная автономия Дмитровского района Северного административного округа города Москвы""",Москва,,2017,https://fadn.gov.ru/otkritoe-agenstvo/reestr-nka/
Местная общественная организация «Татарская национально-культурная автономия Тверского района Центрального административного округа города Москвы»,Москва,,2017,https://fadn.gov.ru/otkritoe-agenstvo/reestr-nka/
"Местная общественная организация ""Азербайджанская национально-культурная автономия района Ново-Переделкино Западного административного округа города Москвы""",Москва,,2017,https://fadn.gov.ru/otkritoe-agenstvo/reestr-nka/
"Местная общественная организация ""Азербайджанская национально-культурная автономия района Ясенево Юго-Западного административного округа города Москвы""",Москва,,2017,https://fadn.gov.ru/otkritoe-agenstvo/reestr-nka/
"Местная общественная организация - ""Татарская национально-культурная автономия Нагорного района Южного административного округа города Москвы""",Москва,,2017,https://fadn.gov.ru/otkritoe-agenstvo/reestr-nka/
"Местная общественная организация ""Азербайджанская национально-культурная автономия района Очаково-Матвеевское Западного административного округа города Москвы""",Москва,,2017,https://fadn.gov.ru/otkritoe-agenstvo/reestr-nka/
"Местная общественная организация - ""Татарская национально-культурная автономия района Южное Бутово Юго-Западного административного округа города Москвы""",Москва,,2017,https://fadn.gov.ru/otkritoe-agenstvo/reestr-nka/
"Местная общественная организация ""Азербайджанская национально-культурная автономия района Нагатинский Затон Южного административного округа города Москвы""",Москва,,2017,https://fadn.gov.ru/otkritoe-agenstvo/reestr-nka/
Региональная общественная организация «Национально-Культурная Автономия Молдаван «Дачия» г. Москва»,Москва,,2017,https://fadn.gov.ru/otkritoe-agenstvo/reestr-nka/
Местная еврейская национально-культурная автономия района Измайлово г. Москвы,Москва,,2018,https://fadn.gov.ru/otkritoe-agenstvo/reestr-nka/
Местная еврейская национально-культурная автономия района Сокольники г. Москвы,Москва,,2018,https://fadn.gov.ru/otkritoe-agenstvo/reestr-nka/
Местная еврейская национально-культурная автономия района Преображенское г. Москвы,Москва,,2018,https://fadn.gov.ru/otkritoe-agenstvo/reestr-nka/
"Общественная организация ""Местная национально-культурная автономия кыргызстанцев Северного административного округа города Москвы""",Москва,,2018,https://fadn.gov.ru/otkritoe-agenstvo/reestr-nka/
Местная еврейская национально-культурная автономия района Соколиная гора города Москвы,Москва,,2019,https://fadn.gov.ru/otkritoe-agenstvo/reestr-nka/
"""Местная общественная организация Узбекская национально-культурная автономия ""Хумо"" Перемышльского района Калужской области""",Калужская область,,2019,https://fadn.gov.ru/otkritoe-agenstvo/reestr-nka/
"Местная Общественная Организация ""Азербайджанская Национально-Культурная Автономия города Тобольска и Тобольского района Тюменской области ""АЗЕРБАЙДЖАН""",Тюменская область,,2019,https://fadn.gov.ru/otkritoe-agenstvo/reestr-nka/
Общественная организация Приморская региональная Национально-культурная Автономия Узбеков,Приморский край,,2019,https://fadn.gov.ru/otkritoe-agenstvo/reestr-nka/
"Общественная организация местная ногайская национально-культурная автономия ""Ногай Эл"" г. Новый Уренгой",Ямало-Ненецкий автономный округ,,2019,https://fadn.gov.ru/otkritoe-agenstvo/reestr-nka/
"Общественная организация-местная грузинская национально-культурная автономия в Кировском городском округе ""САМШОБЛО"" ""РОДИНА""",Ставропольский край,,2019,https://fadn.gov.ru/otkritoe-agenstvo/reestr-nka/
"Местная общественная организация ""Национально-культурная автономия удмуртов города Нижнекамска""",Республика Татарстан (Татарстан),,2019,https://fadn.gov.ru/otkritoe-agenstvo/reestr-nka/
"Местная общественная организация ""Национально-культурная автономия молдаван города Ялуторовска и Ялуторовского района Тюменской области ""АС-МОЛДОВА""",Тюменская область,,2019,https://fadn.gov.ru/otkritoe-agenstvo/reestr-nka/
"Азовская районная общественная организация Национально-культурная автономия ""Союз поляков Дона""",Ростовская область,,2019,https://fadn.gov.ru/otkritoe-agenstvo/reestr-nka/
"Общественная организация ""Местная армянская национально-культурная автономия г. Нижний Ломов Пензенской области""",Пензенская область,,2019,https://fadn.gov.ru/otkritoe-agenstvo/reestr-nka/
"Местная общественная организация ""Национально-Культурная Автономия Молдаван ""ЖОК"" г. о. Балашиха""",Московская область,,2019,https://fadn.gov.ru/otkritoe-agenstvo/reestr-nka/
"Местная общественная организация - ""Татарская национально-культурная автономия района Теплый Стан Юго-Западного административного округа города Москвы""",Москва,,2019,https://fadn.gov.ru/otkritoe-agenstvo/reestr-nka/
"Местная общественная организация ""Талышская национально-культурная автономия города Новокузнецка Кемеровской области""",Кемеровская область - Кузбасс,,2019,https://fadn.gov.ru/otkritoe-agenstvo/reestr-nka/
Общественная организация города–курорта Анапа немецкая национально–культурная автономия,Краснодарский край,,2019,https://fadn.gov.ru/otkritoe-agenstvo/reestr-nka/
"Общественная организация ""Региональная узбекская национально-культурная автономия"" Тульской области",Тульская область,,2019,https://fadn.gov.ru/otkritoe-agenstvo/reestr-nka/
"Общественная организация ""Региональная национально-культурная автономия азербайджанцев Республики Марий Эл""",Республика Марий Эл,,2019,https://fadn.gov.ru/otkritoe-agenstvo/reestr-nka/
"Курганинская районная общественная организация Национально-культурная автономия ассирийцев ""Урмия""",Краснодарский край,,2019,https://fadn.gov.ru/otkritoe-agenstvo/reestr-nka/
"Талышская национально-культурная местная автономия ""АВЕСТА"" города Иркутска",Иркутская область,,2019,https://fadn.gov.ru/otkritoe-agenstvo/reestr-nka/
"Общественная организация Сосновоборская местная польская национально-культурная автономия ""Поляки Сибири""",Красноярский край,,2019,https://fadn.gov.ru/otkritoe-agenstvo/reestr-nka/
"Общественная Организация ""Местная Национально-Культурная Автономия Молдаван города Саратова""",Саратовская область,,2019,https://fadn.gov.ru/otkritoe-agenstvo/reestr-nka/
"Общественная организация ""Местная национально-культурная автономия словенцев г. Саратова""",Саратовская область,,2019,https://fadn.gov.ru/otkritoe-agenstvo/reestr-nka/
"Местная общественная организация ""Национально-культурная автономия армян города Читы""",Забайкальский край,,2019,https://fadn.gov.ru/otkritoe-agenstvo/reestr-nka/
"Общественная организация армянская местная национально-культурная автономия ""Арарат"" города Ессентуки",Ставропольский край,,2019,https://fadn.gov.ru/otkritoe-agenstvo/reestr-nka/
"Общественная организация ""Краснодарская городская армянская национально-культурная автономия""",Краснодарский край,,2019,https://fadn.gov.ru/otkritoe-agenstvo/reestr-nka/
"Общественная организация ""Апшеронская городская армянская национально-культурная автономия""",Краснодарский край,,2019,https://fadn.gov.ru/otkritoe-agenstvo/reestr-nka/
"Общественная организация ""Азербайджанская национально-культурная автономия ""Араз"" (азербайджанское название реки на Южном Кавказе) города Железноводска""",Ставропольский край,,2019,https://fadn.gov.ru/otkritoe-agenstvo/reestr-nka/
"Общественная организация ""Местная национально-культурная автономия татар Екатеринбурга""",Свердловская область,,2019,https://fadn.gov.ru/otkritoe-agenstvo/reestr-nka/
"Общественная организация ""Местная национально-культурная автономия армян города Зеленокумска""",Ставропольский край,,2019,https://fadn.gov.ru/otkritoe-agenstvo/reestr-nka/
"Общественная организация ""Пензенская региональная армянская национально-культурная автономия""",Пензенская область,,2019,https://fadn.gov.ru/otkritoe-agenstvo/reestr-nka/
"Местная общественная организация ""Талышская национально-культурная автономия г. Мыски Кемеровской области""",Кемеровская область - Кузбасс,,2019,https://fadn.gov.ru/otkritoe-agenstvo/reestr-nka/
Местная национально-культурная автономия татар г.Махачкала Республики Дагестан,Республика Дагестан,,2019,https://fadn.gov.ru/otkritoe-agenstvo/reestr-nka/
"Общественная организация Красноярская региональная польская национально-культурная автономия ""Полонез""",Красноярский край,,2019,https://fadn.gov.ru/otkritoe-agenstvo/reestr-nka/
"Местная общественная организация ""Национально-Культурная Автономия Азербайджанцев города Архангельска""",Архангельская область,,2019,https://fadn.gov.ru/otkritoe-agenstvo/reestr-nka/
Местная общественная организация Еврейская национально-культурная автономия города Иваново Ивановской области,Ивановская область,,2019,https://fadn.gov.ru/otkritoe-agenstvo/reestr-nka/
Местная общественная организация - Армянская национально-культурная автономия города Горячий Ключ,Краснодарский край,,2020,https://fadn.gov.ru/otkritoe-agenstvo/reestr-nka/
"Общественная организация "" Региональная армянская национально-культурная автономия Краснодарского края""",Краснодарский край,,2019,https://fadn.gov.ru/otkritoe-agenstvo/reestr-nka/
Местная общественная организация национально-культурная автономия таджиков города Твери Тверской области,Тверская область,,2020,https://fadn.gov.ru/otkritoe-agenstvo/reestr-nka/
"Местная общественная организация ""Талышская национально-культурная автономия Сосьвинского городского округа""",Свердловская область,,2019,https://fadn.gov.ru/otkritoe-agenstvo/reestr-nka/
"Общественная организация ""Азербайджанская национально-культурная автономия г. Ессентуки""",Ставропольский край,,2020,https://fadn.gov.ru/otkritoe-agenstvo/reestr-nka/
Местная общественная организация национально-культурная автономия турок «Турецкая община» Чеченской Республики,Чеченская Республика,,2019,https://fadn.gov.ru/otkritoe-agenstvo/reestr-nka/
"Региональная общественная организация ""Национально-культурная автономия ногайцев Чеченской Республики""",Чеченская Республика,,2019,https://fadn.gov.ru/otkritoe-agenstvo/reestr-nka/
"Общественная организация ""Местная национально-культурная автономия Азербайджанцев городского округа Серпухов, Московской области""",Московская область,,2019,https://fadn.gov.ru/otkritoe-agenstvo/reestr-nka/
"Местная общественная организация национально-культурная автономия туркмен ""Ватан"" (Родина) г.Норильска",Красноярский край,,2020,https://fadn.gov.ru/otkritoe-agenstvo/reestr-nka/
Местная национально-культурная автономия татар г. Астрахани Астраханской области,Астраханская область,,2020,https://fadn.gov.ru/otkritoe-agenstvo/reestr-nka/
"Местная общественная организация г. Астрахани ""Еврейская национально-культурная автономия ""Надежда""",Астраханская область,,2020,https://fadn.gov.ru/otkritoe-agenstvo/reestr-nka/
Общественная организация местная еврейская национально-культурная автономия города Мурманск,Мурманская область,,2020,https://fadn.gov.ru/otkritoe-agenstvo/reestr-nka/
"Общественная организация ""Федеральная национально-культурная автономия башкир России""",niveau fédéral,,2020,https://fadn.gov.ru/otkritoe-agenstvo/reestr-nka/
Местная национально-культурная автономия кумыков Кизилюртовского района,Республика Дагестан,,2020,https://fadn.gov.ru/otkritoe-agenstvo/reestr-nka/
"Общественная организация ""Местная армянская национально-культурная автономия города Калуги""",Калужская область,,2020,https://fadn.gov.ru/otkritoe-agenstvo/reestr-nka/
"Общественная организация ""Местная национально-культурная автономия белорусов города Иркутска""",Иркутская область,,2020,https://fadn.gov.ru/otkritoe-agenstvo/reestr-nka/
"Общественная организация ""Азербайджанская национально-культурная автономия ""Араз"" (азербайджанское название реки на Южном Кавказе) города Кисловодска""",Ставропольский край,,2020,https://fadn.gov.ru/otkritoe-agenstvo/reestr-nka/
"Местная общественная организация ""Талышская национально-культурная автономия города Прокопьевска Кемеровской области""",Кемеровская область - Кузбасс,,2020,https://fadn.gov.ru/otkritoe-agenstvo/reestr-nka/
Местная общественная организация национально-культурная автономия украинцев Сыктывдинского района Республики Коми,Республика Коми,,2020,https://fadn.gov.ru/otkritoe-agenstvo/reestr-nka/
"Общественная организация ""Местная армянская национально-культурная автономия Мостовского района""",Краснодарский край,,2020,https://fadn.gov.ru/otkritoe-agenstvo/reestr-nka/
"Общественная организация ""Местная национально-культурная автономия молдаван города Сочи""",Краснодарский край,,2020,https://fadn.gov.ru/otkritoe-agenstvo/reestr-nka/
Местная национально-культурная автономия татар Приволжского района Астраханской области,Астраханская область,,2020,https://fadn.gov.ru/otkritoe-agenstvo/reestr-nka/
"Общественная организация местная осетинская национально-культурная автономия г. Сочи ""АЛАНЫ""",Краснодарский край,,2020,https://fadn.gov.ru/otkritoe-agenstvo/reestr-nka/
"Общественная организация ""Ульяновская местная греческая национально-культурная автономия""",Ульяновская область,,2020,https://fadn.gov.ru/otkritoe-agenstvo/reestr-nka/
"Местная общественная организация ""Талышкая национально-культурная автономия Ачитского городского округа""",Свердловская область,,2020,https://fadn.gov.ru/otkritoe-agenstvo/reestr-nka/
"Региональная общественная организация ""Талышская национально-культурная автономия Кемеровской области - Кузбасса""",Кемеровская область - Кузбасс,,2020,https://fadn.gov.ru/otkritoe-agenstvo/reestr-nka/
Местная общественная организация Армянская национально-культурная автономия муниципального образования Курганинский район,Краснодарский край,,2020,https://fadn.gov.ru/otkritoe-agenstvo/reestr-nka/
"Общественная организация ""Местная немецкая национально-культурная автономия города Старый Оскол Белгородской области""",Белгородская область,,2020,https://fadn.gov.ru/otkritoe-agenstvo/reestr-nka/
Общественная организация Армянская национально-культурная автономия города-курорта Анапа,Краснодарский край,,2020,https://fadn.gov.ru/otkritoe-agenstvo/reestr-nka/
Местная общественная организация национально-культурная автономия татар Светлоярского района Волгоградской области,Волгоградская область,,2020,https://fadn.gov.ru/otkritoe-agenstvo/reestr-nka/
Местная общественная организация национально-культурная автономия татар Ленинского района Волгоградской области,Волгоградская область,,2020,https://fadn.gov.ru/otkritoe-agenstvo/reestr-nka/
"Общественная организация ""Местная национально-культурная автономия армян муниципального образования город-курорт Геленджик""",Краснодарский край,,2020,https://fadn.gov.ru/otkritoe-agenstvo/reestr-nka/
Общественная организация «Азербайджанская национально-культурная автономия «Араз» (азербайджанское название реки на Южном Кавказе) Минераловодского городского округа»,Ставропольский край,,2020,https://fadn.gov.ru/otkritoe-agenstvo/reestr-nka/
Общественная организация «Азербайджанская национально-культурная автономия «Араз» (азербайджанское название реки на Южном Кавказе) Георгиевского городского округа»,Ставропольский край,,2020,https://fadn.gov.ru/otkritoe-agenstvo/reestr-nka/
Местная национально - культурная автономия татар Наримановского района Астраханской области,Астраханская область,,2020,https://fadn.gov.ru/otkritoe-agenstvo/reestr-nka/
"Местная общественная организация ""Национально-культурная автономия марийцев города Нижнекамска""",Республика Татарстан (Татарстан),,2020,https://fadn.gov.ru/otkritoe-agenstvo/reestr-nka/
Общественная организация местная национально-культурная автономия греков города Пятигорска,Ставропольский край,,2020,https://fadn.gov.ru/otkritoe-agenstvo/reestr-nka/
"Краснодарская городская общественная организация ""Греческая национально-культурная автономия ""Ромиосини"" (Греческий национальный дух)",Краснодарский край,,2020,https://fadn.gov.ru/otkritoe-agenstvo/reestr-nka/
"Местная общественная организация ""Талышcкая национально-культурная автономия города Тюмени""",Тюменская область,,2020,https://fadn.gov.ru/otkritoe-agenstvo/reestr-nka/
"Общественная организация ""Местная татарская национально-культурная автономия Северского района""",Краснодарский край,,2020,https://fadn.gov.ru/otkritoe-agenstvo/reestr-nka/
"Местная общественная организация ""НОВОРОССИЙСКАЯ ГОРОДСКАЯ АРМЯНСКАЯ НАЦИОНАЛЬНО-КУЛЬТУРНАЯ АВТОНОМИЯ""",Краснодарский край,,2020,https://fadn.gov.ru/otkritoe-agenstvo/reestr-nka/
"Общественная Организация ""Местная Национально-Культурная Автономия казахов Новоузенского района Саратовской области""",Саратовская область,,2020,https://fadn.gov.ru/otkritoe-agenstvo/reestr-nka/
"Общественная организация ""Местная татарская национально-культурная автономия г. Краснодара""",Краснодарский край,,2020,https://fadn.gov.ru/otkritoe-agenstvo/reestr-nka/
"Общественная организация ""Местная национально-культурная автономия армян муниципального образования Крымский район""",Краснодарский край,,2020,https://fadn.gov.ru/otkritoe-agenstvo/reestr-nka/
"Местная общественная организация ""Молдавская национально-культурная автономия города Екатеринбург""",Свердловская область,,2020,https://fadn.gov.ru/otkritoe-agenstvo/reestr-nka/
"Местная общественная организация ""Национально - культурная автономия таджиков г. Нижнекамска""",Республика Татарстан (Татарстан),,2020,https://fadn.gov.ru/otkritoe-agenstvo/reestr-nka/
"Общественная организация ""Региональная национально-культурная автономия белорусов Иркутской области""",Иркутская область,,2020,https://fadn.gov.ru/otkritoe-agenstvo/reestr-nka/
Местная национально-культурная автономия татар Аксайского района Ростовской области,Ростовская область,,2020,https://fadn.gov.ru/otkritoe-agenstvo/reestr-nka/
"Местная национально-культурная автономия татар города Ростова-на-Дону ""АЛГА"" (ВПЕРЕД)",Ростовская область,,2020,https://fadn.gov.ru/otkritoe-agenstvo/reestr-nka/
"Общественная организация ""Местная армянская национально-культурная автономия городского округа Истра Московской области""",Московская область,,2020,https://fadn.gov.ru/otkritoe-agenstvo/reestr-nka/
"Региональная общественная организация ""Талышская национально- культурная автономия Свердловской области""",Свердловская область,,2020,https://fadn.gov.ru/otkritoe-agenstvo/reestr-nka/
"Региональная национально-культурная автономия молдаван Тюменской области ""АС-МОЛДОВА""",Тюменская область,,2020,https://fadn.gov.ru/otkritoe-agenstvo/reestr-nka/
"Местная общественная организация ""Национально-культурная автономия сибирских татар Вагайского района Тюменской области""",Тюменская область,,2021,https://fadn.gov.ru/otkritoe-agenstvo/reestr-nka/
Местная общественная организация - Армянская национально-культурная автономия города-курорта Сочи,Краснодарский край,,2020,https://fadn.gov.ru/otkritoe-agenstvo/reestr-nka/
Местная общественная организация национально-культурная автономия татар Томского района Томской области,Томская область,,2020,https://fadn.gov.ru/otkritoe-agenstvo/reestr-nka/
"Вологодская городская общественная организация ""Лезгинская национально-культурная автономия""",Вологодская область,,2020,https://fadn.gov.ru/otkritoe-agenstvo/reestr-nka/
"Общественная организация ""Региональная национально-культурная автономия татар Астраханской области""",Астраханская область,,2020,https://fadn.gov.ru/otkritoe-agenstvo/reestr-nka/
Общественная организация Местная белорусская национально-культурная автономия Тарского Муниципального района Омской области,Омская область,,2020,https://fadn.gov.ru/otkritoe-agenstvo/reestr-nka/
"Общественная организация местная национально-культурная автономия ногайцев ""Ногай Эл"" (Ногайский народ) Минераловодского городского округа Ставропольского края",Ставропольский край,,2021,https://fadn.gov.ru/otkritoe-agenstvo/reestr-nka/
Общественная организация Местная белорусская национально-культурная автономия Тевризского муниципального района Омской области,Омская область,,2020,https://fadn.gov.ru/otkritoe-agenstvo/reestr-nka/
"Общественная организация ""Региональная национально-культурная автономия татар Волгоградской области""",Волгоградская область,,2020,https://fadn.gov.ru/otkritoe-agenstvo/reestr-nka/
"Местная национально-культурная автономия армян Багаевского района Ростовской области ""Наследние""",Ростовская область,,2020,https://fadn.gov.ru/otkritoe-agenstvo/reestr-nka/
Общественная организация Местная белорусская национально-культурная автономия Калачинского Муниципального района Омской области,Омская область,,2020,https://fadn.gov.ru/otkritoe-agenstvo/reestr-nka/
"Общественная организация ""Местная национально-культурная автономия ногайцев муниципального округа Зюзино в городе Москве""",Москва,,2021,https://fadn.gov.ru/otkritoe-agenstvo/reestr-nka/
"Общественная организация ""Местная национально-культурная автономия татар Осинского муниципального района Иркутской области""",Иркутская область,,2020,https://fadn.gov.ru/otkritoe-agenstvo/reestr-nka/
"Местная общественная организация ""Национально-культурная автономия греков Северского района""",Краснодарский край,,2020,https://fadn.gov.ru/otkritoe-agenstvo/reestr-nka/
"Местная общественная организация ""Армянская национально-культурная автономия Кореновского района""",Краснодарский край,,2020,https://fadn.gov.ru/otkritoe-agenstvo/reestr-nka/
"Общественная организация ""Ленинск - Кузнецкая местная национально-культурная автономия немцев""",Кемеровская область - Кузбасс,,2020,https://fadn.gov.ru/otkritoe-agenstvo/reestr-nka/
"Батайская городская Польская национально-культурная Автономия ""Полония Дона""",Ростовская область,,2020,https://fadn.gov.ru/otkritoe-agenstvo/reestr-nka/
"Местная общественная организация ""Грузинская национально-культурная автономия города Костромы""",Костромская область,,2021,https://fadn.gov.ru/otkritoe-agenstvo/reestr-nka/
"Общественная организация ""Местная казахская национально-культурная автономия внутригородского муниципального образования Санкт-Петербурга муниципальный округ Финляндский округ""",Санкт-Петербург,,2021,https://fadn.gov.ru/otkritoe-agenstvo/reestr-nka/
"Хабаровская краевая общественная организация ""Национально-культурная автономия узбеков""",Хабаровский край,,2021,https://fadn.gov.ru/otkritoe-agenstvo/reestr-nka/
"Местная общественная организация ""Афганская национально-культурная автономия г. Волгограда""",Волгоградская область,,2021,https://fadn.gov.ru/otkritoe-agenstvo/reestr-nka/
"Челябинская городская общественная организация ""Ингушская национально-культурная автономия ""Галгай"" (Ингуши)",Челябинская область,,2022,https://fadn.gov.ru/otkritoe-agenstvo/reestr-nka/
"Местная национально-культурная автономия азербайджанцев города Ростова-на-Дону ""Азербайджанская диаспора""",Ростовская область,,2021,https://fadn.gov.ru/otkritoe-agenstvo/reestr-nka/
Общественная организация Армянская национально-культурная автономия Славянского района,Краснодарский край,,2021,https://fadn.gov.ru/otkritoe-agenstvo/reestr-nka/
Региональная общественная организация - национально-культурная автономия татар Краснодарского края,Краснодарский край,,2021,https://fadn.gov.ru/otkritoe-agenstvo/reestr-nka/
"Общественная организация ""Местная национально-культурная автономия ногайцев городского округа Мытищи Московской области""",Московская область,,2021,https://fadn.gov.ru/otkritoe-agenstvo/reestr-nka/
"Местная общественная организация ""Армянская национально-культурная автономия муниципального образования Абинский район""",Краснодарский край,,2021,https://fadn.gov.ru/otkritoe-agenstvo/reestr-nka/
"МЕСТНАЯ НАЦИОНАЛЬНО-КУЛЬТУРНАЯ АВТОНОМИЯ КОРЕЙЦЕВ ГОРОДА РОСТОВА-НА-ДОНУ ""ДОНИЛЬСОН"" (ЕДИНСТВО)",Ростовская область,,2021,https://fadn.gov.ru/otkritoe-agenstvo/reestr-nka/
Местная национально-культурная автономия табасаранцев г. Дербента,Республика Дагестан,,2021,https://fadn.gov.ru/otkritoe-agenstvo/reestr-nka/
"Местная общественная организация ""Национально-культурная автономия марийцев Актанышского района Республики Татарстан""",Республика Татарстан (Татарстан),,2021,https://fadn.gov.ru/otkritoe-agenstvo/reestr-nka/
"Местная общественная организация ""Армянская национально-культурная автономия Северского района""",Краснодарский край,,2021,https://fadn.gov.ru/otkritoe-agenstvo/reestr-nka/
"Местная общественная организация ""Татарская национально-культурная автономия ""Мирас"" города Новый Уренгой",Ямало-Ненецкий автономный округ,,2021,https://fadn.gov.ru/otkritoe-agenstvo/reestr-nka/
"Местная общественная организация ""Национально-культурная автономия армян"" городского округа Балашиха Московской области",Московская область,,2021,https://fadn.gov.ru/otkritoe-agenstvo/reestr-nka/
"Общественная организация местная казахская национально-культурная автономия г. Красноярска ""Ак жайык"" (Белое пространство)",Красноярский край,,2021,https://fadn.gov.ru/otkritoe-agenstvo/reestr-nka/
"Общественная организация ""Местная казахская национально-культурная автономия Пушкинского городского округа Московской области""",Московская область,,2021,https://fadn.gov.ru/otkritoe-agenstvo/reestr-nka/
"Общественная организация ""Местная армянская национально-культурная автономия Одинцовского городского округа Московской области""",Московская область,,2021,https://fadn.gov.ru/otkritoe-agenstvo/reestr-nka/
Местная национально-культурная автономия табасаранцев Дербентского района,Республика Дагестан,,2021,https://fadn.gov.ru/otkritoe-agenstvo/reestr-nka/
"Местная общественная организация ""Узбекская национально-культурная автономия ""Шараф"" (""Слава"") Гатчинского Муниципального района Ленинградской области",Ленинградская область,,2021,https://fadn.gov.ru/otkritoe-agenstvo/reestr-nka/
"Местная общественная организация ""Узбекская национально-культурная автономия"" города Владикавказа",Республика Северная Осетия - Алания,,2021,https://fadn.gov.ru/otkritoe-agenstvo/reestr-nka/
"Общественная организация ""Местная армянская национально-культурная автономия Туапсинского района""",Краснодарский край,,2021,https://fadn.gov.ru/otkritoe-agenstvo/reestr-nka/
"Местная общественная организация национально-культурная автономия киргизов г. Петропавловска-Камчатского ""Мекендештер"" (Соотечественники)",Камчатский край,,2021,https://fadn.gov.ru/otkritoe-agenstvo/reestr-nka/
"Общественная организация ""Местная национально-культурная автономия азербайджанцев Наро-Фоминского городского округа Московской области""",Московская область,,2021,https://fadn.gov.ru/otkritoe-agenstvo/reestr-nka/
"Местная общественная организация ""Национально-культурная автономия башкир Александровского района Оренбургской области""",Оренбургская область,,2021,https://fadn.gov.ru/otkritoe-agenstvo/reestr-nka/
"Местная общественная организация ""Национально-культурная автономия армян ""Ноев Ковчег"" городского округа Черноголовка Московской области",Московская область,,2021,https://fadn.gov.ru/otkritoe-agenstvo/reestr-nka/
"Общественная организация ""Местная национально-культурная автономия татар городского округа г. Североуральска Свердловской области""",Свердловская область,,2021,https://fadn.gov.ru/otkritoe-agenstvo/reestr-nka/
"МЕСТНАЯ ОБЩЕСТВЕННАЯ ОРГАНИЗАЦИЯ ""НАЦИОНАЛЬНО-КУЛЬТУРНАЯ АВТОНОМИЯ ТАТАР ГОРОДА САРАПУЛА""",Удмуртская Республика,,2021,https://fadn.gov.ru/otkritoe-agenstvo/reestr-nka/
"Местная общественная организация ""Талышская национально-культурная автономия села Успенка Тюменского района Тюменской области""",Тюменская область,,2021,https://fadn.gov.ru/otkritoe-agenstvo/reestr-nka/
"Местная общественная организация ""Татарская национально-культурная автономия района Отрадное Северо-Восточного административного округа города Москвы""",Москва,,2021,https://fadn.gov.ru/otkritoe-agenstvo/reestr-nka/
"Местная общественная организация национально-культурная автономия ""Китайская община""",Чеченская Республика,,2021,https://fadn.gov.ru/otkritoe-agenstvo/reestr-nka/
"Местная общественная организация ""Национально-культурная автономия марийцев города Екатеринбурга""",Свердловская область,,2021,https://fadn.gov.ru/otkritoe-agenstvo/reestr-nka/
Общественная организация местная осетинская национально-культурная автономия г. Новороссийска,Краснодарский край,,2021,https://fadn.gov.ru/otkritoe-agenstvo/reestr-nka/
Общественная организация «Местная армянская национально-культурная автономия городского округа Долгопрудный Московской области»,Московская область,,2021,https://fadn.gov.ru/otkritoe-agenstvo/reestr-nka/
"Местная общественная организация ""Армянская национально-культурная автономия города Армавира""",Краснодарский край,,2021,https://fadn.gov.ru/otkritoe-agenstvo/reestr-nka/
"Местная общественная организация ""Узбекская национально-культурная автономия ""Хорезм"" Всеволожского муниципального района Ленинградской области",Ленинградская область,,2021,https://fadn.gov.ru/otkritoe-agenstvo/reestr-nka/
"Местная общественная организация ""Армянская национально-культурная автономия Ейского района""",Краснодарский край,,2021,https://fadn.gov.ru/otkritoe-agenstvo/reestr-nka/
"Общественная организация Региональная национально-культурная автономия белорусов Омской области ""Буслы"" (""Аисты"")",Омская область,,2021,https://fadn.gov.ru/otkritoe-agenstvo/reestr-nka/
"Общественная организация ""Местная Национально-Культурная Автономия Марийцев Яранского района Кировской области""",Кировская область,,2021,https://fadn.gov.ru/otkritoe-agenstvo/reestr-nka/
"Общественная организация ""Местная курдская национально-культурная автономия Новоалександровского городского округа Ставропольского края""",Ставропольский край,,2021,https://fadn.gov.ru/otkritoe-agenstvo/reestr-nka/
"ОБЩЕСТВЕННАЯ ОРГАНИЗАЦИЯ НАЦИОНАЛЬНО - КУЛЬТУРНАЯ АВТОНОМИЯ КОРЕЙЦЕВ г. ЭЛИСТЫ ""ЮСАН"" (НАСЛЕДИЕ)",Республика Калмыкия,,2021,https://fadn.gov.ru/otkritoe-agenstvo/reestr-nka/
"Ноябрьская городская общественная организация ""Местная лезгинская национально-культурная автономия""",Ямало-Ненецкий автономный округ,,2021,https://fadn.gov.ru/otkritoe-agenstvo/reestr-nka/
"Местная общественная организация марийская национально-культурная автономия ""Эрвел Марий"" Татышлинского района Республики Башкортостан",Республика Башкортостан,,2021,https://fadn.gov.ru/otkritoe-agenstvo/reestr-nka/
"Общественная организация ""Региональная армянская национально-культурная автономия Московской области""",Московская область,,2021,https://fadn.gov.ru/otkritoe-agenstvo/reestr-nka/
"Местная общественная организация ""Национально-культурная автономия марийцев Ачитского муниципального округа Свердловской области""",Свердловская область,,2021,https://fadn.gov.ru/otkritoe-agenstvo/reestr-nka/
"Муравленковская городская общественная организация ""Местная лезгинская национально-культурная автономия""",Ямало-Ненецкий автономный округ,,2021,https://fadn.gov.ru/otkritoe-agenstvo/reestr-nka/
"Местная общественная организация ""Национально-культурная автономия тувинцев города Казани ""Алантос"" (""Лотос"")",Республика Татарстан (Татарстан),,2021,https://fadn.gov.ru/otkritoe-agenstvo/reestr-nka/
"Батайская местная общественная организация национально-культурная автономия ""СОЮЗ ПОЛЯКОВ ДОНА""",Ростовская область,,2021,https://fadn.gov.ru/otkritoe-agenstvo/reestr-nka/
"Местная общественная организация ""Национально-культурная автономия мордвы Тетюшского муниципального района Республики Татарстан""",Республика Татарстан (Татарстан),,2021,https://fadn.gov.ru/otkritoe-agenstvo/reestr-nka/
Региональная национально-культурная автономия табасаранцев Республики Дагестан,Республика Дагестан,,2021,https://fadn.gov.ru/otkritoe-agenstvo/reestr-nka/
Местная общественная организация национально-культурная автономия ваханского народа г. Екатеринбурга,Свердловская область,,2021,https://fadn.gov.ru/otkritoe-agenstvo/reestr-nka/
Местная общественная организации «Татарская национально-культурная автономия района Савёлки Зеленоградского административного округа города Москвы»,Москва,,2021,https://fadn.gov.ru/otkritoe-agenstvo/reestr-nka/
"Местная национально-культурная автономия азербайджанцев города Аксая ""Азербайджанская Диаспора""",Ростовская область,,2021,https://fadn.gov.ru/otkritoe-agenstvo/reestr-nka/
"Общественная организация ""Национально-культурная автономия татар села Урмаево"" Комсомольского района Чувашской Республики",Чувашская Республика - Чувашия,,2022,https://fadn.gov.ru/otkritoe-agenstvo/reestr-nka/
Местная общественная организации «Татарская национально-культурная автономия Таганского района Центрального административного округа города Москвы»,Москва,,2021,https://fadn.gov.ru/otkritoe-agenstvo/reestr-nka/
"Общественная организация ""Местная национально-культурная автономия казахов городского округа Первоуральск Свердловской области""",Свердловская область,,2021,https://fadn.gov.ru/otkritoe-agenstvo/reestr-nka/
"Местная общественная организация - ""Татарская национально-культурная автономия района Перово Восточного административного округа города Москвы""",Москва,,2021,https://fadn.gov.ru/otkritoe-agenstvo/reestr-nka/
Местная общественная организации «Татарская национально-культурная автономия поселения Внуковское Новомосковского административного округа города Москвы»,Москва,,2021,https://fadn.gov.ru/otkritoe-agenstvo/reestr-nka/
Местная общественная организация «Татарская национально-культурная автономия района Крюково Зеленоградского административного округа города Москвы»,Москва,,2021,https://fadn.gov.ru/otkritoe-agenstvo/reestr-nka/
Местная общественная организация «Татарская национально-культурная автономия поселения Десеновское Новомосковского административного округа города Москвы»,Москва,,2021,https://fadn.gov.ru/otkritoe-agenstvo/reestr-nka/
"Общественная организация ""Местная национально-культурная автономия азербайджанцев городского округа Королёв Московской области ""Единство""",Московская область,,2021,https://fadn.gov.ru/otkritoe-agenstvo/reestr-nka/
"Местная общественная организация ""Национально- культурная автономия Азербайджанцев Буинского муниципального района и города Буинска Республики Татарстан""",Республика Татарстан (Татарстан),,2022,https://fadn.gov.ru/otkritoe-agenstvo/reestr-nka/
"Общественная организация ""Местная национально-культурная автономия курдов Ершовского муниципального района Саратовской области""",Саратовская область,,2021,https://fadn.gov.ru/otkritoe-agenstvo/reestr-nka/
"Местная общественная организация ""Национально-культурная автономия чувашей Тетюшского муниципального района Республики Татарстан""",Республика Татарстан (Татарстан),,2022,https://fadn.gov.ru/otkritoe-agenstvo/reestr-nka/
"Местная общественная организация марийская национально-культурная автономия ""Эрвел марий"" г. Благовещенск и МР Благовещенский район Республики Башкортостан",Республика Башкортостан,,2021,https://fadn.gov.ru/otkritoe-agenstvo/reestr-nka/
"Местная общественная организация ""Азербайджанская национально-культурная автономия в Бугульминском муниципальном районе Республики Татарстан""",Республика Татарстан (Татарстан),,2022,https://fadn.gov.ru/otkritoe-agenstvo/reestr-nka/
Местная малочисленная народная национально-культурная Автономия ногайцев-карагашей г. Астрахани Астраханской области,Астраханская область,,2022,https://fadn.gov.ru/otkritoe-agenstvo/reestr-nka/
"Ставропольская городская общественная организация ""Лезгинская национально-культурная автономия""",Ставропольский край,,2022,https://fadn.gov.ru/otkritoe-agenstvo/reestr-nka/
"Местная общественная организация ""Азербайджанская национально-культурная автономия Зеленодольского муниципального района и города Зеленодольск ""Одлар Юрду"" (Страна Огней)",Республика Татарстан (Татарстан),,2022,https://fadn.gov.ru/otkritoe-agenstvo/reestr-nka/
"Местная общественная организация ""Узбекская национально-культурная автономия города Набережные Челны""",Республика Татарстан (Татарстан),,2022,https://fadn.gov.ru/otkritoe-agenstvo/reestr-nka/
Челябинская городская общественная организация Белорусская национально-культурная автономия,Челябинская область,,2022,https://fadn.gov.ru/otkritoe-agenstvo/reestr-nka/
"Местная общественная организация ""Лезгинская национально-культурная автономия г. Тюмени""",Тюменская область,,2022,https://fadn.gov.ru/otkritoe-agenstvo/reestr-nka/
"Череповецкая городская общественная организация ""Лезгинская национально-культурная автономия""",Вологодская область,,2022,https://fadn.gov.ru/otkritoe-agenstvo/reestr-nka/
Общественная организация местная национально-культурная автономия казахов Пугачевского района Саратовской области,Саратовская область,,2022,https://fadn.gov.ru/otkritoe-agenstvo/reestr-nka/
"Местная общественная организация ""Талышская национально-культурная автономия города Ноябрьска""",Ямало-Ненецкий автономный округ,,2022,https://fadn.gov.ru/otkritoe-agenstvo/reestr-nka/
"Общественная организация ""Ульяновская местная цыганская национально-культурная автономия""",Ульяновская область,,2022,https://fadn.gov.ru/otkritoe-agenstvo/reestr-nka/
"Общественная организация местная узбекская национально-культурная автономия г-к Анапа ""Ватандош (Соотечественник)""",Краснодарский край,,2022,https://fadn.gov.ru/otkritoe-agenstvo/reestr-nka/
"Общественная организация ""Местная курдская национально-культурная автономия Озинского района Саратовской области""",Саратовская область,,2022,https://fadn.gov.ru/otkritoe-agenstvo/reestr-nka/
"Местная общественная организация ""Национально-культурная автономия бурят города Казани""",Республика Татарстан (Татарстан),,2022,https://fadn.gov.ru/otkritoe-agenstvo/reestr-nka/
"Местная общественная организация ""Национально-культурная автономия российских немцев Тюменского района Тюменской области ""Время поколений""",Тюменская область,,2022,https://fadn.gov.ru/otkritoe-agenstvo/reestr-nka/
"Местной общественной организации марийская национально-культурная автономия ""Эрвел Марий"" городского округа город Октябрьский Республики Башкортостан",Республика Башкортостан,,2022,https://fadn.gov.ru/otkritoe-agenstvo/reestr-nka/
"Местная общественная организация ""Татарская Серпуховская национально-культурная автономия""",Московская область,,2022,https://fadn.gov.ru/otkritoe-agenstvo/reestr-nka/
"Общественная организация ""Местная армянская национально-культурная автономия города Тюмени""",Тюменская область,,2022,https://fadn.gov.ru/otkritoe-agenstvo/reestr-nka/
"Местная общественная организация ""Армянская национально-культурная автономия Успенского района""",Краснодарский край,,2022,https://fadn.gov.ru/otkritoe-agenstvo/reestr-nka/
"Местная общественная организация ""Армянская национально-культурная автономия Кущевского района""",Краснодарский край,,2022,https://fadn.gov.ru/otkritoe-agenstvo/reestr-nka/
"Местная общественная организация ""Армянская национально-культурная автономия Динского района""",Краснодарский край,,2022,https://fadn.gov.ru/otkritoe-agenstvo/reestr-nka/
"Местная общественная организация ""Азербайджанская национально-культурная автономия в городе Набережные Челны ""Хары-Бюльбюль"" (Цветок)""",Республика Татарстан (Татарстан),,2022,https://fadn.gov.ru/otkritoe-agenstvo/reestr-nka/
"Местная общественная организация ""Армянская национально-культурная автономия Новокубанского района""",Краснодарский край,,2022,https://fadn.gov.ru/otkritoe-agenstvo/reestr-nka/
"Общественная организация ""Местная национально-культурная автономия белорусов Баяндаевского района Иркутской области""",Иркутская область,,2022,https://fadn.gov.ru/otkritoe-agenstvo/reestr-nka/
"Местная общественная организация ""Грузинская национально-культурная автономия ""Иверия"" города Новый Уренгой",Ямало-Ненецкий автономный округ,,2022,https://fadn.gov.ru/otkritoe-agenstvo/reestr-nka/
Общественная организация «Местная национально-культурная автономия азербайджанцев города Курска Курской области»,Курская область,,2022,https://fadn.gov.ru/otkritoe-agenstvo/reestr-nka/
"Региональная общественная организация Национально-Культурная Автономия Марийцев Свердловской области ""Урал Мари""",Свердловская область,,2022,https://fadn.gov.ru/otkritoe-agenstvo/reestr-nka/
"Местная общественная организация ""Армянская национально-культурная автономия Темрюкского района""",Краснодарский край,,2022,https://fadn.gov.ru/otkritoe-agenstvo/reestr-nka/
"Общественная региональная организация украинская национально-культурная автономия ""Колыма-Славутич"" в Магаданской области",Магаданская область,,2002,https://fadn.gov.ru/otkritoe-agenstvo/reestr-nka/
"Общественная организация ""Национально-культурная автономия азербайджанцев города Иваново""",Ивановская область,,2003,https://fadn.gov.ru/otkritoe-agenstvo/reestr-nka/
"Томская региональная общественная организация ""Еврейская национально-культурная автономия""",Томская область,,2002,https://fadn.gov.ru/otkritoe-agenstvo/reestr-nka/
"Региональная общественная организация ""Чувашская национально-культурная автономия в Республике Татарстан""",Республика Татарстан (Татарстан),,2003,https://fadn.gov.ru/otkritoe-agenstvo/reestr-nka/
"Местная общественная организация ""Национально-культурная автономия ""Украинское товарищество ""Вербиченька""- ""Вербочка"" города Нижнекамска",Республика Татарстан (Татарстан),,2003,https://fadn.gov.ru/otkritoe-agenstvo/reestr-nka/
"Общественная организация ""Национально-культурная автономия чувашей Иркутской области ""ЮЛТАШ""",Иркутская область,,2003,https://fadn.gov.ru/otkritoe-agenstvo/reestr-nka/
"Общественная организация ""Национально-культурная автономия татар города Лангепаса""",Ханты-Мансийский автономный округ,,2011,https://fadn.gov.ru/otkritoe-agenstvo/reestr-nka/
"Общественная организация ""Региональная национально-культурная автономия татар Сахалинской области""",Сахалинская область,,2015,https://fadn.gov.ru/otkritoe-agenstvo/reestr-nka/
"Общественная организация местная Марийская национально-культурная автономия муниципального образования ""Всеволожский муниципальный район"" Ленинградской области ""МариЛен""",Ленинградская область,,2012,https://fadn.gov.ru/otkritoe-agenstvo/reestr-nka/
"Общественная организация региональная Марийская национально-культурная автономия Ленинградской области ""Ший корно""",Ленинградская область,,2013,https://fadn.gov.ru/otkritoe-agenstvo/reestr-nka/
"Общественная организация - Региональная национально-культурная автономия татар Республики Мордовия ""Якташлар"" (""Земляки"")",Республика Мордовия,,2002,https://fadn.gov.ru/otkritoe-agenstvo/reestr-nka/
"Местная общественная организация ""Азербайджанская национально-культурная автономия Всеволожского района""",Ленинградская область,,2015,https://fadn.gov.ru/otkritoe-agenstvo/reestr-nka/
"Местная общественная организация ""Азербайджанская национально-культурная автономия Подпорожского района""",Ленинградская область,,2015,https://fadn.gov.ru/otkritoe-agenstvo/reestr-nka/
"Региональная общественная организация ""Азербайджанская национально-культурная автономия Ленинградской области""",Ленинградская область,,2016,https://fadn.gov.ru/otkritoe-agenstvo/reestr-nka/
"Тобольская городская общественная организация ""Национально-культурная автономия сибирских татар""",Тюменская область,,2014,https://fadn.gov.ru/otkritoe-agenstvo/reestr-nka/
Местная общественная организация национально-культурная автономия татар города Иваново Ивановской области,Ивановская область,,2013,https://fadn.gov.ru/otkritoe-agenstvo/reestr-nka/
Местная общественная организация национально-культурная автономия татар города Кинешма Ивановской области,Ивановская область,,2014,https://fadn.gov.ru/otkritoe-agenstvo/reestr-nka/
Региональная общественная организация Национально-культурная автономия татар Ивановской области,Ивановская область,,2015,https://fadn.gov.ru/otkritoe-agenstvo/reestr-nka/
Местная общественная организация бурятская национально - культурная автономия Боханского района,Иркутская область,,2015,https://fadn.gov.ru/otkritoe-agenstvo/reestr-nka/
"Местная общественная организация грузинская национально-культурная автономия города Иваново Ивановской области ""Колхида""",Ивановская область,,2016,https://fadn.gov.ru/otkritoe-agenstvo/reestr-nka/
"Общественная организация ""Местная национально-культурная автономия курдов Краснокутского района Саратовской области""",Саратовская область,,2015,https://fadn.gov.ru/otkritoe-agenstvo/reestr-nka/
МЕСТНАЯ ОБЩЕСТВЕННАЯ ОРГАНИЗАЦИЯ ТАДЖИКСКАЯ НАЦИОНАЛЬНО-КУЛЬТУРНАЯ АВТОНОМИЯ ГОРОДА ЛЕНИНОГОРСК,Республика Татарстан (Татарстан),,2014,https://fadn.gov.ru/otkritoe-agenstvo/reestr-nka/
"Общественная организация ""Эхирит-Булагатская районная бурятская национально-культурная Автономия ""Харгана""",Иркутская область,,2016,https://fadn.gov.ru/otkritoe-agenstvo/reestr-nka/
"Местная общественная организация ""Национально-культурная автономия узбеков Бугульминского муниципального района""",Республика Татарстан (Татарстан),,2016,https://fadn.gov.ru/otkritoe-agenstvo/reestr-nka/
"Оренбургская городская общественная организация Татарская национально-культурная автономия ""Туган Тел""",Оренбургская область,,2013,https://fadn.gov.ru/otkritoe-agenstvo/reestr-nka/
"Местная общественная организация ""Армянская национально-культурная Автономия"" Пушкинского района",Московская область,,2014,https://fadn.gov.ru/otkritoe-agenstvo/reestr-nka/
"Местная общественная организация национально-культурная автономия белорусов города Стерлитамак ""Спадчына"" (Наследие)",Республика Башкортостан,,2022,https://fadn.gov.ru/otkritoe-agenstvo/reestr-nka/
"Региональная общественная организация ""Азербайджанская национально-культурная автономия Республики Татарстан""",Республика Татарстан (Татарстан),,2022,https://fadn.gov.ru/otkritoe-agenstvo/reestr-nka/
"Местная общественная организация ""Армянская национально-культурная автономия Кавказского района""",Краснодарский край,,2022,https://fadn.gov.ru/otkritoe-agenstvo/reestr-nka/
"Местная общественная организация ""Азербайджанская национально-культурная автономия г. Новотроицка Оренбургской области""",Оренбургская область,,2022,https://fadn.gov.ru/otkritoe-agenstvo/reestr-nka/
"Общественная организация ""Местная национально-культурная автономия татар г. Братска""",Иркутская область,,2022,https://fadn.gov.ru/otkritoe-agenstvo/reestr-nka/
"Общественная организация ""Местная национально-культурная автономия татар Чунского муниципального района Иркутской области""",Иркутская область,,2022,https://fadn.gov.ru/otkritoe-agenstvo/reestr-nka/
"Местная общественная организация ""Таджикская национально-культурная автономия г.Орска Оренбургской области""",Оренбургская область,,2022,https://fadn.gov.ru/otkritoe-agenstvo/reestr-nka/
"Вологодская региональная общественная организация ""Лезгинская национально-культурная автономия""",Вологодская область,,2022,https://fadn.gov.ru/otkritoe-agenstvo/reestr-nka/
"Местная общественная организация ""Азербайджанская национально-культурная автономия г. Соль-Илецка Оренбургской области""",Оренбургская область,,2022,https://fadn.gov.ru/otkritoe-agenstvo/reestr-nka/
"Региональная общественная организация ""Ямальская лезгинская национально-культурная автономия""",Ямало-Ненецкий автономный округ,,2022,https://fadn.gov.ru/otkritoe-agenstvo/reestr-nka/
"Местная общественная организация ""Армянская национально-культурная автономия Лабинского района""",Краснодарский край,,2022,https://fadn.gov.ru/otkritoe-agenstvo/reestr-nka/
"Общественная организация ""Местная национально культурная автономия греков Минераловодского городского округа Ставропольского края""",Ставропольский край,,2022,https://fadn.gov.ru/otkritoe-agenstvo/reestr-nka/
"Общественная организация местная еврейская национально-культурная автономия города Кировска Мурманской области ""Ткума"" (Возрождение)",Мурманская область,,2022,https://fadn.gov.ru/otkritoe-agenstvo/reestr-nka/
"Общественная организация местная национально-культурная автономия азербайджанцев ""Шуша"" г. Воронежа",Воронежская область,,2022,https://fadn.gov.ru/otkritoe-agenstvo/reestr-nka/
"Общественная организация ""Федеральная национально-культурная автономия узбеков России""",niveau fédéral,,2022,https://fadn.gov.ru/otkritoe-agenstvo/reestr-nka/
"Местная общественная организация ""Азербайджанская национальная культурная автономия"" городского округа Сызрань",Самарская область,,2022,https://fadn.gov.ru/otkritoe-agenstvo/reestr-nka/
Челябинская городская общественная организация Армянская национально-культурная автономия,Челябинская область,,2022,https://fadn.gov.ru/otkritoe-agenstvo/reestr-nka/
"Общественная организация ""Местная Бурятская национально-культурная автономия Аларского района""",Иркутская область,,2022,https://fadn.gov.ru/otkritoe-agenstvo/reestr-nka/
"Местная общественная организация национально-культурная автономия узбеков города Томска Томской области ""ДРУЖБА""",Томская область,,2022,https://fadn.gov.ru/otkritoe-agenstvo/reestr-nka/
"Региональная общественная организация ""Казахская национально-культурная автономия Санкт-Петербурга ""Ата-Мекен""",Санкт-Петербург,,2022,https://fadn.gov.ru/otkritoe-agenstvo/reestr-nka/
"Местная общественная организация ""Национально-культурная армянская автономия г. Красный Сулин""",Ростовская область,,2023,https://fadn.gov.ru/otkritoe-agenstvo/reestr-nka/
"Общественная организация ""Местная национально-культурная автономия чеченцев города Мурманска""",Мурманская область,,2023,https://fadn.gov.ru/otkritoe-agenstvo/reestr-nka/
"Общественная организация ""Региональная национально-культурная автономия азербайджанцев Оренбургской области""",Оренбургская область,,2023,https://fadn.gov.ru/otkritoe-agenstvo/reestr-nka/
"Общественная организация ""Азербайджанская национально-культурная автономия Малоярославецкого района Калужской области""",Калужская область,,2023,https://fadn.gov.ru/otkritoe-agenstvo/reestr-nka/
Общественная организация местная национально-культурная автономия башкир города-курорта Сочи,Краснодарский край,,2023,https://fadn.gov.ru/otkritoe-agenstvo/reestr-nka/
Местная общественная организация Чувашская национально-культурная автономия в Буинском муниципальном районе,Республика Татарстан (Татарстан),,2023,https://fadn.gov.ru/otkritoe-agenstvo/reestr-nka/
Общественная организация Региональная национально-культурная автономия татар Иркутской области,Иркутская область,,2023,https://fadn.gov.ru/otkritoe-agenstvo/reestr-nka/
"Местная общественная организация ""Чеченская национально-культурная автономия Шпаковского муниципального округа ""Кавказ""",Ставропольский край,,2023,https://fadn.gov.ru/otkritoe-agenstvo/reestr-nka/
"Общественная организация Димитровградская местная мордовская национально-культурная автономия ""Вастома""",Ульяновская область,,2023,https://fadn.gov.ru/otkritoe-agenstvo/reestr-nka/
Общественная организация - Местная немецкая национально-культурная автономия Исилькульского муниципального района Омской области,Омская область,,2023,https://fadn.gov.ru/otkritoe-agenstvo/reestr-nka/
"Местная общественная организация ""Казахская национально-культурная автономия Русско-Полянского района Омской области ""Ак булак"" (""Светлый родник"")",Омская область,,2023,https://fadn.gov.ru/otkritoe-agenstvo/reestr-nka/
"Местная общественная организация ""Татарская местная национально-культурная автономия ""Шатлык"" (""Радость"") Ломоносовского района Ленинградской области",Ленинградская область,,2023,https://fadn.gov.ru/otkritoe-agenstvo/reestr-nka/
"Местная общественная организация ""Татарская местная национально-культурная автономия ""Нарат"" (""Сосна"") муниципального образования Сосновоборский городской округ Ленинградской области",Ленинградская область,,2023,https://fadn.gov.ru/otkritoe-agenstvo/reestr-nka/
"Местная общественная организация ""Чеченская национально-культурная автономия Нефтекумского городского округа Ставропольского края""",Ставропольский край,,2023,https://fadn.gov.ru/otkritoe-agenstvo/reestr-nka/
"Общественная организация ""Местная национально-культурная автономия казахов города Екатеринбург Свердловской области""",Свердловская область,,2023,https://fadn.gov.ru/otkritoe-agenstvo/reestr-nka/
"Местная общественная организация ""Национально-культурная автономия татар Тахтамукайского района Республики Адыгея ""Форсат"" (Удачное время)""",Республика Адыгея (Адыгея),,2023,https://fadn.gov.ru/otkritoe-agenstvo/reestr-nka/
Челябинская городская общественная организация Чувашская национально-культурная автономия,Челябинская область,,2023,https://fadn.gov.ru/otkritoe-agenstvo/reestr-nka/
"Общественная организация ""Местная национально-культурная автономия татар Агаповского района Челябинской области""",Челябинская область,,2023,https://fadn.gov.ru/otkritoe-agenstvo/reestr-nka/
"Общественная организация ""Азербайджанская национально-культурная автономия Предгорного муниципального округа ""АСЛАН""",Ставропольский край,,2023,https://fadn.gov.ru/otkritoe-agenstvo/reestr-nka/
"Местная общественная организация ""Татарская местная национально-культурная автономия ""Заман"" (""Время"") Кировского района Ленинградской области",Ленинградская область,,2023,https://fadn.gov.ru/otkritoe-agenstvo/reestr-nka/
"Местная общественная организация ""Татарская национально-культурная автономия Приозерского района Ленинградской области""",Ленинградская область,,2023,https://fadn.gov.ru/otkritoe-agenstvo/reestr-nka/
"Общественная организация ""Местная армянская национально-культурная автономия города Димитровграда Ульяновской области""",Ульяновская область,,2023,https://fadn.gov.ru/otkritoe-agenstvo/reestr-nka/
Общественная организация «Региональная национально-культурная автономия азербайджанцев Нижегородской области»,Нижегородская область,,2023,https://fadn.gov.ru/otkritoe-agenstvo/reestr-nka/
"Местная марийская национально-культурная автономия ""Землячество народа мари"" г. Чебоксары",Чувашская Республика - Чувашия,,2023,https://fadn.gov.ru/otkritoe-agenstvo/reestr-nka/
"Общественная организация ""Местная татарская национально-культурная автономия ""Нур""-""Свет"" Тарского муниципального района Омской области",Омская область,,2023,https://fadn.gov.ru/otkritoe-agenstvo/reestr-nka/
Местная общественная организация Национально-культурная автономия татар г. Уфы Республики Башкортостан,Республика Башкортостан,,2023,https://fadn.gov.ru/otkritoe-agenstvo/reestr-nka/
"Местная общественная организация ""Национально-культурная автономия лезгин города Елабуга и Елабужского муниципального района Республики Татарстан""",Республика Татарстан (Татарстан),,2023,https://fadn.gov.ru/otkritoe-agenstvo/reestr-nka/
"Общественная организация ""Местная национально-культурная автономия азербайджанцев Грачёвского района Оренбургской области""",Оренбургская область,,2023,https://fadn.gov.ru/otkritoe-agenstvo/reestr-nka/
"Азовская районная общественная организация ""Национально-культурная автономия турков-месхетинцев Азовского района ""Турецкий культурный центр ""АХЫСХА""",Ростовская область,,2023,https://fadn.gov.ru/otkritoe-agenstvo/reestr-nka/
"Общественная организация ""Местная национально-культурная автономия чувашей города Тюмени ""Ентешсем"" (Земляки)",Тюменская область,,2023,https://fadn.gov.ru/otkritoe-agenstvo/reestr-nka/
"Общественная организация местная грузинская национально-культурная автономия в Кисловодском городском округе ""ИВЕРИЯ""",Ставропольский край,,2023,https://fadn.gov.ru/otkritoe-agenstvo/reestr-nka/
Местная национально-культурная автономия татар города Владикавказ Республики Северная Осетия-Алания,Республика Северная Осетия - Алания,,2023,https://fadn.gov.ru/otkritoe-agenstvo/reestr-nka/
"Общественная организация ""Местная национально-культурная автономия азербайджанцев Красногвардейского района Оренбургской области""",Оренбургская область,,2023,https://fadn.gov.ru/otkritoe-agenstvo/reestr-nka/
"Норильская местная общественная организация Бурятская национально-культурная автономия ""Бурятское землячество ""Нютаг"" (Родина)",Красноярский край,,2023,https://fadn.gov.ru/otkritoe-agenstvo/reestr-nka/
"Общественная организация ""Местная национально-культурная автономия азербайджанцев города Железногорска Курской области""",Курская область,,2024,https://fadn.gov.ru/otkritoe-agenstvo/reestr-nka/
"Региональная общественная организация ""Татарская национально-культурная автономия Ленинградской области""",Ленинградская область,,2024,https://fadn.gov.ru/otkritoe-agenstvo/reestr-nka/
"Общественная организация ""Региональная национально-культурная автономия казахов Свердловской области""",Свердловская область,,2024,https://fadn.gov.ru/otkritoe-agenstvo/reestr-nka/
"Общественная организация ""Местная национально-культурная автономия татар Верхнеуральского района Челябинской области""",Челябинская область,,2024,https://fadn.gov.ru/otkritoe-agenstvo/reestr-nka/
Местная национально-культурная автономия таджиков г. Махачкала,Республика Дагестан,,2023,https://fadn.gov.ru/otkritoe-agenstvo/reestr-nka/
Местная общественная организация национально-культурная автономия азербайджанцев г.Грозного,Чеченская Республика,,2023,https://fadn.gov.ru/otkritoe-agenstvo/reestr-nka/
"Общественная организация местная татарская национально-культурная автономия ""Мубарак"" - ""Благословенный"" Большереченского муниципального района Омской области",Омская область,,2024,https://fadn.gov.ru/otkritoe-agenstvo/reestr-nka/
Общественная организация местная цыганская национально-культурная автономия г. Красноярска «Романо дром» (Цыганская дорога),Красноярский край,,2024,https://fadn.gov.ru/otkritoe-agenstvo/reestr-nka/
Общественная организация Местная татарская национально-культурная автономия Тевризского муниципального района Омской области,Омская область,,2024,https://fadn.gov.ru/otkritoe-agenstvo/reestr-nka/
"Общественная организация ""Местная национально-культурная автономия чувашей г. Нижнего Новгорода""",Нижегородская область,,2024,https://fadn.gov.ru/otkritoe-agenstvo/reestr-nka/
"Местная общественная организация - ""Эвенкийская национально-культурная автономия Алданского района Республики Саха (Якутия) ""Алдан""",Республика Саха (Якутия),,2024,https://fadn.gov.ru/otkritoe-agenstvo/reestr-nka/
Общественная организация «Димитровградская местная еврейская национально-культурная автономия»,Ульяновская область,,2024,https://fadn.gov.ru/otkritoe-agenstvo/reestr-nka/
Местная общественная организация Национально- культурная автономия белорусов Южного административного округа города Москвы,Москва,,2024,https://fadn.gov.ru/otkritoe-agenstvo/reestr-nka/
"Местная общественная организация национально-культурная автономия арабов ""палестинская община"" г. Грозного",Чеченская Республика,,2024,https://fadn.gov.ru/otkritoe-agenstvo/reestr-nka/
Городская общественная организация «Национально-культурная армянская автономия города Ростова-на-Дону»,Ростовская область,,2024,https://fadn.gov.ru/otkritoe-agenstvo/reestr-nka/
Общественная организация «Ульяновская местная еврейская национально-культурная автономия»,Ульяновская область,,2024,https://fadn.gov.ru/otkritoe-agenstvo/reestr-nka/
"Общественная организация ""Региональная национально-культурная автономия татар Челябинской области""",Челябинская область,,2024,https://fadn.gov.ru/otkritoe-agenstvo/reestr-nka/
"Общественная организация ""Местная национально-культурная автономия татар"" г. Прокопьевск",Кемеровская область - Кузбасс,,2024,https://fadn.gov.ru/otkritoe-agenstvo/reestr-nka/
"Местная общественная организация ""Азербайджанская национально-культурная автономия Курманаевского района Оренбургской области""",Оренбургская область,,2022,https://fadn.gov.ru/otkritoe-agenstvo/reestr-nka/
"Общественная организация ""Местная национально-культурная автономия марийцев Вятскополянского района Кировской области""",Кировская область,,2024,https://fadn.gov.ru/otkritoe-agenstvo/reestr-nka/
"Общественная организация ""Цыганская национально-культурная автономия г.о. Самара""",Самарская область,,2013,https://fadn.gov.ru/otkritoe-agenstvo/reestr-nka/
Челябинская городская общественная организация Татарская национально-культурная автономия,Челябинская область,,2024,https://fadn.gov.ru/otkritoe-agenstvo/reestr-nka/
"Копейская городская общественная организация Татарская национально-культурная автономия ""Матур"" (Красавица)",Челябинская область,,2024,https://fadn.gov.ru/otkritoe-agenstvo/reestr-nka/
"Общественная организация ""Местная национально-культурная автономия ""Абхазская диаспора города Ростова-на-Дону""",Ростовская область,,2024,https://fadn.gov.ru/otkritoe-agenstvo/reestr-nka/
МЕСТНАЯ ОБЩЕСТВЕННАЯ ОРГАНИЗАЦИЯ НАЦИОНАЛЬНО-КУЛЬТУРНАЯ АВТОНОМИЯ АЗЕРБАЙДЖАНЦЕВ ГОРОДА АКСАЯ,Ростовская область,,2024,https://fadn.gov.ru/otkritoe-agenstvo/reestr-nka/
МЕСТНАЯ ОБЩЕСТВЕННАЯ ОРГАНИЗАЦИЯ НАЦИОНАЛЬНО-КУЛЬТУРНАЯ АВТОНОМИЯ АЗЕРБАЙДЖАНЦЕВ ГОРОДА НОВОЧЕРКАССКА,Ростовская область,,2024,https://fadn.gov.ru/otkritoe-agenstvo/reestr-nka/
"общественная организация ""Национально - культурная автономия татар города Челябинска""",Челябинская область,,2025,https://fadn.gov.ru/otkritoe-agenstvo/reestr-nka/
"ОБЩЕСТВЕННАЯ ОРГАНИЗАЦИЯ ""МЕСТНАЯ ЧУВАШСКАЯ НАЦИОНАЛЬНО-КУЛЬТУРНАЯ АВТОНОМИЯ ГОРОДА КАЛИНИНГРАД""",Калининградская область,,2025,https://fadn.gov.ru/otkritoe-agenstvo/reestr-nka/
"Общественная организация ""Национально-культурная автономия татар города Петрозаводска""",Республика Карелия,,2025,https://fadn.gov.ru/otkritoe-agenstvo/reestr-nka/
Местная общественная организация национально- культурная автономия кыргызов города Ростова-на-Дону (КЫРГЫЗСТАН-ДОН),Ростовская область,,2025,https://fadn.gov.ru/otkritoe-agenstvo/reestr-nka/
Местная общественная организация «Национально-культурная армянская автономия «АНИ» Мясниковского района Ростовской области»,Ростовская область,,2025,https://fadn.gov.ru/otkritoe-agenstvo/reestr-nka/
Местная национально-культурная автономия чеченцев Казбековского района Республики Дагестан,Республика Дагестан,,2025,https://fadn.gov.ru/otkritoe-agenstvo/reestr-nka/
МЕСТНАЯ ОБЩЕСТВЕННАЯ ОРГАНИЗАЦИЯ НАЦИОНАЛЬНО-КУЛЬТУРНАЯ АВТОНОМИЯ АЗЕРБАЙДЖАНЦЕВ ГОРОДА РОСТОВА-НА-ДОНУ,Ростовская область,,2025,https://fadn.gov.ru/otkritoe-agenstvo/reestr-nka/
"Общественная организация местная татарская национальнокультурная автономия Кунашакского района ""Татарлар"" (татары)",Челябинская область,,2025,https://fadn.gov.ru/otkritoe-agenstvo/reestr-nka/
"Общественная организация ""Местная национальнокультурная автономия татар"" г. Ленинска-Кузнецкого",Кемеровская область - Кузбасс,,2025,https://fadn.gov.ru/otkritoe-agenstvo/reestr-nka/
"Общественная организация ""Местная национальнокультурная автономия чувашей г.Мурманска""",Мурманская область,,2025,https://fadn.gov.ru/otkritoe-agenstvo/reestr-nka/
Местная национально-культурная автономия чеченцев города кизляр Республики Дагестан,Республика Дагестан,,2025,https://fadn.gov.ru/otkritoe-agenstvo/reestr-nka/
Местная национально-культурная автономия чеченцев Хасавюртовского района Республики Дагестан,Республика Дагестан,,2025,https://fadn.gov.ru/otkritoe-agenstvo/reestr-nka/
Местная общественная организация Национально-культурная автономия татар муниципального района Дюртюлинский район Республики Башкортостан,Республика Башкортостан,,2025,https://fadn.gov.ru/otkritoe-agenstvo/reestr-nka/
Местная национально-культурная автономия чеченцев Новолакского района Республики Дагестан,Республика Дагестан,,2025,https://fadn.gov.ru/otkritoe-agenstvo/reestr-nka/
"Местная общественная организация ""Национальнокультурная автономия армян"" города Омска",Омская область,,2025,https://fadn.gov.ru/otkritoe-agenstvo/reestr-nka/
"Общественная организация Красноярская местная грузинская национально-культурная автономия ""ГЕОРГИЯ"" (Грузия)",Красноярский край,,2025,https://fadn.gov.ru/otkritoe-agenstvo/reestr-nka/
"Общественная организация ""Местная национально- культурная автономия татар Краснооктябрьского муниципального округа Нижегородской области""",Нижегородская область,,2025,https://fadn.gov.ru/otkritoe-agenstvo/reestr-nka/
"Общественная организация ""Местная национально- культурная автономия татар Сергачского муниципального округа Нижегородской области""",Нижегородская область,,2025,https://fadn.gov.ru/otkritoe-agenstvo/reestr-nka/
Общественная организация «Местная татарская национально-культурная автономия Усть-Ишимского района Омской области»,Омская область,,2025,https://fadn.gov.ru/otkritoe-agenstvo/reestr-nka/
"Местная общественная организация национально-культурная автономия цыган Прионежского района Республики Карелия ""Вера, надежда, любовь""",Республика Карелия,,2025,https://fadn.gov.ru/otkritoe-agenstvo/reestr-nka/
"Региональная общественная организация ""Национально-культурная автономия таджиков Республики Татарстан""",Республика Татарстан (Татарстан),,2025,https://fadn.gov.ru/otkritoe-agenstvo/reestr-nka/
"Местная общественная организация ""НАЦИОНАЛЬНО-КУЛЬТУРНАЯ АВТОНОМИЯ ТАДЖИКИСТАНЦЕВ ГОРОДА ТОЛЬЯТТИ""",Самарская область,,2026,https://fadn.gov.ru/otkritoe-agenstvo/reestr-nka/
Общественная организация Региональная национальнокультурная автономия татар Омской области,Омская область,,2026,https://fadn.gov.ru/otkritoe-agenstvo/reestr-nka/
"Общественная организация ""Омская местная национальнокультурная автономия чувашей ""Юлташ"" (Товарищ)",Омская область,,2026,https://fadn.gov.ru/otkritoe-agenstvo/reestr-nka/
"ОБЩЕСТВЕННАЯ ОРГАНИЗАЦИЯ ""МЕСТНАЯ НАЦИОНАЛЬНОКУЛЬТУРНАЯ АВТОНОМИЯ ТАТАР ГОРОДА ИРКУТСКА""",Иркутская область,,2026,https://fadn.gov.ru/otkritoe-agenstvo/reestr-nka/
"Общественная организация ""Местная национально-культурная автономия чувашей муниципального округа Отрадное Северо-Восточного административного округа города Москвы""",Москва,,2025,https://fadn.gov.ru/otkritoe-agenstvo/reestr-nka/
"Местная общественная организация ""Немецкая национально-культурная автономия района Раменки Западного административного округа города Москвы""",Москва,,2026,https://fadn.gov.ru/otkritoe-agenstvo/reestr-nka/
"Общественная организация ""Местная национально-культурная автономия чувашей муниципального округа Обручевский Юго-западного административного округа города москвы""",Москва,,2025,https://fadn.gov.ru/otkritoe-agenstvo/reestr-nka/
"Общественная организация ""Местная национально-культурная автономия чувашей муниципального округа Щербинка Новомосковского административного округа города Москвы""",Москва,,2025,https://fadn.gov.ru/otkritoe-agenstvo/reestr-nka/
Местная общественная организация Национально-культурная автономия корейцев г. Владивостока,Приморский край,,2026,https://fadn.gov.ru/otkritoe-agenstvo/reestr-nka/
"Общественная организация ""Местная татарская национально-культурная автономия Городищенского района Пензенской области""",Пензенская область,,2026,https://fadn.gov.ru/otkritoe-agenstvo/reestr-nka/
"МЕСТНАЯ ОБЩЕСТВЕННАЯ ОРГАНИЗАЦИЯ ""НЕМЕЦКАЯ НАЦИОНАЛЬНО-КУЛЬТУРНАЯ АВТОНОМИЯ МУНИЦИПАЛЬНОГО ОКРУГА КОММУНАРКА НОВОМОСКОВСКОГО АДМИНИСТРАТИВНОГО ОКРУГА ГОРОДА МОСКВЫ""",Москва,,2026,https://fadn.gov.ru/otkritoe-agenstvo/reestr-nka/
"Местная общественная организация ""Баяндаевская районная бурятская национально-культурная автономия ""Эрдэни"" (Сокровище)""",Иркутская область,,2026,https://fadn.gov.ru/otkritoe-agenstvo/reestr-nka/
"МЕСТНАЯ ОБЩЕСТВЕННАЯ ОРГАНИЗАЦИЯ ""НЕМЕЦКАЯ НАЦИОНАЛЬНО-КУЛЬТУРНАЯ АВТОНОМИЯ МУНИЦИПАЛЬНОГО ОКРУГА СОЛНЦЕВО В ГОРОДЕ МОСКВЕ""",Москва,,2026,https://fadn.gov.ru/otkritoe-agenstvo/reestr-nka/
Местная общественная организация «Киргизская национально-культурная автономия «Элдик» («Народный») г. Владивостока»,Приморский край,,2026,https://fadn.gov.ru/otkritoe-agenstvo/reestr-nka/
"Региональная общественная организация ""Национально-культурная автономия чувашей города Москвы""",Москва,,2026,https://fadn.gov.ru/otkritoe-agenstvo/reestr-nka/
МЕСТНАЯ ОБЩЕСТВЕННАЯ ОРГАНИЗАЦИЯ НАЦИОНАЛЬНО-КУЛЬТУРНАЯ АВТОНОМИЯ АФГАНЦЕВ ГОРОДА РОСТОВА-НА-ДОНУ,Ростовская область,,2026,https://fadn.gov.ru/otkritoe-agenstvo/reestr-nka/
"Местная общественная организация Марийская национально-культурная автономия ""Эрвел Марий"" муниципального района Нуримановский район Республики Башкортостан",Республика Башкортостан,,2026,https://fadn.gov.ru/otkritoe-agenstvo/reestr-nka/
