nom,subdivision,surface_km2,annee,source_url
"Comunidad Indígena ""Tribu de Rondeau"" (pueblo Mapuche)","25 de Mayo, Buenos Aires",,2014,http://datos.mininterior.gob.ar/dataset/6a702e6f-3292-44fe-804f-16b8dee008c1/resource/3c2137d5-46d3-40cf-9e01-ee406746b27a/download/listado-de-comunidades-indigenas-20251112.csv
Comundad Kalfulafken (pueblo Mapuche),"Adolfo Alsina, Buenos Aires",,2023,http://datos.mininterior.gob.ar/dataset/6a702e6f-3292-44fe-804f-16b8dee008c1/resource/3c2137d5-46d3-40cf-9e01-ee406746b27a/download/listado-de-comunidades-indigenas-20251112.csv
Comunidad Aborigen Toba Migtagan (pueblo Qom/Toba),"Almirante Brown, Buenos Aires",,2000,http://datos.mininterior.gob.ar/dataset/6a702e6f-3292-44fe-804f-16b8dee008c1/resource/3c2137d5-46d3-40cf-9e01-ee406746b27a/download/listado-de-comunidades-indigenas-20251112.csv
Comunidad Indígena de pueblo Tupí Guaraní Hipólito Yumbay (pueblo Tupí Guaraní),"Almirante Brown, Buenos Aires",,1999,http://datos.mininterior.gob.ar/dataset/6a702e6f-3292-44fe-804f-16b8dee008c1/resource/3c2137d5-46d3-40cf-9e01-ee406746b27a/download/listado-de-comunidades-indigenas-20251112.csv
Comunidad Indígena del Pueblo Ava Guaraní Cuymbae Toro (pueblo Ava Guaraní),"Almirante Brown, Buenos Aires",,2011,http://datos.mininterior.gob.ar/dataset/6a702e6f-3292-44fe-804f-16b8dee008c1/resource/3c2137d5-46d3-40cf-9e01-ee406746b27a/download/listado-de-comunidades-indigenas-20251112.csv
Comunidad Kolla Guaguagni Jallpá (pueblo Kolla),"Almirante Brown, Buenos Aires",,2008,http://datos.mininterior.gob.ar/dataset/6a702e6f-3292-44fe-804f-16b8dee008c1/resource/3c2137d5-46d3-40cf-9e01-ee406746b27a/download/listado-de-comunidades-indigenas-20251112.csv
"Comunidad de Las Pampas ""Cacique Cipriano Catriel"" (pueblo Mapuche)","Azul, Buenos Aires",,2016,http://datos.mininterior.gob.ar/dataset/6a702e6f-3292-44fe-804f-16b8dee008c1/resource/3c2137d5-46d3-40cf-9e01-ee406746b27a/download/listado-de-comunidades-indigenas-20251112.csv
Comunidad Ruka Kimún Mapuche (pueblo Mapuche),"Bahía Blanca, Buenos Aires",,1999,http://datos.mininterior.gob.ar/dataset/6a702e6f-3292-44fe-804f-16b8dee008c1/resource/3c2137d5-46d3-40cf-9e01-ee406746b27a/download/listado-de-comunidades-indigenas-20251112.csv
Lof Kuripán Kayupán (pueblo Mapuche),"Bahía Blanca, Buenos Aires",,2005,http://datos.mininterior.gob.ar/dataset/6a702e6f-3292-44fe-804f-16b8dee008c1/resource/3c2137d5-46d3-40cf-9e01-ee406746b27a/download/listado-de-comunidades-indigenas-20251112.csv
Comunidad Inti (pueblo Kolla),"Berisso, Buenos Aires",,2023,http://datos.mininterior.gob.ar/dataset/6a702e6f-3292-44fe-804f-16b8dee008c1/resource/3c2137d5-46d3-40cf-9e01-ee406746b27a/download/listado-de-comunidades-indigenas-20251112.csv
Comunidad Mocoví de Berisso (pueblo Moqoit/Mocoví),"Berisso, Buenos Aires",,2004,http://datos.mininterior.gob.ar/dataset/6a702e6f-3292-44fe-804f-16b8dee008c1/resource/3c2137d5-46d3-40cf-9e01-ee406746b27a/download/listado-de-comunidades-indigenas-20251112.csv
Comunidad Mapuche Melinao (pueblo Mapuche),"Bragado, Buenos Aires",,2011,http://datos.mininterior.gob.ar/dataset/6a702e6f-3292-44fe-804f-16b8dee008c1/resource/3c2137d5-46d3-40cf-9e01-ee406746b27a/download/listado-de-comunidades-indigenas-20251112.csv
Comunidad Indígena del Pueblo Mbyá Guaraní Mbyá Apyteré (pueblo Mbya Guaraní),"Escobar, Buenos Aires",,2004,http://datos.mininterior.gob.ar/dataset/6a702e6f-3292-44fe-804f-16b8dee008c1/resource/3c2137d5-46d3-40cf-9e01-ee406746b27a/download/listado-de-comunidades-indigenas-20251112.csv
Comunidad Guaraní Guarumba (pueblo Guaraní),"Esteban Echeverría, Buenos Aires",,2011,http://datos.mininterior.gob.ar/dataset/6a702e6f-3292-44fe-804f-16b8dee008c1/resource/3c2137d5-46d3-40cf-9e01-ee406746b27a/download/listado-de-comunidades-indigenas-20251112.csv
Comunidad Indígena Tupí Guaraní Pe Ñangatuña Opabe Y Ba Año Malvinape (pueblo Tupí Guaraní),"Esteban Echeverría, Buenos Aires",,2007,http://datos.mininterior.gob.ar/dataset/6a702e6f-3292-44fe-804f-16b8dee008c1/resource/3c2137d5-46d3-40cf-9e01-ee406746b27a/download/listado-de-comunidades-indigenas-20251112.csv
Comunidad Warisata (pueblo Guaraní),"Florencio Varela, Buenos Aires",,2022,http://datos.mininterior.gob.ar/dataset/6a702e6f-3292-44fe-804f-16b8dee008c1/resource/3c2137d5-46d3-40cf-9e01-ee406746b27a/download/listado-de-comunidades-indigenas-20251112.csv
Comunidad Külüla A Küna (pueblo Günün a Küna-Aonikenk/Tehuelche),"General Alvarado, Buenos Aires",,2024,http://datos.mininterior.gob.ar/dataset/6a702e6f-3292-44fe-804f-16b8dee008c1/resource/3c2137d5-46d3-40cf-9e01-ee406746b27a/download/listado-de-comunidades-indigenas-20251112.csv
"Comunidad Indígena ""Tata Guasu"" (pueblo Guaraní)","General San Martín, Buenos Aires",,2023,http://datos.mininterior.gob.ar/dataset/6a702e6f-3292-44fe-804f-16b8dee008c1/resource/3c2137d5-46d3-40cf-9e01-ee406746b27a/download/listado-de-comunidades-indigenas-20251112.csv
Comisión Laguna La Azotea (pueblo Mapuche),"General Viamonte, Buenos Aires",,2004,http://datos.mininterior.gob.ar/dataset/6a702e6f-3292-44fe-804f-16b8dee008c1/resource/3c2137d5-46d3-40cf-9e01-ee406746b27a/download/listado-de-comunidades-indigenas-20251112.csv
Comunidad Hermanos Mapuches de Los Toldos (pueblo Mapuche),"General Viamonte, Buenos Aires",,2019,http://datos.mininterior.gob.ar/dataset/6a702e6f-3292-44fe-804f-16b8dee008c1/resource/3c2137d5-46d3-40cf-9e01-ee406746b27a/download/listado-de-comunidades-indigenas-20251112.csv
Comunidad Indígena Tribu Ignacio Coliqueo (pueblo Mapuche),"General Viamonte, Buenos Aires",,2017,http://datos.mininterior.gob.ar/dataset/6a702e6f-3292-44fe-804f-16b8dee008c1/resource/3c2137d5-46d3-40cf-9e01-ee406746b27a/download/listado-de-comunidades-indigenas-20251112.csv
Comunidad Kintu Kimvn (pueblo Mapuche),"General Viamonte, Buenos Aires",,2018,http://datos.mininterior.gob.ar/dataset/6a702e6f-3292-44fe-804f-16b8dee008c1/resource/3c2137d5-46d3-40cf-9e01-ee406746b27a/download/listado-de-comunidades-indigenas-20251112.csv
Comunidad Mapuche Barrio Los Eucaliptos (pueblo Mapuche),"General Viamonte, Buenos Aires",,2002,http://datos.mininterior.gob.ar/dataset/6a702e6f-3292-44fe-804f-16b8dee008c1/resource/3c2137d5-46d3-40cf-9e01-ee406746b27a/download/listado-de-comunidades-indigenas-20251112.csv
Comunidad Mapuche Tehuelche Azmapu (pueblo Mapuche Tehuelche),"General Viamonte, Buenos Aires",,2023,http://datos.mininterior.gob.ar/dataset/6a702e6f-3292-44fe-804f-16b8dee008c1/resource/3c2137d5-46d3-40cf-9e01-ee406746b27a/download/listado-de-comunidades-indigenas-20251112.csv
Comunidad Mapuches de La Azotea (pueblo Mapuche),"General Viamonte, Buenos Aires",,2023,http://datos.mininterior.gob.ar/dataset/6a702e6f-3292-44fe-804f-16b8dee008c1/resource/3c2137d5-46d3-40cf-9e01-ee406746b27a/download/listado-de-comunidades-indigenas-20251112.csv
Comunidad Indígena Mink’akuy Tawantinsuyupaq (pueblo Quechua - Kolla),"Hurlingham, Buenos Aires",,2021,http://datos.mininterior.gob.ar/dataset/6a702e6f-3292-44fe-804f-16b8dee008c1/resource/3c2137d5-46d3-40cf-9e01-ee406746b27a/download/listado-de-comunidades-indigenas-20251112.csv
Comunidad Indígena del Pueblo Tupí Guaraní Caaguy Poty (pueblo Tupí Guaraní),"José C. Paz, Buenos Aires",,2003,http://datos.mininterior.gob.ar/dataset/6a702e6f-3292-44fe-804f-16b8dee008c1/resource/3c2137d5-46d3-40cf-9e01-ee406746b27a/download/listado-de-comunidades-indigenas-20251112.csv
Comunidad Urbana Guaraní Mbo´ ehára Jasy Rendy (pueblo Guaraní),"José C. Paz, Buenos Aires",,2022,http://datos.mininterior.gob.ar/dataset/6a702e6f-3292-44fe-804f-16b8dee008c1/resource/3c2137d5-46d3-40cf-9e01-ee406746b27a/download/listado-de-comunidades-indigenas-20251112.csv
Comunidad Yvyturusu Pueblo Guaraní (pueblo Guaraní),"José C. Paz, Buenos Aires",,2016,http://datos.mininterior.gob.ar/dataset/6a702e6f-3292-44fe-804f-16b8dee008c1/resource/3c2137d5-46d3-40cf-9e01-ee406746b27a/download/listado-de-comunidades-indigenas-20251112.csv
Comunidad Mapuche de Junín (pueblo Mapuche),"Junín, Buenos Aires",,2004,http://datos.mininterior.gob.ar/dataset/6a702e6f-3292-44fe-804f-16b8dee008c1/resource/3c2137d5-46d3-40cf-9e01-ee406746b27a/download/listado-de-comunidades-indigenas-20251112.csv
Comunidad Mapuche Ñuque Mapu del Campo de la Cruz (pueblo Mapuche),"Junín, Buenos Aires",,2009,http://datos.mininterior.gob.ar/dataset/6a702e6f-3292-44fe-804f-16b8dee008c1/resource/3c2137d5-46d3-40cf-9e01-ee406746b27a/download/listado-de-comunidades-indigenas-20251112.csv
Comunidad Mapuche-Tehuelche Nahuel Payún (pueblo Mapuche Tehuelche),"Junín, Buenos Aires",,2021,http://datos.mininterior.gob.ar/dataset/6a702e6f-3292-44fe-804f-16b8dee008c1/resource/3c2137d5-46d3-40cf-9e01-ee406746b27a/download/listado-de-comunidades-indigenas-20251112.csv
Comunidad Che Añamangüerá (Mis Parientes) (pueblo Tupí Guaraní),"La Matanza, Buenos Aires",,2012,http://datos.mininterior.gob.ar/dataset/6a702e6f-3292-44fe-804f-16b8dee008c1/resource/3c2137d5-46d3-40cf-9e01-ee406746b27a/download/listado-de-comunidades-indigenas-20251112.csv
Comunidad Guaraní Kuña Yaguaroguí (pueblo Guaraní),"La Matanza, Buenos Aires",,2023,http://datos.mininterior.gob.ar/dataset/6a702e6f-3292-44fe-804f-16b8dee008c1/resource/3c2137d5-46d3-40cf-9e01-ee406746b27a/download/listado-de-comunidades-indigenas-20251112.csv
Comunidad Indígena Areteguasu Bsaspe (pueblo Ava Guaraní),"La Matanza, Buenos Aires",,2022,http://datos.mininterior.gob.ar/dataset/6a702e6f-3292-44fe-804f-16b8dee008c1/resource/3c2137d5-46d3-40cf-9e01-ee406746b27a/download/listado-de-comunidades-indigenas-20251112.csv
"Comunidad Indígena Tres Ombúes (pueblo Diaguita - Kolla - Quechua - Guaraní - Mapuche, Qom y otros (Multiétnica))","La Matanza, Buenos Aires",,2023,http://datos.mininterior.gob.ar/dataset/6a702e6f-3292-44fe-804f-16b8dee008c1/resource/3c2137d5-46d3-40cf-9e01-ee406746b27a/download/listado-de-comunidades-indigenas-20251112.csv
Comunidad Mandu´a Recordar (pueblo Tupí Guaraní),"La Matanza, Buenos Aires",,2012,http://datos.mininterior.gob.ar/dataset/6a702e6f-3292-44fe-804f-16b8dee008c1/resource/3c2137d5-46d3-40cf-9e01-ee406746b27a/download/listado-de-comunidades-indigenas-20251112.csv
Comunidad Originaria Multiétnica Saphy Ayllu (pueblo Kolla),"La Matanza, Buenos Aires",,2019,http://datos.mininterior.gob.ar/dataset/6a702e6f-3292-44fe-804f-16b8dee008c1/resource/3c2137d5-46d3-40cf-9e01-ee406746b27a/download/listado-de-comunidades-indigenas-20251112.csv
Comunidad Taupa (pueblo Tupí Guaraní),"La Matanza, Buenos Aires",,2011,http://datos.mininterior.gob.ar/dataset/6a702e6f-3292-44fe-804f-16b8dee008c1/resource/3c2137d5-46d3-40cf-9e01-ee406746b27a/download/listado-de-comunidades-indigenas-20251112.csv
Asociación Civil Aborígenes Unidos para Crecer (pueblo Qom/Toba),"La Plata, Buenos Aires",,2003,http://datos.mininterior.gob.ar/dataset/6a702e6f-3292-44fe-804f-16b8dee008c1/resource/3c2137d5-46d3-40cf-9e01-ee406746b27a/download/listado-de-comunidades-indigenas-20251112.csv
Comunidad Ava Guaraní Iwi-Imemb´Y (Hijos de la Tierra) (pueblo Ava Guaraní),"La Plata, Buenos Aires",,2014,http://datos.mininterior.gob.ar/dataset/6a702e6f-3292-44fe-804f-16b8dee008c1/resource/3c2137d5-46d3-40cf-9e01-ee406746b27a/download/listado-de-comunidades-indigenas-20251112.csv
Comunidad Gente Nueva (pueblo Qom/Toba),"La Plata, Buenos Aires",,2012,http://datos.mininterior.gob.ar/dataset/6a702e6f-3292-44fe-804f-16b8dee008c1/resource/3c2137d5-46d3-40cf-9e01-ee406746b27a/download/listado-de-comunidades-indigenas-20251112.csv
Comunidad Indígena General Juan Calfucurá (pueblo Mapuche),"La Plata, Buenos Aires",,2022,http://datos.mininterior.gob.ar/dataset/6a702e6f-3292-44fe-804f-16b8dee008c1/resource/3c2137d5-46d3-40cf-9e01-ee406746b27a/download/listado-de-comunidades-indigenas-20251112.csv
Comunidad Indígena Marka Wasi (pueblo Kolla),"La Plata, Buenos Aires",,2023,http://datos.mininterior.gob.ar/dataset/6a702e6f-3292-44fe-804f-16b8dee008c1/resource/3c2137d5-46d3-40cf-9e01-ee406746b27a/download/listado-de-comunidades-indigenas-20251112.csv
Comunidad Mapuche Tehuelche Callvu Shotel (pueblo Mapuche Tehuelche),"La Plata, Buenos Aires",,2010,http://datos.mininterior.gob.ar/dataset/6a702e6f-3292-44fe-804f-16b8dee008c1/resource/3c2137d5-46d3-40cf-9e01-ee406746b27a/download/listado-de-comunidades-indigenas-20251112.csv
Comunidad Nqayañec´pi Naqota´at (Hermanos Unidos) (pueblo Qom/Toba),"La Plata, Buenos Aires",,2017,http://datos.mininterior.gob.ar/dataset/6a702e6f-3292-44fe-804f-16b8dee008c1/resource/3c2137d5-46d3-40cf-9e01-ee406746b27a/download/listado-de-comunidades-indigenas-20251112.csv
Comunidad Ntaraq Nam Qom (pueblo Qom/Toba),"La Plata, Buenos Aires",,2011,http://datos.mininterior.gob.ar/dataset/6a702e6f-3292-44fe-804f-16b8dee008c1/resource/3c2137d5-46d3-40cf-9e01-ee406746b27a/download/listado-de-comunidades-indigenas-20251112.csv
Comunidad Q'om Dalaxaic' Na'Aq' (Nuevo Día) (pueblo Qom/Toba),"La Plata, Buenos Aires",,2021,http://datos.mininterior.gob.ar/dataset/6a702e6f-3292-44fe-804f-16b8dee008c1/resource/3c2137d5-46d3-40cf-9e01-ee406746b27a/download/listado-de-comunidades-indigenas-20251112.csv
Comunidad Raíces Tobas (pueblo Qom/Toba),"La Plata, Buenos Aires",,2002,http://datos.mininterior.gob.ar/dataset/6a702e6f-3292-44fe-804f-16b8dee008c1/resource/3c2137d5-46d3-40cf-9e01-ee406746b27a/download/listado-de-comunidades-indigenas-20251112.csv
Comunidad Ayllu Cinco Siglos de Qué? (pueblo Kolla),"Lanús, Buenos Aires",,2018,http://datos.mininterior.gob.ar/dataset/6a702e6f-3292-44fe-804f-16b8dee008c1/resource/3c2137d5-46d3-40cf-9e01-ee406746b27a/download/listado-de-comunidades-indigenas-20251112.csv
Comunidad Mapuche Rankel Rupu Antv (pueblo Mapuche - Rankel),"Lincoln, Buenos Aires",,2023,http://datos.mininterior.gob.ar/dataset/6a702e6f-3292-44fe-804f-16b8dee008c1/resource/3c2137d5-46d3-40cf-9e01-ee406746b27a/download/listado-de-comunidades-indigenas-20251112.csv
Comunidad Guaraní Kokue Poty Ña Ñemity (pueblo Guaraní),"Lomas de Zamora, Buenos Aires",,2024,http://datos.mininterior.gob.ar/dataset/6a702e6f-3292-44fe-804f-16b8dee008c1/resource/3c2137d5-46d3-40cf-9e01-ee406746b27a/download/listado-de-comunidades-indigenas-20251112.csv
Comunidad Mapuche Gualmes de Malvinas Argentinas (pueblo Mapuche),"Malvinas Argentinas, Buenos Aires",,2004,http://datos.mininterior.gob.ar/dataset/6a702e6f-3292-44fe-804f-16b8dee008c1/resource/3c2137d5-46d3-40cf-9e01-ee406746b27a/download/listado-de-comunidades-indigenas-20251112.csv
Comunidad Indígena 19 de Abril (pueblo Qom/Toba),"Marcos Paz, Buenos Aires",,1996,http://datos.mininterior.gob.ar/dataset/6a702e6f-3292-44fe-804f-16b8dee008c1/resource/3c2137d5-46d3-40cf-9e01-ee406746b27a/download/listado-de-comunidades-indigenas-20251112.csv
Comunidad Indígena del Pueblo Tupí Guarani Cuarajhy Verá (pueblo Tupí Guaraní),"Moreno, Buenos Aires",,2003,http://datos.mininterior.gob.ar/dataset/6a702e6f-3292-44fe-804f-16b8dee008c1/resource/3c2137d5-46d3-40cf-9e01-ee406746b27a/download/listado-de-comunidades-indigenas-20251112.csv
Comunidad Mapuche Urbana Peñi Mapu (Hermanos de la Tierra) (pueblo Mapuche),"Olavarría, Buenos Aires",,2003,http://datos.mininterior.gob.ar/dataset/6a702e6f-3292-44fe-804f-16b8dee008c1/resource/3c2137d5-46d3-40cf-9e01-ee406746b27a/download/listado-de-comunidades-indigenas-20251112.csv
Comunidad Antu Ruca (pueblo Mapuche),"Patagones, Buenos Aires",,2009,http://datos.mininterior.gob.ar/dataset/6a702e6f-3292-44fe-804f-16b8dee008c1/resource/3c2137d5-46d3-40cf-9e01-ee406746b27a/download/listado-de-comunidades-indigenas-20251112.csv
Comunidad Indígena Daviaxaiqui (pueblo Qom/Toba),"Pilar, Buenos Aires",,1995,http://datos.mininterior.gob.ar/dataset/6a702e6f-3292-44fe-804f-16b8dee008c1/resource/3c2137d5-46d3-40cf-9e01-ee406746b27a/download/listado-de-comunidades-indigenas-20251112.csv
Comunidad Aborigen Toba Yapé (pueblo Qom/Toba),"Quilmes, Buenos Aires",,2004,http://datos.mininterior.gob.ar/dataset/6a702e6f-3292-44fe-804f-16b8dee008c1/resource/3c2137d5-46d3-40cf-9e01-ee406746b27a/download/listado-de-comunidades-indigenas-20251112.csv
Comunidad Dapiguen Le´Ecpi´ (Los nativos del Norte Argentino) (pueblo Qom/Toba),"Quilmes, Buenos Aires",,2001,http://datos.mininterior.gob.ar/dataset/6a702e6f-3292-44fe-804f-16b8dee008c1/resource/3c2137d5-46d3-40cf-9e01-ee406746b27a/download/listado-de-comunidades-indigenas-20251112.csv
Comunidad Guarani Ñande Sy Yvy (pueblo Guaraní),"Quilmes, Buenos Aires",,2023,http://datos.mininterior.gob.ar/dataset/6a702e6f-3292-44fe-804f-16b8dee008c1/resource/3c2137d5-46d3-40cf-9e01-ee406746b27a/download/listado-de-comunidades-indigenas-20251112.csv
Comunidad Indígena Migrante Tonokote Wayra´Rimaj (pueblo Tonokoté),"Quilmes, Buenos Aires",,,http://datos.mininterior.gob.ar/dataset/6a702e6f-3292-44fe-804f-16b8dee008c1/resource/3c2137d5-46d3-40cf-9e01-ee406746b27a/download/listado-de-comunidades-indigenas-20251112.csv
Comunidad Kuarajhy (pueblo Guaraní),"Quilmes, Buenos Aires",,2023,http://datos.mininterior.gob.ar/dataset/6a702e6f-3292-44fe-804f-16b8dee008c1/resource/3c2137d5-46d3-40cf-9e01-ee406746b27a/download/listado-de-comunidades-indigenas-20251112.csv
Comunidad de los Pueblos Originarios (pueblo Qom/Toba),"Quilmes, Buenos Aires",,2004,http://datos.mininterior.gob.ar/dataset/6a702e6f-3292-44fe-804f-16b8dee008c1/resource/3c2137d5-46d3-40cf-9e01-ee406746b27a/download/listado-de-comunidades-indigenas-20251112.csv
Lof Günun Ä Küna Mapuche Vicente Catrunao Pincén (pueblo Mapuche Tehuelche),"San Miguel, Buenos Aires",,2015,http://datos.mininterior.gob.ar/dataset/6a702e6f-3292-44fe-804f-16b8dee008c1/resource/3c2137d5-46d3-40cf-9e01-ee406746b27a/download/listado-de-comunidades-indigenas-20251112.csv
Comunidad Aborigen Toba Laphole (pueblo Qom/Toba),"San Nicolás, Buenos Aires",,2005,http://datos.mininterior.gob.ar/dataset/6a702e6f-3292-44fe-804f-16b8dee008c1/resource/3c2137d5-46d3-40cf-9e01-ee406746b27a/download/listado-de-comunidades-indigenas-20251112.csv
Comunidad Lma Iacia Qom (pueblo Qom/Toba),"San Pedro, Buenos Aires",,2021,http://datos.mininterior.gob.ar/dataset/6a702e6f-3292-44fe-804f-16b8dee008c1/resource/3c2137d5-46d3-40cf-9e01-ee406746b27a/download/listado-de-comunidades-indigenas-20251112.csv
Comunidad Indígena Punta Querandí (pueblo Kolla - Qom - otros (Multiétnica)),"Tigre, Buenos Aires",,2023,http://datos.mininterior.gob.ar/dataset/6a702e6f-3292-44fe-804f-16b8dee008c1/resource/3c2137d5-46d3-40cf-9e01-ee406746b27a/download/listado-de-comunidades-indigenas-20251112.csv
Comunidad Indígena Toba Yecthakay (pueblo Qom/Toba),"Tigre, Buenos Aires",,1999,http://datos.mininterior.gob.ar/dataset/6a702e6f-3292-44fe-804f-16b8dee008c1/resource/3c2137d5-46d3-40cf-9e01-ee406746b27a/download/listado-de-comunidades-indigenas-20251112.csv
Comunidad Indígena Cacique Pincén (pueblo Mapuche Tehuelche),"Trenque Lauquen, Buenos Aires",,2015,http://datos.mininterior.gob.ar/dataset/6a702e6f-3292-44fe-804f-16b8dee008c1/resource/3c2137d5-46d3-40cf-9e01-ee406746b27a/download/listado-de-comunidades-indigenas-20251112.csv
Comunidad Originaria Ayllu Mayu Wasi (pueblo Quechua - Kolla),"Vicente López, Buenos Aires",,2023,http://datos.mininterior.gob.ar/dataset/6a702e6f-3292-44fe-804f-16b8dee008c1/resource/3c2137d5-46d3-40cf-9e01-ee406746b27a/download/listado-de-comunidades-indigenas-20251112.csv
Comunidad Originaria Diaguita Anconquija (pueblo Diaguita),"Andalgalá, Catamarca",,2023,http://datos.mininterior.gob.ar/dataset/6a702e6f-3292-44fe-804f-16b8dee008c1/resource/3c2137d5-46d3-40cf-9e01-ee406746b27a/download/listado-de-comunidades-indigenas-20251112.csv
Comunidad Indígena de Antofalla (pueblo Kolla Atacameño),"Antofagasta de la Sierra, Catamarca",,2007,http://datos.mininterior.gob.ar/dataset/6a702e6f-3292-44fe-804f-16b8dee008c1/resource/3c2137d5-46d3-40cf-9e01-ee406746b27a/download/listado-de-comunidades-indigenas-20251112.csv
Comunidad India Los Morteritos - Las Cuevas (pueblo Diaguita Calchaquí),"Belén, Catamarca",,2007,http://datos.mininterior.gob.ar/dataset/6a702e6f-3292-44fe-804f-16b8dee008c1/resource/3c2137d5-46d3-40cf-9e01-ee406746b27a/download/listado-de-comunidades-indigenas-20251112.csv
Comunidad Indígena Aguas Calientes (pueblo Diaguita Calchaquí),"Belén, Catamarca",,2019,http://datos.mininterior.gob.ar/dataset/6a702e6f-3292-44fe-804f-16b8dee008c1/resource/3c2137d5-46d3-40cf-9e01-ee406746b27a/download/listado-de-comunidades-indigenas-20251112.csv
Comunidad Indígena El Tolar (pueblo Diaguita),"Belén, Catamarca",,2023,http://datos.mininterior.gob.ar/dataset/6a702e6f-3292-44fe-804f-16b8dee008c1/resource/3c2137d5-46d3-40cf-9e01-ee406746b27a/download/listado-de-comunidades-indigenas-20251112.csv
Comunidad Indígena La Angostura (pueblo Diaguita),"Belén, Catamarca",,2013,http://datos.mininterior.gob.ar/dataset/6a702e6f-3292-44fe-804f-16b8dee008c1/resource/3c2137d5-46d3-40cf-9e01-ee406746b27a/download/listado-de-comunidades-indigenas-20251112.csv
Comunidad Indígena Laguna Blanca (pueblo Diaguita),"Belén, Catamarca",,2022,http://datos.mininterior.gob.ar/dataset/6a702e6f-3292-44fe-804f-16b8dee008c1/resource/3c2137d5-46d3-40cf-9e01-ee406746b27a/download/listado-de-comunidades-indigenas-20251112.csv
Comunidad Indígena de Carachi (pueblo Diaguita),"Belén, Catamarca",,2022,http://datos.mininterior.gob.ar/dataset/6a702e6f-3292-44fe-804f-16b8dee008c1/resource/3c2137d5-46d3-40cf-9e01-ee406746b27a/download/listado-de-comunidades-indigenas-20251112.csv
Comunidad Indígena de Corral Blanco (pueblo Diaguita),"Belén, Catamarca",,2019,http://datos.mininterior.gob.ar/dataset/6a702e6f-3292-44fe-804f-16b8dee008c1/resource/3c2137d5-46d3-40cf-9e01-ee406746b27a/download/listado-de-comunidades-indigenas-20251112.csv
Comunidad Originaria Cerro Pintao - La Mojarras (pueblo Diaguita),"Santa María, Catamarca",,2010,http://datos.mininterior.gob.ar/dataset/6a702e6f-3292-44fe-804f-16b8dee008c1/resource/3c2137d5-46d3-40cf-9e01-ee406746b27a/download/listado-de-comunidades-indigenas-20251112.csv
Comunidad Originaria Ingamana (pueblo Diaguita Calchaquí),"Santa María, Catamarca",,2010,http://datos.mininterior.gob.ar/dataset/6a702e6f-3292-44fe-804f-16b8dee008c1/resource/3c2137d5-46d3-40cf-9e01-ee406746b27a/download/listado-de-comunidades-indigenas-20251112.csv
Comunidad Aborigen Pueblo Viejo (pueblo Moqoit/Mocoví),"12 de Octubre, Chaco",,2009,http://datos.mininterior.gob.ar/dataset/6a702e6f-3292-44fe-804f-16b8dee008c1/resource/3c2137d5-46d3-40cf-9e01-ee406746b27a/download/listado-de-comunidades-indigenas-20251112.csv
Comunidad Indígena Costaine (pueblo Qom/Toba),"1º de Mayo, Chaco",,1996,http://datos.mininterior.gob.ar/dataset/6a702e6f-3292-44fe-804f-16b8dee008c1/resource/3c2137d5-46d3-40cf-9e01-ee406746b27a/download/listado-de-comunidades-indigenas-20251112.csv
Comunidad Indígena Margarita Belén (Barrio Norte) (pueblo Qom/Toba),"1º de Mayo, Chaco",,1996,http://datos.mininterior.gob.ar/dataset/6a702e6f-3292-44fe-804f-16b8dee008c1/resource/3c2137d5-46d3-40cf-9e01-ee406746b27a/download/listado-de-comunidades-indigenas-20251112.csv
Asociación Comunitaria Colonia Chaco (pueblo Qom/Toba),"25 de Mayo, Chaco",,1978,http://datos.mininterior.gob.ar/dataset/6a702e6f-3292-44fe-804f-16b8dee008c1/resource/3c2137d5-46d3-40cf-9e01-ee406746b27a/download/listado-de-comunidades-indigenas-20251112.csv
Asociación Comunitaria Lote 40 (pueblo Qom/Toba),"25 de Mayo, Chaco",,1992,http://datos.mininterior.gob.ar/dataset/6a702e6f-3292-44fe-804f-16b8dee008c1/resource/3c2137d5-46d3-40cf-9e01-ee406746b27a/download/listado-de-comunidades-indigenas-20251112.csv
Comunidad Aborigen Salcharó la ´a (pueblo Moqoit/Mocoví),"Almirante Brown, Chaco",,2009,http://datos.mininterior.gob.ar/dataset/6a702e6f-3292-44fe-804f-16b8dee008c1/resource/3c2137d5-46d3-40cf-9e01-ee406746b27a/download/listado-de-comunidades-indigenas-20251112.csv
Asociación Comunitaria Paraje El Pindo (pueblo Qom/Toba),"Bermejo, Chaco",,1995,http://datos.mininterior.gob.ar/dataset/6a702e6f-3292-44fe-804f-16b8dee008c1/resource/3c2137d5-46d3-40cf-9e01-ee406746b27a/download/listado-de-comunidades-indigenas-20251112.csv
Comunidad Indígena La Isla Delek (pueblo Qom/Toba),"Bermejo, Chaco",,1995,http://datos.mininterior.gob.ar/dataset/6a702e6f-3292-44fe-804f-16b8dee008c1/resource/3c2137d5-46d3-40cf-9e01-ee406746b27a/download/listado-de-comunidades-indigenas-20251112.csv
Comunidad Indígena Laguna Pato (pueblo Qom/Toba),"Bermejo, Chaco",,1995,http://datos.mininterior.gob.ar/dataset/6a702e6f-3292-44fe-804f-16b8dee008c1/resource/3c2137d5-46d3-40cf-9e01-ee406746b27a/download/listado-de-comunidades-indigenas-20251112.csv
Comunidad Indígena Maipú (pueblo Qom/Toba),"Bermejo, Chaco",,1995,http://datos.mininterior.gob.ar/dataset/6a702e6f-3292-44fe-804f-16b8dee008c1/resource/3c2137d5-46d3-40cf-9e01-ee406746b27a/download/listado-de-comunidades-indigenas-20251112.csv
Comunidad Indígena Nala (pueblo Qom/Toba),"Bermejo, Chaco",,2001,http://datos.mininterior.gob.ar/dataset/6a702e6f-3292-44fe-804f-16b8dee008c1/resource/3c2137d5-46d3-40cf-9e01-ee406746b27a/download/listado-de-comunidades-indigenas-20251112.csv
Comunidad Indígena Rancho Viejo (pueblo Qom/Toba),"Bermejo, Chaco",,1995,http://datos.mininterior.gob.ar/dataset/6a702e6f-3292-44fe-804f-16b8dee008c1/resource/3c2137d5-46d3-40cf-9e01-ee406746b27a/download/listado-de-comunidades-indigenas-20251112.csv
Comunidad Indígena Rincón Del Zorro (pueblo Qom/Toba),"Bermejo, Chaco",,1995,http://datos.mininterior.gob.ar/dataset/6a702e6f-3292-44fe-804f-16b8dee008c1/resource/3c2137d5-46d3-40cf-9e01-ee406746b27a/download/listado-de-comunidades-indigenas-20251112.csv
Comunidad Indígena Villa Margarita Norte (pueblo Qom/Toba),"Bermejo, Chaco",,1995,http://datos.mininterior.gob.ar/dataset/6a702e6f-3292-44fe-804f-16b8dee008c1/resource/3c2137d5-46d3-40cf-9e01-ee406746b27a/download/listado-de-comunidades-indigenas-20251112.csv
Comunidad Indígena Villa Teresita (pueblo Qom/Toba),"Bermejo, Chaco",,1995,http://datos.mininterior.gob.ar/dataset/6a702e6f-3292-44fe-804f-16b8dee008c1/resource/3c2137d5-46d3-40cf-9e01-ee406746b27a/download/listado-de-comunidades-indigenas-20251112.csv
Comunidad Indígena Yatay (pueblo Qom/Toba),"Bermejo, Chaco",,1995,http://datos.mininterior.gob.ar/dataset/6a702e6f-3292-44fe-804f-16b8dee008c1/resource/3c2137d5-46d3-40cf-9e01-ee406746b27a/download/listado-de-comunidades-indigenas-20251112.csv
Comunidad Inígena Cacique Moreno Barrio Belgrano (pueblo Qom/Toba),"Bermejo, Chaco",,1995,http://datos.mininterior.gob.ar/dataset/6a702e6f-3292-44fe-804f-16b8dee008c1/resource/3c2137d5-46d3-40cf-9e01-ee406746b27a/download/listado-de-comunidades-indigenas-20251112.csv
Comunidad Nuevo Asentamiento (pueblo Qom/Toba),"Bermejo, Chaco",,2023,http://datos.mininterior.gob.ar/dataset/6a702e6f-3292-44fe-804f-16b8dee008c1/resource/3c2137d5-46d3-40cf-9e01-ee406746b27a/download/listado-de-comunidades-indigenas-20251112.csv
Comunidad Qom Mapiq Labogo (pueblo Qom/Toba),"Bermejo, Chaco",,2019,http://datos.mininterior.gob.ar/dataset/6a702e6f-3292-44fe-804f-16b8dee008c1/resource/3c2137d5-46d3-40cf-9e01-ee406746b27a/download/listado-de-comunidades-indigenas-20251112.csv
Asociación Comunitaria Colonia Las Tolderías (pueblo Moqoit/Mocoví),"Chacabuco, Chaco",,1986,http://datos.mininterior.gob.ar/dataset/6a702e6f-3292-44fe-804f-16b8dee008c1/resource/3c2137d5-46d3-40cf-9e01-ee406746b27a/download/listado-de-comunidades-indigenas-20251112.csv
Comunidad Juan Larrea (pueblo Moqoit/Mocoví),"Chacabuco, Chaco",,2009,http://datos.mininterior.gob.ar/dataset/6a702e6f-3292-44fe-804f-16b8dee008c1/resource/3c2137d5-46d3-40cf-9e01-ee406746b27a/download/listado-de-comunidades-indigenas-20251112.csv
Asociación Comunitaria Nam Compi Makallé (pueblo Qom/Toba),"General Donovan, Chaco",,1993,http://datos.mininterior.gob.ar/dataset/6a702e6f-3292-44fe-804f-16b8dee008c1/resource/3c2137d5-46d3-40cf-9e01-ee406746b27a/download/listado-de-comunidades-indigenas-20251112.csv
Asociación Comunitaria Nueva Esperanza del Chaco (pueblo Qom/Toba),"General Donovan, Chaco",,,http://datos.mininterior.gob.ar/dataset/6a702e6f-3292-44fe-804f-16b8dee008c1/resource/3c2137d5-46d3-40cf-9e01-ee406746b27a/download/listado-de-comunidades-indigenas-20251112.csv
"Asociación Cívil Comunidad Indígena ""Aní Alba Colonia 54 Nagui Aiem"" (La Tierra de Colonia 54 Ahora es Mía) (pueblo Qom/Toba)","General Donovan, Chaco",,2022,http://datos.mininterior.gob.ar/dataset/6a702e6f-3292-44fe-804f-16b8dee008c1/resource/3c2137d5-46d3-40cf-9e01-ee406746b27a/download/listado-de-comunidades-indigenas-20251112.csv
Comunidad Indígena Makallé (pueblo Qom/Toba),"General Donovan, Chaco",,1995,http://datos.mininterior.gob.ar/dataset/6a702e6f-3292-44fe-804f-16b8dee008c1/resource/3c2137d5-46d3-40cf-9e01-ee406746b27a/download/listado-de-comunidades-indigenas-20251112.csv
Comunidad La Nueva Esperanza Qom (pueblo Qom/Toba),"General Donovan, Chaco",,2021,http://datos.mininterior.gob.ar/dataset/6a702e6f-3292-44fe-804f-16b8dee008c1/resource/3c2137d5-46d3-40cf-9e01-ee406746b27a/download/listado-de-comunidades-indigenas-20251112.csv
Asociación Artesanal Aborigen Laxadailahueloopi (pueblo Qom/Toba),"General Güemes, Chaco",,1996,http://datos.mininterior.gob.ar/dataset/6a702e6f-3292-44fe-804f-16b8dee008c1/resource/3c2137d5-46d3-40cf-9e01-ee406746b27a/download/listado-de-comunidades-indigenas-20251112.csv
Asociación Civil Paraje Río Muerto Cruz (pueblo Qom/Toba),"General Güemes, Chaco",,2009,http://datos.mininterior.gob.ar/dataset/6a702e6f-3292-44fe-804f-16b8dee008c1/resource/3c2137d5-46d3-40cf-9e01-ee406746b27a/download/listado-de-comunidades-indigenas-20251112.csv
Asociación Comunitaria Chaysat (pueblo Qom/Toba),"General Güemes, Chaco",,2011,http://datos.mininterior.gob.ar/dataset/6a702e6f-3292-44fe-804f-16b8dee008c1/resource/3c2137d5-46d3-40cf-9e01-ee406746b27a/download/listado-de-comunidades-indigenas-20251112.csv
Asociación Comunitaria Comandancia Frías (pueblo Wichí),"General Güemes, Chaco",,1990,http://datos.mininterior.gob.ar/dataset/6a702e6f-3292-44fe-804f-16b8dee008c1/resource/3c2137d5-46d3-40cf-9e01-ee406746b27a/download/listado-de-comunidades-indigenas-20251112.csv
Asociación Comunitaria El Algarrobal (pueblo Qom/Toba),"General Güemes, Chaco",,1987,http://datos.mininterior.gob.ar/dataset/6a702e6f-3292-44fe-804f-16b8dee008c1/resource/3c2137d5-46d3-40cf-9e01-ee406746b27a/download/listado-de-comunidades-indigenas-20251112.csv
Asociación Comunitaria El Colchón (pueblo Qom/Toba),"General Güemes, Chaco",,1987,http://datos.mininterior.gob.ar/dataset/6a702e6f-3292-44fe-804f-16b8dee008c1/resource/3c2137d5-46d3-40cf-9e01-ee406746b27a/download/listado-de-comunidades-indigenas-20251112.csv
Asociación Comunitaria El Sauzal (pueblo Wichí),"General Güemes, Chaco",,1990,http://datos.mininterior.gob.ar/dataset/6a702e6f-3292-44fe-804f-16b8dee008c1/resource/3c2137d5-46d3-40cf-9e01-ee406746b27a/download/listado-de-comunidades-indigenas-20251112.csv
Asociación Comunitaria El Simbolar (pueblo Qom/Toba),"General Güemes, Chaco",,1998,http://datos.mininterior.gob.ar/dataset/6a702e6f-3292-44fe-804f-16b8dee008c1/resource/3c2137d5-46d3-40cf-9e01-ee406746b27a/download/listado-de-comunidades-indigenas-20251112.csv
Asociación Comunitaria El Tartagal (pueblo Wichí),"General Güemes, Chaco",,1989,http://datos.mininterior.gob.ar/dataset/6a702e6f-3292-44fe-804f-16b8dee008c1/resource/3c2137d5-46d3-40cf-9e01-ee406746b27a/download/listado-de-comunidades-indigenas-20251112.csv
Asociación Comunitaria El Vizcacheral (pueblo Wichí),"General Güemes, Chaco",,1987,http://datos.mininterior.gob.ar/dataset/6a702e6f-3292-44fe-804f-16b8dee008c1/resource/3c2137d5-46d3-40cf-9e01-ee406746b27a/download/listado-de-comunidades-indigenas-20251112.csv
Asociación Comunitaria Fortín Belgrano (pueblo Wichí),"General Güemes, Chaco",,1993,http://datos.mininterior.gob.ar/dataset/6a702e6f-3292-44fe-804f-16b8dee008c1/resource/3c2137d5-46d3-40cf-9e01-ee406746b27a/download/listado-de-comunidades-indigenas-20251112.csv
Asociación Comunitaria Fortín Lavalle (pueblo Qom/Toba),"General Güemes, Chaco",,1987,http://datos.mininterior.gob.ar/dataset/6a702e6f-3292-44fe-804f-16b8dee008c1/resource/3c2137d5-46d3-40cf-9e01-ee406746b27a/download/listado-de-comunidades-indigenas-20251112.csv
Asociación Comunitaria Lanchetas (pueblo Wichí),"General Güemes, Chaco",,1997,http://datos.mininterior.gob.ar/dataset/6a702e6f-3292-44fe-804f-16b8dee008c1/resource/3c2137d5-46d3-40cf-9e01-ee406746b27a/download/listado-de-comunidades-indigenas-20251112.csv
Asociación Comunitaria Meguesexochi del Teuco Bermejito (pueblo Qom/Toba),"General Güemes, Chaco",,1990,http://datos.mininterior.gob.ar/dataset/6a702e6f-3292-44fe-804f-16b8dee008c1/resource/3c2137d5-46d3-40cf-9e01-ee406746b27a/download/listado-de-comunidades-indigenas-20251112.csv
Asociación Comunitaria Miraflores (pueblo Qom/Toba),"General Güemes, Chaco",,1987,http://datos.mininterior.gob.ar/dataset/6a702e6f-3292-44fe-804f-16b8dee008c1/resource/3c2137d5-46d3-40cf-9e01-ee406746b27a/download/listado-de-comunidades-indigenas-20251112.csv
Asociación Comunitaria Misión Nueva Pompeya (pueblo Wichí),"General Güemes, Chaco",,1989,http://datos.mininterior.gob.ar/dataset/6a702e6f-3292-44fe-804f-16b8dee008c1/resource/3c2137d5-46d3-40cf-9e01-ee406746b27a/download/listado-de-comunidades-indigenas-20251112.csv
Asociación Comunitaria Niyaj (pueblo Wichí),"General Güemes, Chaco",,1995,http://datos.mininterior.gob.ar/dataset/6a702e6f-3292-44fe-804f-16b8dee008c1/resource/3c2137d5-46d3-40cf-9e01-ee406746b27a/download/listado-de-comunidades-indigenas-20251112.csv
Asociación Comunitaria Nuevo Amanecer (pueblo Wichí),"General Güemes, Chaco",,1993,http://datos.mininterior.gob.ar/dataset/6a702e6f-3292-44fe-804f-16b8dee008c1/resource/3c2137d5-46d3-40cf-9e01-ee406746b27a/download/listado-de-comunidades-indigenas-20251112.csv
Asociación Comunitaria Olla Quebrada (pueblo Qom/Toba),"General Güemes, Chaco",,1978,http://datos.mininterior.gob.ar/dataset/6a702e6f-3292-44fe-804f-16b8dee008c1/resource/3c2137d5-46d3-40cf-9e01-ee406746b27a/download/listado-de-comunidades-indigenas-20251112.csv
Asociación Comunitaria Pampa Argentina (pueblo Qom/Toba),"General Güemes, Chaco",,1987,http://datos.mininterior.gob.ar/dataset/6a702e6f-3292-44fe-804f-16b8dee008c1/resource/3c2137d5-46d3-40cf-9e01-ee406746b27a/download/listado-de-comunidades-indigenas-20251112.csv
Asociación Comunitaria Polenom (pueblo Wichí),"General Güemes, Chaco",,1990,http://datos.mininterior.gob.ar/dataset/6a702e6f-3292-44fe-804f-16b8dee008c1/resource/3c2137d5-46d3-40cf-9e01-ee406746b27a/download/listado-de-comunidades-indigenas-20251112.csv
Asociación Comunitaria Pozo del Toba (pueblo Wichí),"General Güemes, Chaco",,1990,http://datos.mininterior.gob.ar/dataset/6a702e6f-3292-44fe-804f-16b8dee008c1/resource/3c2137d5-46d3-40cf-9e01-ee406746b27a/download/listado-de-comunidades-indigenas-20251112.csv
Asociación Comunitaria Rosa Supaz (pueblo Wichí),"General Güemes, Chaco",,1997,http://datos.mininterior.gob.ar/dataset/6a702e6f-3292-44fe-804f-16b8dee008c1/resource/3c2137d5-46d3-40cf-9e01-ee406746b27a/download/listado-de-comunidades-indigenas-20251112.csv
Asociación Comunitaria Techat (pueblo Wichí),"General Güemes, Chaco",,1989,http://datos.mininterior.gob.ar/dataset/6a702e6f-3292-44fe-804f-16b8dee008c1/resource/3c2137d5-46d3-40cf-9e01-ee406746b27a/download/listado-de-comunidades-indigenas-20251112.csv
Asociación Comunitaria Tres Pozos (pueblo Wichí),"General Güemes, Chaco",,1989,http://datos.mininterior.gob.ar/dataset/6a702e6f-3292-44fe-804f-16b8dee008c1/resource/3c2137d5-46d3-40cf-9e01-ee406746b27a/download/listado-de-comunidades-indigenas-20251112.csv
Asociación Comunitaria Wemek (pueblo Wichí),"General Güemes, Chaco",,1989,http://datos.mininterior.gob.ar/dataset/6a702e6f-3292-44fe-804f-16b8dee008c1/resource/3c2137d5-46d3-40cf-9e01-ee406746b27a/download/listado-de-comunidades-indigenas-20251112.csv
Asociación Comunitaria Wichí (pueblo Wichí),"General Güemes, Chaco",,1989,http://datos.mininterior.gob.ar/dataset/6a702e6f-3292-44fe-804f-16b8dee008c1/resource/3c2137d5-46d3-40cf-9e01-ee406746b27a/download/listado-de-comunidades-indigenas-20251112.csv
Asociación Comunitaria de Nueva Población (pueblo Wichí),"General Güemes, Chaco",,1989,http://datos.mininterior.gob.ar/dataset/6a702e6f-3292-44fe-804f-16b8dee008c1/resource/3c2137d5-46d3-40cf-9e01-ee406746b27a/download/listado-de-comunidades-indigenas-20251112.csv
Asociación Cultural Taiñi (pueblo Wichí),"General Güemes, Chaco",,1989,http://datos.mininterior.gob.ar/dataset/6a702e6f-3292-44fe-804f-16b8dee008c1/resource/3c2137d5-46d3-40cf-9e01-ee406746b27a/download/listado-de-comunidades-indigenas-20251112.csv
Asociación Cívil Comunitaria Neesoyi (Pobladores del Lugar) (pueblo Qom/Toba),"General Güemes, Chaco",,2019,http://datos.mininterior.gob.ar/dataset/6a702e6f-3292-44fe-804f-16b8dee008c1/resource/3c2137d5-46d3-40cf-9e01-ee406746b27a/download/listado-de-comunidades-indigenas-20251112.csv
Comunidad Aborigen Barrio Curishi (pueblo Qom/Toba),"General Güemes, Chaco",,2010,http://datos.mininterior.gob.ar/dataset/6a702e6f-3292-44fe-804f-16b8dee008c1/resource/3c2137d5-46d3-40cf-9e01-ee406746b27a/download/listado-de-comunidades-indigenas-20251112.csv
Comunidad Aborigen Toba El Toroltay (pueblo Qom/Toba),"General Güemes, Chaco",,2003,http://datos.mininterior.gob.ar/dataset/6a702e6f-3292-44fe-804f-16b8dee008c1/resource/3c2137d5-46d3-40cf-9e01-ee406746b27a/download/listado-de-comunidades-indigenas-20251112.csv
Comunidad Aborigen Totnaj Pek (pueblo Wichí),"General Güemes, Chaco",,2000,http://datos.mininterior.gob.ar/dataset/6a702e6f-3292-44fe-804f-16b8dee008c1/resource/3c2137d5-46d3-40cf-9e01-ee406746b27a/download/listado-de-comunidades-indigenas-20251112.csv
Comunidad Qom Barrio Quinta Nº 12 (pueblo Qom/Toba),"General Güemes, Chaco",,2014,http://datos.mininterior.gob.ar/dataset/6a702e6f-3292-44fe-804f-16b8dee008c1/resource/3c2137d5-46d3-40cf-9e01-ee406746b27a/download/listado-de-comunidades-indigenas-20251112.csv
Comunidad Qom El Zanjón (pueblo Qom/Toba),"General Güemes, Chaco",,2013,http://datos.mininterior.gob.ar/dataset/6a702e6f-3292-44fe-804f-16b8dee008c1/resource/3c2137d5-46d3-40cf-9e01-ee406746b27a/download/listado-de-comunidades-indigenas-20251112.csv
Comunidad Qom Torolshere (pueblo Qom/Toba),"General Güemes, Chaco",,2012,http://datos.mininterior.gob.ar/dataset/6a702e6f-3292-44fe-804f-16b8dee008c1/resource/3c2137d5-46d3-40cf-9e01-ee406746b27a/download/listado-de-comunidades-indigenas-20251112.csv
Comunidad Toba Barrio Norte Río Bermejito (pueblo Qom/Toba),"General Güemes, Chaco",,2008,http://datos.mininterior.gob.ar/dataset/6a702e6f-3292-44fe-804f-16b8dee008c1/resource/3c2137d5-46d3-40cf-9e01-ee406746b27a/download/listado-de-comunidades-indigenas-20251112.csv
Comunidad Indígena Cincuenta Viviendas (pueblo Qom/Toba),"Libertad, Chaco",,1995,http://datos.mininterior.gob.ar/dataset/6a702e6f-3292-44fe-804f-16b8dee008c1/resource/3c2137d5-46d3-40cf-9e01-ee406746b27a/download/listado-de-comunidades-indigenas-20251112.csv
Comunidad Takay (pueblo Qom/Toba),"Libertad, Chaco",,2014,http://datos.mininterior.gob.ar/dataset/6a702e6f-3292-44fe-804f-16b8dee008c1/resource/3c2137d5-46d3-40cf-9e01-ee406746b27a/download/listado-de-comunidades-indigenas-20251112.csv
Asociación Civil Lo Onatac Nam Qompi (pueblo Qom/Toba),"Libertador General San Martín, Chaco",,2014,http://datos.mininterior.gob.ar/dataset/6a702e6f-3292-44fe-804f-16b8dee008c1/resource/3c2137d5-46d3-40cf-9e01-ee406746b27a/download/listado-de-comunidades-indigenas-20251112.csv
Asociación Comunitaria 10 de Mayo (pueblo Qom/Toba),"Libertador General San Martín, Chaco",,1994,http://datos.mininterior.gob.ar/dataset/6a702e6f-3292-44fe-804f-16b8dee008c1/resource/3c2137d5-46d3-40cf-9e01-ee406746b27a/download/listado-de-comunidades-indigenas-20251112.csv
Asociación Comunitaria Cacique Corshi (pueblo Qom/Toba),"Libertador General San Martín, Chaco",,,http://datos.mininterior.gob.ar/dataset/6a702e6f-3292-44fe-804f-16b8dee008c1/resource/3c2137d5-46d3-40cf-9e01-ee406746b27a/download/listado-de-comunidades-indigenas-20251112.csv
Asociación Comunitaria Cacique Pedro Martínez (pueblo Qom/Toba),"Libertador General San Martín, Chaco",,1990,http://datos.mininterior.gob.ar/dataset/6a702e6f-3292-44fe-804f-16b8dee008c1/resource/3c2137d5-46d3-40cf-9e01-ee406746b27a/download/listado-de-comunidades-indigenas-20251112.csv
Asociación Comunitaria Cacique Taigoyi (pueblo Qom/Toba),"Libertador General San Martín, Chaco",,1994,http://datos.mininterior.gob.ar/dataset/6a702e6f-3292-44fe-804f-16b8dee008c1/resource/3c2137d5-46d3-40cf-9e01-ee406746b27a/download/listado-de-comunidades-indigenas-20251112.csv
Asociación Comunitaria Campo Medina (pueblo Qom/Toba),"Libertador General San Martín, Chaco",,1990,http://datos.mininterior.gob.ar/dataset/6a702e6f-3292-44fe-804f-16b8dee008c1/resource/3c2137d5-46d3-40cf-9e01-ee406746b27a/download/listado-de-comunidades-indigenas-20251112.csv
Asociación Comunitaria Corghay Quinta 28 (pueblo Qom/Toba),"Libertador General San Martín, Chaco",,1994,http://datos.mininterior.gob.ar/dataset/6a702e6f-3292-44fe-804f-16b8dee008c1/resource/3c2137d5-46d3-40cf-9e01-ee406746b27a/download/listado-de-comunidades-indigenas-20251112.csv
Asociación Comunitaria Ex - Parque Provincial (pueblo Qom/Toba),"Libertador General San Martín, Chaco",,1995,http://datos.mininterior.gob.ar/dataset/6a702e6f-3292-44fe-804f-16b8dee008c1/resource/3c2137d5-46d3-40cf-9e01-ee406746b27a/download/listado-de-comunidades-indigenas-20251112.csv
Comunidad Indígena Barrio Esperanza (pueblo Qom/Toba),"Libertador General San Martín, Chaco",,1996,http://datos.mininterior.gob.ar/dataset/6a702e6f-3292-44fe-804f-16b8dee008c1/resource/3c2137d5-46d3-40cf-9e01-ee406746b27a/download/listado-de-comunidades-indigenas-20251112.csv
Comunidad Indígena Barrio Industrial (pueblo Qom/Toba),"Libertador General San Martín, Chaco",,1996,http://datos.mininterior.gob.ar/dataset/6a702e6f-3292-44fe-804f-16b8dee008c1/resource/3c2137d5-46d3-40cf-9e01-ee406746b27a/download/listado-de-comunidades-indigenas-20251112.csv
Comunidad Indígena Campo Winter (pueblo Qom/Toba),"Libertador General San Martín, Chaco",,1996,http://datos.mininterior.gob.ar/dataset/6a702e6f-3292-44fe-804f-16b8dee008c1/resource/3c2137d5-46d3-40cf-9e01-ee406746b27a/download/listado-de-comunidades-indigenas-20251112.csv
Comunidad Indígena Colonia 7 Árboles (pueblo Qom/Toba),"Libertador General San Martín, Chaco",,1996,http://datos.mininterior.gob.ar/dataset/6a702e6f-3292-44fe-804f-16b8dee008c1/resource/3c2137d5-46d3-40cf-9e01-ee406746b27a/download/listado-de-comunidades-indigenas-20251112.csv
Comunidad Indígena Fidelidad (pueblo Qom/Toba),"Libertador General San Martín, Chaco",,1996,http://datos.mininterior.gob.ar/dataset/6a702e6f-3292-44fe-804f-16b8dee008c1/resource/3c2137d5-46d3-40cf-9e01-ee406746b27a/download/listado-de-comunidades-indigenas-20251112.csv
Comunidad Indígena Laguna Lobo (pueblo Qom/Toba),"Libertador General San Martín, Chaco",,1996,http://datos.mininterior.gob.ar/dataset/6a702e6f-3292-44fe-804f-16b8dee008c1/resource/3c2137d5-46d3-40cf-9e01-ee406746b27a/download/listado-de-comunidades-indigenas-20251112.csv
Comunidad Qom Añaxaik (pueblo Qom/Toba),"Libertador General San Martín, Chaco",,2012,http://datos.mininterior.gob.ar/dataset/6a702e6f-3292-44fe-804f-16b8dee008c1/resource/3c2137d5-46d3-40cf-9e01-ee406746b27a/download/listado-de-comunidades-indigenas-20251112.csv
Comunidad de Campo Nuevo (pueblo Qom/Toba),"Libertador General San Martín, Chaco",,2015,http://datos.mininterior.gob.ar/dataset/6a702e6f-3292-44fe-804f-16b8dee008c1/resource/3c2137d5-46d3-40cf-9e01-ee406746b27a/download/listado-de-comunidades-indigenas-20251112.csv
Asociación Comunitaria Caba Ñaro (pueblo Qom/Toba),"Maipú, Chaco",,1990,http://datos.mininterior.gob.ar/dataset/6a702e6f-3292-44fe-804f-16b8dee008c1/resource/3c2137d5-46d3-40cf-9e01-ee406746b27a/download/listado-de-comunidades-indigenas-20251112.csv
Asociación Comunitaria Lpa' a' Na Qom (pueblo Qom/Toba),"Maipú, Chaco",,1983,http://datos.mininterior.gob.ar/dataset/6a702e6f-3292-44fe-804f-16b8dee008c1/resource/3c2137d5-46d3-40cf-9e01-ee406746b27a/download/listado-de-comunidades-indigenas-20251112.csv
Asociación Civil Comunitaria Central Oeste (pueblo Moqoit/Mocoví),"Mayor Luis J. Fontana, Chaco",,2002,http://datos.mininterior.gob.ar/dataset/6a702e6f-3292-44fe-804f-16b8dee008c1/resource/3c2137d5-46d3-40cf-9e01-ee406746b27a/download/listado-de-comunidades-indigenas-20251112.csv
Asociación Comunitaria El Pastoril (pueblo Moqoit/Mocoví),"Mayor Luis J. Fontana, Chaco",,,http://datos.mininterior.gob.ar/dataset/6a702e6f-3292-44fe-804f-16b8dee008c1/resource/3c2137d5-46d3-40cf-9e01-ee406746b27a/download/listado-de-comunidades-indigenas-20251112.csv
Asociación Comunitaria Juan Jose Paso (pueblo Moqoit/Mocoví),"Mayor Luis J. Fontana, Chaco",,1993,http://datos.mininterior.gob.ar/dataset/6a702e6f-3292-44fe-804f-16b8dee008c1/resource/3c2137d5-46d3-40cf-9e01-ee406746b27a/download/listado-de-comunidades-indigenas-20251112.csv
Asociación Comunitaria Lote 20 - Villa Angela (pueblo Moqoit/Mocoví),"Mayor Luis J. Fontana, Chaco",,1994,http://datos.mininterior.gob.ar/dataset/6a702e6f-3292-44fe-804f-16b8dee008c1/resource/3c2137d5-46d3-40cf-9e01-ee406746b27a/download/listado-de-comunidades-indigenas-20251112.csv
Asociación Comunitaria Toba Villa Ángela (pueblo Qom/Toba),"Mayor Luis J. Fontana, Chaco",,2017,http://datos.mininterior.gob.ar/dataset/6a702e6f-3292-44fe-804f-16b8dee008c1/resource/3c2137d5-46d3-40cf-9e01-ee406746b27a/download/listado-de-comunidades-indigenas-20251112.csv
Comunidad La 'a' na Moqoit (pueblo Moqoit/Mocoví),"Mayor Luis J. Fontana, Chaco",,2014,http://datos.mininterior.gob.ar/dataset/6a702e6f-3292-44fe-804f-16b8dee008c1/resource/3c2137d5-46d3-40cf-9e01-ee406746b27a/download/listado-de-comunidades-indigenas-20251112.csv
Asociación Comunitaria Lote 3 (pueblo Moqoit/Mocoví),"O' Higgins, Chaco",,,http://datos.mininterior.gob.ar/dataset/6a702e6f-3292-44fe-804f-16b8dee008c1/resource/3c2137d5-46d3-40cf-9e01-ee406746b27a/download/listado-de-comunidades-indigenas-20251112.csv
Asociación Comunitaria Rexat (pueblo Moqoit/Mocoví),"O' Higgins, Chaco",,1993,http://datos.mininterior.gob.ar/dataset/6a702e6f-3292-44fe-804f-16b8dee008c1/resource/3c2137d5-46d3-40cf-9e01-ee406746b27a/download/listado-de-comunidades-indigenas-20251112.csv
Comunidad Moqoit Raxalaa (pueblo Moqoit/Mocoví),"O' Higgins, Chaco",,2014,http://datos.mininterior.gob.ar/dataset/6a702e6f-3292-44fe-804f-16b8dee008c1/resource/3c2137d5-46d3-40cf-9e01-ee406746b27a/download/listado-de-comunidades-indigenas-20251112.csv
Comunidad Ranga' la'a (pueblo Moqoit/Mocoví),"O' Higgins, Chaco",,2011,http://datos.mininterior.gob.ar/dataset/6a702e6f-3292-44fe-804f-16b8dee008c1/resource/3c2137d5-46d3-40cf-9e01-ee406746b27a/download/listado-de-comunidades-indigenas-20251112.csv
Asociación Comunitaria Plácido Rodríguez (pueblo Moqoit/Mocoví),"Presidencia de la Plaza, Chaco",,1997,http://datos.mininterior.gob.ar/dataset/6a702e6f-3292-44fe-804f-16b8dee008c1/resource/3c2137d5-46d3-40cf-9e01-ee406746b27a/download/listado-de-comunidades-indigenas-20251112.csv
Asociación Comunitaria Aborigen El Salteño (pueblo Moqoit/Mocoví),"Quitilipi, Chaco",,1996,http://datos.mininterior.gob.ar/dataset/6a702e6f-3292-44fe-804f-16b8dee008c1/resource/3c2137d5-46d3-40cf-9e01-ee406746b27a/download/listado-de-comunidades-indigenas-20251112.csv
Asociación Comunitaria Balletán la pampita (pueblo Qom/Toba),"Quitilipi, Chaco",,,http://datos.mininterior.gob.ar/dataset/6a702e6f-3292-44fe-804f-16b8dee008c1/resource/3c2137d5-46d3-40cf-9e01-ee406746b27a/download/listado-de-comunidades-indigenas-20251112.csv
Asociación Comunitaria Colonia La Matanza (pueblo Qom/Toba),"Quitilipi, Chaco",,1986,http://datos.mininterior.gob.ar/dataset/6a702e6f-3292-44fe-804f-16b8dee008c1/resource/3c2137d5-46d3-40cf-9e01-ee406746b27a/download/listado-de-comunidades-indigenas-20251112.csv
Asociación Civil de Aborigenes Centro Toba (pueblo Qom/Toba),"San Fernando, Chaco",,1995,http://datos.mininterior.gob.ar/dataset/6a702e6f-3292-44fe-804f-16b8dee008c1/resource/3c2137d5-46d3-40cf-9e01-ee406746b27a/download/listado-de-comunidades-indigenas-20251112.csv
Asociación Comunitaria Natagala Pi (pueblo Qom/Toba),"San Fernando, Chaco",,,http://datos.mininterior.gob.ar/dataset/6a702e6f-3292-44fe-804f-16b8dee008c1/resource/3c2137d5-46d3-40cf-9e01-ee406746b27a/download/listado-de-comunidades-indigenas-20251112.csv
Comunidad Asentamiento Cristo Rey (pueblo Qom/Toba),"San Fernando, Chaco",,2015,http://datos.mininterior.gob.ar/dataset/6a702e6f-3292-44fe-804f-16b8dee008c1/resource/3c2137d5-46d3-40cf-9e01-ee406746b27a/download/listado-de-comunidades-indigenas-20251112.csv
Comunidad Barrio La Paz (pueblo Qom/Toba),"San Fernando, Chaco",,2014,http://datos.mininterior.gob.ar/dataset/6a702e6f-3292-44fe-804f-16b8dee008c1/resource/3c2137d5-46d3-40cf-9e01-ee406746b27a/download/listado-de-comunidades-indigenas-20251112.csv
Comunidad Cacique Pelayo (pueblo Qom/Toba),"San Fernando, Chaco",,2014,http://datos.mininterior.gob.ar/dataset/6a702e6f-3292-44fe-804f-16b8dee008c1/resource/3c2137d5-46d3-40cf-9e01-ee406746b27a/download/listado-de-comunidades-indigenas-20251112.csv
Comunidad Chilliyi (pueblo Qom/Toba),"San Fernando, Chaco",,2014,http://datos.mininterior.gob.ar/dataset/6a702e6f-3292-44fe-804f-16b8dee008c1/resource/3c2137d5-46d3-40cf-9e01-ee406746b27a/download/listado-de-comunidades-indigenas-20251112.csv
Comunidad Indigena Basail (pueblo Qom/Toba),"San Fernando, Chaco",,1996,http://datos.mininterior.gob.ar/dataset/6a702e6f-3292-44fe-804f-16b8dee008c1/resource/3c2137d5-46d3-40cf-9e01-ee406746b27a/download/listado-de-comunidades-indigenas-20251112.csv
Comunidad Indígena Barrio Camalote (pueblo Qom/Toba),"San Fernando, Chaco",,2023,http://datos.mininterior.gob.ar/dataset/6a702e6f-3292-44fe-804f-16b8dee008c1/resource/3c2137d5-46d3-40cf-9e01-ee406746b27a/download/listado-de-comunidades-indigenas-20251112.csv
Comunidad Indígena Barrio Toba- Lote 532 (pueblo Qom/Toba),"San Fernando, Chaco",,1996,http://datos.mininterior.gob.ar/dataset/6a702e6f-3292-44fe-804f-16b8dee008c1/resource/3c2137d5-46d3-40cf-9e01-ee406746b27a/download/listado-de-comunidades-indigenas-20251112.csv
Comunidad Indígena Mapic (pueblo Qom/Toba),"San Fernando, Chaco",,1996,http://datos.mininterior.gob.ar/dataset/6a702e6f-3292-44fe-804f-16b8dee008c1/resource/3c2137d5-46d3-40cf-9e01-ee406746b27a/download/listado-de-comunidades-indigenas-20251112.csv
Comunidad Indígena María Inmaculada (Ex Villa Papelito) (pueblo Qom/Toba),"San Fernando, Chaco",,2015,http://datos.mininterior.gob.ar/dataset/6a702e6f-3292-44fe-804f-16b8dee008c1/resource/3c2137d5-46d3-40cf-9e01-ee406746b27a/download/listado-de-comunidades-indigenas-20251112.csv
Comunidad Puerto Vicentini (pueblo Qom/Toba),"San Fernando, Chaco",,2014,http://datos.mininterior.gob.ar/dataset/6a702e6f-3292-44fe-804f-16b8dee008c1/resource/3c2137d5-46d3-40cf-9e01-ee406746b27a/download/listado-de-comunidades-indigenas-20251112.csv
Comunidad Timbó (pueblo Qom/Toba),"San Fernando, Chaco",,2014,http://datos.mininterior.gob.ar/dataset/6a702e6f-3292-44fe-804f-16b8dee008c1/resource/3c2137d5-46d3-40cf-9e01-ee406746b27a/download/listado-de-comunidades-indigenas-20251112.csv
Asociación Comunitaria Unida Villa Berthet (pueblo Moqoit/Mocoví),"San Lorenzo, Chaco",,,http://datos.mininterior.gob.ar/dataset/6a702e6f-3292-44fe-804f-16b8dee008c1/resource/3c2137d5-46d3-40cf-9e01-ee406746b27a/download/listado-de-comunidades-indigenas-20251112.csv
Comunidad Aborigen Willi Pu Folil Kona (pueblo Mapuche Tehuelche),"Biedma, Chubut",,2008,http://datos.mininterior.gob.ar/dataset/6a702e6f-3292-44fe-804f-16b8dee008c1/resource/3c2137d5-46d3-40cf-9e01-ee406746b27a/download/listado-de-comunidades-indigenas-20251112.csv
Comunidad Aborigen “Yajwaywan Wütr Kübübü” del Pueblo Günün ä Küna (pueblo Tehuelche),"Biedma, Chubut",,2021,http://datos.mininterior.gob.ar/dataset/6a702e6f-3292-44fe-804f-16b8dee008c1/resource/3c2137d5-46d3-40cf-9e01-ee406746b27a/download/listado-de-comunidades-indigenas-20251112.csv
Comunidad Agrupación Indígena Mapuche - Tehuelche Guenchen Peñy Mapu (pueblo Mapuche),"Biedma, Chubut",,2017,http://datos.mininterior.gob.ar/dataset/6a702e6f-3292-44fe-804f-16b8dee008c1/resource/3c2137d5-46d3-40cf-9e01-ee406746b27a/download/listado-de-comunidades-indigenas-20251112.csv
Comunidad Akutun Men Nehuen (pueblo Mapuche Tehuelche),"Biedma, Chubut",,2011,http://datos.mininterior.gob.ar/dataset/6a702e6f-3292-44fe-804f-16b8dee008c1/resource/3c2137d5-46d3-40cf-9e01-ee406746b27a/download/listado-de-comunidades-indigenas-20251112.csv
Comunidad Atük Ka Achkejnük - Pu Kona Mapu (pueblo Mapuche Tehuelche),"Biedma, Chubut",,2009,http://datos.mininterior.gob.ar/dataset/6a702e6f-3292-44fe-804f-16b8dee008c1/resource/3c2137d5-46d3-40cf-9e01-ee406746b27a/download/listado-de-comunidades-indigenas-20251112.csv
Comunidad Pú Fotúm Mapú (pueblo Mapuche Tehuelche),"Biedma, Chubut",,2006,http://datos.mininterior.gob.ar/dataset/6a702e6f-3292-44fe-804f-16b8dee008c1/resource/3c2137d5-46d3-40cf-9e01-ee406746b27a/download/listado-de-comunidades-indigenas-20251112.csv
Lof Antieco Pu Tahiel Ñuke Kuyen (pueblo Tehuelche),"Biedma, Chubut",,2018,http://datos.mininterior.gob.ar/dataset/6a702e6f-3292-44fe-804f-16b8dee008c1/resource/3c2137d5-46d3-40cf-9e01-ee406746b27a/download/listado-de-comunidades-indigenas-20251112.csv
Comunidad Aborigen Fentren Kimun (pueblo Mapuche),"Cushamen, Chubut",,2012,http://datos.mininterior.gob.ar/dataset/6a702e6f-3292-44fe-804f-16b8dee008c1/resource/3c2137d5-46d3-40cf-9e01-ee406746b27a/download/listado-de-comunidades-indigenas-20251112.csv
Comunidad Aborigen Liempe (pueblo Mapuche Tehuelche),"Cushamen, Chubut",,2009,http://datos.mininterior.gob.ar/dataset/6a702e6f-3292-44fe-804f-16b8dee008c1/resource/3c2137d5-46d3-40cf-9e01-ee406746b27a/download/listado-de-comunidades-indigenas-20251112.csv
Comunidad Aborigen Lof Francisco Liempe (pueblo Mapuche),"Cushamen, Chubut",,2014,http://datos.mininterior.gob.ar/dataset/6a702e6f-3292-44fe-804f-16b8dee008c1/resource/3c2137d5-46d3-40cf-9e01-ee406746b27a/download/listado-de-comunidades-indigenas-20251112.csv
Comunidad Aborigen Lorenzo Pulgar Huentuquidel (pueblo Mapuche),"Cushamen, Chubut",,2009,http://datos.mininterior.gob.ar/dataset/6a702e6f-3292-44fe-804f-16b8dee008c1/resource/3c2137d5-46d3-40cf-9e01-ee406746b27a/download/listado-de-comunidades-indigenas-20251112.csv
Comunidad Aborigen Mapuche Francisco Monsalve (pueblo Mapuche),"Cushamen, Chubut",,2010,http://datos.mininterior.gob.ar/dataset/6a702e6f-3292-44fe-804f-16b8dee008c1/resource/3c2137d5-46d3-40cf-9e01-ee406746b27a/download/listado-de-comunidades-indigenas-20251112.csv
Comunidad Aborigen Mapuche Tewelche Lefimi (pueblo Mapuche Tehuelche),"Cushamen, Chubut",,2010,http://datos.mininterior.gob.ar/dataset/6a702e6f-3292-44fe-804f-16b8dee008c1/resource/3c2137d5-46d3-40cf-9e01-ee406746b27a/download/listado-de-comunidades-indigenas-20251112.csv
Comunidad Aborigen Newentuain Iñchiñ (Fuerza de Todos) (pueblo Mapuche Tehuelche),"Cushamen, Chubut",,2009,http://datos.mininterior.gob.ar/dataset/6a702e6f-3292-44fe-804f-16b8dee008c1/resource/3c2137d5-46d3-40cf-9e01-ee406746b27a/download/listado-de-comunidades-indigenas-20251112.csv
Comunidad Aborigen Valle Medio de Río Chico (pueblo Mapuche),"Cushamen, Chubut",,2012,http://datos.mininterior.gob.ar/dataset/6a702e6f-3292-44fe-804f-16b8dee008c1/resource/3c2137d5-46d3-40cf-9e01-ee406746b27a/download/listado-de-comunidades-indigenas-20251112.csv
Comunidad Blancura y Rinconada (pueblo Mapuche),"Cushamen, Chubut",,2013,http://datos.mininterior.gob.ar/dataset/6a702e6f-3292-44fe-804f-16b8dee008c1/resource/3c2137d5-46d3-40cf-9e01-ee406746b27a/download/listado-de-comunidades-indigenas-20251112.csv
Comunidad Costa del Ñorquinco Sur (pueblo Mapuche),"Cushamen, Chubut",,2002,http://datos.mininterior.gob.ar/dataset/6a702e6f-3292-44fe-804f-16b8dee008c1/resource/3c2137d5-46d3-40cf-9e01-ee406746b27a/download/listado-de-comunidades-indigenas-20251112.csv
Comunidad El Mirador 1 (pueblo Mapuche),"Cushamen, Chubut",,2007,http://datos.mininterior.gob.ar/dataset/6a702e6f-3292-44fe-804f-16b8dee008c1/resource/3c2137d5-46d3-40cf-9e01-ee406746b27a/download/listado-de-comunidades-indigenas-20251112.csv
Comunidad Fitamiche (El Maná) (pueblo Mapuche),"Cushamen, Chubut",,2002,http://datos.mininterior.gob.ar/dataset/6a702e6f-3292-44fe-804f-16b8dee008c1/resource/3c2137d5-46d3-40cf-9e01-ee406746b27a/download/listado-de-comunidades-indigenas-20251112.csv
Comunidad Fofo Cahuel (pueblo Mapuche),"Cushamen, Chubut",,2002,http://datos.mininterior.gob.ar/dataset/6a702e6f-3292-44fe-804f-16b8dee008c1/resource/3c2137d5-46d3-40cf-9e01-ee406746b27a/download/listado-de-comunidades-indigenas-20251112.csv
Comunidad Huenchuman (pueblo Mapuche Tehuelche),"Cushamen, Chubut",,2018,http://datos.mininterior.gob.ar/dataset/6a702e6f-3292-44fe-804f-16b8dee008c1/resource/3c2137d5-46d3-40cf-9e01-ee406746b27a/download/listado-de-comunidades-indigenas-20251112.csv
Comunidad Indígena Cañio (pueblo Mapuche),"Cushamen, Chubut",,2012,http://datos.mininterior.gob.ar/dataset/6a702e6f-3292-44fe-804f-16b8dee008c1/resource/3c2137d5-46d3-40cf-9e01-ee406746b27a/download/listado-de-comunidades-indigenas-20251112.csv
Comunidad Indígena Huangelén Puelo (pueblo Mapuche),"Cushamen, Chubut",,2000,http://datos.mininterior.gob.ar/dataset/6a702e6f-3292-44fe-804f-16b8dee008c1/resource/3c2137d5-46d3-40cf-9e01-ee406746b27a/download/listado-de-comunidades-indigenas-20251112.csv
Comunidad Indígena Vuelta del Río (pueblo Mapuche Tehuelche),"Cushamen, Chubut",,1997,http://datos.mininterior.gob.ar/dataset/6a702e6f-3292-44fe-804f-16b8dee008c1/resource/3c2137d5-46d3-40cf-9e01-ee406746b27a/download/listado-de-comunidades-indigenas-20251112.csv
Comunidad Kimey Wentrú (pueblo Mapuche),"Cushamen, Chubut",,2014,http://datos.mininterior.gob.ar/dataset/6a702e6f-3292-44fe-804f-16b8dee008c1/resource/3c2137d5-46d3-40cf-9e01-ee406746b27a/download/listado-de-comunidades-indigenas-20251112.csv
Comunidad Mapuche Ayamilla (pueblo Mapuche Tehuelche),"Cushamen, Chubut",,2015,http://datos.mininterior.gob.ar/dataset/6a702e6f-3292-44fe-804f-16b8dee008c1/resource/3c2137d5-46d3-40cf-9e01-ee406746b27a/download/listado-de-comunidades-indigenas-20251112.csv
Comunidad Mapuche Cayún (pueblo Mapuche),"Cushamen, Chubut",,2009,http://datos.mininterior.gob.ar/dataset/6a702e6f-3292-44fe-804f-16b8dee008c1/resource/3c2137d5-46d3-40cf-9e01-ee406746b27a/download/listado-de-comunidades-indigenas-20251112.csv
Comunidad Mapuche Enrique Sepúlveda (pueblo Mapuche),"Cushamen, Chubut",,2005,http://datos.mininterior.gob.ar/dataset/6a702e6f-3292-44fe-804f-16b8dee008c1/resource/3c2137d5-46d3-40cf-9e01-ee406746b27a/download/listado-de-comunidades-indigenas-20251112.csv
Comunidad Mapuche Fentren Peñi (pueblo Mapuche),"Cushamen, Chubut",,2013,http://datos.mininterior.gob.ar/dataset/6a702e6f-3292-44fe-804f-16b8dee008c1/resource/3c2137d5-46d3-40cf-9e01-ee406746b27a/download/listado-de-comunidades-indigenas-20251112.csv
Comunidad Mapuche Flores (pueblo Mapuche),"Cushamen, Chubut",,2012,http://datos.mininterior.gob.ar/dataset/6a702e6f-3292-44fe-804f-16b8dee008c1/resource/3c2137d5-46d3-40cf-9e01-ee406746b27a/download/listado-de-comunidades-indigenas-20251112.csv
Comunidad Mapuche La Rinconada (pueblo Mapuche),"Cushamen, Chubut",,2015,http://datos.mininterior.gob.ar/dataset/6a702e6f-3292-44fe-804f-16b8dee008c1/resource/3c2137d5-46d3-40cf-9e01-ee406746b27a/download/listado-de-comunidades-indigenas-20251112.csv
Comunidad Mapuche Leopoldo Quilodrán (pueblo Mapuche),"Cushamen, Chubut",,2009,http://datos.mininterior.gob.ar/dataset/6a702e6f-3292-44fe-804f-16b8dee008c1/resource/3c2137d5-46d3-40cf-9e01-ee406746b27a/download/listado-de-comunidades-indigenas-20251112.csv
Comunidad Mapuche Motoco Cárdenas (pueblo Mapuche),"Cushamen, Chubut",,2004,http://datos.mininterior.gob.ar/dataset/6a702e6f-3292-44fe-804f-16b8dee008c1/resource/3c2137d5-46d3-40cf-9e01-ee406746b27a/download/listado-de-comunidades-indigenas-20251112.csv
Comunidad Mapuche Napal (pueblo Mapuche),"Cushamen, Chubut",,2013,http://datos.mininterior.gob.ar/dataset/6a702e6f-3292-44fe-804f-16b8dee008c1/resource/3c2137d5-46d3-40cf-9e01-ee406746b27a/download/listado-de-comunidades-indigenas-20251112.csv
Comunidad Mapuche Nehuen Mapu (pueblo Mapuche),"Cushamen, Chubut",,2005,http://datos.mininterior.gob.ar/dataset/6a702e6f-3292-44fe-804f-16b8dee008c1/resource/3c2137d5-46d3-40cf-9e01-ee406746b27a/download/listado-de-comunidades-indigenas-20251112.csv
Comunidad Mapuche Pichi Leufú (pueblo Mapuche),"Cushamen, Chubut",,2016,http://datos.mininterior.gob.ar/dataset/6a702e6f-3292-44fe-804f-16b8dee008c1/resource/3c2137d5-46d3-40cf-9e01-ee406746b27a/download/listado-de-comunidades-indigenas-20251112.csv
Comunidad Mapuche Tehuelche Cañadón Grande (pueblo Mapuche Tehuelche),"Cushamen, Chubut",,2016,http://datos.mininterior.gob.ar/dataset/6a702e6f-3292-44fe-804f-16b8dee008c1/resource/3c2137d5-46d3-40cf-9e01-ee406746b27a/download/listado-de-comunidades-indigenas-20251112.csv
Comunidad Mapuche Tehuelche Sierras de Gualjaina (pueblo Mapuche Tehuelche),"Cushamen, Chubut",,2015,http://datos.mininterior.gob.ar/dataset/6a702e6f-3292-44fe-804f-16b8dee008c1/resource/3c2137d5-46d3-40cf-9e01-ee406746b27a/download/listado-de-comunidades-indigenas-20251112.csv
Comunidad Mapuche Tehuelche Taquetrén (pueblo Mapuche),"Cushamen, Chubut",,1997,http://datos.mininterior.gob.ar/dataset/6a702e6f-3292-44fe-804f-16b8dee008c1/resource/3c2137d5-46d3-40cf-9e01-ee406746b27a/download/listado-de-comunidades-indigenas-20251112.csv
Comunidad Mapuche Trangol (pueblo Mapuche),"Cushamen, Chubut",,2012,http://datos.mininterior.gob.ar/dataset/6a702e6f-3292-44fe-804f-16b8dee008c1/resource/3c2137d5-46d3-40cf-9e01-ee406746b27a/download/listado-de-comunidades-indigenas-20251112.csv
Comunidad Mapuche “Eleuterio Antieco” (pueblo Mapuche),"Cushamen, Chubut",,2021,http://datos.mininterior.gob.ar/dataset/6a702e6f-3292-44fe-804f-16b8dee008c1/resource/3c2137d5-46d3-40cf-9e01-ee406746b27a/download/listado-de-comunidades-indigenas-20251112.csv
Comunidad Mapuche “Ricardo Cárdenas Caucamán” (pueblo Mapuche),"Cushamen, Chubut",,2021,http://datos.mininterior.gob.ar/dataset/6a702e6f-3292-44fe-804f-16b8dee008c1/resource/3c2137d5-46d3-40cf-9e01-ee406746b27a/download/listado-de-comunidades-indigenas-20251112.csv
Comunidad Quimey Piuque (pueblo Mapuche),"Cushamen, Chubut",,2007,http://datos.mininterior.gob.ar/dataset/6a702e6f-3292-44fe-804f-16b8dee008c1/resource/3c2137d5-46d3-40cf-9e01-ee406746b27a/download/listado-de-comunidades-indigenas-20251112.csv
Comunidad Ranquil Huao-Cushamen Cordillera y Tropezón (pueblo Mapuche),"Cushamen, Chubut",,2003,http://datos.mininterior.gob.ar/dataset/6a702e6f-3292-44fe-804f-16b8dee008c1/resource/3c2137d5-46d3-40cf-9e01-ee406746b27a/download/listado-de-comunidades-indigenas-20251112.csv
Comunidad Santa Rosa Leleque (pueblo Mapuche),"Cushamen, Chubut",,2007,http://datos.mininterior.gob.ar/dataset/6a702e6f-3292-44fe-804f-16b8dee008c1/resource/3c2137d5-46d3-40cf-9e01-ee406746b27a/download/listado-de-comunidades-indigenas-20251112.csv
Comunidad Sierras de Huancache de El Mirador (pueblo Mapuche),"Cushamen, Chubut",,2008,http://datos.mininterior.gob.ar/dataset/6a702e6f-3292-44fe-804f-16b8dee008c1/resource/3c2137d5-46d3-40cf-9e01-ee406746b27a/download/listado-de-comunidades-indigenas-20251112.csv
Comunidad Ñiripil Cerro León (pueblo Mapuche),"Cushamen, Chubut",,2012,http://datos.mininterior.gob.ar/dataset/6a702e6f-3292-44fe-804f-16b8dee008c1/resource/3c2137d5-46d3-40cf-9e01-ee406746b27a/download/listado-de-comunidades-indigenas-20251112.csv
Comunidad Aborigen Sierra Cuadrada (pueblo Tehuelche),"Escalante, Chubut",,2008,http://datos.mininterior.gob.ar/dataset/6a702e6f-3292-44fe-804f-16b8dee008c1/resource/3c2137d5-46d3-40cf-9e01-ee406746b27a/download/listado-de-comunidades-indigenas-20251112.csv
Comunidad Mapuche Tehuelche “Meli Witral Mapu Kimun” (pueblo Mapuche Tehuelche),"Escalante, Chubut",,2021,http://datos.mininterior.gob.ar/dataset/6a702e6f-3292-44fe-804f-16b8dee008c1/resource/3c2137d5-46d3-40cf-9e01-ee406746b27a/download/listado-de-comunidades-indigenas-20251112.csv
Comunidad Nahueluen Lofche (pueblo Mapuche),"Escalante, Chubut",,2019,http://datos.mininterior.gob.ar/dataset/6a702e6f-3292-44fe-804f-16b8dee008c1/resource/3c2137d5-46d3-40cf-9e01-ee406746b27a/download/listado-de-comunidades-indigenas-20251112.csv
Comunidad Cerro Centinela (pueblo Mapuche),"Futaleufú, Chubut",,1995,http://datos.mininterior.gob.ar/dataset/6a702e6f-3292-44fe-804f-16b8dee008c1/resource/3c2137d5-46d3-40cf-9e01-ee406746b27a/download/listado-de-comunidades-indigenas-20251112.csv
Comunidad Indígena Emilio Prane (pueblo Mapuche),"Futaleufú, Chubut",,1996,http://datos.mininterior.gob.ar/dataset/6a702e6f-3292-44fe-804f-16b8dee008c1/resource/3c2137d5-46d3-40cf-9e01-ee406746b27a/download/listado-de-comunidades-indigenas-20251112.csv
Comunidad Indígena Huisca Antieco (pueblo Mapuche),"Futaleufú, Chubut",,1996,http://datos.mininterior.gob.ar/dataset/6a702e6f-3292-44fe-804f-16b8dee008c1/resource/3c2137d5-46d3-40cf-9e01-ee406746b27a/download/listado-de-comunidades-indigenas-20251112.csv
Comunidad Lago Rosario y Sierra Colorada (pueblo Mapuche),"Futaleufú, Chubut",,2011,http://datos.mininterior.gob.ar/dataset/6a702e6f-3292-44fe-804f-16b8dee008c1/resource/3c2137d5-46d3-40cf-9e01-ee406746b27a/download/listado-de-comunidades-indigenas-20251112.csv
Comunidad Lof Inan Kume Rupu (pueblo Mapuche),"Futaleufú, Chubut",,2024,http://datos.mininterior.gob.ar/dataset/6a702e6f-3292-44fe-804f-16b8dee008c1/resource/3c2137d5-46d3-40cf-9e01-ee406746b27a/download/listado-de-comunidades-indigenas-20251112.csv
Comunidad Lof Rodolfo Prane (pueblo Mapuche),"Futaleufú, Chubut",,2023,http://datos.mininterior.gob.ar/dataset/6a702e6f-3292-44fe-804f-16b8dee008c1/resource/3c2137d5-46d3-40cf-9e01-ee406746b27a/download/listado-de-comunidades-indigenas-20251112.csv
Comunidad Mapuche Likan (pueblo Mapuche),"Futaleufú, Chubut",,2024,http://datos.mininterior.gob.ar/dataset/6a702e6f-3292-44fe-804f-16b8dee008c1/resource/3c2137d5-46d3-40cf-9e01-ee406746b27a/download/listado-de-comunidades-indigenas-20251112.csv
Comunidad Mapuche Pailako-Futalaufquen Mew (pueblo Mapuche),"Futaleufú, Chubut",,2023,http://datos.mininterior.gob.ar/dataset/6a702e6f-3292-44fe-804f-16b8dee008c1/resource/3c2137d5-46d3-40cf-9e01-ee406746b27a/download/listado-de-comunidades-indigenas-20251112.csv
Comunidad Mapuche Pillán Mahuiza (pueblo Mapuche),"Futaleufú, Chubut",,2016,http://datos.mininterior.gob.ar/dataset/6a702e6f-3292-44fe-804f-16b8dee008c1/resource/3c2137d5-46d3-40cf-9e01-ee406746b27a/download/listado-de-comunidades-indigenas-20251112.csv
"Comunidad Mapuche Tehuelche ""Lof Familia Catriman Colihueque"" (pueblo Mapuche Tehuelche)","Futaleufú, Chubut",,2021,http://datos.mininterior.gob.ar/dataset/6a702e6f-3292-44fe-804f-16b8dee008c1/resource/3c2137d5-46d3-40cf-9e01-ee406746b27a/download/listado-de-comunidades-indigenas-20251112.csv
Comunidad Mapuche Wele Paillacan (pueblo Mapuche),"Futaleufú, Chubut",,2014,http://datos.mininterior.gob.ar/dataset/6a702e6f-3292-44fe-804f-16b8dee008c1/resource/3c2137d5-46d3-40cf-9e01-ee406746b27a/download/listado-de-comunidades-indigenas-20251112.csv
Comunidad Pirren Mawiza (pueblo Mapuche),"Futaleufú, Chubut",,2002,http://datos.mininterior.gob.ar/dataset/6a702e6f-3292-44fe-804f-16b8dee008c1/resource/3c2137d5-46d3-40cf-9e01-ee406746b27a/download/listado-de-comunidades-indigenas-20251112.csv
Comunidad de Nahuelpán (pueblo Mapuche),"Futaleufú, Chubut",,2012,http://datos.mininterior.gob.ar/dataset/6a702e6f-3292-44fe-804f-16b8dee008c1/resource/3c2137d5-46d3-40cf-9e01-ee406746b27a/download/listado-de-comunidades-indigenas-20251112.csv
Comunidad Ceferino Namuncura - ValentÍn Sayhueque (pueblo Mapuche Tehuelche),"Gaiman, Chubut",,2009,http://datos.mininterior.gob.ar/dataset/6a702e6f-3292-44fe-804f-16b8dee008c1/resource/3c2137d5-46d3-40cf-9e01-ee406746b27a/download/listado-de-comunidades-indigenas-20251112.csv
Comunidad Gayna Ina Uyey A Gayau-Az Waiwen Kür´rüf (pueblo Mapuche Tehuelche),"Gaiman, Chubut",,2011,http://datos.mininterior.gob.ar/dataset/6a702e6f-3292-44fe-804f-16b8dee008c1/resource/3c2137d5-46d3-40cf-9e01-ee406746b27a/download/listado-de-comunidades-indigenas-20251112.csv
"Comunidad Günün ä Küna ""Yajwaywan Wütr Gaimün"" (pueblo Tehuelche)","Gaiman, Chubut",,2021,http://datos.mininterior.gob.ar/dataset/6a702e6f-3292-44fe-804f-16b8dee008c1/resource/3c2137d5-46d3-40cf-9e01-ee406746b27a/download/listado-de-comunidades-indigenas-20251112.csv
Comunidad Ruka Peñi (pueblo Mapuche),"Gaiman, Chubut",,2012,http://datos.mininterior.gob.ar/dataset/6a702e6f-3292-44fe-804f-16b8dee008c1/resource/3c2137d5-46d3-40cf-9e01-ee406746b27a/download/listado-de-comunidades-indigenas-20251112.csv
Comunidad Tehuelche “Yagüp a Jütran” (pueblo Tehuelche),"Gaiman, Chubut",,2013,http://datos.mininterior.gob.ar/dataset/6a702e6f-3292-44fe-804f-16b8dee008c1/resource/3c2137d5-46d3-40cf-9e01-ee406746b27a/download/listado-de-comunidades-indigenas-20251112.csv
Comunidad Aborigen Ngullupele Quichaura (pueblo Mapuche),"Gastre, Chubut",,2010,http://datos.mininterior.gob.ar/dataset/6a702e6f-3292-44fe-804f-16b8dee008c1/resource/3c2137d5-46d3-40cf-9e01-ee406746b27a/download/listado-de-comunidades-indigenas-20251112.csv
"Comunidad Lagunita Salada, Cerro Bayo y Gorro Frigio (pueblo Mapuche Tehuelche)","Gastre, Chubut",,1995,http://datos.mininterior.gob.ar/dataset/6a702e6f-3292-44fe-804f-16b8dee008c1/resource/3c2137d5-46d3-40cf-9e01-ee406746b27a/download/listado-de-comunidades-indigenas-20251112.csv
Comunidad Mapuche Tehuelche Los Pino (pueblo Mapuche Tehuelche),"Gastre, Chubut",,2017,http://datos.mininterior.gob.ar/dataset/6a702e6f-3292-44fe-804f-16b8dee008c1/resource/3c2137d5-46d3-40cf-9e01-ee406746b27a/download/listado-de-comunidades-indigenas-20251112.csv
Comunidad Originaria El Puntudo (pueblo Tehuelche),"Gastre, Chubut",,2014,http://datos.mininterior.gob.ar/dataset/6a702e6f-3292-44fe-804f-16b8dee008c1/resource/3c2137d5-46d3-40cf-9e01-ee406746b27a/download/listado-de-comunidades-indigenas-20251112.csv
Comunidad Yala Laubat- Blancuntre (pueblo Mapuche),"Gastre, Chubut",,1995,http://datos.mininterior.gob.ar/dataset/6a702e6f-3292-44fe-804f-16b8dee008c1/resource/3c2137d5-46d3-40cf-9e01-ee406746b27a/download/listado-de-comunidades-indigenas-20251112.csv
Comunidad Ñuke Mapu (pueblo Mapuche),"Gastre, Chubut",,2007,http://datos.mininterior.gob.ar/dataset/6a702e6f-3292-44fe-804f-16b8dee008c1/resource/3c2137d5-46d3-40cf-9e01-ee406746b27a/download/listado-de-comunidades-indigenas-20251112.csv
Comunidad Aborigen Las Salinas de Colán Conhue (pueblo Mapuche),"Languiñeo, Chubut",,2010,http://datos.mininterior.gob.ar/dataset/6a702e6f-3292-44fe-804f-16b8dee008c1/resource/3c2137d5-46d3-40cf-9e01-ee406746b27a/download/listado-de-comunidades-indigenas-20251112.csv
Comunidad Aborigen Sierras de Tecka (pueblo Mapuche),"Languiñeo, Chubut",,2005,http://datos.mininterior.gob.ar/dataset/6a702e6f-3292-44fe-804f-16b8dee008c1/resource/3c2137d5-46d3-40cf-9e01-ee406746b27a/download/listado-de-comunidades-indigenas-20251112.csv
Comunidad Indígena Pocitos de Quichaura (pueblo Mapuche),"Languiñeo, Chubut",,2005,http://datos.mininterior.gob.ar/dataset/6a702e6f-3292-44fe-804f-16b8dee008c1/resource/3c2137d5-46d3-40cf-9e01-ee406746b27a/download/listado-de-comunidades-indigenas-20251112.csv
Comunidad Mapuche Tehuelche Mapu Peñi (pueblo Mapuche Tehuelche),"Languiñeo, Chubut",,2015,http://datos.mininterior.gob.ar/dataset/6a702e6f-3292-44fe-804f-16b8dee008c1/resource/3c2137d5-46d3-40cf-9e01-ee406746b27a/download/listado-de-comunidades-indigenas-20251112.csv
Comunidad Reserva Mariano Epulef (pueblo Mapuche),"Languiñeo, Chubut",,2005,http://datos.mininterior.gob.ar/dataset/6a702e6f-3292-44fe-804f-16b8dee008c1/resource/3c2137d5-46d3-40cf-9e01-ee406746b27a/download/listado-de-comunidades-indigenas-20251112.csv
Comunidad Ñuke Mapu de Secundino Huenullan El Molle (pueblo Mapuche),"Languiñeo, Chubut",,2007,http://datos.mininterior.gob.ar/dataset/6a702e6f-3292-44fe-804f-16b8dee008c1/resource/3c2137d5-46d3-40cf-9e01-ee406746b27a/download/listado-de-comunidades-indigenas-20251112.csv
Comunidad Aborigen Juan de Dios Pichiñan (pueblo Mapuche),"Paso de Indios, Chubut",,2014,http://datos.mininterior.gob.ar/dataset/6a702e6f-3292-44fe-804f-16b8dee008c1/resource/3c2137d5-46d3-40cf-9e01-ee406746b27a/download/listado-de-comunidades-indigenas-20251112.csv
Comunidad Aborigen Kan Ken Corral de Piedra (pueblo Mapuche Tehuelche),"Paso de Indios, Chubut",,2008,http://datos.mininterior.gob.ar/dataset/6a702e6f-3292-44fe-804f-16b8dee008c1/resource/3c2137d5-46d3-40cf-9e01-ee406746b27a/download/listado-de-comunidades-indigenas-20251112.csv
Comunidad Aborigen Los Pichiñanes (pueblo Mapuche),"Paso de Indios, Chubut",,2005,http://datos.mininterior.gob.ar/dataset/6a702e6f-3292-44fe-804f-16b8dee008c1/resource/3c2137d5-46d3-40cf-9e01-ee406746b27a/download/listado-de-comunidades-indigenas-20251112.csv
Comunidad Araucana de Paso de Indios (pueblo Mapuche),"Paso de Indios, Chubut",,1997,http://datos.mininterior.gob.ar/dataset/6a702e6f-3292-44fe-804f-16b8dee008c1/resource/3c2137d5-46d3-40cf-9e01-ee406746b27a/download/listado-de-comunidades-indigenas-20251112.csv
Comunidad Cerro Cóndor (pueblo Mapuche Tehuelche),"Paso de Indios, Chubut",,2014,http://datos.mininterior.gob.ar/dataset/6a702e6f-3292-44fe-804f-16b8dee008c1/resource/3c2137d5-46d3-40cf-9e01-ee406746b27a/download/listado-de-comunidades-indigenas-20251112.csv
"Comunidad Originaria Mapuche Tehuelche ""Antumalen"" (pueblo Mapuche Tehuelche)","Paso de Indios, Chubut",,2017,http://datos.mininterior.gob.ar/dataset/6a702e6f-3292-44fe-804f-16b8dee008c1/resource/3c2137d5-46d3-40cf-9e01-ee406746b27a/download/listado-de-comunidades-indigenas-20251112.csv
Comunidad Katrauletuiañ (pueblo Mapuche Tehuelche),"Rawson, Chubut",,2001,http://datos.mininterior.gob.ar/dataset/6a702e6f-3292-44fe-804f-16b8dee008c1/resource/3c2137d5-46d3-40cf-9e01-ee406746b27a/download/listado-de-comunidades-indigenas-20251112.csv
Comunidad Mapuche Alto Lepa (pueblo Mapuche),"Rawson, Chubut",,2015,http://datos.mininterior.gob.ar/dataset/6a702e6f-3292-44fe-804f-16b8dee008c1/resource/3c2137d5-46d3-40cf-9e01-ee406746b27a/download/listado-de-comunidades-indigenas-20251112.csv
Comunidad Originaria Mapuche Tehuelche Kallfu Nao Illkulen (pueblo Mapuche Tehuelche),"Rawson, Chubut",,2016,http://datos.mininterior.gob.ar/dataset/6a702e6f-3292-44fe-804f-16b8dee008c1/resource/3c2137d5-46d3-40cf-9e01-ee406746b27a/download/listado-de-comunidades-indigenas-20251112.csv
Comunidad Originaria Mapuche Tehuelche Lienqueo Ancamil (pueblo Mapuche Tehuelche),"Rawson, Chubut",,2016,http://datos.mininterior.gob.ar/dataset/6a702e6f-3292-44fe-804f-16b8dee008c1/resource/3c2137d5-46d3-40cf-9e01-ee406746b27a/download/listado-de-comunidades-indigenas-20251112.csv
Comunidad Peñi Namun (pueblo Mapuche),"Rawson, Chubut",,2005,http://datos.mininterior.gob.ar/dataset/6a702e6f-3292-44fe-804f-16b8dee008c1/resource/3c2137d5-46d3-40cf-9e01-ee406746b27a/download/listado-de-comunidades-indigenas-20251112.csv
Comunidad Tehuelche Huentelaf (pueblo Tehuelche),"Rawson, Chubut",,2012,http://datos.mininterior.gob.ar/dataset/6a702e6f-3292-44fe-804f-16b8dee008c1/resource/3c2137d5-46d3-40cf-9e01-ee406746b27a/download/listado-de-comunidades-indigenas-20251112.csv
"Originaria Mapuche Tehuelche "" Tañi Puche Com"" (pueblo Mapuche Tehuelche)","Rawson, Chubut",,2016,http://datos.mininterior.gob.ar/dataset/6a702e6f-3292-44fe-804f-16b8dee008c1/resource/3c2137d5-46d3-40cf-9e01-ee406746b27a/download/listado-de-comunidades-indigenas-20251112.csv
Comunidad Aborigen Cacique Esteban Tracaleu (pueblo Mapuche),"Río Senguer, Chubut",,2008,http://datos.mininterior.gob.ar/dataset/6a702e6f-3292-44fe-804f-16b8dee008c1/resource/3c2137d5-46d3-40cf-9e01-ee406746b27a/download/listado-de-comunidades-indigenas-20251112.csv
Comunidad Aborigen Kupalme Millaqueo y Sucesores Amarillo -Muñoz (pueblo Tehuelche Mapuche),"Río Senguer, Chubut",,2009,http://datos.mininterior.gob.ar/dataset/6a702e6f-3292-44fe-804f-16b8dee008c1/resource/3c2137d5-46d3-40cf-9e01-ee406746b27a/download/listado-de-comunidades-indigenas-20251112.csv
Comunidad Aborigen Reserva Sacamata Liempichun (pueblo Mapuche),"Río Senguer, Chubut",,2010,http://datos.mininterior.gob.ar/dataset/6a702e6f-3292-44fe-804f-16b8dee008c1/resource/3c2137d5-46d3-40cf-9e01-ee406746b27a/download/listado-de-comunidades-indigenas-20251112.csv
Comunidad Ancao Carril y Victorina Palma (pueblo Mapuche Tehuelche),"Río Senguer, Chubut",,2008,http://datos.mininterior.gob.ar/dataset/6a702e6f-3292-44fe-804f-16b8dee008c1/resource/3c2137d5-46d3-40cf-9e01-ee406746b27a/download/listado-de-comunidades-indigenas-20251112.csv
Comunidad El Chalía (pueblo Tehuelche),"Río Senguer, Chubut",,1995,http://datos.mininterior.gob.ar/dataset/6a702e6f-3292-44fe-804f-16b8dee008c1/resource/3c2137d5-46d3-40cf-9e01-ee406746b27a/download/listado-de-comunidades-indigenas-20251112.csv
Comunidad Epulafken Paraje Bajo La Cancha (pueblo Mapuche),"Río Senguer, Chubut",,2011,http://datos.mininterior.gob.ar/dataset/6a702e6f-3292-44fe-804f-16b8dee008c1/resource/3c2137d5-46d3-40cf-9e01-ee406746b27a/download/listado-de-comunidades-indigenas-20251112.csv
Comunidad Gabriel Mañaqueque Botello (pueblo Tehuelche),"Río Senguer, Chubut",,2014,http://datos.mininterior.gob.ar/dataset/6a702e6f-3292-44fe-804f-16b8dee008c1/resource/3c2137d5-46d3-40cf-9e01-ee406746b27a/download/listado-de-comunidades-indigenas-20251112.csv
Comunidad Tramaleo o Loma Redonda (pueblo Tehuelche),"Río Senguer, Chubut",,1995,http://datos.mininterior.gob.ar/dataset/6a702e6f-3292-44fe-804f-16b8dee008c1/resource/3c2137d5-46d3-40cf-9e01-ee406746b27a/download/listado-de-comunidades-indigenas-20251112.csv
Comunidad Aborigen Jacinto Antileu (pueblo Mapuche),"Sarmiento, Chubut",,2010,http://datos.mininterior.gob.ar/dataset/6a702e6f-3292-44fe-804f-16b8dee008c1/resource/3c2137d5-46d3-40cf-9e01-ee406746b27a/download/listado-de-comunidades-indigenas-20251112.csv
Comunidad Aborigen Mapu Laku (pueblo Mapuche),"Sarmiento, Chubut",,2010,http://datos.mininterior.gob.ar/dataset/6a702e6f-3292-44fe-804f-16b8dee008c1/resource/3c2137d5-46d3-40cf-9e01-ee406746b27a/download/listado-de-comunidades-indigenas-20251112.csv
Comunidad Ayllu Ñuke Mapu (pueblo Mapuche Tehuelche),"Sarmiento, Chubut",,2007,http://datos.mininterior.gob.ar/dataset/6a702e6f-3292-44fe-804f-16b8dee008c1/resource/3c2137d5-46d3-40cf-9e01-ee406746b27a/download/listado-de-comunidades-indigenas-20251112.csv
Comunidad Calfú - Alberto Cifuentes (pueblo Mapuche Tehuelche),"Sarmiento, Chubut",,2012,http://datos.mininterior.gob.ar/dataset/6a702e6f-3292-44fe-804f-16b8dee008c1/resource/3c2137d5-46d3-40cf-9e01-ee406746b27a/download/listado-de-comunidades-indigenas-20251112.csv
Comunidad Indígena Pewmahue (pueblo Tehuelche),"Sarmiento, Chubut",,2012,http://datos.mininterior.gob.ar/dataset/6a702e6f-3292-44fe-804f-16b8dee008c1/resource/3c2137d5-46d3-40cf-9e01-ee406746b27a/download/listado-de-comunidades-indigenas-20251112.csv
Comunidad Mapuche Colicoy (pueblo Mapuche),"Sarmiento, Chubut",,2012,http://datos.mininterior.gob.ar/dataset/6a702e6f-3292-44fe-804f-16b8dee008c1/resource/3c2137d5-46d3-40cf-9e01-ee406746b27a/download/listado-de-comunidades-indigenas-20251112.csv
Comunidad Mapuche Tehuelche “Otron Lafken” (pueblo Mapuche Tehuelche),"Sarmiento, Chubut",,2021,http://datos.mininterior.gob.ar/dataset/6a702e6f-3292-44fe-804f-16b8dee008c1/resource/3c2137d5-46d3-40cf-9e01-ee406746b27a/download/listado-de-comunidades-indigenas-20251112.csv
Comunidad Aborigen Cerro Negro (pueblo Mapuche),"Tehuelches, Chubut",,2009,http://datos.mininterior.gob.ar/dataset/6a702e6f-3292-44fe-804f-16b8dee008c1/resource/3c2137d5-46d3-40cf-9e01-ee406746b27a/download/listado-de-comunidades-indigenas-20251112.csv
Comunidad Aborigen Tehuelche Valentin Sayhueue (pueblo Tehuelche),"Tehuelches, Chubut",,2010,http://datos.mininterior.gob.ar/dataset/6a702e6f-3292-44fe-804f-16b8dee008c1/resource/3c2137d5-46d3-40cf-9e01-ee406746b27a/download/listado-de-comunidades-indigenas-20251112.csv
Comunidad Originaria Mapuche Amuinahuel (pueblo Mapuche),"Tehuelches, Chubut",,2016,http://datos.mininterior.gob.ar/dataset/6a702e6f-3292-44fe-804f-16b8dee008c1/resource/3c2137d5-46d3-40cf-9e01-ee406746b27a/download/listado-de-comunidades-indigenas-20251112.csv
Comunidad Chacay Oeste y Laguna Fría (pueblo Mapuche),"Telsen, Chubut",,1995,http://datos.mininterior.gob.ar/dataset/6a702e6f-3292-44fe-804f-16b8dee008c1/resource/3c2137d5-46d3-40cf-9e01-ee406746b27a/download/listado-de-comunidades-indigenas-20251112.csv
Comunidad Mallin de los Cuales (pueblo Mapuche),"Telsen, Chubut",,1995,http://datos.mininterior.gob.ar/dataset/6a702e6f-3292-44fe-804f-16b8dee008c1/resource/3c2137d5-46d3-40cf-9e01-ee406746b27a/download/listado-de-comunidades-indigenas-20251112.csv
Comunidad Originaria Sierra Rosada (pueblo Mapuche),"Telsen, Chubut",,2012,http://datos.mininterior.gob.ar/dataset/6a702e6f-3292-44fe-804f-16b8dee008c1/resource/3c2137d5-46d3-40cf-9e01-ee406746b27a/download/listado-de-comunidades-indigenas-20251112.csv
Comunidad Indígena Yahaveré (pueblo Guaraní),"Concepción, Corrientes",,2013,http://datos.mininterior.gob.ar/dataset/6a702e6f-3292-44fe-804f-16b8dee008c1/resource/3c2137d5-46d3-40cf-9e01-ee406746b27a/download/listado-de-comunidades-indigenas-20251112.csv
Comunidad El Ciervo (pueblo Guaraní),"Ituzaingó, Corrientes",,2023,http://datos.mininterior.gob.ar/dataset/6a702e6f-3292-44fe-804f-16b8dee008c1/resource/3c2137d5-46d3-40cf-9e01-ee406746b27a/download/listado-de-comunidades-indigenas-20251112.csv
Comunidad Indígena Ñu Puhy (pueblo Guaraní),"Ituzaingó, Corrientes",,2017,http://datos.mininterior.gob.ar/dataset/6a702e6f-3292-44fe-804f-16b8dee008c1/resource/3c2137d5-46d3-40cf-9e01-ee406746b27a/download/listado-de-comunidades-indigenas-20251112.csv
Comunidad Indígena Guaraní Mboi Kua (pueblo Guaraní),"San Miguel, Corrientes",,2015,http://datos.mininterior.gob.ar/dataset/6a702e6f-3292-44fe-804f-16b8dee008c1/resource/3c2137d5-46d3-40cf-9e01-ee406746b27a/download/listado-de-comunidades-indigenas-20251112.csv
Comunidad Aborígen Comechingona La Toma (pueblo Comechingón),"Capital, Córdoba",,2010,http://datos.mininterior.gob.ar/dataset/6a702e6f-3292-44fe-804f-16b8dee008c1/resource/3c2137d5-46d3-40cf-9e01-ee406746b27a/download/listado-de-comunidades-indigenas-20251112.csv
Comunidad Kolla Ayllu del Kolla Suyu (pueblo Kolla),"Capital, Córdoba",,2023,http://datos.mininterior.gob.ar/dataset/6a702e6f-3292-44fe-804f-16b8dee008c1/resource/3c2137d5-46d3-40cf-9e01-ee406746b27a/download/listado-de-comunidades-indigenas-20251112.csv
Comunidad Quisquisacate Curaca Lino Acevedo (pueblo Comechingón),"Capital, Córdoba",,2011,http://datos.mininterior.gob.ar/dataset/6a702e6f-3292-44fe-804f-16b8dee008c1/resource/3c2137d5-46d3-40cf-9e01-ee406746b27a/download/listado-de-comunidades-indigenas-20251112.csv
Comunidad Indígena Canchira (pueblo Comechingón),"Colón, Córdoba",,2023,http://datos.mininterior.gob.ar/dataset/6a702e6f-3292-44fe-804f-16b8dee008c1/resource/3c2137d5-46d3-40cf-9e01-ee406746b27a/download/listado-de-comunidades-indigenas-20251112.csv
Comunidad Pluma Blanca (pueblo Comechingón),"Colón, Córdoba",,2023,http://datos.mininterior.gob.ar/dataset/6a702e6f-3292-44fe-804f-16b8dee008c1/resource/3c2137d5-46d3-40cf-9e01-ee406746b27a/download/listado-de-comunidades-indigenas-20251112.csv
Comunidad Indígena Territorial Comechingón Sanavirón Tulián (pueblo Comechingón - Sanavirón),"Cruz del Eje, Córdoba",,2010,http://datos.mininterior.gob.ar/dataset/6a702e6f-3292-44fe-804f-16b8dee008c1/resource/3c2137d5-46d3-40cf-9e01-ee406746b27a/download/listado-de-comunidades-indigenas-20251112.csv
Comunidad Macat Henen (pueblo Comechingón),"Cruz del Eje, Córdoba",,2013,http://datos.mininterior.gob.ar/dataset/6a702e6f-3292-44fe-804f-16b8dee008c1/resource/3c2137d5-46d3-40cf-9e01-ee406746b27a/download/listado-de-comunidades-indigenas-20251112.csv
Comunidad Tacu Kuntur (pueblo Comechingón),"Cruz del Eje, Córdoba",,2009,http://datos.mininterior.gob.ar/dataset/6a702e6f-3292-44fe-804f-16b8dee008c1/resource/3c2137d5-46d3-40cf-9e01-ee406746b27a/download/listado-de-comunidades-indigenas-20251112.csv
"Comunidad Ranquelina ""Ramón Cabral"" (pueblo Ranquel)","General Roca, Córdoba",,2014,http://datos.mininterior.gob.ar/dataset/6a702e6f-3292-44fe-804f-16b8dee008c1/resource/3c2137d5-46d3-40cf-9e01-ee406746b27a/download/listado-de-comunidades-indigenas-20251112.csv
Comunidad Ctalamochita (pueblo Comechingón),"General San Martín, Córdoba",,2014,http://datos.mininterior.gob.ar/dataset/6a702e6f-3292-44fe-804f-16b8dee008c1/resource/3c2137d5-46d3-40cf-9e01-ee406746b27a/download/listado-de-comunidades-indigenas-20251112.csv
Comunidad Arabela (pueblo Comechingón),"Punilla, Córdoba",,2015,http://datos.mininterior.gob.ar/dataset/6a702e6f-3292-44fe-804f-16b8dee008c1/resource/3c2137d5-46d3-40cf-9e01-ee406746b27a/download/listado-de-comunidades-indigenas-20251112.csv
Comunidad Indígena Hijos del Sol Comechingón (pueblo Comechingón),"Punilla, Córdoba",,2010,http://datos.mininterior.gob.ar/dataset/6a702e6f-3292-44fe-804f-16b8dee008c1/resource/3c2137d5-46d3-40cf-9e01-ee406746b27a/download/listado-de-comunidades-indigenas-20251112.csv
Comunidad Ticas (pueblo Comechingón),"Punilla, Córdoba",,2009,http://datos.mininterior.gob.ar/dataset/6a702e6f-3292-44fe-804f-16b8dee008c1/resource/3c2137d5-46d3-40cf-9e01-ee406746b27a/download/listado-de-comunidades-indigenas-20251112.csv
Comunidad Ckatacuna (pueblo Comechingón),"Río Cuarto, Córdoba",,2010,http://datos.mininterior.gob.ar/dataset/6a702e6f-3292-44fe-804f-16b8dee008c1/resource/3c2137d5-46d3-40cf-9e01-ee406746b27a/download/listado-de-comunidades-indigenas-20251112.csv
Comunidad Naybú (pueblo Charrúa),"Federal, Entre Ríos",,2013,http://datos.mininterior.gob.ar/dataset/6a702e6f-3292-44fe-804f-16b8dee008c1/resource/3c2137d5-46d3-40cf-9e01-ee406746b27a/download/listado-de-comunidades-indigenas-20251112.csv
Comunidad Gue Gidaí Berá (pueblo Charrúa),"Tala, Entre Ríos",,2009,http://datos.mininterior.gob.ar/dataset/6a702e6f-3292-44fe-804f-16b8dee008c1/resource/3c2137d5-46d3-40cf-9e01-ee406746b27a/download/listado-de-comunidades-indigenas-20251112.csv
Comunidad Charrúa del Pueblo Jaguar (pueblo Charrúa),"Villaguay, Entre Ríos",,2007,http://datos.mininterior.gob.ar/dataset/6a702e6f-3292-44fe-804f-16b8dee008c1/resource/3c2137d5-46d3-40cf-9e01-ee406746b27a/download/listado-de-comunidades-indigenas-20251112.csv
"Asociación Civil Comunidad Aborigen ""Tich´a"" Pozo Del Mortero (pueblo Wichí)","Bermejo, Formosa",,,http://datos.mininterior.gob.ar/dataset/6a702e6f-3292-44fe-804f-16b8dee008c1/resource/3c2137d5-46d3-40cf-9e01-ee406746b27a/download/listado-de-comunidades-indigenas-20251112.csv
Asociación Civil Comunidad Aborigen Cacique Nuevo Sombrero Negro - Comlaje Pi Naleua (pueblo Qom/Toba),"Bermejo, Formosa",,,http://datos.mininterior.gob.ar/dataset/6a702e6f-3292-44fe-804f-16b8dee008c1/resource/3c2137d5-46d3-40cf-9e01-ee406746b27a/download/listado-de-comunidades-indigenas-20251112.csv
Asociación Civil Comunidad Aborigen Comle (pueblo Qom/Toba),"Bermejo, Formosa",,,http://datos.mininterior.gob.ar/dataset/6a702e6f-3292-44fe-804f-16b8dee008c1/resource/3c2137d5-46d3-40cf-9e01-ee406746b27a/download/listado-de-comunidades-indigenas-20251112.csv
Asociación Civil Comunidad Aborigen Notsahitaj (pueblo Wichí),"Bermejo, Formosa",,,http://datos.mininterior.gob.ar/dataset/6a702e6f-3292-44fe-804f-16b8dee008c1/resource/3c2137d5-46d3-40cf-9e01-ee406746b27a/download/listado-de-comunidades-indigenas-20251112.csv
Asociación Civil Comunidad Aborigen Wichí Carmen Ta-nekchiayek (pueblo Wichí),"Bermejo, Formosa",,,http://datos.mininterior.gob.ar/dataset/6a702e6f-3292-44fe-804f-16b8dee008c1/resource/3c2137d5-46d3-40cf-9e01-ee406746b27a/download/listado-de-comunidades-indigenas-20251112.csv
Asociación Civil Comunidad Aborigen Wichí Silencio (pueblo Wichí),"Bermejo, Formosa",,,http://datos.mininterior.gob.ar/dataset/6a702e6f-3292-44fe-804f-16b8dee008c1/resource/3c2137d5-46d3-40cf-9e01-ee406746b27a/download/listado-de-comunidades-indigenas-20251112.csv
Asociación Civil Comunidad Aborigen Wichí Tayú (pueblo Wichí),"Bermejo, Formosa",,,http://datos.mininterior.gob.ar/dataset/6a702e6f-3292-44fe-804f-16b8dee008c1/resource/3c2137d5-46d3-40cf-9e01-ee406746b27a/download/listado-de-comunidades-indigenas-20251112.csv
Asociación Civil Comunidad Aborigen Wichí Tekles (pueblo Wichí),"Bermejo, Formosa",,,http://datos.mininterior.gob.ar/dataset/6a702e6f-3292-44fe-804f-16b8dee008c1/resource/3c2137d5-46d3-40cf-9e01-ee406746b27a/download/listado-de-comunidades-indigenas-20251112.csv
Asociación Civil Comunidad Aborigen Wichí Wahat Chalaj (pueblo Wichí),"Bermejo, Formosa",,,http://datos.mininterior.gob.ar/dataset/6a702e6f-3292-44fe-804f-16b8dee008c1/resource/3c2137d5-46d3-40cf-9e01-ee406746b27a/download/listado-de-comunidades-indigenas-20251112.csv
Asociación Civil Comunidad Vecinal Whajtaj Cacique Yemu (pueblo Wichí),"Bermejo, Formosa",,,http://datos.mininterior.gob.ar/dataset/6a702e6f-3292-44fe-804f-16b8dee008c1/resource/3c2137d5-46d3-40cf-9e01-ee406746b27a/download/listado-de-comunidades-indigenas-20251112.csv
Asociación Civil El Breal (pueblo Qom/Toba),"Bermejo, Formosa",,,http://datos.mininterior.gob.ar/dataset/6a702e6f-3292-44fe-804f-16b8dee008c1/resource/3c2137d5-46d3-40cf-9e01-ee406746b27a/download/listado-de-comunidades-indigenas-20251112.csv
Asociación Civil El Churcal (pueblo Qom/Toba),"Bermejo, Formosa",,,http://datos.mininterior.gob.ar/dataset/6a702e6f-3292-44fe-804f-16b8dee008c1/resource/3c2137d5-46d3-40cf-9e01-ee406746b27a/download/listado-de-comunidades-indigenas-20251112.csv
Asociación Civil El Quebrachito (pueblo Qom/Toba),"Bermejo, Formosa",,,http://datos.mininterior.gob.ar/dataset/6a702e6f-3292-44fe-804f-16b8dee008c1/resource/3c2137d5-46d3-40cf-9e01-ee406746b27a/download/listado-de-comunidades-indigenas-20251112.csv
Asociación Civil La Rinconada (pueblo Qom/Toba),"Bermejo, Formosa",,,http://datos.mininterior.gob.ar/dataset/6a702e6f-3292-44fe-804f-16b8dee008c1/resource/3c2137d5-46d3-40cf-9e01-ee406746b27a/download/listado-de-comunidades-indigenas-20251112.csv
Asociación Civil Pozo Ramón (pueblo Qom/Toba),"Bermejo, Formosa",,,http://datos.mininterior.gob.ar/dataset/6a702e6f-3292-44fe-804f-16b8dee008c1/resource/3c2137d5-46d3-40cf-9e01-ee406746b27a/download/listado-de-comunidades-indigenas-20251112.csv
Asociación Civil Tres Yuchanes (pueblo Qom/Toba),"Bermejo, Formosa",,,http://datos.mininterior.gob.ar/dataset/6a702e6f-3292-44fe-804f-16b8dee008c1/resource/3c2137d5-46d3-40cf-9e01-ee406746b27a/download/listado-de-comunidades-indigenas-20251112.csv
Asociación Civil Vaca Perdida (pueblo Qom/Toba),"Bermejo, Formosa",,,http://datos.mininterior.gob.ar/dataset/6a702e6f-3292-44fe-804f-16b8dee008c1/resource/3c2137d5-46d3-40cf-9e01-ee406746b27a/download/listado-de-comunidades-indigenas-20251112.csv
Asociación Civil Wichí Lawet (pueblo Wichí),"Bermejo, Formosa",,,http://datos.mininterior.gob.ar/dataset/6a702e6f-3292-44fe-804f-16b8dee008c1/resource/3c2137d5-46d3-40cf-9e01-ee406746b27a/download/listado-de-comunidades-indigenas-20251112.csv
Comunidad Aborigen Isla Garcia (pueblo Wichí),"Bermejo, Formosa",,,http://datos.mininterior.gob.ar/dataset/6a702e6f-3292-44fe-804f-16b8dee008c1/resource/3c2137d5-46d3-40cf-9e01-ee406746b27a/download/listado-de-comunidades-indigenas-20251112.csv
Comunidad Aborigen Pilagas Sitoolek (pueblo Pilagá),"Bermejo, Formosa",,,http://datos.mininterior.gob.ar/dataset/6a702e6f-3292-44fe-804f-16b8dee008c1/resource/3c2137d5-46d3-40cf-9e01-ee406746b27a/download/listado-de-comunidades-indigenas-20251112.csv
Comunidad Wichí Laguna Yacare (pueblo Wichí),"Bermejo, Formosa",,,http://datos.mininterior.gob.ar/dataset/6a702e6f-3292-44fe-804f-16b8dee008c1/resource/3c2137d5-46d3-40cf-9e01-ee406746b27a/download/listado-de-comunidades-indigenas-20251112.csv
"Asociación Civil ""Dalagay Nañegeshi"" (pueblo Qom/Toba)","Formosa, Formosa",,,http://datos.mininterior.gob.ar/dataset/6a702e6f-3292-44fe-804f-16b8dee008c1/resource/3c2137d5-46d3-40cf-9e01-ee406746b27a/download/listado-de-comunidades-indigenas-20251112.csv
"Asociación Civil ""Taritasan"" (pueblo Qom/Toba)","Formosa, Formosa",,,http://datos.mininterior.gob.ar/dataset/6a702e6f-3292-44fe-804f-16b8dee008c1/resource/3c2137d5-46d3-40cf-9e01-ee406746b27a/download/listado-de-comunidades-indigenas-20251112.csv
Asociación Civil Aborigen Añaagataqi (pueblo Qom/Toba),"Formosa, Formosa",,,http://datos.mininterior.gob.ar/dataset/6a702e6f-3292-44fe-804f-16b8dee008c1/resource/3c2137d5-46d3-40cf-9e01-ee406746b27a/download/listado-de-comunidades-indigenas-20251112.csv
Asociación Civil Aborigen Da Lagaix Na a Q (pueblo Qom/Toba),"Formosa, Formosa",,,http://datos.mininterior.gob.ar/dataset/6a702e6f-3292-44fe-804f-16b8dee008c1/resource/3c2137d5-46d3-40cf-9e01-ee406746b27a/download/listado-de-comunidades-indigenas-20251112.csv
Asociación Civil Aborigen Kommi Qom Ñachatagañi Nayi (pueblo Qom/Toba),"Formosa, Formosa",,,http://datos.mininterior.gob.ar/dataset/6a702e6f-3292-44fe-804f-16b8dee008c1/resource/3c2137d5-46d3-40cf-9e01-ee406746b27a/download/listado-de-comunidades-indigenas-20251112.csv
Asociación Civil Aborigen Ralagay Na' Aq (pueblo Qom/Toba),"Formosa, Formosa",,,http://datos.mininterior.gob.ar/dataset/6a702e6f-3292-44fe-804f-16b8dee008c1/resource/3c2137d5-46d3-40cf-9e01-ee406746b27a/download/listado-de-comunidades-indigenas-20251112.csv
Asociación Civil Aborigen Yagaikquipi (pueblo Qom/Toba),"Formosa, Formosa",,,http://datos.mininterior.gob.ar/dataset/6a702e6f-3292-44fe-804f-16b8dee008c1/resource/3c2137d5-46d3-40cf-9e01-ee406746b27a/download/listado-de-comunidades-indigenas-20251112.csv
Asociación Civil Aborirgen Cacique Qosauro (pueblo Qom/Toba),"Formosa, Formosa",,,http://datos.mininterior.gob.ar/dataset/6a702e6f-3292-44fe-804f-16b8dee008c1/resource/3c2137d5-46d3-40cf-9e01-ee406746b27a/download/listado-de-comunidades-indigenas-20251112.csv
Asociación Civil Aborígen Edtolek (pueblo Qom/Toba),"Formosa, Formosa",,,http://datos.mininterior.gob.ar/dataset/6a702e6f-3292-44fe-804f-16b8dee008c1/resource/3c2137d5-46d3-40cf-9e01-ee406746b27a/download/listado-de-comunidades-indigenas-20251112.csv
"Asociación Civil Comunidad Aborigen ""Barrio Nam Qom - Lote Rural 68"" (pueblo Qom/Toba)","Formosa, Formosa",,,http://datos.mininterior.gob.ar/dataset/6a702e6f-3292-44fe-804f-16b8dee008c1/resource/3c2137d5-46d3-40cf-9e01-ee406746b27a/download/listado-de-comunidades-indigenas-20251112.csv
Asociación Civil Indígenas (pueblo Qom/Toba),"Formosa, Formosa",,,http://datos.mininterior.gob.ar/dataset/6a702e6f-3292-44fe-804f-16b8dee008c1/resource/3c2137d5-46d3-40cf-9e01-ee406746b27a/download/listado-de-comunidades-indigenas-20251112.csv
Asociación Civil Oro Le'Ecpi (pueblo Qom/Toba),"Formosa, Formosa",,,http://datos.mininterior.gob.ar/dataset/6a702e6f-3292-44fe-804f-16b8dee008c1/resource/3c2137d5-46d3-40cf-9e01-ee406746b27a/download/listado-de-comunidades-indigenas-20251112.csv
Asociación Civil de Aborigenes Formoseños Nam Qompi (pueblo Qom/Toba),"Formosa, Formosa",,2014,http://datos.mininterior.gob.ar/dataset/6a702e6f-3292-44fe-804f-16b8dee008c1/resource/3c2137d5-46d3-40cf-9e01-ee406746b27a/download/listado-de-comunidades-indigenas-20251112.csv
Comunidad Aborigen Barrio Norte II (pueblo Qom/Toba),"Formosa, Formosa",,,http://datos.mininterior.gob.ar/dataset/6a702e6f-3292-44fe-804f-16b8dee008c1/resource/3c2137d5-46d3-40cf-9e01-ee406746b27a/download/listado-de-comunidades-indigenas-20251112.csv
Comunidad Qom Lote Nº 67 (pueblo Qom/Toba),"Formosa, Formosa",,2017,http://datos.mininterior.gob.ar/dataset/6a702e6f-3292-44fe-804f-16b8dee008c1/resource/3c2137d5-46d3-40cf-9e01-ee406746b27a/download/listado-de-comunidades-indigenas-20251112.csv
Comunidad Yo Ogone (pueblo Qom/Toba),"Formosa, Formosa",,,http://datos.mininterior.gob.ar/dataset/6a702e6f-3292-44fe-804f-16b8dee008c1/resource/3c2137d5-46d3-40cf-9e01-ee406746b27a/download/listado-de-comunidades-indigenas-20251112.csv
Asociación Cacique Laishi (pueblo Qom/Toba),"Laishi, Formosa",,,http://datos.mininterior.gob.ar/dataset/6a702e6f-3292-44fe-804f-16b8dee008c1/resource/3c2137d5-46d3-40cf-9e01-ee406746b27a/download/listado-de-comunidades-indigenas-20251112.csv
"Asociación Civil ""Alh Phi"" (pueblo Qom/Toba)","Laishi, Formosa",,,http://datos.mininterior.gob.ar/dataset/6a702e6f-3292-44fe-804f-16b8dee008c1/resource/3c2137d5-46d3-40cf-9e01-ee406746b27a/download/listado-de-comunidades-indigenas-20251112.csv
Asociación Civil Comunidad Aborigen El Dorado (pueblo Qom/Toba),"Laishi, Formosa",,,http://datos.mininterior.gob.ar/dataset/6a702e6f-3292-44fe-804f-16b8dee008c1/resource/3c2137d5-46d3-40cf-9e01-ee406746b27a/download/listado-de-comunidades-indigenas-20251112.csv
Asociación Civil Comunidad Aborigen El Naranjito (pueblo Qom/Toba),"Laishi, Formosa",,,http://datos.mininterior.gob.ar/dataset/6a702e6f-3292-44fe-804f-16b8dee008c1/resource/3c2137d5-46d3-40cf-9e01-ee406746b27a/download/listado-de-comunidades-indigenas-20251112.csv
Asociación Civil Esperanza Toba (pueblo Qom/Toba),"Laishi, Formosa",,,http://datos.mininterior.gob.ar/dataset/6a702e6f-3292-44fe-804f-16b8dee008c1/resource/3c2137d5-46d3-40cf-9e01-ee406746b27a/download/listado-de-comunidades-indigenas-20251112.csv
Comunidad Aborigen De Laguna Gobernador Llaxataxay (pueblo Qom/Toba),"Laishi, Formosa",,2002,http://datos.mininterior.gob.ar/dataset/6a702e6f-3292-44fe-804f-16b8dee008c1/resource/3c2137d5-46d3-40cf-9e01-ee406746b27a/download/listado-de-comunidades-indigenas-20251112.csv
Comunidad Aborigen de San Antonio Dalaxaic Ñalacpi (pueblo Qom/Toba),"Laishi, Formosa",,2004,http://datos.mininterior.gob.ar/dataset/6a702e6f-3292-44fe-804f-16b8dee008c1/resource/3c2137d5-46d3-40cf-9e01-ee406746b27a/download/listado-de-comunidades-indigenas-20251112.csv
Asociación Civil Comunidad Aborigen Barrio Palo Santo (pueblo Wichí),"Matacos, Formosa",,,http://datos.mininterior.gob.ar/dataset/6a702e6f-3292-44fe-804f-16b8dee008c1/resource/3c2137d5-46d3-40cf-9e01-ee406746b27a/download/listado-de-comunidades-indigenas-20251112.csv
Asociación Civil Comunidad Aborigen Comle'ec (pueblo Qom/Toba),"Matacos, Formosa",,,http://datos.mininterior.gob.ar/dataset/6a702e6f-3292-44fe-804f-16b8dee008c1/resource/3c2137d5-46d3-40cf-9e01-ee406746b27a/download/listado-de-comunidades-indigenas-20251112.csv
Asociación Civil Comunidad Aborigen Comleec Barrio Toba (pueblo Qom/Toba),"Matacos, Formosa",,,http://datos.mininterior.gob.ar/dataset/6a702e6f-3292-44fe-804f-16b8dee008c1/resource/3c2137d5-46d3-40cf-9e01-ee406746b27a/download/listado-de-comunidades-indigenas-20251112.csv
Asociación Civil Comunidad Aborigen Wichí Barrio Nuevo Pilcomayo (pueblo Wichí),"Matacos, Formosa",,,http://datos.mininterior.gob.ar/dataset/6a702e6f-3292-44fe-804f-16b8dee008c1/resource/3c2137d5-46d3-40cf-9e01-ee406746b27a/download/listado-de-comunidades-indigenas-20251112.csv
Asociación Civil Comunidad Aborigen Wichí Barrio San Martín (pueblo Wichí),"Matacos, Formosa",,,http://datos.mininterior.gob.ar/dataset/6a702e6f-3292-44fe-804f-16b8dee008c1/resource/3c2137d5-46d3-40cf-9e01-ee406746b27a/download/listado-de-comunidades-indigenas-20251112.csv
Asociación Civil Comunidad Aborigen Wichí El Mistolar (pueblo Wichí),"Matacos, Formosa",,,http://datos.mininterior.gob.ar/dataset/6a702e6f-3292-44fe-804f-16b8dee008c1/resource/3c2137d5-46d3-40cf-9e01-ee406746b27a/download/listado-de-comunidades-indigenas-20251112.csv
Asociación Civil Comunidad Aborigen Wichí La Esperanza (pueblo Wichí),"Matacos, Formosa",,,http://datos.mininterior.gob.ar/dataset/6a702e6f-3292-44fe-804f-16b8dee008c1/resource/3c2137d5-46d3-40cf-9e01-ee406746b27a/download/listado-de-comunidades-indigenas-20251112.csv
Asociación Civil Comunidad Aborigen Wichí Siwuel Yis (pueblo Wichí),"Matacos, Formosa",,,http://datos.mininterior.gob.ar/dataset/6a702e6f-3292-44fe-804f-16b8dee008c1/resource/3c2137d5-46d3-40cf-9e01-ee406746b27a/download/listado-de-comunidades-indigenas-20251112.csv
Asociación Vecinal Aborigen Campo Bandera (pueblo Wichí),"Matacos, Formosa",,,http://datos.mininterior.gob.ar/dataset/6a702e6f-3292-44fe-804f-16b8dee008c1/resource/3c2137d5-46d3-40cf-9e01-ee406746b27a/download/listado-de-comunidades-indigenas-20251112.csv
Asociación Vecinal Comunidad Wichí Barrio Belgrano (pueblo Wichí),"Matacos, Formosa",,,http://datos.mininterior.gob.ar/dataset/6a702e6f-3292-44fe-804f-16b8dee008c1/resource/3c2137d5-46d3-40cf-9e01-ee406746b27a/download/listado-de-comunidades-indigenas-20251112.csv
Asociación Vecinal Comunidad Wichí Pozo Yacaré (pueblo Wichí),"Matacos, Formosa",,,http://datos.mininterior.gob.ar/dataset/6a702e6f-3292-44fe-804f-16b8dee008c1/resource/3c2137d5-46d3-40cf-9e01-ee406746b27a/download/listado-de-comunidades-indigenas-20251112.csv
Asociación Vecinal Fwinafwas (pueblo Wichí),"Matacos, Formosa",,,http://datos.mininterior.gob.ar/dataset/6a702e6f-3292-44fe-804f-16b8dee008c1/resource/3c2137d5-46d3-40cf-9e01-ee406746b27a/download/listado-de-comunidades-indigenas-20251112.csv
Comisión Vecinal Aborigen Barrio Obrero (pueblo Wichí),"Matacos, Formosa",,,http://datos.mininterior.gob.ar/dataset/6a702e6f-3292-44fe-804f-16b8dee008c1/resource/3c2137d5-46d3-40cf-9e01-ee406746b27a/download/listado-de-comunidades-indigenas-20251112.csv
Comisión Vecinal Comunidad Aborigen Barrio Viejo (pueblo Wichí),"Matacos, Formosa",,,http://datos.mininterior.gob.ar/dataset/6a702e6f-3292-44fe-804f-16b8dee008c1/resource/3c2137d5-46d3-40cf-9e01-ee406746b27a/download/listado-de-comunidades-indigenas-20251112.csv
Asociación Civil Aborigen Ampi Pilaga Daxaye (pueblo Pilagá),"Patiño, Formosa",,,http://datos.mininterior.gob.ar/dataset/6a702e6f-3292-44fe-804f-16b8dee008c1/resource/3c2137d5-46d3-40cf-9e01-ee406746b27a/download/listado-de-comunidades-indigenas-20251112.csv
Asociación Civil Aborigen Nam Alpi (pueblo Pilagá),"Patiño, Formosa",,,http://datos.mininterior.gob.ar/dataset/6a702e6f-3292-44fe-804f-16b8dee008c1/resource/3c2137d5-46d3-40cf-9e01-ee406746b27a/download/listado-de-comunidades-indigenas-20251112.csv
Asociación Civil Aborigen Tagochi (pueblo Qom/Toba),"Patiño, Formosa",,,http://datos.mininterior.gob.ar/dataset/6a702e6f-3292-44fe-804f-16b8dee008c1/resource/3c2137d5-46d3-40cf-9e01-ee406746b27a/download/listado-de-comunidades-indigenas-20251112.csv
Asociación Civil Aborigen Tanagaidi (pueblo Pilagá),"Patiño, Formosa",,,http://datos.mininterior.gob.ar/dataset/6a702e6f-3292-44fe-804f-16b8dee008c1/resource/3c2137d5-46d3-40cf-9e01-ee406746b27a/download/listado-de-comunidades-indigenas-20251112.csv
Asociación Civil Aborigen Zaghache (pueblo Qom/Toba),"Patiño, Formosa",,,http://datos.mininterior.gob.ar/dataset/6a702e6f-3292-44fe-804f-16b8dee008c1/resource/3c2137d5-46d3-40cf-9e01-ee406746b27a/download/listado-de-comunidades-indigenas-20251112.csv
Asociación Civil Comunidad Aborigen Bartolomé De Las Casas (pueblo Qom/Toba),"Patiño, Formosa",,,http://datos.mininterior.gob.ar/dataset/6a702e6f-3292-44fe-804f-16b8dee008c1/resource/3c2137d5-46d3-40cf-9e01-ee406746b27a/download/listado-de-comunidades-indigenas-20251112.csv
Asociación Civil Comunidad Aborigen Coronel Bazán Campo Tres Pozos (pueblo Wichí),"Patiño, Formosa",,,http://datos.mininterior.gob.ar/dataset/6a702e6f-3292-44fe-804f-16b8dee008c1/resource/3c2137d5-46d3-40cf-9e01-ee406746b27a/download/listado-de-comunidades-indigenas-20251112.csv
Asociación Civil Comunidad Aborigen Da Añalec Lachiugue (pueblo Qom/Toba),"Patiño, Formosa",,,http://datos.mininterior.gob.ar/dataset/6a702e6f-3292-44fe-804f-16b8dee008c1/resource/3c2137d5-46d3-40cf-9e01-ee406746b27a/download/listado-de-comunidades-indigenas-20251112.csv
Asociación Civil Comunidad Aborigen Francisco Javier Muñiz (pueblo Wichí),"Patiño, Formosa",,,http://datos.mininterior.gob.ar/dataset/6a702e6f-3292-44fe-804f-16b8dee008c1/resource/3c2137d5-46d3-40cf-9e01-ee406746b27a/download/listado-de-comunidades-indigenas-20251112.csv
Asociación Civil Comunidad Aborigen La Pantalla (pueblo Wichí),"Patiño, Formosa",,,http://datos.mininterior.gob.ar/dataset/6a702e6f-3292-44fe-804f-16b8dee008c1/resource/3c2137d5-46d3-40cf-9e01-ee406746b27a/download/listado-de-comunidades-indigenas-20251112.csv
Asociación Civil Comunidad Aborigen Osvaldo Quiroga (pueblo Pilagá),"Patiño, Formosa",,,http://datos.mininterior.gob.ar/dataset/6a702e6f-3292-44fe-804f-16b8dee008c1/resource/3c2137d5-46d3-40cf-9e01-ee406746b27a/download/listado-de-comunidades-indigenas-20251112.csv
Asociación Civil Comunidad Aborigen Rihar Segundo (pueblo Wichí),"Patiño, Formosa",,,http://datos.mininterior.gob.ar/dataset/6a702e6f-3292-44fe-804f-16b8dee008c1/resource/3c2137d5-46d3-40cf-9e01-ee406746b27a/download/listado-de-comunidades-indigenas-20251112.csv
Asociación Civil Comunidad Aborigen San Carlos (pueblo Qom/Toba),"Patiño, Formosa",,,http://datos.mininterior.gob.ar/dataset/6a702e6f-3292-44fe-804f-16b8dee008c1/resource/3c2137d5-46d3-40cf-9e01-ee406746b27a/download/listado-de-comunidades-indigenas-20251112.csv
Asociación Civil Comunidad Aborigen Sebastián González Laka Wichí Lote 27 (pueblo Wichí),"Patiño, Formosa",,,http://datos.mininterior.gob.ar/dataset/6a702e6f-3292-44fe-804f-16b8dee008c1/resource/3c2137d5-46d3-40cf-9e01-ee406746b27a/download/listado-de-comunidades-indigenas-20251112.csv
Asociación Civil Comunidad Aborigen To Pi Wi Toba Pilagas Wichí (pueblo Qom/Toba - Pilaga - Wichí),"Patiño, Formosa",,,http://datos.mininterior.gob.ar/dataset/6a702e6f-3292-44fe-804f-16b8dee008c1/resource/3c2137d5-46d3-40cf-9e01-ee406746b27a/download/listado-de-comunidades-indigenas-20251112.csv
Asociación Civil Comunidad Aborigen Tres Pozos (pueblo Qom/Toba),"Patiño, Formosa",,,http://datos.mininterior.gob.ar/dataset/6a702e6f-3292-44fe-804f-16b8dee008c1/resource/3c2137d5-46d3-40cf-9e01-ee406746b27a/download/listado-de-comunidades-indigenas-20251112.csv
Asociación Civil Comunidad Aborigen km. 503 (pueblo Qom/Toba),"Patiño, Formosa",,,http://datos.mininterior.gob.ar/dataset/6a702e6f-3292-44fe-804f-16b8dee008c1/resource/3c2137d5-46d3-40cf-9e01-ee406746b27a/download/listado-de-comunidades-indigenas-20251112.csv
Asociación Civil Comunidad Pozo Molina Qanaitq (pueblo Pilagá),"Patiño, Formosa",,,http://datos.mininterior.gob.ar/dataset/6a702e6f-3292-44fe-804f-16b8dee008c1/resource/3c2137d5-46d3-40cf-9e01-ee406746b27a/download/listado-de-comunidades-indigenas-20251112.csv
Asociación Civil Derechos Comunitarios Indígenas (pueblo Qom/Toba),"Patiño, Formosa",,,http://datos.mininterior.gob.ar/dataset/6a702e6f-3292-44fe-804f-16b8dee008c1/resource/3c2137d5-46d3-40cf-9e01-ee406746b27a/download/listado-de-comunidades-indigenas-20251112.csv
Asociación Civil José Antonio Lacka Wichí (pueblo Wichí),"Patiño, Formosa",,2000,http://datos.mininterior.gob.ar/dataset/6a702e6f-3292-44fe-804f-16b8dee008c1/resource/3c2137d5-46d3-40cf-9e01-ee406746b27a/download/listado-de-comunidades-indigenas-20251112.csv
Asociación Civil Nam Qom (pueblo Qom/Toba),"Patiño, Formosa",,,http://datos.mininterior.gob.ar/dataset/6a702e6f-3292-44fe-804f-16b8dee008c1/resource/3c2137d5-46d3-40cf-9e01-ee406746b27a/download/listado-de-comunidades-indigenas-20251112.csv
Asociación Civil Natadenaqui Na' Qompi Cacique Celogoci (pueblo Qom/Toba),"Patiño, Formosa",,,http://datos.mininterior.gob.ar/dataset/6a702e6f-3292-44fe-804f-16b8dee008c1/resource/3c2137d5-46d3-40cf-9e01-ee406746b27a/download/listado-de-comunidades-indigenas-20251112.csv
Asociación Civil Qacheyein (pueblo Pilagá),"Patiño, Formosa",,,http://datos.mininterior.gob.ar/dataset/6a702e6f-3292-44fe-804f-16b8dee008c1/resource/3c2137d5-46d3-40cf-9e01-ee406746b27a/download/listado-de-comunidades-indigenas-20251112.csv
Asociación Civil Rafael Tapiceno (pueblo Pilagá),"Patiño, Formosa",,,http://datos.mininterior.gob.ar/dataset/6a702e6f-3292-44fe-804f-16b8dee008c1/resource/3c2137d5-46d3-40cf-9e01-ee406746b27a/download/listado-de-comunidades-indigenas-20251112.csv
Comunidad Aborigen Ayo La Bomba (pueblo Pilagá),"Patiño, Formosa",,,http://datos.mininterior.gob.ar/dataset/6a702e6f-3292-44fe-804f-16b8dee008c1/resource/3c2137d5-46d3-40cf-9e01-ee406746b27a/download/listado-de-comunidades-indigenas-20251112.csv
Comunidad Aborigen Barrio Qompi Juan Sosa (pueblo Pilagá),"Patiño, Formosa",,,http://datos.mininterior.gob.ar/dataset/6a702e6f-3292-44fe-804f-16b8dee008c1/resource/3c2137d5-46d3-40cf-9e01-ee406746b27a/download/listado-de-comunidades-indigenas-20251112.csv
Comunidad Aborigen Cacique Coquero (pueblo Pilagá),"Patiño, Formosa",,,http://datos.mininterior.gob.ar/dataset/6a702e6f-3292-44fe-804f-16b8dee008c1/resource/3c2137d5-46d3-40cf-9e01-ee406746b27a/download/listado-de-comunidades-indigenas-20251112.csv
Comunidad Aborigen Ceferino Namuncurá (pueblo Pilagá),"Patiño, Formosa",,,http://datos.mininterior.gob.ar/dataset/6a702e6f-3292-44fe-804f-16b8dee008c1/resource/3c2137d5-46d3-40cf-9e01-ee406746b27a/download/listado-de-comunidades-indigenas-20251112.csv
Comunidad Aborigen Chico Dawagan (pueblo Pilagá),"Patiño, Formosa",,,http://datos.mininterior.gob.ar/dataset/6a702e6f-3292-44fe-804f-16b8dee008c1/resource/3c2137d5-46d3-40cf-9e01-ee406746b27a/download/listado-de-comunidades-indigenas-20251112.csv
Comunidad Aborigen Juan Bautista Alberdi (pueblo Pilagá),"Patiño, Formosa",,,http://datos.mininterior.gob.ar/dataset/6a702e6f-3292-44fe-804f-16b8dee008c1/resource/3c2137d5-46d3-40cf-9e01-ee406746b27a/download/listado-de-comunidades-indigenas-20251112.csv
Comunidad Aborigen Kilometro 30 Lote 24 (pueblo Pilagá),"Patiño, Formosa",,,http://datos.mininterior.gob.ar/dataset/6a702e6f-3292-44fe-804f-16b8dee008c1/resource/3c2137d5-46d3-40cf-9e01-ee406746b27a/download/listado-de-comunidades-indigenas-20251112.csv
Comunidad Aborigen La Invernada (pueblo Pilagá),"Patiño, Formosa",,,http://datos.mininterior.gob.ar/dataset/6a702e6f-3292-44fe-804f-16b8dee008c1/resource/3c2137d5-46d3-40cf-9e01-ee406746b27a/download/listado-de-comunidades-indigenas-20251112.csv
Comunidad Aborigen Laqtasanyi Pilagá Km. 14 (pueblo Pilagá),"Patiño, Formosa",,,http://datos.mininterior.gob.ar/dataset/6a702e6f-3292-44fe-804f-16b8dee008c1/resource/3c2137d5-46d3-40cf-9e01-ee406746b27a/download/listado-de-comunidades-indigenas-20251112.csv
Comunidad Aborigen Lote 21 (pueblo Pilagá),"Patiño, Formosa",,,http://datos.mininterior.gob.ar/dataset/6a702e6f-3292-44fe-804f-16b8dee008c1/resource/3c2137d5-46d3-40cf-9e01-ee406746b27a/download/listado-de-comunidades-indigenas-20251112.csv
Comunidad Aborigen Nelagady (pueblo Pilagá),"Patiño, Formosa",,,http://datos.mininterior.gob.ar/dataset/6a702e6f-3292-44fe-804f-16b8dee008c1/resource/3c2137d5-46d3-40cf-9e01-ee406746b27a/download/listado-de-comunidades-indigenas-20251112.csv
Comunidad Aborigen Penqolé 29 de abril (pueblo Pilagá),"Patiño, Formosa",,2017,http://datos.mininterior.gob.ar/dataset/6a702e6f-3292-44fe-804f-16b8dee008c1/resource/3c2137d5-46d3-40cf-9e01-ee406746b27a/download/listado-de-comunidades-indigenas-20251112.csv
Comunidad Aborigen Yancoudi (pueblo Pilagá),"Patiño, Formosa",,,http://datos.mininterior.gob.ar/dataset/6a702e6f-3292-44fe-804f-16b8dee008c1/resource/3c2137d5-46d3-40cf-9e01-ee406746b27a/download/listado-de-comunidades-indigenas-20251112.csv
Comunidad Aborigen de El Ensanche (pueblo Pilagá),"Patiño, Formosa",,,http://datos.mininterior.gob.ar/dataset/6a702e6f-3292-44fe-804f-16b8dee008c1/resource/3c2137d5-46d3-40cf-9e01-ee406746b27a/download/listado-de-comunidades-indigenas-20251112.csv
Comunidad Analan Ea Chigue - Riacho De Oro (pueblo Qom/Toba),"Patiño, Formosa",,,http://datos.mininterior.gob.ar/dataset/6a702e6f-3292-44fe-804f-16b8dee008c1/resource/3c2137d5-46d3-40cf-9e01-ee406746b27a/download/listado-de-comunidades-indigenas-20251112.csv
Comunidad José Mistol Lote Nº 42 (pueblo Wichí),"Patiño, Formosa",,,http://datos.mininterior.gob.ar/dataset/6a702e6f-3292-44fe-804f-16b8dee008c1/resource/3c2137d5-46d3-40cf-9e01-ee406746b27a/download/listado-de-comunidades-indigenas-20251112.csv
Comunidad Mariano Gómez (El Simbolar) (pueblo Pilagá),"Patiño, Formosa",,,http://datos.mininterior.gob.ar/dataset/6a702e6f-3292-44fe-804f-16b8dee008c1/resource/3c2137d5-46d3-40cf-9e01-ee406746b27a/download/listado-de-comunidades-indigenas-20251112.csv
Comunidad Pilagá Chaabolek' Laurepi (pueblo Pilagá),"Patiño, Formosa",,2009,http://datos.mininterior.gob.ar/dataset/6a702e6f-3292-44fe-804f-16b8dee008c1/resource/3c2137d5-46d3-40cf-9e01-ee406746b27a/download/listado-de-comunidades-indigenas-20251112.csv
Comunidad Pilagá Oñedie (pueblo Pilagá),"Patiño, Formosa",,2017,http://datos.mininterior.gob.ar/dataset/6a702e6f-3292-44fe-804f-16b8dee008c1/resource/3c2137d5-46d3-40cf-9e01-ee406746b27a/download/listado-de-comunidades-indigenas-20251112.csv
Comunidad Pilagá Qomlase (pueblo Pilagá),"Patiño, Formosa",,2009,http://datos.mininterior.gob.ar/dataset/6a702e6f-3292-44fe-804f-16b8dee008c1/resource/3c2137d5-46d3-40cf-9e01-ee406746b27a/download/listado-de-comunidades-indigenas-20251112.csv
Comunidad Poxoyaxaic 'Alhua (Santo Domingo) (pueblo Qom/Toba),"Patiño, Formosa",,2009,http://datos.mininterior.gob.ar/dataset/6a702e6f-3292-44fe-804f-16b8dee008c1/resource/3c2137d5-46d3-40cf-9e01-ee406746b27a/download/listado-de-comunidades-indigenas-20251112.csv
Asociación Civil Comunidad Aborigen El Espinillo (pueblo Qom/Toba),"Pilagás, Formosa",,,http://datos.mininterior.gob.ar/dataset/6a702e6f-3292-44fe-804f-16b8dee008c1/resource/3c2137d5-46d3-40cf-9e01-ee406746b27a/download/listado-de-comunidades-indigenas-20251112.csv
Asociación Civil Comunidad Aborigen Misión Taccagle (pueblo Qom/Toba),"Pilagás, Formosa",,,http://datos.mininterior.gob.ar/dataset/6a702e6f-3292-44fe-804f-16b8dee008c1/resource/3c2137d5-46d3-40cf-9e01-ee406746b27a/download/listado-de-comunidades-indigenas-20251112.csv
Asociación Civil Aborigen Magamek (pueblo Qom/Toba),"Pilcomayo, Formosa",,,http://datos.mininterior.gob.ar/dataset/6a702e6f-3292-44fe-804f-16b8dee008c1/resource/3c2137d5-46d3-40cf-9e01-ee406746b27a/download/listado-de-comunidades-indigenas-20251112.csv
Asociación Civil Aborigen por los Niños Todo Alma y Vida (pueblo Qom/Toba),"Pilcomayo, Formosa",,,http://datos.mininterior.gob.ar/dataset/6a702e6f-3292-44fe-804f-16b8dee008c1/resource/3c2137d5-46d3-40cf-9e01-ee406746b27a/download/listado-de-comunidades-indigenas-20251112.csv
Asociación Civil Comunidad Aborigen Alhua Lyalec (pueblo Qom/Toba),"Pilcomayo, Formosa",,,http://datos.mininterior.gob.ar/dataset/6a702e6f-3292-44fe-804f-16b8dee008c1/resource/3c2137d5-46d3-40cf-9e01-ee406746b27a/download/listado-de-comunidades-indigenas-20251112.csv
Asociación Civil Comunidad Aborigen Barrio Toba (pueblo Qom/Toba),"Pilcomayo, Formosa",,,http://datos.mininterior.gob.ar/dataset/6a702e6f-3292-44fe-804f-16b8dee008c1/resource/3c2137d5-46d3-40cf-9e01-ee406746b27a/download/listado-de-comunidades-indigenas-20251112.csv
Asociación Civil Comunidad Aborigen La Primavera (pueblo Qom/Toba),"Pilcomayo, Formosa",,,http://datos.mininterior.gob.ar/dataset/6a702e6f-3292-44fe-804f-16b8dee008c1/resource/3c2137d5-46d3-40cf-9e01-ee406746b27a/download/listado-de-comunidades-indigenas-20251112.csv
Asociación Civil Comunidad Aborigen Nabook (pueblo Qom/Toba),"Pilcomayo, Formosa",,,http://datos.mininterior.gob.ar/dataset/6a702e6f-3292-44fe-804f-16b8dee008c1/resource/3c2137d5-46d3-40cf-9e01-ee406746b27a/download/listado-de-comunidades-indigenas-20251112.csv
Comunidad Aborigen Potae Napoq Na (pueblo Qom/Toba),"Pilcomayo, Formosa",,,http://datos.mininterior.gob.ar/dataset/6a702e6f-3292-44fe-804f-16b8dee008c1/resource/3c2137d5-46d3-40cf-9e01-ee406746b27a/download/listado-de-comunidades-indigenas-20251112.csv
Comunidad Qom Potae Napocna Navogoh (pueblo Qom/Toba),"Pilcomayo, Formosa",,2011,http://datos.mininterior.gob.ar/dataset/6a702e6f-3292-44fe-804f-16b8dee008c1/resource/3c2137d5-46d3-40cf-9e01-ee406746b27a/download/listado-de-comunidades-indigenas-20251112.csv
Asociación Civil Comunidad Aborigen Barrio La Paz (pueblo Qom/Toba),"Pirané, Formosa",,,http://datos.mininterior.gob.ar/dataset/6a702e6f-3292-44fe-804f-16b8dee008c1/resource/3c2137d5-46d3-40cf-9e01-ee406746b27a/download/listado-de-comunidades-indigenas-20251112.csv
Asociación Civil Comunidad Aborigen Colping (pueblo Qom/Toba),"Pirané, Formosa",,,http://datos.mininterior.gob.ar/dataset/6a702e6f-3292-44fe-804f-16b8dee008c1/resource/3c2137d5-46d3-40cf-9e01-ee406746b27a/download/listado-de-comunidades-indigenas-20251112.csv
Asociación Civil Comunidad Aborigen El Alba (pueblo Qom/Toba),"Pirané, Formosa",,,http://datos.mininterior.gob.ar/dataset/6a702e6f-3292-44fe-804f-16b8dee008c1/resource/3c2137d5-46d3-40cf-9e01-ee406746b27a/download/listado-de-comunidades-indigenas-20251112.csv
Comunidad Aborigen Barrio Mitre de El Colorado (pueblo Qom/Toba),"Pirané, Formosa",,2001,http://datos.mininterior.gob.ar/dataset/6a702e6f-3292-44fe-804f-16b8dee008c1/resource/3c2137d5-46d3-40cf-9e01-ee406746b27a/download/listado-de-comunidades-indigenas-20251112.csv
Comunidad Aborigen El Desaguadero Qanogoqui Alejo Alegre (pueblo Qom/Toba),"Pirané, Formosa",,2004,http://datos.mininterior.gob.ar/dataset/6a702e6f-3292-44fe-804f-16b8dee008c1/resource/3c2137d5-46d3-40cf-9e01-ee406746b27a/download/listado-de-comunidades-indigenas-20251112.csv
Comunidad Aborigen Villa Mercedes (pueblo Qom/Toba),"Pirané, Formosa",,,http://datos.mininterior.gob.ar/dataset/6a702e6f-3292-44fe-804f-16b8dee008c1/resource/3c2137d5-46d3-40cf-9e01-ee406746b27a/download/listado-de-comunidades-indigenas-20251112.csv
Asociación Civil Aborigen Hokw La Wos Asnajthakla (pueblo Wichí),"Ramón Lista, Formosa",,,http://datos.mininterior.gob.ar/dataset/6a702e6f-3292-44fe-804f-16b8dee008c1/resource/3c2137d5-46d3-40cf-9e01-ee406746b27a/download/listado-de-comunidades-indigenas-20251112.csv
Asociación Civil Aborigen Noniwhayak Wet (pueblo Wichí),"Ramón Lista, Formosa",,,http://datos.mininterior.gob.ar/dataset/6a702e6f-3292-44fe-804f-16b8dee008c1/resource/3c2137d5-46d3-40cf-9e01-ee406746b27a/download/listado-de-comunidades-indigenas-20251112.csv
Asociación Civil Aborigen Siwani (pueblo Qom/Toba),"Ramón Lista, Formosa",,,http://datos.mininterior.gob.ar/dataset/6a702e6f-3292-44fe-804f-16b8dee008c1/resource/3c2137d5-46d3-40cf-9e01-ee406746b27a/download/listado-de-comunidades-indigenas-20251112.csv
Asociación Civil Comunidad Aborigen Ama Hi Palmarcito (pueblo Wichí),"Ramón Lista, Formosa",,,http://datos.mininterior.gob.ar/dataset/6a702e6f-3292-44fe-804f-16b8dee008c1/resource/3c2137d5-46d3-40cf-9e01-ee406746b27a/download/listado-de-comunidades-indigenas-20251112.csv
Asociación Civil Comunidad Aborigen Fwaiyuk Fwaj (Pozo Algarrobo) (pueblo Wichí),"Ramón Lista, Formosa",,,http://datos.mininterior.gob.ar/dataset/6a702e6f-3292-44fe-804f-16b8dee008c1/resource/3c2137d5-46d3-40cf-9e01-ee406746b27a/download/listado-de-comunidades-indigenas-20251112.csv
Asociación Civil Comunidad Aborigen Fwichuk Thase (pueblo Wichí),"Ramón Lista, Formosa",,,http://datos.mininterior.gob.ar/dataset/6a702e6f-3292-44fe-804f-16b8dee008c1/resource/3c2137d5-46d3-40cf-9e01-ee406746b27a/download/listado-de-comunidades-indigenas-20251112.csv
Asociación Civil Comunidad Aborigen Hala Tatho Santa Teresa (pueblo Wichí),"Ramón Lista, Formosa",,,http://datos.mininterior.gob.ar/dataset/6a702e6f-3292-44fe-804f-16b8dee008c1/resource/3c2137d5-46d3-40cf-9e01-ee406746b27a/download/listado-de-comunidades-indigenas-20251112.csv
Asociación Civil Comunidad Aborigen Hosan Thowajhek Campo del Hacha (pueblo Wichí),"Ramón Lista, Formosa",,,http://datos.mininterior.gob.ar/dataset/6a702e6f-3292-44fe-804f-16b8dee008c1/resource/3c2137d5-46d3-40cf-9e01-ee406746b27a/download/listado-de-comunidades-indigenas-20251112.csv
Asociación Civil Comunidad Aborigen Iyela His Pozo Cercado (pueblo Wichí),"Ramón Lista, Formosa",,,http://datos.mininterior.gob.ar/dataset/6a702e6f-3292-44fe-804f-16b8dee008c1/resource/3c2137d5-46d3-40cf-9e01-ee406746b27a/download/listado-de-comunidades-indigenas-20251112.csv
Asociación Civil Comunidad Aborigen Mocito Wet Lote 1 El Surubí (pueblo Wichí),"Ramón Lista, Formosa",,,http://datos.mininterior.gob.ar/dataset/6a702e6f-3292-44fe-804f-16b8dee008c1/resource/3c2137d5-46d3-40cf-9e01-ee406746b27a/download/listado-de-comunidades-indigenas-20251112.csv
Asociación Civil Comunidad Aborigen Pethay Tajnawet San Miguel (pueblo Wichí),"Ramón Lista, Formosa",,,http://datos.mininterior.gob.ar/dataset/6a702e6f-3292-44fe-804f-16b8dee008c1/resource/3c2137d5-46d3-40cf-9e01-ee406746b27a/download/listado-de-comunidades-indigenas-20251112.csv
Asociación Civil Comunidad Aborigen Satuk Tes (pueblo Wichí),"Ramón Lista, Formosa",,,http://datos.mininterior.gob.ar/dataset/6a702e6f-3292-44fe-804f-16b8dee008c1/resource/3c2137d5-46d3-40cf-9e01-ee406746b27a/download/listado-de-comunidades-indigenas-20251112.csv
Asociación Civil Comunidad Aborigen Wichí El Divisadero (pueblo Wichí),"Ramón Lista, Formosa",,,http://datos.mininterior.gob.ar/dataset/6a702e6f-3292-44fe-804f-16b8dee008c1/resource/3c2137d5-46d3-40cf-9e01-ee406746b27a/download/listado-de-comunidades-indigenas-20251112.csv
Asociación Civil Comunidad Aborigen Wichí General Mosconi (pueblo Wichí),"Ramón Lista, Formosa",,,http://datos.mininterior.gob.ar/dataset/6a702e6f-3292-44fe-804f-16b8dee008c1/resource/3c2137d5-46d3-40cf-9e01-ee406746b27a/download/listado-de-comunidades-indigenas-20251112.csv
Asociación Civil Comunidad Aborigen Wichí Leka Honat (Tucumancito) (pueblo Wichí),"Ramón Lista, Formosa",,,http://datos.mininterior.gob.ar/dataset/6a702e6f-3292-44fe-804f-16b8dee008c1/resource/3c2137d5-46d3-40cf-9e01-ee406746b27a/download/listado-de-comunidades-indigenas-20251112.csv
Asociación Civil Comunidad Aborigen Wichí Siwajuichat (pueblo Wichí),"Ramón Lista, Formosa",,,http://datos.mininterior.gob.ar/dataset/6a702e6f-3292-44fe-804f-16b8dee008c1/resource/3c2137d5-46d3-40cf-9e01-ee406746b27a/download/listado-de-comunidades-indigenas-20251112.csv
Asociación Civil Tonahi Puerto Irigoyen (pueblo Wichí),"Ramón Lista, Formosa",,,http://datos.mininterior.gob.ar/dataset/6a702e6f-3292-44fe-804f-16b8dee008c1/resource/3c2137d5-46d3-40cf-9e01-ee406746b27a/download/listado-de-comunidades-indigenas-20251112.csv
Comisión Vecinal Aborigen Barrio 12 de Octubre (pueblo Qom/Toba),"Ramón Lista, Formosa",,,http://datos.mininterior.gob.ar/dataset/6a702e6f-3292-44fe-804f-16b8dee008c1/resource/3c2137d5-46d3-40cf-9e01-ee406746b27a/download/listado-de-comunidades-indigenas-20251112.csv
Comunidad Aborigen Chethyuk Fwaj La Brea (pueblo Wichí),"Ramón Lista, Formosa",,,http://datos.mininterior.gob.ar/dataset/6a702e6f-3292-44fe-804f-16b8dee008c1/resource/3c2137d5-46d3-40cf-9e01-ee406746b27a/download/listado-de-comunidades-indigenas-20251112.csv
Comunidad Aborigen Hala Cho (pueblo Wichí),"Ramón Lista, Formosa",,,http://datos.mininterior.gob.ar/dataset/6a702e6f-3292-44fe-804f-16b8dee008c1/resource/3c2137d5-46d3-40cf-9e01-ee406746b27a/download/listado-de-comunidades-indigenas-20251112.csv
Comunidad Aborigen Kaila Thetek El Silencio (pueblo Wichí),"Ramón Lista, Formosa",,,http://datos.mininterior.gob.ar/dataset/6a702e6f-3292-44fe-804f-16b8dee008c1/resource/3c2137d5-46d3-40cf-9e01-ee406746b27a/download/listado-de-comunidades-indigenas-20251112.csv
Comunidad Aborigen La Pampa (pueblo Qom/Toba),"Ramón Lista, Formosa",,,http://datos.mininterior.gob.ar/dataset/6a702e6f-3292-44fe-804f-16b8dee008c1/resource/3c2137d5-46d3-40cf-9e01-ee406746b27a/download/listado-de-comunidades-indigenas-20251112.csv
Comunidad Aborigen Laj Chasa (Barrio Nuevo) (pueblo Wichí),"Ramón Lista, Formosa",,,http://datos.mininterior.gob.ar/dataset/6a702e6f-3292-44fe-804f-16b8dee008c1/resource/3c2137d5-46d3-40cf-9e01-ee406746b27a/download/listado-de-comunidades-indigenas-20251112.csv
Comunidad Aborigen Takatay Fwitsukcho (pueblo Wichí),"Ramón Lista, Formosa",,,http://datos.mininterior.gob.ar/dataset/6a702e6f-3292-44fe-804f-16b8dee008c1/resource/3c2137d5-46d3-40cf-9e01-ee406746b27a/download/listado-de-comunidades-indigenas-20251112.csv
Comunidad Aborigen Tewok Chay Wet (pueblo Wichí),"Ramón Lista, Formosa",,,http://datos.mininterior.gob.ar/dataset/6a702e6f-3292-44fe-804f-16b8dee008c1/resource/3c2137d5-46d3-40cf-9e01-ee406746b27a/download/listado-de-comunidades-indigenas-20251112.csv
Comunidad Aborigen Thi Letaj (Monte Redondo) (pueblo Wichí),"Ramón Lista, Formosa",,,http://datos.mininterior.gob.ar/dataset/6a702e6f-3292-44fe-804f-16b8dee008c1/resource/3c2137d5-46d3-40cf-9e01-ee406746b27a/download/listado-de-comunidades-indigenas-20251112.csv
Comunidad Aborigen Tit Chey Barrio El Sol (pueblo Wichí),"Ramón Lista, Formosa",,,http://datos.mininterior.gob.ar/dataset/6a702e6f-3292-44fe-804f-16b8dee008c1/resource/3c2137d5-46d3-40cf-9e01-ee406746b27a/download/listado-de-comunidades-indigenas-20251112.csv
Comunidad Aborigen Waj Wumek El Quebracho (pueblo Wichí),"Ramón Lista, Formosa",,,http://datos.mininterior.gob.ar/dataset/6a702e6f-3292-44fe-804f-16b8dee008c1/resource/3c2137d5-46d3-40cf-9e01-ee406746b27a/download/listado-de-comunidades-indigenas-20251112.csv
Comunidad Aborigen Wofwaj El Potrillo (pueblo Wichí),"Ramón Lista, Formosa",,,http://datos.mininterior.gob.ar/dataset/6a702e6f-3292-44fe-804f-16b8dee008c1/resource/3c2137d5-46d3-40cf-9e01-ee406746b27a/download/listado-de-comunidades-indigenas-20251112.csv
Comunidad Aborigen Wofwaj Isla Colón (pueblo Wichí),"Ramón Lista, Formosa",,,http://datos.mininterior.gob.ar/dataset/6a702e6f-3292-44fe-804f-16b8dee008c1/resource/3c2137d5-46d3-40cf-9e01-ee406746b27a/download/listado-de-comunidades-indigenas-20251112.csv
Comunidad Las Cañitas (pueblo Wichí),"Ramón Lista, Formosa",,,http://datos.mininterior.gob.ar/dataset/6a702e6f-3292-44fe-804f-16b8dee008c1/resource/3c2137d5-46d3-40cf-9e01-ee406746b27a/download/listado-de-comunidades-indigenas-20251112.csv
"Comunidad Aborigen ""Grupo Hacer Para Crecer"" de Puesto del Marqués (pueblo Kolla)","Cochinoca, Jujuy",,1999,http://datos.mininterior.gob.ar/dataset/6a702e6f-3292-44fe-804f-16b8dee008c1/resource/3c2137d5-46d3-40cf-9e01-ee406746b27a/download/listado-de-comunidades-indigenas-20251112.csv
Comunidad Aborigen Barrancas Pueblo Kolla (pueblo Kolla),"Cochinoca, Jujuy",,2008,http://datos.mininterior.gob.ar/dataset/6a702e6f-3292-44fe-804f-16b8dee008c1/resource/3c2137d5-46d3-40cf-9e01-ee406746b27a/download/listado-de-comunidades-indigenas-20251112.csv
Comunidad Aborigen Flor de Cortadera de Pueblo Viejo (pueblo Kolla),"Cochinoca, Jujuy",,2004,http://datos.mininterior.gob.ar/dataset/6a702e6f-3292-44fe-804f-16b8dee008c1/resource/3c2137d5-46d3-40cf-9e01-ee406746b27a/download/listado-de-comunidades-indigenas-20251112.csv
Comunidad Aborigen Guadalupe de la Peña (pueblo Kolla),"Cochinoca, Jujuy",,2003,http://datos.mininterior.gob.ar/dataset/6a702e6f-3292-44fe-804f-16b8dee008c1/resource/3c2137d5-46d3-40cf-9e01-ee406746b27a/download/listado-de-comunidades-indigenas-20251112.csv
Comunidad Aborigen Huancar del Barrio Patricias Argentinas (pueblo Kolla),"Cochinoca, Jujuy",,2006,http://datos.mininterior.gob.ar/dataset/6a702e6f-3292-44fe-804f-16b8dee008c1/resource/3c2137d5-46d3-40cf-9e01-ee406746b27a/download/listado-de-comunidades-indigenas-20251112.csv
Comunidad Aborigen Potrero de la Puna (pueblo Kolla),"Cochinoca, Jujuy",,2010,http://datos.mininterior.gob.ar/dataset/6a702e6f-3292-44fe-804f-16b8dee008c1/resource/3c2137d5-46d3-40cf-9e01-ee406746b27a/download/listado-de-comunidades-indigenas-20251112.csv
Comunidad Aborigen San José de Miraflores (pueblo Kolla),"Cochinoca, Jujuy",,2016,http://datos.mininterior.gob.ar/dataset/6a702e6f-3292-44fe-804f-16b8dee008c1/resource/3c2137d5-46d3-40cf-9e01-ee406746b27a/download/listado-de-comunidades-indigenas-20251112.csv
Comunidad Aborigen Sayate Oeste (pueblo Kolla),"Cochinoca, Jujuy",,2000,http://datos.mininterior.gob.ar/dataset/6a702e6f-3292-44fe-804f-16b8dee008c1/resource/3c2137d5-46d3-40cf-9e01-ee406746b27a/download/listado-de-comunidades-indigenas-20251112.csv
Comunidad Aborigen Tinate (pueblo Kolla),"Cochinoca, Jujuy",,1999,http://datos.mininterior.gob.ar/dataset/6a702e6f-3292-44fe-804f-16b8dee008c1/resource/3c2137d5-46d3-40cf-9e01-ee406746b27a/download/listado-de-comunidades-indigenas-20251112.csv
Comunidad Aborigen de Abralaite (pueblo Kolla),"Cochinoca, Jujuy",,1997,http://datos.mininterior.gob.ar/dataset/6a702e6f-3292-44fe-804f-16b8dee008c1/resource/3c2137d5-46d3-40cf-9e01-ee406746b27a/download/listado-de-comunidades-indigenas-20251112.csv
Comunidad Aborigen de Agua Caliente de la Puna (pueblo Kolla),"Cochinoca, Jujuy",,1999,http://datos.mininterior.gob.ar/dataset/6a702e6f-3292-44fe-804f-16b8dee008c1/resource/3c2137d5-46d3-40cf-9e01-ee406746b27a/download/listado-de-comunidades-indigenas-20251112.csv
Comunidad Aborigen de Agua Chica (pueblo Kolla),"Cochinoca, Jujuy",,2003,http://datos.mininterior.gob.ar/dataset/6a702e6f-3292-44fe-804f-16b8dee008c1/resource/3c2137d5-46d3-40cf-9e01-ee406746b27a/download/listado-de-comunidades-indigenas-20251112.csv
Comunidad Aborigen de Agua Rica (pueblo Kolla),"Cochinoca, Jujuy",,2003,http://datos.mininterior.gob.ar/dataset/6a702e6f-3292-44fe-804f-16b8dee008c1/resource/3c2137d5-46d3-40cf-9e01-ee406746b27a/download/listado-de-comunidades-indigenas-20251112.csv
Comunidad Aborigen de Arbolito Nuevo (pueblo Kolla),"Cochinoca, Jujuy",,2008,http://datos.mininterior.gob.ar/dataset/6a702e6f-3292-44fe-804f-16b8dee008c1/resource/3c2137d5-46d3-40cf-9e01-ee406746b27a/download/listado-de-comunidades-indigenas-20251112.csv
Comunidad Aborigen de Casa Colorada (pueblo Kolla),"Cochinoca, Jujuy",,2005,http://datos.mininterior.gob.ar/dataset/6a702e6f-3292-44fe-804f-16b8dee008c1/resource/3c2137d5-46d3-40cf-9e01-ee406746b27a/download/listado-de-comunidades-indigenas-20251112.csv
Comunidad Aborigen de Casabindo (pueblo Kolla),"Cochinoca, Jujuy",,2002,http://datos.mininterior.gob.ar/dataset/6a702e6f-3292-44fe-804f-16b8dee008c1/resource/3c2137d5-46d3-40cf-9e01-ee406746b27a/download/listado-de-comunidades-indigenas-20251112.csv
Comunidad Aborigen de Cochagaste (pueblo Kolla),"Cochinoca, Jujuy",,2002,http://datos.mininterior.gob.ar/dataset/6a702e6f-3292-44fe-804f-16b8dee008c1/resource/3c2137d5-46d3-40cf-9e01-ee406746b27a/download/listado-de-comunidades-indigenas-20251112.csv
Comunidad Aborigen de Doncellas (pueblo Kolla),"Cochinoca, Jujuy",,2004,http://datos.mininterior.gob.ar/dataset/6a702e6f-3292-44fe-804f-16b8dee008c1/resource/3c2137d5-46d3-40cf-9e01-ee406746b27a/download/listado-de-comunidades-indigenas-20251112.csv
Comunidad Aborigen de La Redonda (pueblo Kolla),"Cochinoca, Jujuy",,1999,http://datos.mininterior.gob.ar/dataset/6a702e6f-3292-44fe-804f-16b8dee008c1/resource/3c2137d5-46d3-40cf-9e01-ee406746b27a/download/listado-de-comunidades-indigenas-20251112.csv
Comunidad Aborigen de Lumara (pueblo Kolla),"Cochinoca, Jujuy",,2003,http://datos.mininterior.gob.ar/dataset/6a702e6f-3292-44fe-804f-16b8dee008c1/resource/3c2137d5-46d3-40cf-9e01-ee406746b27a/download/listado-de-comunidades-indigenas-20251112.csv
Comunidad Aborigen de Muñayoc (pueblo Kolla),"Cochinoca, Jujuy",,1999,http://datos.mininterior.gob.ar/dataset/6a702e6f-3292-44fe-804f-16b8dee008c1/resource/3c2137d5-46d3-40cf-9e01-ee406746b27a/download/listado-de-comunidades-indigenas-20251112.csv
Comunidad Aborigen de Quebraleña (pueblo Kolla),"Cochinoca, Jujuy",,1997,http://datos.mininterior.gob.ar/dataset/6a702e6f-3292-44fe-804f-16b8dee008c1/resource/3c2137d5-46d3-40cf-9e01-ee406746b27a/download/listado-de-comunidades-indigenas-20251112.csv
"Comunidad Aborigen de Quera y Agua Caliente ""Pueblo Colla"" (pueblo Kolla)","Cochinoca, Jujuy",,1996,http://datos.mininterior.gob.ar/dataset/6a702e6f-3292-44fe-804f-16b8dee008c1/resource/3c2137d5-46d3-40cf-9e01-ee406746b27a/download/listado-de-comunidades-indigenas-20251112.csv
Comunidad Aborigen de Queta (pueblo Kolla),"Cochinoca, Jujuy",,2003,http://datos.mininterior.gob.ar/dataset/6a702e6f-3292-44fe-804f-16b8dee008c1/resource/3c2137d5-46d3-40cf-9e01-ee406746b27a/download/listado-de-comunidades-indigenas-20251112.csv
Comunidad Aborigen de Queñualito (pueblo Kolla),"Cochinoca, Jujuy",,2001,http://datos.mininterior.gob.ar/dataset/6a702e6f-3292-44fe-804f-16b8dee008c1/resource/3c2137d5-46d3-40cf-9e01-ee406746b27a/download/listado-de-comunidades-indigenas-20251112.csv
"Comunidad Aborigen de Quichagua ""Pueblo Kolla"" (pueblo Kolla)","Cochinoca, Jujuy",,1997,http://datos.mininterior.gob.ar/dataset/6a702e6f-3292-44fe-804f-16b8dee008c1/resource/3c2137d5-46d3-40cf-9e01-ee406746b27a/download/listado-de-comunidades-indigenas-20251112.csv
Comunidad Aborigen de Rachaite (pueblo Kolla),"Cochinoca, Jujuy",,2000,http://datos.mininterior.gob.ar/dataset/6a702e6f-3292-44fe-804f-16b8dee008c1/resource/3c2137d5-46d3-40cf-9e01-ee406746b27a/download/listado-de-comunidades-indigenas-20251112.csv
Comunidad Aborigen de Rinconadilla (pueblo Kolla),"Cochinoca, Jujuy",,2001,http://datos.mininterior.gob.ar/dataset/6a702e6f-3292-44fe-804f-16b8dee008c1/resource/3c2137d5-46d3-40cf-9e01-ee406746b27a/download/listado-de-comunidades-indigenas-20251112.csv
Comunidad Aborigen de Rumi Cruz (pueblo Kolla),"Cochinoca, Jujuy",,2001,http://datos.mininterior.gob.ar/dataset/6a702e6f-3292-44fe-804f-16b8dee008c1/resource/3c2137d5-46d3-40cf-9e01-ee406746b27a/download/listado-de-comunidades-indigenas-20251112.csv
Comunidad Aborigen de San Francisco de Alfarcito (pueblo Kolla),"Cochinoca, Jujuy",,1999,http://datos.mininterior.gob.ar/dataset/6a702e6f-3292-44fe-804f-16b8dee008c1/resource/3c2137d5-46d3-40cf-9e01-ee406746b27a/download/listado-de-comunidades-indigenas-20251112.csv
Comunidad Aborigen de Santa Rosa (pueblo Kolla),"Cochinoca, Jujuy",,1999,http://datos.mininterior.gob.ar/dataset/6a702e6f-3292-44fe-804f-16b8dee008c1/resource/3c2137d5-46d3-40cf-9e01-ee406746b27a/download/listado-de-comunidades-indigenas-20251112.csv
Comunidad Aborigen de Santuario de Tres Pozos (pueblo Kolla),"Cochinoca, Jujuy",,2003,http://datos.mininterior.gob.ar/dataset/6a702e6f-3292-44fe-804f-16b8dee008c1/resource/3c2137d5-46d3-40cf-9e01-ee406746b27a/download/listado-de-comunidades-indigenas-20251112.csv
Comunidad Aborigen de Sauzalito (pueblo Kolla),"Cochinoca, Jujuy",,2001,http://datos.mininterior.gob.ar/dataset/6a702e6f-3292-44fe-804f-16b8dee008c1/resource/3c2137d5-46d3-40cf-9e01-ee406746b27a/download/listado-de-comunidades-indigenas-20251112.csv
Comunidad Aborigen de Sayate Este (pueblo Kolla),"Cochinoca, Jujuy",,2016,http://datos.mininterior.gob.ar/dataset/6a702e6f-3292-44fe-804f-16b8dee008c1/resource/3c2137d5-46d3-40cf-9e01-ee406746b27a/download/listado-de-comunidades-indigenas-20251112.csv
Comunidad Aborigen de Sianzo (pueblo Kolla),"Cochinoca, Jujuy",,2009,http://datos.mininterior.gob.ar/dataset/6a702e6f-3292-44fe-804f-16b8dee008c1/resource/3c2137d5-46d3-40cf-9e01-ee406746b27a/download/listado-de-comunidades-indigenas-20251112.csv
Comunidad Aborigen de Tabladitas (pueblo Toara),"Cochinoca, Jujuy",,2002,http://datos.mininterior.gob.ar/dataset/6a702e6f-3292-44fe-804f-16b8dee008c1/resource/3c2137d5-46d3-40cf-9e01-ee406746b27a/download/listado-de-comunidades-indigenas-20251112.csv
Comunidad Aborigen de Tambillos (pueblo Kolla),"Cochinoca, Jujuy",,2002,http://datos.mininterior.gob.ar/dataset/6a702e6f-3292-44fe-804f-16b8dee008c1/resource/3c2137d5-46d3-40cf-9e01-ee406746b27a/download/listado-de-comunidades-indigenas-20251112.csv
Comunidad Aborigen de Ugchara (pueblo Kolla),"Cochinoca, Jujuy",,2002,http://datos.mininterior.gob.ar/dataset/6a702e6f-3292-44fe-804f-16b8dee008c1/resource/3c2137d5-46d3-40cf-9e01-ee406746b27a/download/listado-de-comunidades-indigenas-20251112.csv
Comunidad Aborigen de Veracruz (pueblo Kolla),"Cochinoca, Jujuy",,1999,http://datos.mininterior.gob.ar/dataset/6a702e6f-3292-44fe-804f-16b8dee008c1/resource/3c2137d5-46d3-40cf-9e01-ee406746b27a/download/listado-de-comunidades-indigenas-20251112.csv
Comunidad Aborigen de Yumpaite Pueblo Kolla (pueblo Kolla),"Cochinoca, Jujuy",,2006,http://datos.mininterior.gob.ar/dataset/6a702e6f-3292-44fe-804f-16b8dee008c1/resource/3c2137d5-46d3-40cf-9e01-ee406746b27a/download/listado-de-comunidades-indigenas-20251112.csv
Comunidad Indígena Aguas Blancas (pueblo Kolla),"Cochinoca, Jujuy",,1999,http://datos.mininterior.gob.ar/dataset/6a702e6f-3292-44fe-804f-16b8dee008c1/resource/3c2137d5-46d3-40cf-9e01-ee406746b27a/download/listado-de-comunidades-indigenas-20251112.csv
"Comunidad Originaria Puerta de Potrero “La Siberia Argentina"" (pueblo Kolla)","Cochinoca, Jujuy",,2016,http://datos.mininterior.gob.ar/dataset/6a702e6f-3292-44fe-804f-16b8dee008c1/resource/3c2137d5-46d3-40cf-9e01-ee406746b27a/download/listado-de-comunidades-indigenas-20251112.csv
Comunidad Aborigen El Chañi (pueblo Kolla),"Dr. Manuel Belgrano, Jujuy",,2019,http://datos.mininterior.gob.ar/dataset/6a702e6f-3292-44fe-804f-16b8dee008c1/resource/3c2137d5-46d3-40cf-9e01-ee406746b27a/download/listado-de-comunidades-indigenas-20251112.csv
Comunidad Aborigen Jallschsqa Unay Ukhuchinpi Del Valle de Termas de Reyes (pueblo Kolla),"Dr. Manuel Belgrano, Jujuy",,1999,http://datos.mininterior.gob.ar/dataset/6a702e6f-3292-44fe-804f-16b8dee008c1/resource/3c2137d5-46d3-40cf-9e01-ee406746b27a/download/listado-de-comunidades-indigenas-20251112.csv
Comunidad Aborigen Laguna de Tesorero (pueblo Ocloya),"Dr. Manuel Belgrano, Jujuy",,1995,http://datos.mininterior.gob.ar/dataset/6a702e6f-3292-44fe-804f-16b8dee008c1/resource/3c2137d5-46d3-40cf-9e01-ee406746b27a/download/listado-de-comunidades-indigenas-20251112.csv
Comunidad Aborigen Los Yalas (pueblo Kolla),"Dr. Manuel Belgrano, Jujuy",,2018,http://datos.mininterior.gob.ar/dataset/6a702e6f-3292-44fe-804f-16b8dee008c1/resource/3c2137d5-46d3-40cf-9e01-ee406746b27a/download/listado-de-comunidades-indigenas-20251112.csv
"Comunidad Aborigen Quebrada "" El Queñual "" Pueblo Ocloya (pueblo Ocloya)","Dr. Manuel Belgrano, Jujuy",,2012,http://datos.mininterior.gob.ar/dataset/6a702e6f-3292-44fe-804f-16b8dee008c1/resource/3c2137d5-46d3-40cf-9e01-ee406746b27a/download/listado-de-comunidades-indigenas-20251112.csv
Comunidad Aborigen Tilquiza (pueblo Ocloya),"Dr. Manuel Belgrano, Jujuy",,2010,http://datos.mininterior.gob.ar/dataset/6a702e6f-3292-44fe-804f-16b8dee008c1/resource/3c2137d5-46d3-40cf-9e01-ee406746b27a/download/listado-de-comunidades-indigenas-20251112.csv
Comunidad Aborigen Tiraxi (pueblo Ocloya),"Dr. Manuel Belgrano, Jujuy",,2012,http://datos.mininterior.gob.ar/dataset/6a702e6f-3292-44fe-804f-16b8dee008c1/resource/3c2137d5-46d3-40cf-9e01-ee406746b27a/download/listado-de-comunidades-indigenas-20251112.csv
Comunidad Aborigen de Ovejería - Distrito El Chañi (pueblo Kolla),"Dr. Manuel Belgrano, Jujuy",,2003,http://datos.mininterior.gob.ar/dataset/6a702e6f-3292-44fe-804f-16b8dee008c1/resource/3c2137d5-46d3-40cf-9e01-ee406746b27a/download/listado-de-comunidades-indigenas-20251112.csv
Comunidad Aborigen de Yala de Monte Carmelo (pueblo Kolla),"Dr. Manuel Belgrano, Jujuy",,2003,http://datos.mininterior.gob.ar/dataset/6a702e6f-3292-44fe-804f-16b8dee008c1/resource/3c2137d5-46d3-40cf-9e01-ee406746b27a/download/listado-de-comunidades-indigenas-20251112.csv
Comunidad Aborígen de Guerrero (pueblo Kolla),"Dr. Manuel Belgrano, Jujuy",,2008,http://datos.mininterior.gob.ar/dataset/6a702e6f-3292-44fe-804f-16b8dee008c1/resource/3c2137d5-46d3-40cf-9e01-ee406746b27a/download/listado-de-comunidades-indigenas-20251112.csv
Comunidad Originaria Kolla Tawa Suyu (pueblo Kolla),"Dr. Manuel Belgrano, Jujuy",,2011,http://datos.mininterior.gob.ar/dataset/6a702e6f-3292-44fe-804f-16b8dee008c1/resource/3c2137d5-46d3-40cf-9e01-ee406746b27a/download/listado-de-comunidades-indigenas-20251112.csv
Comunidad Yaquis Pampa (pueblo Ocloya),"Dr. Manuel Belgrano, Jujuy",,2013,http://datos.mininterior.gob.ar/dataset/6a702e6f-3292-44fe-804f-16b8dee008c1/resource/3c2137d5-46d3-40cf-9e01-ee406746b27a/download/listado-de-comunidades-indigenas-20251112.csv
"Comunidad Aborigen ""Wanlai"" de Aguas Calientes (pueblo Qom/Toba)","El Carmen, Jujuy",,2000,http://datos.mininterior.gob.ar/dataset/6a702e6f-3292-44fe-804f-16b8dee008c1/resource/3c2137d5-46d3-40cf-9e01-ee406746b27a/download/listado-de-comunidades-indigenas-20251112.csv
Comunidad Aborigen El Zenta de Cianzo (pueblo Omaguaca),"Humahuaca, Jujuy",,2005,http://datos.mininterior.gob.ar/dataset/6a702e6f-3292-44fe-804f-16b8dee008c1/resource/3c2137d5-46d3-40cf-9e01-ee406746b27a/download/listado-de-comunidades-indigenas-20251112.csv
Comunidad Aborigen Hornaditas (pueblo Omaguaca),"Humahuaca, Jujuy",,1999,http://datos.mininterior.gob.ar/dataset/6a702e6f-3292-44fe-804f-16b8dee008c1/resource/3c2137d5-46d3-40cf-9e01-ee406746b27a/download/listado-de-comunidades-indigenas-20251112.csv
Comunidad Aborigen Santa Lucia de Calete (pueblo Omaguaca),"Humahuaca, Jujuy",,1997,http://datos.mininterior.gob.ar/dataset/6a702e6f-3292-44fe-804f-16b8dee008c1/resource/3c2137d5-46d3-40cf-9e01-ee406746b27a/download/listado-de-comunidades-indigenas-20251112.csv
Comunidad Aborigen Santa Rosa (pueblo Omaguaca),"Humahuaca, Jujuy",,1999,http://datos.mininterior.gob.ar/dataset/6a702e6f-3292-44fe-804f-16b8dee008c1/resource/3c2137d5-46d3-40cf-9e01-ee406746b27a/download/listado-de-comunidades-indigenas-20251112.csv
Comunidad Aborigen de Aparzo (pueblo Omaguaca),"Humahuaca, Jujuy",,2006,http://datos.mininterior.gob.ar/dataset/6a702e6f-3292-44fe-804f-16b8dee008c1/resource/3c2137d5-46d3-40cf-9e01-ee406746b27a/download/listado-de-comunidades-indigenas-20251112.csv
Comunidad Aborigen de Azul Pampa (pueblo Omaguaca),"Humahuaca, Jujuy",,2008,http://datos.mininterior.gob.ar/dataset/6a702e6f-3292-44fe-804f-16b8dee008c1/resource/3c2137d5-46d3-40cf-9e01-ee406746b27a/download/listado-de-comunidades-indigenas-20251112.csv
Comunidad Aborigen de Casillas (pueblo Kolla),"Humahuaca, Jujuy",,1999,http://datos.mininterior.gob.ar/dataset/6a702e6f-3292-44fe-804f-16b8dee008c1/resource/3c2137d5-46d3-40cf-9e01-ee406746b27a/download/listado-de-comunidades-indigenas-20251112.csv
Comunidad Aborigen de Chaupi Rodeo y Peña Blanca (pueblo Omaguaca),"Humahuaca, Jujuy",,1999,http://datos.mininterior.gob.ar/dataset/6a702e6f-3292-44fe-804f-16b8dee008c1/resource/3c2137d5-46d3-40cf-9e01-ee406746b27a/download/listado-de-comunidades-indigenas-20251112.csv
Comunidad Aborigen de Chorcán (pueblo Omaguaca),"Humahuaca, Jujuy",,2006,http://datos.mininterior.gob.ar/dataset/6a702e6f-3292-44fe-804f-16b8dee008c1/resource/3c2137d5-46d3-40cf-9e01-ee406746b27a/download/listado-de-comunidades-indigenas-20251112.csv
Comunidad Aborigen de Chorrillos (pueblo Omaguaca),"Humahuaca, Jujuy",,1999,http://datos.mininterior.gob.ar/dataset/6a702e6f-3292-44fe-804f-16b8dee008c1/resource/3c2137d5-46d3-40cf-9e01-ee406746b27a/download/listado-de-comunidades-indigenas-20251112.csv
Comunidad Aborigen de Chucalezna (pueblo Omaguaca),"Humahuaca, Jujuy",,2001,http://datos.mininterior.gob.ar/dataset/6a702e6f-3292-44fe-804f-16b8dee008c1/resource/3c2137d5-46d3-40cf-9e01-ee406746b27a/download/listado-de-comunidades-indigenas-20251112.csv
Comunidad Aborigen de Coraya (pueblo Omaguaca),"Humahuaca, Jujuy",,2008,http://datos.mininterior.gob.ar/dataset/6a702e6f-3292-44fe-804f-16b8dee008c1/resource/3c2137d5-46d3-40cf-9e01-ee406746b27a/download/listado-de-comunidades-indigenas-20251112.csv
Comunidad Aborigen de Cuchillaco (pueblo Omaguaca),"Humahuaca, Jujuy",,2010,http://datos.mininterior.gob.ar/dataset/6a702e6f-3292-44fe-804f-16b8dee008c1/resource/3c2137d5-46d3-40cf-9e01-ee406746b27a/download/listado-de-comunidades-indigenas-20251112.csv
Comunidad Aborigen de El Morado (pueblo Omaguaca),"Humahuaca, Jujuy",,2001,http://datos.mininterior.gob.ar/dataset/6a702e6f-3292-44fe-804f-16b8dee008c1/resource/3c2137d5-46d3-40cf-9e01-ee406746b27a/download/listado-de-comunidades-indigenas-20251112.csv
Comunidad Aborigen de Esquinas Blancas y Chijra (pueblo Omaguaca),"Humahuaca, Jujuy",,2006,http://datos.mininterior.gob.ar/dataset/6a702e6f-3292-44fe-804f-16b8dee008c1/resource/3c2137d5-46d3-40cf-9e01-ee406746b27a/download/listado-de-comunidades-indigenas-20251112.csv
Comunidad Aborigen de Hornocal (pueblo Omaguaca),"Humahuaca, Jujuy",,1999,http://datos.mininterior.gob.ar/dataset/6a702e6f-3292-44fe-804f-16b8dee008c1/resource/3c2137d5-46d3-40cf-9e01-ee406746b27a/download/listado-de-comunidades-indigenas-20251112.csv
"Comunidad Aborigen de Huasa Durazno, Pinchayoc y La Banda de San Isidro (pueblo Omaguaca)","Humahuaca, Jujuy",,2004,http://datos.mininterior.gob.ar/dataset/6a702e6f-3292-44fe-804f-16b8dee008c1/resource/3c2137d5-46d3-40cf-9e01-ee406746b27a/download/listado-de-comunidades-indigenas-20251112.csv
Comunidad Aborigen de La Cueva (pueblo Omaguaca),"Humahuaca, Jujuy",,2000,http://datos.mininterior.gob.ar/dataset/6a702e6f-3292-44fe-804f-16b8dee008c1/resource/3c2137d5-46d3-40cf-9e01-ee406746b27a/download/listado-de-comunidades-indigenas-20251112.csv
Comunidad Aborigen de Miyuyoc (pueblo Omaguaca),"Humahuaca, Jujuy",,1999,http://datos.mininterior.gob.ar/dataset/6a702e6f-3292-44fe-804f-16b8dee008c1/resource/3c2137d5-46d3-40cf-9e01-ee406746b27a/download/listado-de-comunidades-indigenas-20251112.csv
Comunidad Aborigen de Muyuna (pueblo Omaguaca),"Humahuaca, Jujuy",,2005,http://datos.mininterior.gob.ar/dataset/6a702e6f-3292-44fe-804f-16b8dee008c1/resource/3c2137d5-46d3-40cf-9e01-ee406746b27a/download/listado-de-comunidades-indigenas-20251112.csv
Comunidad Aborigen de Negra Muerta (Iturbe) (pueblo Omaguaca),"Humahuaca, Jujuy",,1998,http://datos.mininterior.gob.ar/dataset/6a702e6f-3292-44fe-804f-16b8dee008c1/resource/3c2137d5-46d3-40cf-9e01-ee406746b27a/download/listado-de-comunidades-indigenas-20251112.csv
Comunidad Aborigen de Ocumazo (pueblo Omaguaca),"Humahuaca, Jujuy",,2016,http://datos.mininterior.gob.ar/dataset/6a702e6f-3292-44fe-804f-16b8dee008c1/resource/3c2137d5-46d3-40cf-9e01-ee406746b27a/download/listado-de-comunidades-indigenas-20251112.csv
Comunidad Aborigen de Ovara (pueblo Omaguaca),"Humahuaca, Jujuy",,2008,http://datos.mininterior.gob.ar/dataset/6a702e6f-3292-44fe-804f-16b8dee008c1/resource/3c2137d5-46d3-40cf-9e01-ee406746b27a/download/listado-de-comunidades-indigenas-20251112.csv
Comunidad Aborigen de Palca de Aparzo (pueblo Omaguaca),"Humahuaca, Jujuy",,2006,http://datos.mininterior.gob.ar/dataset/6a702e6f-3292-44fe-804f-16b8dee008c1/resource/3c2137d5-46d3-40cf-9e01-ee406746b27a/download/listado-de-comunidades-indigenas-20251112.csv
Comunidad Aborigen de Pucará (pueblo Omaguaca),"Humahuaca, Jujuy",,1999,http://datos.mininterior.gob.ar/dataset/6a702e6f-3292-44fe-804f-16b8dee008c1/resource/3c2137d5-46d3-40cf-9e01-ee406746b27a/download/listado-de-comunidades-indigenas-20251112.csv
Comunidad Aborigen de Pueblo Viejo (pueblo Omaguaca),"Humahuaca, Jujuy",,1998,http://datos.mininterior.gob.ar/dataset/6a702e6f-3292-44fe-804f-16b8dee008c1/resource/3c2137d5-46d3-40cf-9e01-ee406746b27a/download/listado-de-comunidades-indigenas-20251112.csv
Comunidad Aborigen de Rodero (pueblo Omaguaca),"Humahuaca, Jujuy",,1999,http://datos.mininterior.gob.ar/dataset/6a702e6f-3292-44fe-804f-16b8dee008c1/resource/3c2137d5-46d3-40cf-9e01-ee406746b27a/download/listado-de-comunidades-indigenas-20251112.csv
Comunidad Aborigen de Río Grande y La Poma (pueblo Omaguaca),"Humahuaca, Jujuy",,1999,http://datos.mininterior.gob.ar/dataset/6a702e6f-3292-44fe-804f-16b8dee008c1/resource/3c2137d5-46d3-40cf-9e01-ee406746b27a/download/listado-de-comunidades-indigenas-20251112.csv
Comunidad Aborigen de Ticaguayoc (pueblo Omaguaca),"Humahuaca, Jujuy",,2005,http://datos.mininterior.gob.ar/dataset/6a702e6f-3292-44fe-804f-16b8dee008c1/resource/3c2137d5-46d3-40cf-9e01-ee406746b27a/download/listado-de-comunidades-indigenas-20251112.csv
Comunidad Aborigen de Uquía (pueblo Omaguaca),"Humahuaca, Jujuy",,2006,http://datos.mininterior.gob.ar/dataset/6a702e6f-3292-44fe-804f-16b8dee008c1/resource/3c2137d5-46d3-40cf-9e01-ee406746b27a/download/listado-de-comunidades-indigenas-20251112.csv
Comunidad Aborigen de Varas del Pueblo Omahuaca (pueblo Omaguaca),"Humahuaca, Jujuy",,2008,http://datos.mininterior.gob.ar/dataset/6a702e6f-3292-44fe-804f-16b8dee008c1/resource/3c2137d5-46d3-40cf-9e01-ee406746b27a/download/listado-de-comunidades-indigenas-20251112.csv
Comunidad Coctaca (pueblo Omaguaca),"Humahuaca, Jujuy",,2013,http://datos.mininterior.gob.ar/dataset/6a702e6f-3292-44fe-804f-16b8dee008c1/resource/3c2137d5-46d3-40cf-9e01-ee406746b27a/download/listado-de-comunidades-indigenas-20251112.csv
Comunidad Indígena El Angosto de Yacoraite (pueblo Kolla),"Humahuaca, Jujuy",,2003,http://datos.mininterior.gob.ar/dataset/6a702e6f-3292-44fe-804f-16b8dee008c1/resource/3c2137d5-46d3-40cf-9e01-ee406746b27a/download/listado-de-comunidades-indigenas-20251112.csv
Comunidad Indígena Sorojche (pueblo Omaguaca),"Humahuaca, Jujuy",,2000,http://datos.mininterior.gob.ar/dataset/6a702e6f-3292-44fe-804f-16b8dee008c1/resource/3c2137d5-46d3-40cf-9e01-ee406746b27a/download/listado-de-comunidades-indigenas-20251112.csv
Comunidad Originaria de Finca Valiazo (pueblo Omaguaca),"Humahuaca, Jujuy",,2009,http://datos.mininterior.gob.ar/dataset/6a702e6f-3292-44fe-804f-16b8dee008c1/resource/3c2137d5-46d3-40cf-9e01-ee406746b27a/download/listado-de-comunidades-indigenas-20251112.csv
"Comunidad Vicuñayoc, Pizungo y Cueva Colorada (pueblo Omaguaca)","Humahuaca, Jujuy",,2015,http://datos.mininterior.gob.ar/dataset/6a702e6f-3292-44fe-804f-16b8dee008c1/resource/3c2137d5-46d3-40cf-9e01-ee406746b27a/download/listado-de-comunidades-indigenas-20251112.csv
"Comunidad Aborigen ""Colla Guaraní"" de Calilegua (pueblo Kolla - Guaraní)","Ledesma, Jujuy",,1999,http://datos.mininterior.gob.ar/dataset/6a702e6f-3292-44fe-804f-16b8dee008c1/resource/3c2137d5-46d3-40cf-9e01-ee406746b27a/download/listado-de-comunidades-indigenas-20251112.csv
"Comunidad Aborigen ""Cuape Yayembuate"" de Calilegua (pueblo Ava Guaraní)","Ledesma, Jujuy",,2000,http://datos.mininterior.gob.ar/dataset/6a702e6f-3292-44fe-804f-16b8dee008c1/resource/3c2137d5-46d3-40cf-9e01-ee406746b27a/download/listado-de-comunidades-indigenas-20251112.csv
"Comunidad Aborigen ""Hermanos Unidos"" de Barrio San Lorenzo (pueblo Guaraní)","Ledesma, Jujuy",,1999,http://datos.mininterior.gob.ar/dataset/6a702e6f-3292-44fe-804f-16b8dee008c1/resource/3c2137d5-46d3-40cf-9e01-ee406746b27a/download/listado-de-comunidades-indigenas-20251112.csv
"Comunidad Aborigen ""Jasi Tatareta"" Las Estrellas (pueblo Guaraní)","Ledesma, Jujuy",,,http://datos.mininterior.gob.ar/dataset/6a702e6f-3292-44fe-804f-16b8dee008c1/resource/3c2137d5-46d3-40cf-9e01-ee406746b27a/download/listado-de-comunidades-indigenas-20251112.csv
"Comunidad Aborigen ""Kuarasi Oe Ou"" de la Asamblea del Pueblo Guaraní de Libertador General San Martín (pueblo Guaraní)","Ledesma, Jujuy",,2001,http://datos.mininterior.gob.ar/dataset/6a702e6f-3292-44fe-804f-16b8dee008c1/resource/3c2137d5-46d3-40cf-9e01-ee406746b27a/download/listado-de-comunidades-indigenas-20251112.csv
Comunidad Aborigen Aba Guaraní Yandesi Higüi - Nuestra Madre Tierra (pueblo Guaraní),"Ledesma, Jujuy",,2005,http://datos.mininterior.gob.ar/dataset/6a702e6f-3292-44fe-804f-16b8dee008c1/resource/3c2137d5-46d3-40cf-9e01-ee406746b27a/download/listado-de-comunidades-indigenas-20251112.csv
Comunidad Aborigen Arete Guazú (pueblo Ava Guaraní),"Ledesma, Jujuy",,2016,http://datos.mininterior.gob.ar/dataset/6a702e6f-3292-44fe-804f-16b8dee008c1/resource/3c2137d5-46d3-40cf-9e01-ee406746b27a/download/listado-de-comunidades-indigenas-20251112.csv
Comunidad Aborigen Chiriguanos del Pueblo Guaraní de Fraile Pintado (pueblo Guaraní),"Ledesma, Jujuy",,1999,http://datos.mininterior.gob.ar/dataset/6a702e6f-3292-44fe-804f-16b8dee008c1/resource/3c2137d5-46d3-40cf-9e01-ee406746b27a/download/listado-de-comunidades-indigenas-20251112.csv
"Comunidad Aborigen Guaraní ""Igüi Ipau"" de Yuto (pueblo Guaraní)","Ledesma, Jujuy",,2013,http://datos.mininterior.gob.ar/dataset/6a702e6f-3292-44fe-804f-16b8dee008c1/resource/3c2137d5-46d3-40cf-9e01-ee406746b27a/download/listado-de-comunidades-indigenas-20251112.csv
"Comunidad Aborigen Guaraní ""Yayembuate Tentarareta"" (pueblo Guaraní)","Ledesma, Jujuy",,2017,http://datos.mininterior.gob.ar/dataset/6a702e6f-3292-44fe-804f-16b8dee008c1/resource/3c2137d5-46d3-40cf-9e01-ee406746b27a/download/listado-de-comunidades-indigenas-20251112.csv
Comunidad Aborigen Guaraní Tenta Cavi - Yuto (pueblo Guaraní),"Ledesma, Jujuy",,2008,http://datos.mininterior.gob.ar/dataset/6a702e6f-3292-44fe-804f-16b8dee008c1/resource/3c2137d5-46d3-40cf-9e01-ee406746b27a/download/listado-de-comunidades-indigenas-20251112.csv
Comunidad Aborigen Guaraní Tentarareta Yacoive (pueblo Guaraní),"Ledesma, Jujuy",,2018,http://datos.mininterior.gob.ar/dataset/6a702e6f-3292-44fe-804f-16b8dee008c1/resource/3c2137d5-46d3-40cf-9e01-ee406746b27a/download/listado-de-comunidades-indigenas-20251112.csv
Comunidad Aborigen Guaraní Yande' Co (pueblo Guaraní),"Ledesma, Jujuy",,2017,http://datos.mininterior.gob.ar/dataset/6a702e6f-3292-44fe-804f-16b8dee008c1/resource/3c2137d5-46d3-40cf-9e01-ee406746b27a/download/listado-de-comunidades-indigenas-20251112.csv
"Comunidad Aborigen Kolla ""Maskaspa Sapikta"" (pueblo Kolla)","Ledesma, Jujuy",,2010,http://datos.mininterior.gob.ar/dataset/6a702e6f-3292-44fe-804f-16b8dee008c1/resource/3c2137d5-46d3-40cf-9e01-ee406746b27a/download/listado-de-comunidades-indigenas-20251112.csv
Comunidad Aborigen Kollas de Chalicán de Finca Río Negro de Chalicán (pueblo Kolla),"Ledesma, Jujuy",,2001,http://datos.mininterior.gob.ar/dataset/6a702e6f-3292-44fe-804f-16b8dee008c1/resource/3c2137d5-46d3-40cf-9e01-ee406746b27a/download/listado-de-comunidades-indigenas-20251112.csv
Comunidad Aborigen Normenta Pacha (pueblo Ocloya),"Ledesma, Jujuy",,2011,http://datos.mininterior.gob.ar/dataset/6a702e6f-3292-44fe-804f-16b8dee008c1/resource/3c2137d5-46d3-40cf-9e01-ee406746b27a/download/listado-de-comunidades-indigenas-20251112.csv
"Comunidad Aborigen Unión Guaraní ""Tata Oguenbae"" (pueblo Guaraní)","Ledesma, Jujuy",,2000,http://datos.mininterior.gob.ar/dataset/6a702e6f-3292-44fe-804f-16b8dee008c1/resource/3c2137d5-46d3-40cf-9e01-ee406746b27a/download/listado-de-comunidades-indigenas-20251112.csv
"Comunidad Aborigen de la ""Asamblea del Pueblo Guaraní"" de Bananal (pueblo Guaraní)","Ledesma, Jujuy",,2001,http://datos.mininterior.gob.ar/dataset/6a702e6f-3292-44fe-804f-16b8dee008c1/resource/3c2137d5-46d3-40cf-9e01-ee406746b27a/download/listado-de-comunidades-indigenas-20251112.csv
"Comunidad Aborigen de la ""Asamblea del Pueblo Guaraní"" de Yuto (pueblo Guaraní)","Ledesma, Jujuy",,2001,http://datos.mininterior.gob.ar/dataset/6a702e6f-3292-44fe-804f-16b8dee008c1/resource/3c2137d5-46d3-40cf-9e01-ee406746b27a/download/listado-de-comunidades-indigenas-20251112.csv
Comunidad Guaraní de Caimancito Yaeka Yanderikuare (pueblo Guaraní),"Ledesma, Jujuy",,2006,http://datos.mininterior.gob.ar/dataset/6a702e6f-3292-44fe-804f-16b8dee008c1/resource/3c2137d5-46d3-40cf-9e01-ee406746b27a/download/listado-de-comunidades-indigenas-20251112.csv
Comunidad Guaraní de Chalicán Pueblo Guarani Tataendi (pueblo Guaraní),"Ledesma, Jujuy",,2000,http://datos.mininterior.gob.ar/dataset/6a702e6f-3292-44fe-804f-16b8dee008c1/resource/3c2137d5-46d3-40cf-9e01-ee406746b27a/download/listado-de-comunidades-indigenas-20251112.csv
Comunidad Kuaras+ Yande Mboe B+Pe (pueblo Chané),"Ledesma, Jujuy",,2018,http://datos.mininterior.gob.ar/dataset/6a702e6f-3292-44fe-804f-16b8dee008c1/resource/3c2137d5-46d3-40cf-9e01-ee406746b27a/download/listado-de-comunidades-indigenas-20251112.csv
Comunidad Yasi Tata-Rami (pueblo Guaraní),"Ledesma, Jujuy",,2014,http://datos.mininterior.gob.ar/dataset/6a702e6f-3292-44fe-804f-16b8dee008c1/resource/3c2137d5-46d3-40cf-9e01-ee406746b27a/download/listado-de-comunidades-indigenas-20251112.csv
Comunidad de Fraile Pintado Pueblo Guarani (pueblo Guaraní),"Ledesma, Jujuy",,2000,http://datos.mininterior.gob.ar/dataset/6a702e6f-3292-44fe-804f-16b8dee008c1/resource/3c2137d5-46d3-40cf-9e01-ee406746b27a/download/listado-de-comunidades-indigenas-20251112.csv
Comunidad Aborigen Las Capillas (pueblo Ocloya),"Palpalá, Jujuy",,2016,http://datos.mininterior.gob.ar/dataset/6a702e6f-3292-44fe-804f-16b8dee008c1/resource/3c2137d5-46d3-40cf-9e01-ee406746b27a/download/listado-de-comunidades-indigenas-20251112.csv
Comunidad Aborigen Orosmayo Grande (pueblo Kolla),"Rinconada, Jujuy",,2006,http://datos.mininterior.gob.ar/dataset/6a702e6f-3292-44fe-804f-16b8dee008c1/resource/3c2137d5-46d3-40cf-9e01-ee406746b27a/download/listado-de-comunidades-indigenas-20251112.csv
Comunidad Aborigen de Carahuasi (pueblo Kolla),"Rinconada, Jujuy",,2016,http://datos.mininterior.gob.ar/dataset/6a702e6f-3292-44fe-804f-16b8dee008c1/resource/3c2137d5-46d3-40cf-9e01-ee406746b27a/download/listado-de-comunidades-indigenas-20251112.csv
Comunidad Aborigen de Casa Colorada (pueblo Kolla),"Rinconada, Jujuy",,1999,http://datos.mininterior.gob.ar/dataset/6a702e6f-3292-44fe-804f-16b8dee008c1/resource/3c2137d5-46d3-40cf-9e01-ee406746b27a/download/listado-de-comunidades-indigenas-20251112.csv
Comunidad Aborigen de Ciénago Grande (pueblo Kolla),"Rinconada, Jujuy",,2004,http://datos.mininterior.gob.ar/dataset/6a702e6f-3292-44fe-804f-16b8dee008c1/resource/3c2137d5-46d3-40cf-9e01-ee406746b27a/download/listado-de-comunidades-indigenas-20251112.csv
Comunidad Aborigen de Coyahuaima (pueblo Kolla),"Rinconada, Jujuy",,1999,http://datos.mininterior.gob.ar/dataset/6a702e6f-3292-44fe-804f-16b8dee008c1/resource/3c2137d5-46d3-40cf-9e01-ee406746b27a/download/listado-de-comunidades-indigenas-20251112.csv
Comunidad Aborigen de Lagunillas de Pozuelos (pueblo Kolla),"Rinconada, Jujuy",,2009,http://datos.mininterior.gob.ar/dataset/6a702e6f-3292-44fe-804f-16b8dee008c1/resource/3c2137d5-46d3-40cf-9e01-ee406746b27a/download/listado-de-comunidades-indigenas-20251112.csv
Comunidad Aborigen de Liviara (pueblo Kolla),"Rinconada, Jujuy",,2003,http://datos.mininterior.gob.ar/dataset/6a702e6f-3292-44fe-804f-16b8dee008c1/resource/3c2137d5-46d3-40cf-9e01-ee406746b27a/download/listado-de-comunidades-indigenas-20251112.csv
Comunidad Aborigen de Loma Blanca (pueblo Kolla),"Rinconada, Jujuy",,2000,http://datos.mininterior.gob.ar/dataset/6a702e6f-3292-44fe-804f-16b8dee008c1/resource/3c2137d5-46d3-40cf-9e01-ee406746b27a/download/listado-de-comunidades-indigenas-20251112.csv
Comunidad Aborigen de Orosmayo (pueblo Kolla),"Rinconada, Jujuy",,2002,http://datos.mininterior.gob.ar/dataset/6a702e6f-3292-44fe-804f-16b8dee008c1/resource/3c2137d5-46d3-40cf-9e01-ee406746b27a/download/listado-de-comunidades-indigenas-20251112.csv
Comunidad Aborigen de Pan de Azúcar (pueblo Kolla),"Rinconada, Jujuy",,2004,http://datos.mininterior.gob.ar/dataset/6a702e6f-3292-44fe-804f-16b8dee008c1/resource/3c2137d5-46d3-40cf-9e01-ee406746b27a/download/listado-de-comunidades-indigenas-20251112.csv
Comunidad Aborigen de Rinconada (pueblo Kolla),"Rinconada, Jujuy",,2003,http://datos.mininterior.gob.ar/dataset/6a702e6f-3292-44fe-804f-16b8dee008c1/resource/3c2137d5-46d3-40cf-9e01-ee406746b27a/download/listado-de-comunidades-indigenas-20251112.csv
Comunidad Aborigen de San Juan y Oros (pueblo Quechua),"Rinconada, Jujuy",,2000,http://datos.mininterior.gob.ar/dataset/6a702e6f-3292-44fe-804f-16b8dee008c1/resource/3c2137d5-46d3-40cf-9e01-ee406746b27a/download/listado-de-comunidades-indigenas-20251112.csv
Comunidad Aborigen de Santo Domingo (pueblo Kolla),"Rinconada, Jujuy",,2004,http://datos.mininterior.gob.ar/dataset/6a702e6f-3292-44fe-804f-16b8dee008c1/resource/3c2137d5-46d3-40cf-9e01-ee406746b27a/download/listado-de-comunidades-indigenas-20251112.csv
Comunidad Indígena Lagunillas de Farallón (pueblo Kolla),"Rinconada, Jujuy",,2012,http://datos.mininterior.gob.ar/dataset/6a702e6f-3292-44fe-804f-16b8dee008c1/resource/3c2137d5-46d3-40cf-9e01-ee406746b27a/download/listado-de-comunidades-indigenas-20251112.csv
Comunidad Indígena Nuevo Pirquitas (pueblo Kolla),"Rinconada, Jujuy",,1999,http://datos.mininterior.gob.ar/dataset/6a702e6f-3292-44fe-804f-16b8dee008c1/resource/3c2137d5-46d3-40cf-9e01-ee406746b27a/download/listado-de-comunidades-indigenas-20251112.csv
"Comunidad Aborigen ""Taperiwa"" (Flor del carnaval) (pueblo Guaraní)","San Pedro, Jujuy",,2017,http://datos.mininterior.gob.ar/dataset/6a702e6f-3292-44fe-804f-16b8dee008c1/resource/3c2137d5-46d3-40cf-9e01-ee406746b27a/download/listado-de-comunidades-indigenas-20251112.csv
"Comunidad Aborigen Ava Guaraní ""Che Paravete"" de la Localidad de Barro Negro (pueblo Guaraní)","San Pedro, Jujuy",,2011,http://datos.mininterior.gob.ar/dataset/6a702e6f-3292-44fe-804f-16b8dee008c1/resource/3c2137d5-46d3-40cf-9e01-ee406746b27a/download/listado-de-comunidades-indigenas-20251112.csv
Comunidad Aborigen Ava Guaraní Itekove - Omee Vae (pueblo Guaraní),"San Pedro, Jujuy",,2009,http://datos.mininterior.gob.ar/dataset/6a702e6f-3292-44fe-804f-16b8dee008c1/resource/3c2137d5-46d3-40cf-9e01-ee406746b27a/download/listado-de-comunidades-indigenas-20251112.csv
Comunidad Aborigen Ava Guaraní Ivope (Algarrobo) (pueblo Guaraní),"San Pedro, Jujuy",,2010,http://datos.mininterior.gob.ar/dataset/6a702e6f-3292-44fe-804f-16b8dee008c1/resource/3c2137d5-46d3-40cf-9e01-ee406746b27a/download/listado-de-comunidades-indigenas-20251112.csv
"Comunidad Aborigen Guaraní ""Koe Viya Guazu"" Lucero de la Mañana de Rosario de Río Negro (Ex Barro Negro) (pueblo Guaraní)","San Pedro, Jujuy",,2005,http://datos.mininterior.gob.ar/dataset/6a702e6f-3292-44fe-804f-16b8dee008c1/resource/3c2137d5-46d3-40cf-9e01-ee406746b27a/download/listado-de-comunidades-indigenas-20251112.csv
"Comunidad Aborigen Guaraní ""YERO+A KATU"" (La Felicidad) (pueblo Guaraní)","San Pedro, Jujuy",,2010,http://datos.mininterior.gob.ar/dataset/6a702e6f-3292-44fe-804f-16b8dee008c1/resource/3c2137d5-46d3-40cf-9e01-ee406746b27a/download/listado-de-comunidades-indigenas-20251112.csv
Comunidad Aborigen Guaraní Mbaepotí I Kaví de Arrayanal (Flor Hermosa) (pueblo Guaraní),"San Pedro, Jujuy",,2003,http://datos.mininterior.gob.ar/dataset/6a702e6f-3292-44fe-804f-16b8dee008c1/resource/3c2137d5-46d3-40cf-9e01-ee406746b27a/download/listado-de-comunidades-indigenas-20251112.csv
"Comunidad Aborigen Guaraní de La Esperanza ""Vee J#ee"" (Tierra Dulce) (pueblo Guaraní)","San Pedro, Jujuy",,2018,http://datos.mininterior.gob.ar/dataset/6a702e6f-3292-44fe-804f-16b8dee008c1/resource/3c2137d5-46d3-40cf-9e01-ee406746b27a/download/listado-de-comunidades-indigenas-20251112.csv
Comunidad Aborigen Guaraní de Lote San Antonio Opaete Yaye - Embuati Tentaraeta (pueblo Guaraní),"San Pedro, Jujuy",,2009,http://datos.mininterior.gob.ar/dataset/6a702e6f-3292-44fe-804f-16b8dee008c1/resource/3c2137d5-46d3-40cf-9e01-ee406746b27a/download/listado-de-comunidades-indigenas-20251112.csv
Comunidad Ará Ikavi (pueblo Guaraní),"San Pedro, Jujuy",,2014,http://datos.mininterior.gob.ar/dataset/6a702e6f-3292-44fe-804f-16b8dee008c1/resource/3c2137d5-46d3-40cf-9e01-ee406746b27a/download/listado-de-comunidades-indigenas-20251112.csv
"Comunidad Ava Guaraní ""Baporenda"" (Lugar de Trabajo) (pueblo Guaraní)","San Pedro, Jujuy",,2017,http://datos.mininterior.gob.ar/dataset/6a702e6f-3292-44fe-804f-16b8dee008c1/resource/3c2137d5-46d3-40cf-9e01-ee406746b27a/download/listado-de-comunidades-indigenas-20251112.csv
Comunidad Cherenta Kavi (pueblo Guaraní),"San Pedro, Jujuy",,2018,http://datos.mininterior.gob.ar/dataset/6a702e6f-3292-44fe-804f-16b8dee008c1/resource/3c2137d5-46d3-40cf-9e01-ee406746b27a/download/listado-de-comunidades-indigenas-20251112.csv
Comunidad Guaraní Tentara IH+B+MBAE (Familia Sin Tierra) (pueblo Guaraní),"San Pedro, Jujuy",,2005,http://datos.mininterior.gob.ar/dataset/6a702e6f-3292-44fe-804f-16b8dee008c1/resource/3c2137d5-46d3-40cf-9e01-ee406746b27a/download/listado-de-comunidades-indigenas-20251112.csv
Comunidad Indígena Tape+V+Tu (pueblo Ava Guaraní),"San Pedro, Jujuy",,2023,http://datos.mininterior.gob.ar/dataset/6a702e6f-3292-44fe-804f-16b8dee008c1/resource/3c2137d5-46d3-40cf-9e01-ee406746b27a/download/listado-de-comunidades-indigenas-20251112.csv
Comunidad Indígena Tupi Guarani +RESA+OS+R+ (Vertiente que corre) (pueblo Tupí Guaraní),"San Pedro, Jujuy",,2004,http://datos.mininterior.gob.ar/dataset/6a702e6f-3292-44fe-804f-16b8dee008c1/resource/3c2137d5-46d3-40cf-9e01-ee406746b27a/download/listado-de-comunidades-indigenas-20251112.csv
Comunidad Kuaray Jasy (pueblo Guaraní),"San Pedro, Jujuy",,2014,http://datos.mininterior.gob.ar/dataset/6a702e6f-3292-44fe-804f-16b8dee008c1/resource/3c2137d5-46d3-40cf-9e01-ee406746b27a/download/listado-de-comunidades-indigenas-20251112.csv
Comunidad Mbaepoty Ympora - Flor Bonita (pueblo Guaraní),"San Pedro, Jujuy",,2014,http://datos.mininterior.gob.ar/dataset/6a702e6f-3292-44fe-804f-16b8dee008c1/resource/3c2137d5-46d3-40cf-9e01-ee406746b27a/download/listado-de-comunidades-indigenas-20251112.csv
"Comunidad Aborigen ""Penti Carandai"" de Palma Sola (pueblo Guaraní)","Santa Bárbara, Jujuy",,2000,http://datos.mininterior.gob.ar/dataset/6a702e6f-3292-44fe-804f-16b8dee008c1/resource/3c2137d5-46d3-40cf-9e01-ee406746b27a/download/listado-de-comunidades-indigenas-20251112.csv
"Comunidad Aborigen ""Yquirarapo Ópiate Yati"" Raices Unidas de El Talar (pueblo Guaraní)","Santa Bárbara, Jujuy",,2000,http://datos.mininterior.gob.ar/dataset/6a702e6f-3292-44fe-804f-16b8dee008c1/resource/3c2137d5-46d3-40cf-9e01-ee406746b27a/download/listado-de-comunidades-indigenas-20251112.csv
Comunidad Aborigen Ayuru Tu Hicha (pueblo Guaraní),"Santa Bárbara, Jujuy",,2023,http://datos.mininterior.gob.ar/dataset/6a702e6f-3292-44fe-804f-16b8dee008c1/resource/3c2137d5-46d3-40cf-9e01-ee406746b27a/download/listado-de-comunidades-indigenas-20251112.csv
Comunidad Aborigen Guaraní Jasy Endy Guazú de El Talar (pueblo Guaraní),"Santa Bárbara, Jujuy",,2003,http://datos.mininterior.gob.ar/dataset/6a702e6f-3292-44fe-804f-16b8dee008c1/resource/3c2137d5-46d3-40cf-9e01-ee406746b27a/download/listado-de-comunidades-indigenas-20251112.csv
Comunidad Aborigen Guaraní Tata Iyipy (pueblo Guaraní),"Santa Bárbara, Jujuy",,2001,http://datos.mininterior.gob.ar/dataset/6a702e6f-3292-44fe-804f-16b8dee008c1/resource/3c2137d5-46d3-40cf-9e01-ee406746b27a/download/listado-de-comunidades-indigenas-20251112.csv
"Comunidad Guaraní de El Piquete ""Pueblo Guaraní"" (pueblo Guaraní)","Santa Bárbara, Jujuy",,2000,http://datos.mininterior.gob.ar/dataset/6a702e6f-3292-44fe-804f-16b8dee008c1/resource/3c2137d5-46d3-40cf-9e01-ee406746b27a/download/listado-de-comunidades-indigenas-20251112.csv
"Comunidad Guaraní de Santa Clara ""Tentagüe Jecobe Iyapimbae"" (pueblo Guaraní)","Santa Bárbara, Jujuy",,2000,http://datos.mininterior.gob.ar/dataset/6a702e6f-3292-44fe-804f-16b8dee008c1/resource/3c2137d5-46d3-40cf-9e01-ee406746b27a/download/listado-de-comunidades-indigenas-20251112.csv
Comunidad Indígena + Anka Jembei (Orillas del Río) (pueblo Guaraní),"Santa Bárbara, Jujuy",,2016,http://datos.mininterior.gob.ar/dataset/6a702e6f-3292-44fe-804f-16b8dee008c1/resource/3c2137d5-46d3-40cf-9e01-ee406746b27a/download/listado-de-comunidades-indigenas-20251112.csv
"Comunidad Indígena Guaraní Cuae Suinandi ""El Ceibo"" (pueblo Guaraní)","Santa Bárbara, Jujuy",,2006,http://datos.mininterior.gob.ar/dataset/6a702e6f-3292-44fe-804f-16b8dee008c1/resource/3c2137d5-46d3-40cf-9e01-ee406746b27a/download/listado-de-comunidades-indigenas-20251112.csv
Comunidad Indígena Guaraní Kaa´iya (Dueño del monte) (pueblo Ava Guaraní),"Santa Bárbara, Jujuy",,2023,http://datos.mininterior.gob.ar/dataset/6a702e6f-3292-44fe-804f-16b8dee008c1/resource/3c2137d5-46d3-40cf-9e01-ee406746b27a/download/listado-de-comunidades-indigenas-20251112.csv
Comunidad Indígena Kuarupi Ñande Reko (pueblo Ava Guaraní),"Santa Bárbara, Jujuy",,2018,http://datos.mininterior.gob.ar/dataset/6a702e6f-3292-44fe-804f-16b8dee008c1/resource/3c2137d5-46d3-40cf-9e01-ee406746b27a/download/listado-de-comunidades-indigenas-20251112.csv
Comunidad Ñaro P+au (Nueva Esperanza) (pueblo Guaraní),"Santa Bárbara, Jujuy",,2023,http://datos.mininterior.gob.ar/dataset/6a702e6f-3292-44fe-804f-16b8dee008c1/resource/3c2137d5-46d3-40cf-9e01-ee406746b27a/download/listado-de-comunidades-indigenas-20251112.csv
"Comunidad Aborigen ""Orqho Runas"" de Cusi-Cusi (pueblo Quechua)","Santa Catalina, Jujuy",,1997,http://datos.mininterior.gob.ar/dataset/6a702e6f-3292-44fe-804f-16b8dee008c1/resource/3c2137d5-46d3-40cf-9e01-ee406746b27a/download/listado-de-comunidades-indigenas-20251112.csv
Comunidad Aborigen Atu Saphis de Morritos (pueblo Quechua),"Santa Catalina, Jujuy",,2012,http://datos.mininterior.gob.ar/dataset/6a702e6f-3292-44fe-804f-16b8dee008c1/resource/3c2137d5-46d3-40cf-9e01-ee406746b27a/download/listado-de-comunidades-indigenas-20251112.csv
Comunidad Aborigen Aucapiña Chambi (pueblo Quechua),"Santa Catalina, Jujuy",,2005,http://datos.mininterior.gob.ar/dataset/6a702e6f-3292-44fe-804f-16b8dee008c1/resource/3c2137d5-46d3-40cf-9e01-ee406746b27a/download/listado-de-comunidades-indigenas-20251112.csv
Comunidad Aborigen Cabrería (pueblo Quechua),"Santa Catalina, Jujuy",,2003,http://datos.mininterior.gob.ar/dataset/6a702e6f-3292-44fe-804f-16b8dee008c1/resource/3c2137d5-46d3-40cf-9e01-ee406746b27a/download/listado-de-comunidades-indigenas-20251112.csv
Comunidad Aborigen Hall´ Pa Nokkayku (pueblo Kolla),"Santa Catalina, Jujuy",,2008,http://datos.mininterior.gob.ar/dataset/6a702e6f-3292-44fe-804f-16b8dee008c1/resource/3c2137d5-46d3-40cf-9e01-ee406746b27a/download/listado-de-comunidades-indigenas-20251112.csv
Comunidad Aborigen Los Picaflores Pueblo de Yoscaba (pueblo Quechua),"Santa Catalina, Jujuy",,2009,http://datos.mininterior.gob.ar/dataset/6a702e6f-3292-44fe-804f-16b8dee008c1/resource/3c2137d5-46d3-40cf-9e01-ee406746b27a/download/listado-de-comunidades-indigenas-20251112.csv
"Comunidad Aborigen Pueblo Quechua ""Paicone"" (pueblo Quechua)","Santa Catalina, Jujuy",,2016,http://datos.mininterior.gob.ar/dataset/6a702e6f-3292-44fe-804f-16b8dee008c1/resource/3c2137d5-46d3-40cf-9e01-ee406746b27a/download/listado-de-comunidades-indigenas-20251112.csv
Comunidad Aborigen Qori Pampa Yuraj de Finca Yoscaba (pueblo Quechua),"Santa Catalina, Jujuy",,2013,http://datos.mininterior.gob.ar/dataset/6a702e6f-3292-44fe-804f-16b8dee008c1/resource/3c2137d5-46d3-40cf-9e01-ee406746b27a/download/listado-de-comunidades-indigenas-20251112.csv
Comunidad Aborigen Quechua El Angosto (pueblo Quechua),"Santa Catalina, Jujuy",,2003,http://datos.mininterior.gob.ar/dataset/6a702e6f-3292-44fe-804f-16b8dee008c1/resource/3c2137d5-46d3-40cf-9e01-ee406746b27a/download/listado-de-comunidades-indigenas-20251112.csv
Comunidad Aborigen Sumaj Llak´Tay (pueblo Quechua),"Santa Catalina, Jujuy",,2012,http://datos.mininterior.gob.ar/dataset/6a702e6f-3292-44fe-804f-16b8dee008c1/resource/3c2137d5-46d3-40cf-9e01-ee406746b27a/download/listado-de-comunidades-indigenas-20251112.csv
Comunidad Aborigen de La Ciénaga (pueblo Quechua),"Santa Catalina, Jujuy",,1999,http://datos.mininterior.gob.ar/dataset/6a702e6f-3292-44fe-804f-16b8dee008c1/resource/3c2137d5-46d3-40cf-9e01-ee406746b27a/download/listado-de-comunidades-indigenas-20251112.csv
Comunidad Aborigen de Oratorio (pueblo Quechua),"Santa Catalina, Jujuy",,2004,http://datos.mininterior.gob.ar/dataset/6a702e6f-3292-44fe-804f-16b8dee008c1/resource/3c2137d5-46d3-40cf-9e01-ee406746b27a/download/listado-de-comunidades-indigenas-20251112.csv
Comunidad Aborigen de Peña Colorada - Canchillas (pueblo Quechua),"Santa Catalina, Jujuy",,2019,http://datos.mininterior.gob.ar/dataset/6a702e6f-3292-44fe-804f-16b8dee008c1/resource/3c2137d5-46d3-40cf-9e01-ee406746b27a/download/listado-de-comunidades-indigenas-20251112.csv
Comunidad Aborigen de Piscuno del Pueblo Quechua (pueblo Quechua),"Santa Catalina, Jujuy",,2017,http://datos.mininterior.gob.ar/dataset/6a702e6f-3292-44fe-804f-16b8dee008c1/resource/3c2137d5-46d3-40cf-9e01-ee406746b27a/download/listado-de-comunidades-indigenas-20251112.csv
Comunidad Aborigen de San Juan de Misa Rumi (pueblo Quechua),"Santa Catalina, Jujuy",,2001,http://datos.mininterior.gob.ar/dataset/6a702e6f-3292-44fe-804f-16b8dee008c1/resource/3c2137d5-46d3-40cf-9e01-ee406746b27a/download/listado-de-comunidades-indigenas-20251112.csv
Comunidad Aborigen de Timón Cruz (pueblo Quechua),"Santa Catalina, Jujuy",,2003,http://datos.mininterior.gob.ar/dataset/6a702e6f-3292-44fe-804f-16b8dee008c1/resource/3c2137d5-46d3-40cf-9e01-ee406746b27a/download/listado-de-comunidades-indigenas-20251112.csv
Comunidad Indígena de Casira (pueblo Quechua),"Santa Catalina, Jujuy",,1999,http://datos.mininterior.gob.ar/dataset/6a702e6f-3292-44fe-804f-16b8dee008c1/resource/3c2137d5-46d3-40cf-9e01-ee406746b27a/download/listado-de-comunidades-indigenas-20251112.csv
"Comunidad Originaria ""Jatun Ñan"" Calahoyo (pueblo Quechua)","Santa Catalina, Jujuy",,2019,http://datos.mininterior.gob.ar/dataset/6a702e6f-3292-44fe-804f-16b8dee008c1/resource/3c2137d5-46d3-40cf-9e01-ee406746b27a/download/listado-de-comunidades-indigenas-20251112.csv
"Comunidad Originaria de Ciénega de Paicone ""Pueblo Quechua"" (pueblo Quechua)","Santa Catalina, Jujuy",,2016,http://datos.mininterior.gob.ar/dataset/6a702e6f-3292-44fe-804f-16b8dee008c1/resource/3c2137d5-46d3-40cf-9e01-ee406746b27a/download/listado-de-comunidades-indigenas-20251112.csv
"Comunidad Quechua ""Orqo Kallpa"" de Puesto Grande (pueblo Quechua)","Santa Catalina, Jujuy",,2011,http://datos.mininterior.gob.ar/dataset/6a702e6f-3292-44fe-804f-16b8dee008c1/resource/3c2137d5-46d3-40cf-9e01-ee406746b27a/download/listado-de-comunidades-indigenas-20251112.csv
Comunidad de San Francisco de Santa Catalina (pueblo Quechua),"Santa Catalina, Jujuy",,2016,http://datos.mininterior.gob.ar/dataset/6a702e6f-3292-44fe-804f-16b8dee008c1/resource/3c2137d5-46d3-40cf-9e01-ee406746b27a/download/listado-de-comunidades-indigenas-20251112.csv
"Comunidad Aborigen ""Del Valle de Piscuno"" de San Juan de Quillaques (pueblo Atacama)","Susques, Jujuy",,2001,http://datos.mininterior.gob.ar/dataset/6a702e6f-3292-44fe-804f-16b8dee008c1/resource/3c2137d5-46d3-40cf-9e01-ee406746b27a/download/listado-de-comunidades-indigenas-20251112.csv
"Comunidad Aborigen ""Pórtico de Los Andes"" de Susques (pueblo Atacama)","Susques, Jujuy",,2000,http://datos.mininterior.gob.ar/dataset/6a702e6f-3292-44fe-804f-16b8dee008c1/resource/3c2137d5-46d3-40cf-9e01-ee406746b27a/download/listado-de-comunidades-indigenas-20251112.csv
Comunidad Aborigen El Toro Rosario de Susques (pueblo Atacama),"Susques, Jujuy",,1999,http://datos.mininterior.gob.ar/dataset/6a702e6f-3292-44fe-804f-16b8dee008c1/resource/3c2137d5-46d3-40cf-9e01-ee406746b27a/download/listado-de-comunidades-indigenas-20251112.csv
Comunidad Aborigen Los Manantiales de Pastos Chicos (pueblo Atacama),"Susques, Jujuy",,2001,http://datos.mininterior.gob.ar/dataset/6a702e6f-3292-44fe-804f-16b8dee008c1/resource/3c2137d5-46d3-40cf-9e01-ee406746b27a/download/listado-de-comunidades-indigenas-20251112.csv
Comunidad Aborigen Paso de Jama (pueblo Atacama),"Susques, Jujuy",,2003,http://datos.mininterior.gob.ar/dataset/6a702e6f-3292-44fe-804f-16b8dee008c1/resource/3c2137d5-46d3-40cf-9e01-ee406746b27a/download/listado-de-comunidades-indigenas-20251112.csv
Comunidad Aborigen Termas de Tuzgle (pueblo Atacama),"Susques, Jujuy",,2001,http://datos.mininterior.gob.ar/dataset/6a702e6f-3292-44fe-804f-16b8dee008c1/resource/3c2137d5-46d3-40cf-9e01-ee406746b27a/download/listado-de-comunidades-indigenas-20251112.csv
Comunidad Aborigen de Catua (pueblo Atacama),"Susques, Jujuy",,2002,http://datos.mininterior.gob.ar/dataset/6a702e6f-3292-44fe-804f-16b8dee008c1/resource/3c2137d5-46d3-40cf-9e01-ee406746b27a/download/listado-de-comunidades-indigenas-20251112.csv
Comunidad Aborigen de Coranzuli (pueblo Atacama),"Susques, Jujuy",,2004,http://datos.mininterior.gob.ar/dataset/6a702e6f-3292-44fe-804f-16b8dee008c1/resource/3c2137d5-46d3-40cf-9e01-ee406746b27a/download/listado-de-comunidades-indigenas-20251112.csv
Comunidad Aborigen de Huancar (pueblo Atacama),"Susques, Jujuy",,1999,http://datos.mininterior.gob.ar/dataset/6a702e6f-3292-44fe-804f-16b8dee008c1/resource/3c2137d5-46d3-40cf-9e01-ee406746b27a/download/listado-de-comunidades-indigenas-20251112.csv
Comunidad Aborigen de Olaroz Chico (pueblo Atacama),"Susques, Jujuy",,2001,http://datos.mininterior.gob.ar/dataset/6a702e6f-3292-44fe-804f-16b8dee008c1/resource/3c2137d5-46d3-40cf-9e01-ee406746b27a/download/listado-de-comunidades-indigenas-20251112.csv
"Comunidad Aborigen ""Corralón Abra Mayo"" (pueblo Ocloya)","Tilcara, Jujuy",,,http://datos.mininterior.gob.ar/dataset/6a702e6f-3292-44fe-804f-16b8dee008c1/resource/3c2137d5-46d3-40cf-9e01-ee406746b27a/download/listado-de-comunidades-indigenas-20251112.csv
"Comunidad Aborigen ""Inti Pacha Killa"" de Alonso (pueblo Kolla)","Tilcara, Jujuy",,2003,http://datos.mininterior.gob.ar/dataset/6a702e6f-3292-44fe-804f-16b8dee008c1/resource/3c2137d5-46d3-40cf-9e01-ee406746b27a/download/listado-de-comunidades-indigenas-20251112.csv
"Comunidad Aborigen ""La Huerta y Villa Las Rosas"" (pueblo Kolla)","Tilcara, Jujuy",,2011,http://datos.mininterior.gob.ar/dataset/6a702e6f-3292-44fe-804f-16b8dee008c1/resource/3c2137d5-46d3-40cf-9e01-ee406746b27a/download/listado-de-comunidades-indigenas-20251112.csv
Comunidad Aborigen Angosto El Perchel (pueblo Kolla),"Tilcara, Jujuy",,2009,http://datos.mininterior.gob.ar/dataset/6a702e6f-3292-44fe-804f-16b8dee008c1/resource/3c2137d5-46d3-40cf-9e01-ee406746b27a/download/listado-de-comunidades-indigenas-20251112.csv
Comunidad Aborigen Ayllu Mamá Qolla (pueblo Kolla),"Tilcara, Jujuy",,1999,http://datos.mininterior.gob.ar/dataset/6a702e6f-3292-44fe-804f-16b8dee008c1/resource/3c2137d5-46d3-40cf-9e01-ee406746b27a/download/listado-de-comunidades-indigenas-20251112.csv
Comunidad Aborigen Cixilera (pueblo Kolla),"Tilcara, Jujuy",,1999,http://datos.mininterior.gob.ar/dataset/6a702e6f-3292-44fe-804f-16b8dee008c1/resource/3c2137d5-46d3-40cf-9e01-ee406746b27a/download/listado-de-comunidades-indigenas-20251112.csv
Comunidad Aborigen Cueva del Inca (pueblo Kolla),"Tilcara, Jujuy",,2001,http://datos.mininterior.gob.ar/dataset/6a702e6f-3292-44fe-804f-16b8dee008c1/resource/3c2137d5-46d3-40cf-9e01-ee406746b27a/download/listado-de-comunidades-indigenas-20251112.csv
Comunidad Aborigen El Churcal (pueblo Kolla),"Tilcara, Jujuy",,2009,http://datos.mininterior.gob.ar/dataset/6a702e6f-3292-44fe-804f-16b8dee008c1/resource/3c2137d5-46d3-40cf-9e01-ee406746b27a/download/listado-de-comunidades-indigenas-20251112.csv
Comunidad Aborigen Inti Watana (pueblo Kolla),"Tilcara, Jujuy",,2014,http://datos.mininterior.gob.ar/dataset/6a702e6f-3292-44fe-804f-16b8dee008c1/resource/3c2137d5-46d3-40cf-9e01-ee406746b27a/download/listado-de-comunidades-indigenas-20251112.csv
Comunidad Aborigen Inti Wayra (pueblo Kolla),"Tilcara, Jujuy",,2006,http://datos.mininterior.gob.ar/dataset/6a702e6f-3292-44fe-804f-16b8dee008c1/resource/3c2137d5-46d3-40cf-9e01-ee406746b27a/download/listado-de-comunidades-indigenas-20251112.csv
Comunidad Aborigen La Unión de Volcán de Yacoraite (pueblo Kolla),"Tilcara, Jujuy",,1999,http://datos.mininterior.gob.ar/dataset/6a702e6f-3292-44fe-804f-16b8dee008c1/resource/3c2137d5-46d3-40cf-9e01-ee406746b27a/download/listado-de-comunidades-indigenas-20251112.csv
Comunidad Aborigen Maymarás (pueblo Kolla),"Tilcara, Jujuy",,2003,http://datos.mininterior.gob.ar/dataset/6a702e6f-3292-44fe-804f-16b8dee008c1/resource/3c2137d5-46d3-40cf-9e01-ee406746b27a/download/listado-de-comunidades-indigenas-20251112.csv
Comunidad Aborigen Totorayoc (pueblo Kolla),"Tilcara, Jujuy",,2012,http://datos.mininterior.gob.ar/dataset/6a702e6f-3292-44fe-804f-16b8dee008c1/resource/3c2137d5-46d3-40cf-9e01-ee406746b27a/download/listado-de-comunidades-indigenas-20251112.csv
Comunidad Aborigen de Achicote (pueblo Omaguaca),"Tilcara, Jujuy",,2001,http://datos.mininterior.gob.ar/dataset/6a702e6f-3292-44fe-804f-16b8dee008c1/resource/3c2137d5-46d3-40cf-9e01-ee406746b27a/download/listado-de-comunidades-indigenas-20251112.csv
Comunidad Aborigen de Cieneguillas (pueblo Kolla),"Tilcara, Jujuy",,2001,http://datos.mininterior.gob.ar/dataset/6a702e6f-3292-44fe-804f-16b8dee008c1/resource/3c2137d5-46d3-40cf-9e01-ee406746b27a/download/listado-de-comunidades-indigenas-20251112.csv
"Comunidad Aborigen de Las Animas ""Pueblo colla"" (pueblo Kolla)","Tilcara, Jujuy",,1996,http://datos.mininterior.gob.ar/dataset/6a702e6f-3292-44fe-804f-16b8dee008c1/resource/3c2137d5-46d3-40cf-9e01-ee406746b27a/download/listado-de-comunidades-indigenas-20251112.csv
Comunidad Aborigen de Loma Larga (pueblo Kolla),"Tilcara, Jujuy",,2003,http://datos.mininterior.gob.ar/dataset/6a702e6f-3292-44fe-804f-16b8dee008c1/resource/3c2137d5-46d3-40cf-9e01-ee406746b27a/download/listado-de-comunidades-indigenas-20251112.csv
Comunidad Aborigen de Molulo (pueblo Kolla),"Tilcara, Jujuy",,1999,http://datos.mininterior.gob.ar/dataset/6a702e6f-3292-44fe-804f-16b8dee008c1/resource/3c2137d5-46d3-40cf-9e01-ee406746b27a/download/listado-de-comunidades-indigenas-20251112.csv
Comunidad Aborigen de Mudana y Simarrones - Pueblo Kolla (pueblo Kolla),"Tilcara, Jujuy",,2001,http://datos.mininterior.gob.ar/dataset/6a702e6f-3292-44fe-804f-16b8dee008c1/resource/3c2137d5-46d3-40cf-9e01-ee406746b27a/download/listado-de-comunidades-indigenas-20251112.csv
Comunidad Aborigen de Punta Corral Ex Finca Zelaya (pueblo Kolla),"Tilcara, Jujuy",,2005,http://datos.mininterior.gob.ar/dataset/6a702e6f-3292-44fe-804f-16b8dee008c1/resource/3c2137d5-46d3-40cf-9e01-ee406746b27a/download/listado-de-comunidades-indigenas-20251112.csv
Comunidad Aborigen de Quitacara-Huacalera (pueblo Kolla),"Tilcara, Jujuy",,2003,http://datos.mininterior.gob.ar/dataset/6a702e6f-3292-44fe-804f-16b8dee008c1/resource/3c2137d5-46d3-40cf-9e01-ee406746b27a/download/listado-de-comunidades-indigenas-20251112.csv
Comunidad Aborigen de San Roque Cacique Francisco Limpitay (pueblo Omaguaca),"Tilcara, Jujuy",,2005,http://datos.mininterior.gob.ar/dataset/6a702e6f-3292-44fe-804f-16b8dee008c1/resource/3c2137d5-46d3-40cf-9e01-ee406746b27a/download/listado-de-comunidades-indigenas-20251112.csv
Comunidad Aborigen de Villa El Perchel (pueblo Kolla),"Tilcara, Jujuy",,1999,http://datos.mininterior.gob.ar/dataset/6a702e6f-3292-44fe-804f-16b8dee008c1/resource/3c2137d5-46d3-40cf-9e01-ee406746b27a/download/listado-de-comunidades-indigenas-20251112.csv
Comunidad Aborigen de Yacoraite (pueblo Kolla),"Tilcara, Jujuy",,2003,http://datos.mininterior.gob.ar/dataset/6a702e6f-3292-44fe-804f-16b8dee008c1/resource/3c2137d5-46d3-40cf-9e01-ee406746b27a/download/listado-de-comunidades-indigenas-20251112.csv
Comunidad Aborigen “El Molino” (pueblo Kolla),"Tilcara, Jujuy",,2014,http://datos.mininterior.gob.ar/dataset/6a702e6f-3292-44fe-804f-16b8dee008c1/resource/3c2137d5-46d3-40cf-9e01-ee406746b27a/download/listado-de-comunidades-indigenas-20251112.csv
Comunidad Indígena Pukará (pueblo Fiscara),"Tilcara, Jujuy",,2016,http://datos.mininterior.gob.ar/dataset/6a702e6f-3292-44fe-804f-16b8dee008c1/resource/3c2137d5-46d3-40cf-9e01-ee406746b27a/download/listado-de-comunidades-indigenas-20251112.csv
Comunidad Indígena Tilkara Wilkiphujo (COINTI) (pueblo Fiscara),"Tilcara, Jujuy",,2010,http://datos.mininterior.gob.ar/dataset/6a702e6f-3292-44fe-804f-16b8dee008c1/resource/3c2137d5-46d3-40cf-9e01-ee406746b27a/download/listado-de-comunidades-indigenas-20251112.csv
Comunidad Originaria Maymaraes de Maymará (pueblo Kolla),"Tilcara, Jujuy",,2011,http://datos.mininterior.gob.ar/dataset/6a702e6f-3292-44fe-804f-16b8dee008c1/resource/3c2137d5-46d3-40cf-9e01-ee406746b27a/download/listado-de-comunidades-indigenas-20251112.csv
Comunidad Aborigen Ci. Pa. Qui (pueblo Omaguaca),"Tumbaya, Jujuy",,2010,http://datos.mininterior.gob.ar/dataset/6a702e6f-3292-44fe-804f-16b8dee008c1/resource/3c2137d5-46d3-40cf-9e01-ee406746b27a/download/listado-de-comunidades-indigenas-20251112.csv
Comunidad Aborigen Inti Killa de Tres Morros (pueblo Kolla),"Tumbaya, Jujuy",,2012,http://datos.mininterior.gob.ar/dataset/6a702e6f-3292-44fe-804f-16b8dee008c1/resource/3c2137d5-46d3-40cf-9e01-ee406746b27a/download/listado-de-comunidades-indigenas-20251112.csv
Comunidad Aborigen Kolla de Finca Tumbaya (pueblo Kolla),"Tumbaya, Jujuy",,1998,http://datos.mininterior.gob.ar/dataset/6a702e6f-3292-44fe-804f-16b8dee008c1/resource/3c2137d5-46d3-40cf-9e01-ee406746b27a/download/listado-de-comunidades-indigenas-20251112.csv
Comunidad Aborigen La Banda del Pueblo Tilián (pueblo Tilián),"Tumbaya, Jujuy",,2003,http://datos.mininterior.gob.ar/dataset/6a702e6f-3292-44fe-804f-16b8dee008c1/resource/3c2137d5-46d3-40cf-9e01-ee406746b27a/download/listado-de-comunidades-indigenas-20251112.csv
Comunidad Aborigen Los Chorrillos (pueblo Ocloya),"Tumbaya, Jujuy",,2005,http://datos.mininterior.gob.ar/dataset/6a702e6f-3292-44fe-804f-16b8dee008c1/resource/3c2137d5-46d3-40cf-9e01-ee406746b27a/download/listado-de-comunidades-indigenas-20251112.csv
Comunidad Aborigen Pueblo Tilián de Volcán (pueblo Tilián),"Tumbaya, Jujuy",,2003,http://datos.mininterior.gob.ar/dataset/6a702e6f-3292-44fe-804f-16b8dee008c1/resource/3c2137d5-46d3-40cf-9e01-ee406746b27a/download/listado-de-comunidades-indigenas-20251112.csv
Comunidad Aborigen San Miguel de Colorados (pueblo Kolla),"Tumbaya, Jujuy",,2000,http://datos.mininterior.gob.ar/dataset/6a702e6f-3292-44fe-804f-16b8dee008c1/resource/3c2137d5-46d3-40cf-9e01-ee406746b27a/download/listado-de-comunidades-indigenas-20251112.csv
Comunidad Aborigen Tuksa (pueblo Kolla),"Tumbaya, Jujuy",,2013,http://datos.mininterior.gob.ar/dataset/6a702e6f-3292-44fe-804f-16b8dee008c1/resource/3c2137d5-46d3-40cf-9e01-ee406746b27a/download/listado-de-comunidades-indigenas-20251112.csv
"Comunidad Aborigen de Casa Grande, Vizcarra y El Portillo (pueblo Omaguaca)","Tumbaya, Jujuy",,2001,http://datos.mininterior.gob.ar/dataset/6a702e6f-3292-44fe-804f-16b8dee008c1/resource/3c2137d5-46d3-40cf-9e01-ee406746b27a/download/listado-de-comunidades-indigenas-20251112.csv
Comunidad Aborigen de Chañarcito (pueblo Kolla),"Tumbaya, Jujuy",,1999,http://datos.mininterior.gob.ar/dataset/6a702e6f-3292-44fe-804f-16b8dee008c1/resource/3c2137d5-46d3-40cf-9e01-ee406746b27a/download/listado-de-comunidades-indigenas-20251112.csv
Comunidad Aborigen de Chilcayoc (pueblo Tilián),"Tumbaya, Jujuy",,1996,http://datos.mininterior.gob.ar/dataset/6a702e6f-3292-44fe-804f-16b8dee008c1/resource/3c2137d5-46d3-40cf-9e01-ee406746b27a/download/listado-de-comunidades-indigenas-20251112.csv
Comunidad Aborigen de El Angosto Distrito El Moreno (pueblo Kolla),"Tumbaya, Jujuy",,2008,http://datos.mininterior.gob.ar/dataset/6a702e6f-3292-44fe-804f-16b8dee008c1/resource/3c2137d5-46d3-40cf-9e01-ee406746b27a/download/listado-de-comunidades-indigenas-20251112.csv
Comunidad Aborigen de Huachichocana (pueblo Kolla),"Tumbaya, Jujuy",,2003,http://datos.mininterior.gob.ar/dataset/6a702e6f-3292-44fe-804f-16b8dee008c1/resource/3c2137d5-46d3-40cf-9e01-ee406746b27a/download/listado-de-comunidades-indigenas-20251112.csv
Comunidad Aborigen de Lipán (pueblo Kolla),"Tumbaya, Jujuy",,2010,http://datos.mininterior.gob.ar/dataset/6a702e6f-3292-44fe-804f-16b8dee008c1/resource/3c2137d5-46d3-40cf-9e01-ee406746b27a/download/listado-de-comunidades-indigenas-20251112.csv
Comunidad Aborigen de Molinas El Chañi Pueblo Kolla (pueblo Kolla),"Tumbaya, Jujuy",,2017,http://datos.mininterior.gob.ar/dataset/6a702e6f-3292-44fe-804f-16b8dee008c1/resource/3c2137d5-46d3-40cf-9e01-ee406746b27a/download/listado-de-comunidades-indigenas-20251112.csv
Comunidad Aborigen de Pozo Colorado (pueblo Kolla),"Tumbaya, Jujuy",,2004,http://datos.mininterior.gob.ar/dataset/6a702e6f-3292-44fe-804f-16b8dee008c1/resource/3c2137d5-46d3-40cf-9e01-ee406746b27a/download/listado-de-comunidades-indigenas-20251112.csv
Comunidad Indígena Chalala de Purmamarca (pueblo Kolla),"Tumbaya, Jujuy",,2004,http://datos.mininterior.gob.ar/dataset/6a702e6f-3292-44fe-804f-16b8dee008c1/resource/3c2137d5-46d3-40cf-9e01-ee406746b27a/download/listado-de-comunidades-indigenas-20251112.csv
Comunidad Indígena Coquena (pueblo Kolla),"Tumbaya, Jujuy",,2013,http://datos.mininterior.gob.ar/dataset/6a702e6f-3292-44fe-804f-16b8dee008c1/resource/3c2137d5-46d3-40cf-9e01-ee406746b27a/download/listado-de-comunidades-indigenas-20251112.csv
Comunidad Indígena El Antigal de Volcán (pueblo Tilián),"Tumbaya, Jujuy",,2008,http://datos.mininterior.gob.ar/dataset/6a702e6f-3292-44fe-804f-16b8dee008c1/resource/3c2137d5-46d3-40cf-9e01-ee406746b27a/download/listado-de-comunidades-indigenas-20251112.csv
Comunidad Originaria Antigales de Lipán (pueblo Kolla),"Tumbaya, Jujuy",,,http://datos.mininterior.gob.ar/dataset/6a702e6f-3292-44fe-804f-16b8dee008c1/resource/3c2137d5-46d3-40cf-9e01-ee406746b27a/download/listado-de-comunidades-indigenas-20251112.csv
Comunidad Originaria Purmamarka (pueblo Kolla),"Tumbaya, Jujuy",,2000,http://datos.mininterior.gob.ar/dataset/6a702e6f-3292-44fe-804f-16b8dee008c1/resource/3c2137d5-46d3-40cf-9e01-ee406746b27a/download/listado-de-comunidades-indigenas-20251112.csv
Comunidad Aborigen Pueblo Kolla de Caspalá (pueblo Kolla),"Valle Grande, Jujuy",,2000,http://datos.mininterior.gob.ar/dataset/6a702e6f-3292-44fe-804f-16b8dee008c1/resource/3c2137d5-46d3-40cf-9e01-ee406746b27a/download/listado-de-comunidades-indigenas-20251112.csv
Comunidad Aborigen Valle Colorado (pueblo Kolla),"Valle Grande, Jujuy",,1997,http://datos.mininterior.gob.ar/dataset/6a702e6f-3292-44fe-804f-16b8dee008c1/resource/3c2137d5-46d3-40cf-9e01-ee406746b27a/download/listado-de-comunidades-indigenas-20251112.csv
Comunidad Aborigen de Cortaderas (pueblo Kolla),"Valle Grande, Jujuy",,2004,http://datos.mininterior.gob.ar/dataset/6a702e6f-3292-44fe-804f-16b8dee008c1/resource/3c2137d5-46d3-40cf-9e01-ee406746b27a/download/listado-de-comunidades-indigenas-20251112.csv
Comunidad Aborigen de San Francisco (pueblo Kolla),"Valle Grande, Jujuy",,2001,http://datos.mininterior.gob.ar/dataset/6a702e6f-3292-44fe-804f-16b8dee008c1/resource/3c2137d5-46d3-40cf-9e01-ee406746b27a/download/listado-de-comunidades-indigenas-20251112.csv
Comunidad Aborigen de Valle Grande (pueblo Kolla),"Valle Grande, Jujuy",,2004,http://datos.mininterior.gob.ar/dataset/6a702e6f-3292-44fe-804f-16b8dee008c1/resource/3c2137d5-46d3-40cf-9e01-ee406746b27a/download/listado-de-comunidades-indigenas-20251112.csv
Comunidad Aborigen 1º de Agosto (pueblo Kolla),"Yavi, Jujuy",,2002,http://datos.mininterior.gob.ar/dataset/6a702e6f-3292-44fe-804f-16b8dee008c1/resource/3c2137d5-46d3-40cf-9e01-ee406746b27a/download/listado-de-comunidades-indigenas-20251112.csv
Comunidad Aborigen Hornaditas de la Cordillera (pueblo Kolla),"Yavi, Jujuy",,2001,http://datos.mininterior.gob.ar/dataset/6a702e6f-3292-44fe-804f-16b8dee008c1/resource/3c2137d5-46d3-40cf-9e01-ee406746b27a/download/listado-de-comunidades-indigenas-20251112.csv
Comunidad Aborigen La Pulpera (pueblo Chicha),"Yavi, Jujuy",,2001,http://datos.mininterior.gob.ar/dataset/6a702e6f-3292-44fe-804f-16b8dee008c1/resource/3c2137d5-46d3-40cf-9e01-ee406746b27a/download/listado-de-comunidades-indigenas-20251112.csv
Comunidad Aborigen Los Manantiales de Barrios (pueblo Kolla),"Yavi, Jujuy",,2000,http://datos.mininterior.gob.ar/dataset/6a702e6f-3292-44fe-804f-16b8dee008c1/resource/3c2137d5-46d3-40cf-9e01-ee406746b27a/download/listado-de-comunidades-indigenas-20251112.csv
Comunidad Aborigen Mina Puma Wasi (pueblo Kolla),"Yavi, Jujuy",,2003,http://datos.mininterior.gob.ar/dataset/6a702e6f-3292-44fe-804f-16b8dee008c1/resource/3c2137d5-46d3-40cf-9e01-ee406746b27a/download/listado-de-comunidades-indigenas-20251112.csv
Comunidad Aborigen Puya Puya de Rodeo y Pasajes (pueblo Kolla),"Yavi, Jujuy",,2000,http://datos.mininterior.gob.ar/dataset/6a702e6f-3292-44fe-804f-16b8dee008c1/resource/3c2137d5-46d3-40cf-9e01-ee406746b27a/download/listado-de-comunidades-indigenas-20251112.csv
Comunidad Aborigen de Barrio Santa Clara (pueblo Kolla),"Yavi, Jujuy",,1999,http://datos.mininterior.gob.ar/dataset/6a702e6f-3292-44fe-804f-16b8dee008c1/resource/3c2137d5-46d3-40cf-9e01-ee406746b27a/download/listado-de-comunidades-indigenas-20251112.csv
Comunidad Aborigen de Cangrejillos (pueblo Kolla),"Yavi, Jujuy",,2003,http://datos.mininterior.gob.ar/dataset/6a702e6f-3292-44fe-804f-16b8dee008c1/resource/3c2137d5-46d3-40cf-9e01-ee406746b27a/download/listado-de-comunidades-indigenas-20251112.csv
Comunidad Aborigen de Cangrejos (pueblo Kolla),"Yavi, Jujuy",,2002,http://datos.mininterior.gob.ar/dataset/6a702e6f-3292-44fe-804f-16b8dee008c1/resource/3c2137d5-46d3-40cf-9e01-ee406746b27a/download/listado-de-comunidades-indigenas-20251112.csv
Comunidad Aborigen de Casti (pueblo Kolla),"Yavi, Jujuy",,2000,http://datos.mininterior.gob.ar/dataset/6a702e6f-3292-44fe-804f-16b8dee008c1/resource/3c2137d5-46d3-40cf-9e01-ee406746b27a/download/listado-de-comunidades-indigenas-20251112.csv
Comunidad Aborigen de Cerrillos Flor de Saitilla (pueblo Kolla),"Yavi, Jujuy",,2000,http://datos.mininterior.gob.ar/dataset/6a702e6f-3292-44fe-804f-16b8dee008c1/resource/3c2137d5-46d3-40cf-9e01-ee406746b27a/download/listado-de-comunidades-indigenas-20251112.csv
Comunidad Aborigen de Cerro Colorado (pueblo Kolla),"Yavi, Jujuy",,2000,http://datos.mininterior.gob.ar/dataset/6a702e6f-3292-44fe-804f-16b8dee008c1/resource/3c2137d5-46d3-40cf-9e01-ee406746b27a/download/listado-de-comunidades-indigenas-20251112.csv
Comunidad Aborigen de Chalguamayoc (pueblo Kolla),"Yavi, Jujuy",,1999,http://datos.mininterior.gob.ar/dataset/6a702e6f-3292-44fe-804f-16b8dee008c1/resource/3c2137d5-46d3-40cf-9e01-ee406746b27a/download/listado-de-comunidades-indigenas-20251112.csv
Comunidad Aborigen de Cholacor (pueblo Kolla),"Yavi, Jujuy",,1999,http://datos.mininterior.gob.ar/dataset/6a702e6f-3292-44fe-804f-16b8dee008c1/resource/3c2137d5-46d3-40cf-9e01-ee406746b27a/download/listado-de-comunidades-indigenas-20251112.csv
Comunidad Aborigen de Corral Blanco Cieneguillas Azul Kasa (pueblo Kolla),"Yavi, Jujuy",,2008,http://datos.mininterior.gob.ar/dataset/6a702e6f-3292-44fe-804f-16b8dee008c1/resource/3c2137d5-46d3-40cf-9e01-ee406746b27a/download/listado-de-comunidades-indigenas-20251112.csv
Comunidad Aborigen de El Cóndor (pueblo Kolla),"Yavi, Jujuy",,2004,http://datos.mininterior.gob.ar/dataset/6a702e6f-3292-44fe-804f-16b8dee008c1/resource/3c2137d5-46d3-40cf-9e01-ee406746b27a/download/listado-de-comunidades-indigenas-20251112.csv
Comunidad Aborigen de El Tolar (pueblo Kolla),"Yavi, Jujuy",,1997,http://datos.mininterior.gob.ar/dataset/6a702e6f-3292-44fe-804f-16b8dee008c1/resource/3c2137d5-46d3-40cf-9e01-ee406746b27a/download/listado-de-comunidades-indigenas-20251112.csv
Comunidad Aborigen de Escaya (pueblo Kolla),"Yavi, Jujuy",,2000,http://datos.mininterior.gob.ar/dataset/6a702e6f-3292-44fe-804f-16b8dee008c1/resource/3c2137d5-46d3-40cf-9e01-ee406746b27a/download/listado-de-comunidades-indigenas-20251112.csv
Comunidad Aborigen de Escobar Tres Cerritos (pueblo Kolla),"Yavi, Jujuy",,1999,http://datos.mininterior.gob.ar/dataset/6a702e6f-3292-44fe-804f-16b8dee008c1/resource/3c2137d5-46d3-40cf-9e01-ee406746b27a/download/listado-de-comunidades-indigenas-20251112.csv
Comunidad Aborigen de Inticancha (pueblo Kolla),"Yavi, Jujuy",,1999,http://datos.mininterior.gob.ar/dataset/6a702e6f-3292-44fe-804f-16b8dee008c1/resource/3c2137d5-46d3-40cf-9e01-ee406746b27a/download/listado-de-comunidades-indigenas-20251112.csv
Comunidad Aborigen de La Intermedia (pueblo Kolla),"Yavi, Jujuy",,2006,http://datos.mininterior.gob.ar/dataset/6a702e6f-3292-44fe-804f-16b8dee008c1/resource/3c2137d5-46d3-40cf-9e01-ee406746b27a/download/listado-de-comunidades-indigenas-20251112.csv
Comunidad Aborigen de La Quiaca Vieja (pueblo Kolla),"Yavi, Jujuy",,2001,http://datos.mininterior.gob.ar/dataset/6a702e6f-3292-44fe-804f-16b8dee008c1/resource/3c2137d5-46d3-40cf-9e01-ee406746b27a/download/listado-de-comunidades-indigenas-20251112.csv
Comunidad Aborigen de Larcas (pueblo Kolla),"Yavi, Jujuy",,2000,http://datos.mininterior.gob.ar/dataset/6a702e6f-3292-44fe-804f-16b8dee008c1/resource/3c2137d5-46d3-40cf-9e01-ee406746b27a/download/listado-de-comunidades-indigenas-20251112.csv
Comunidad Aborigen de Lecho (pueblo Kolla),"Yavi, Jujuy",,1999,http://datos.mininterior.gob.ar/dataset/6a702e6f-3292-44fe-804f-16b8dee008c1/resource/3c2137d5-46d3-40cf-9e01-ee406746b27a/download/listado-de-comunidades-indigenas-20251112.csv
Comunidad Aborigen de Llulluchayoc (pueblo Kolla),"Yavi, Jujuy",,1999,http://datos.mininterior.gob.ar/dataset/6a702e6f-3292-44fe-804f-16b8dee008c1/resource/3c2137d5-46d3-40cf-9e01-ee406746b27a/download/listado-de-comunidades-indigenas-20251112.csv
Comunidad Aborigen de Ojo de Agua (pueblo Kolla),"Yavi, Jujuy",,1999,http://datos.mininterior.gob.ar/dataset/6a702e6f-3292-44fe-804f-16b8dee008c1/resource/3c2137d5-46d3-40cf-9e01-ee406746b27a/download/listado-de-comunidades-indigenas-20251112.csv
Comunidad Aborigen de Pozuelos (pueblo Kolla),"Yavi, Jujuy",,2010,http://datos.mininterior.gob.ar/dataset/6a702e6f-3292-44fe-804f-16b8dee008c1/resource/3c2137d5-46d3-40cf-9e01-ee406746b27a/download/listado-de-comunidades-indigenas-20251112.csv
Comunidad Aborigen de Quirquinchos (pueblo Kolla),"Yavi, Jujuy",,2000,http://datos.mininterior.gob.ar/dataset/6a702e6f-3292-44fe-804f-16b8dee008c1/resource/3c2137d5-46d3-40cf-9e01-ee406746b27a/download/listado-de-comunidades-indigenas-20251112.csv
Comunidad Aborigen de San José (pueblo Kolla),"Yavi, Jujuy",,2001,http://datos.mininterior.gob.ar/dataset/6a702e6f-3292-44fe-804f-16b8dee008c1/resource/3c2137d5-46d3-40cf-9e01-ee406746b27a/download/listado-de-comunidades-indigenas-20251112.csv
Comunidad Aborigen de Sansana Norte (pueblo Kolla),"Yavi, Jujuy",,1999,http://datos.mininterior.gob.ar/dataset/6a702e6f-3292-44fe-804f-16b8dee008c1/resource/3c2137d5-46d3-40cf-9e01-ee406746b27a/download/listado-de-comunidades-indigenas-20251112.csv
Comunidad Aborigen de Sansana Sur (pueblo Kolla),"Yavi, Jujuy",,2000,http://datos.mininterior.gob.ar/dataset/6a702e6f-3292-44fe-804f-16b8dee008c1/resource/3c2137d5-46d3-40cf-9e01-ee406746b27a/download/listado-de-comunidades-indigenas-20251112.csv
Comunidad Aborigen de Suripugio (pueblo Kolla),"Yavi, Jujuy",,1999,http://datos.mininterior.gob.ar/dataset/6a702e6f-3292-44fe-804f-16b8dee008c1/resource/3c2137d5-46d3-40cf-9e01-ee406746b27a/download/listado-de-comunidades-indigenas-20251112.csv
Comunidad Aborigen de Tafna (pueblo Kolla),"Yavi, Jujuy",,2000,http://datos.mininterior.gob.ar/dataset/6a702e6f-3292-44fe-804f-16b8dee008c1/resource/3c2137d5-46d3-40cf-9e01-ee406746b27a/download/listado-de-comunidades-indigenas-20251112.csv
Comunidad Aborigen de Yavi (pueblo Kolla),"Yavi, Jujuy",,2003,http://datos.mininterior.gob.ar/dataset/6a702e6f-3292-44fe-804f-16b8dee008c1/resource/3c2137d5-46d3-40cf-9e01-ee406746b27a/download/listado-de-comunidades-indigenas-20251112.csv
Comunidad Aborigen de Yavi Chico (pueblo Kolla),"Yavi, Jujuy",,2000,http://datos.mininterior.gob.ar/dataset/6a702e6f-3292-44fe-804f-16b8dee008c1/resource/3c2137d5-46d3-40cf-9e01-ee406746b27a/download/listado-de-comunidades-indigenas-20251112.csv
Comunidad Aborigen del Portillo (pueblo Kolla),"Yavi, Jujuy",,2006,http://datos.mininterior.gob.ar/dataset/6a702e6f-3292-44fe-804f-16b8dee008c1/resource/3c2137d5-46d3-40cf-9e01-ee406746b27a/download/listado-de-comunidades-indigenas-20251112.csv
Comunidad Indígena Cara Cara (pueblo Kolla),"Yavi, Jujuy",,2000,http://datos.mininterior.gob.ar/dataset/6a702e6f-3292-44fe-804f-16b8dee008c1/resource/3c2137d5-46d3-40cf-9e01-ee406746b27a/download/listado-de-comunidades-indigenas-20251112.csv
Comunidad Indígena de Chocoite (pueblo Kolla),"Yavi, Jujuy",,1999,http://datos.mininterior.gob.ar/dataset/6a702e6f-3292-44fe-804f-16b8dee008c1/resource/3c2137d5-46d3-40cf-9e01-ee406746b27a/download/listado-de-comunidades-indigenas-20251112.csv
Comunidad Indígena de Piedra Negra (CO.IN.PA.NA.) (pueblo Kolla),"Yavi, Jujuy",,1999,http://datos.mininterior.gob.ar/dataset/6a702e6f-3292-44fe-804f-16b8dee008c1/resource/3c2137d5-46d3-40cf-9e01-ee406746b27a/download/listado-de-comunidades-indigenas-20251112.csv
Comunidad Originaria Natividad Quispe (pueblo Kolla),"Yavi, Jujuy",,2015,http://datos.mininterior.gob.ar/dataset/6a702e6f-3292-44fe-804f-16b8dee008c1/resource/3c2137d5-46d3-40cf-9e01-ee406746b27a/download/listado-de-comunidades-indigenas-20251112.csv
"Comunidad Originaria de ""Pasajes"" (pueblo Kolla)","Yavi, Jujuy",,2019,http://datos.mininterior.gob.ar/dataset/6a702e6f-3292-44fe-804f-16b8dee008c1/resource/3c2137d5-46d3-40cf-9e01-ee406746b27a/download/listado-de-comunidades-indigenas-20251112.csv
Comunidad Aborigen Kayu Antu Morituve (pueblo Ranquel),"Capital, La Pampa",,2008,http://datos.mininterior.gob.ar/dataset/6a702e6f-3292-44fe-804f-16b8dee008c1/resource/3c2137d5-46d3-40cf-9e01-ee406746b27a/download/listado-de-comunidades-indigenas-20251112.csv
Comunidad Mapuche Choyque Newen (pueblo Mapuche),"Capital, La Pampa",,2023,http://datos.mininterior.gob.ar/dataset/6a702e6f-3292-44fe-804f-16b8dee008c1/resource/3c2137d5-46d3-40cf-9e01-ee406746b27a/download/listado-de-comunidades-indigenas-20251112.csv
Comunidad Pillan Pullu We (Lugar de los Espíritus Sagrados) Eglentina Machado (pueblo Ranquel),"Capital, La Pampa",,2021,http://datos.mininterior.gob.ar/dataset/6a702e6f-3292-44fe-804f-16b8dee008c1/resource/3c2137d5-46d3-40cf-9e01-ee406746b27a/download/listado-de-comunidades-indigenas-20251112.csv
Comunidad Rankulche Mariano Rosas (pueblo Ranquel),"Capital, La Pampa",,2023,http://datos.mininterior.gob.ar/dataset/6a702e6f-3292-44fe-804f-16b8dee008c1/resource/3c2137d5-46d3-40cf-9e01-ee406746b27a/download/listado-de-comunidades-indigenas-20251112.csv
Comunidad Ranquel Colipi Morales (pueblo Ranquel),"Capital, La Pampa",,2021,http://datos.mininterior.gob.ar/dataset/6a702e6f-3292-44fe-804f-16b8dee008c1/resource/3c2137d5-46d3-40cf-9e01-ee406746b27a/download/listado-de-comunidades-indigenas-20251112.csv
Comunidad Aborigen Epumer (pueblo Ranquel),"Chalileo, La Pampa",,2007,http://datos.mininterior.gob.ar/dataset/6a702e6f-3292-44fe-804f-16b8dee008c1/resource/3c2137d5-46d3-40cf-9e01-ee406746b27a/download/listado-de-comunidades-indigenas-20251112.csv
Comunidad Nehuenche (pueblo Ranquel),"Chalileo, La Pampa",,2011,http://datos.mininterior.gob.ar/dataset/6a702e6f-3292-44fe-804f-16b8dee008c1/resource/3c2137d5-46d3-40cf-9e01-ee406746b27a/download/listado-de-comunidades-indigenas-20251112.csv
Comunidad Doña Teófila Videla (pueblo Ranquel),"Chical Co, La Pampa",,2010,http://datos.mininterior.gob.ar/dataset/6a702e6f-3292-44fe-804f-16b8dee008c1/resource/3c2137d5-46d3-40cf-9e01-ee406746b27a/download/listado-de-comunidades-indigenas-20251112.csv
Comunidad Rankel Witru Ché (pueblo Ranquel),"Conhelo, La Pampa",,2001,http://datos.mininterior.gob.ar/dataset/6a702e6f-3292-44fe-804f-16b8dee008c1/resource/3c2137d5-46d3-40cf-9e01-ee406746b27a/download/listado-de-comunidades-indigenas-20251112.csv
Comunidad Rankül Rosa Moreno Mariqueo (pueblo Ranquel),"Loventué, La Pampa",,2012,http://datos.mininterior.gob.ar/dataset/6a702e6f-3292-44fe-804f-16b8dee008c1/resource/3c2137d5-46d3-40cf-9e01-ee406746b27a/download/listado-de-comunidades-indigenas-20251112.csv
Comunidad Ranquel Manuel Baigorrita (pueblo Ranquel),"Loventué, La Pampa",,1999,http://datos.mininterior.gob.ar/dataset/6a702e6f-3292-44fe-804f-16b8dee008c1/resource/3c2137d5-46d3-40cf-9e01-ee406746b27a/download/listado-de-comunidades-indigenas-20251112.csv
"Comunidad Ranquel ""Ñuke Mapu"" (pueblo Ranquel)","Puelén, La Pampa",,2014,http://datos.mininterior.gob.ar/dataset/6a702e6f-3292-44fe-804f-16b8dee008c1/resource/3c2137d5-46d3-40cf-9e01-ee406746b27a/download/listado-de-comunidades-indigenas-20251112.csv
Comunidad Rankül Nahuel Auca (pueblo Ranquel),"Rancul, La Pampa",,2014,http://datos.mininterior.gob.ar/dataset/6a702e6f-3292-44fe-804f-16b8dee008c1/resource/3c2137d5-46d3-40cf-9e01-ee406746b27a/download/listado-de-comunidades-indigenas-20251112.csv
Comunidad Rankel Rali-Co (pueblo Ranquel),"Realicó, La Pampa",,2010,http://datos.mininterior.gob.ar/dataset/6a702e6f-3292-44fe-804f-16b8dee008c1/resource/3c2137d5-46d3-40cf-9e01-ee406746b27a/download/listado-de-comunidades-indigenas-20251112.csv
Comunidad Willi Antú (pueblo Ranquel),"Toay, La Pampa",,2003,http://datos.mininterior.gob.ar/dataset/6a702e6f-3292-44fe-804f-16b8dee008c1/resource/3c2137d5-46d3-40cf-9e01-ee406746b27a/download/listado-de-comunidades-indigenas-20251112.csv
Lof Mapuce Rankel Toay (pueblo Ranquel - Mapuche),"Toay, La Pampa",,2015,http://datos.mininterior.gob.ar/dataset/6a702e6f-3292-44fe-804f-16b8dee008c1/resource/3c2137d5-46d3-40cf-9e01-ee406746b27a/download/listado-de-comunidades-indigenas-20251112.csv
Comunidad Indígena Rankulche Panguitruz Gner (pueblo Ranquel),"Utracán, La Pampa",,2015,http://datos.mininterior.gob.ar/dataset/6a702e6f-3292-44fe-804f-16b8dee008c1/resource/3c2137d5-46d3-40cf-9e01-ee406746b27a/download/listado-de-comunidades-indigenas-20251112.csv
Comunidad Indígena Ñancufil Calderón (pueblo Ranquel),"Utracán, La Pampa",,2015,http://datos.mininterior.gob.ar/dataset/6a702e6f-3292-44fe-804f-16b8dee008c1/resource/3c2137d5-46d3-40cf-9e01-ee406746b27a/download/listado-de-comunidades-indigenas-20251112.csv
Comunidad Indígena de Guandacol (pueblo Diaguita),"Coronel Felipe Varela, La Rioja",,2008,http://datos.mininterior.gob.ar/dataset/6a702e6f-3292-44fe-804f-16b8dee008c1/resource/3c2137d5-46d3-40cf-9e01-ee406746b27a/download/listado-de-comunidades-indigenas-20251112.csv
Comunidad Colla Queyunp (pueblo Kolla),"Junín, Mendoza",,2019,http://datos.mininterior.gob.ar/dataset/6a702e6f-3292-44fe-804f-16b8dee008c1/resource/3c2137d5-46d3-40cf-9e01-ee406746b27a/download/listado-de-comunidades-indigenas-20251112.csv
Comunidad Huarpe Guaytamari (pueblo Huarpe),"Las Heras, Mendoza",,1997,http://datos.mininterior.gob.ar/dataset/6a702e6f-3292-44fe-804f-16b8dee008c1/resource/3c2137d5-46d3-40cf-9e01-ee406746b27a/download/listado-de-comunidades-indigenas-20251112.csv
Comunidad Huarpe Llahuen Xumec (pueblo Huarpe),"Las Heras, Mendoza",,2010,http://datos.mininterior.gob.ar/dataset/6a702e6f-3292-44fe-804f-16b8dee008c1/resource/3c2137d5-46d3-40cf-9e01-ee406746b27a/download/listado-de-comunidades-indigenas-20251112.csv
Comunidad Kuien Like (pueblo Ranquel),"Las Heras, Mendoza",,2010,http://datos.mininterior.gob.ar/dataset/6a702e6f-3292-44fe-804f-16b8dee008c1/resource/3c2137d5-46d3-40cf-9e01-ee406746b27a/download/listado-de-comunidades-indigenas-20251112.csv
Comunidad Mapuche Mapudungun (pueblo Mapuche Pehuenche),"Las Heras, Mendoza",,2002,http://datos.mininterior.gob.ar/dataset/6a702e6f-3292-44fe-804f-16b8dee008c1/resource/3c2137d5-46d3-40cf-9e01-ee406746b27a/download/listado-de-comunidades-indigenas-20251112.csv
Comunidad Aborigen Huarpe José Andrés Díaz (pueblo Huarpe),"Lavalle, Mendoza",,1999,http://datos.mininterior.gob.ar/dataset/6a702e6f-3292-44fe-804f-16b8dee008c1/resource/3c2137d5-46d3-40cf-9e01-ee406746b27a/download/listado-de-comunidades-indigenas-20251112.csv
Comunidad Aborigen Huarpe José Ramón Guaquinchay (pueblo Huarpe),"Lavalle, Mendoza",,1999,http://datos.mininterior.gob.ar/dataset/6a702e6f-3292-44fe-804f-16b8dee008c1/resource/3c2137d5-46d3-40cf-9e01-ee406746b27a/download/listado-de-comunidades-indigenas-20251112.csv
Comunidad Aborigen Huarpe Paula Guaquinchay (pueblo Huarpe),"Lavalle, Mendoza",,1999,http://datos.mininterior.gob.ar/dataset/6a702e6f-3292-44fe-804f-16b8dee008c1/resource/3c2137d5-46d3-40cf-9e01-ee406746b27a/download/listado-de-comunidades-indigenas-20251112.csv
Comunidad Aborigen Huarpe Santos Guayama (pueblo Huarpe),"Lavalle, Mendoza",,1999,http://datos.mininterior.gob.ar/dataset/6a702e6f-3292-44fe-804f-16b8dee008c1/resource/3c2137d5-46d3-40cf-9e01-ee406746b27a/download/listado-de-comunidades-indigenas-20251112.csv
Comunidad Huarpe Elías Guaquinchay (pueblo Huarpe),"Lavalle, Mendoza",,1999,http://datos.mininterior.gob.ar/dataset/6a702e6f-3292-44fe-804f-16b8dee008c1/resource/3c2137d5-46d3-40cf-9e01-ee406746b27a/download/listado-de-comunidades-indigenas-20251112.csv
Comunidad Huarpe Güentota (pueblo Huarpe),"Lavalle, Mendoza",,1998,http://datos.mininterior.gob.ar/dataset/6a702e6f-3292-44fe-804f-16b8dee008c1/resource/3c2137d5-46d3-40cf-9e01-ee406746b27a/download/listado-de-comunidades-indigenas-20251112.csv
Comunidad Huarpe Josefa Peréz (pueblo Huarpe),"Lavalle, Mendoza",,1999,http://datos.mininterior.gob.ar/dataset/6a702e6f-3292-44fe-804f-16b8dee008c1/resource/3c2137d5-46d3-40cf-9e01-ee406746b27a/download/listado-de-comunidades-indigenas-20251112.csv
Comunidad Huarpe Juan Bautista Villegas (pueblo Huarpe),"Lavalle, Mendoza",,1999,http://datos.mininterior.gob.ar/dataset/6a702e6f-3292-44fe-804f-16b8dee008c1/resource/3c2137d5-46d3-40cf-9e01-ee406746b27a/download/listado-de-comunidades-indigenas-20251112.csv
Comunidad Huarpe Juan Manuel Villegas (pueblo Huarpe),"Lavalle, Mendoza",,1999,http://datos.mininterior.gob.ar/dataset/6a702e6f-3292-44fe-804f-16b8dee008c1/resource/3c2137d5-46d3-40cf-9e01-ee406746b27a/download/listado-de-comunidades-indigenas-20251112.csv
Comunidad Huarpe Lagunas Del Rosario (pueblo Huarpe),"Lavalle, Mendoza",,1999,http://datos.mininterior.gob.ar/dataset/6a702e6f-3292-44fe-804f-16b8dee008c1/resource/3c2137d5-46d3-40cf-9e01-ee406746b27a/download/listado-de-comunidades-indigenas-20251112.csv
Comunidad Huarpe Secundino Talquenca (pueblo Huarpe),"Lavalle, Mendoza",,1999,http://datos.mininterior.gob.ar/dataset/6a702e6f-3292-44fe-804f-16b8dee008c1/resource/3c2137d5-46d3-40cf-9e01-ee406746b27a/download/listado-de-comunidades-indigenas-20251112.csv
Comunidad Pinkanta (pueblo Huarpe),"Lavalle, Mendoza",,2013,http://datos.mininterior.gob.ar/dataset/6a702e6f-3292-44fe-804f-16b8dee008c1/resource/3c2137d5-46d3-40cf-9e01-ee406746b27a/download/listado-de-comunidades-indigenas-20251112.csv
Lof Buta Mallin (pueblo Mapuche),"Malargüe, Mendoza",,2014,http://datos.mininterior.gob.ar/dataset/6a702e6f-3292-44fe-804f-16b8dee008c1/resource/3c2137d5-46d3-40cf-9e01-ee406746b27a/download/listado-de-comunidades-indigenas-20251112.csv
Lof El Altepal (pueblo Mapuche Pehuenche),"Malargüe, Mendoza",,2014,http://datos.mininterior.gob.ar/dataset/6a702e6f-3292-44fe-804f-16b8dee008c1/resource/3c2137d5-46d3-40cf-9e01-ee406746b27a/download/listado-de-comunidades-indigenas-20251112.csv
Lof Kupan Kupalme (pueblo Mapuche),"Malargüe, Mendoza",,2009,http://datos.mininterior.gob.ar/dataset/6a702e6f-3292-44fe-804f-16b8dee008c1/resource/3c2137d5-46d3-40cf-9e01-ee406746b27a/download/listado-de-comunidades-indigenas-20251112.csv
Lof Laguna Iberá (pueblo Mapuche Pehuenche),"Malargüe, Mendoza",,2014,http://datos.mininterior.gob.ar/dataset/6a702e6f-3292-44fe-804f-16b8dee008c1/resource/3c2137d5-46d3-40cf-9e01-ee406746b27a/download/listado-de-comunidades-indigenas-20251112.csv
Lof Limay Kurref (pueblo Mapuche),"Malargüe, Mendoza",,2014,http://datos.mininterior.gob.ar/dataset/6a702e6f-3292-44fe-804f-16b8dee008c1/resource/3c2137d5-46d3-40cf-9e01-ee406746b27a/download/listado-de-comunidades-indigenas-20251112.csv
Lof Malal Pincheira (pueblo Mapuche),"Malargüe, Mendoza",,2009,http://datos.mininterior.gob.ar/dataset/6a702e6f-3292-44fe-804f-16b8dee008c1/resource/3c2137d5-46d3-40cf-9e01-ee406746b27a/download/listado-de-comunidades-indigenas-20251112.csv
Lof Poñi We (pueblo Mapuche),"Malargüe, Mendoza",,2014,http://datos.mininterior.gob.ar/dataset/6a702e6f-3292-44fe-804f-16b8dee008c1/resource/3c2137d5-46d3-40cf-9e01-ee406746b27a/download/listado-de-comunidades-indigenas-20251112.csv
Lof Ranquil-ko (pueblo Mapuche),"Malargüe, Mendoza",,2013,http://datos.mininterior.gob.ar/dataset/6a702e6f-3292-44fe-804f-16b8dee008c1/resource/3c2137d5-46d3-40cf-9e01-ee406746b27a/download/listado-de-comunidades-indigenas-20251112.csv
Lof Suyai Levfv (pueblo Mapuche),"Malargüe, Mendoza",,2023,http://datos.mininterior.gob.ar/dataset/6a702e6f-3292-44fe-804f-16b8dee008c1/resource/3c2137d5-46d3-40cf-9e01-ee406746b27a/download/listado-de-comunidades-indigenas-20251112.csv
Lof El Sosneado (pueblo Mapuche),"San Rafael, Mendoza",,2023,http://datos.mininterior.gob.ar/dataset/6a702e6f-3292-44fe-804f-16b8dee008c1/resource/3c2137d5-46d3-40cf-9e01-ee406746b27a/download/listado-de-comunidades-indigenas-20251112.csv
Comunidad Huarpe Francisco Talquenca (pueblo Huarpe),"Santa Rosa, Mendoza",,2015,http://datos.mininterior.gob.ar/dataset/6a702e6f-3292-44fe-804f-16b8dee008c1/resource/3c2137d5-46d3-40cf-9e01-ee406746b27a/download/listado-de-comunidades-indigenas-20251112.csv
"Comunidad Aborigen Guaraní del Asentamiento ""Tekoa Ara Poty"" (pueblo Mbya Guaraní)","25 de Mayo, Misiones",,1993,http://datos.mininterior.gob.ar/dataset/6a702e6f-3292-44fe-804f-16b8dee008c1/resource/3c2137d5-46d3-40cf-9e01-ee406746b27a/download/listado-de-comunidades-indigenas-20251112.csv
Comunidad Aborigen Guaraní del Asentamiento Tamandua (pueblo Mbya Guaraní),"25 de Mayo, Misiones",,1990,http://datos.mininterior.gob.ar/dataset/6a702e6f-3292-44fe-804f-16b8dee008c1/resource/3c2137d5-46d3-40cf-9e01-ee406746b27a/download/listado-de-comunidades-indigenas-20251112.csv
Comunidad Aborigen Guaviray (pueblo Mbya Guaraní),"25 de mayo, Misiones",,2018,http://datos.mininterior.gob.ar/dataset/6a702e6f-3292-44fe-804f-16b8dee008c1/resource/3c2137d5-46d3-40cf-9e01-ee406746b27a/download/listado-de-comunidades-indigenas-20251112.csv
Comunidad Aborigen Cuña Pirú II Arroyo Liso - Kaa Kupé (pueblo Mbya Guaraní),"Cainguás, Misiones",,1990,http://datos.mininterior.gob.ar/dataset/6a702e6f-3292-44fe-804f-16b8dee008c1/resource/3c2137d5-46d3-40cf-9e01-ee406746b27a/download/listado-de-comunidades-indigenas-20251112.csv
Comunidad Aborigen Guaraní Ñaro Kuña Pirú (pueblo Mbya Guaraní),"Cainguás, Misiones",,1994,http://datos.mininterior.gob.ar/dataset/6a702e6f-3292-44fe-804f-16b8dee008c1/resource/3c2137d5-46d3-40cf-9e01-ee406746b27a/download/listado-de-comunidades-indigenas-20251112.csv
Comunidad Aborigen Kaa Poty (pueblo Mbya Guaraní),"Cainguás, Misiones",,2000,http://datos.mininterior.gob.ar/dataset/6a702e6f-3292-44fe-804f-16b8dee008c1/resource/3c2137d5-46d3-40cf-9e01-ee406746b27a/download/listado-de-comunidades-indigenas-20251112.csv
Comunidad Aborigen Kaaguy Poty (pueblo Mbya Guaraní),"Cainguás, Misiones",,1990,http://datos.mininterior.gob.ar/dataset/6a702e6f-3292-44fe-804f-16b8dee008c1/resource/3c2137d5-46d3-40cf-9e01-ee406746b27a/download/listado-de-comunidades-indigenas-20251112.csv
Comunidad Aborigen Kapií Poty (pueblo Mbya Guaraní),"Cainguás, Misiones",,2002,http://datos.mininterior.gob.ar/dataset/6a702e6f-3292-44fe-804f-16b8dee008c1/resource/3c2137d5-46d3-40cf-9e01-ee406746b27a/download/listado-de-comunidades-indigenas-20251112.csv
Comunidad Aborigen Ka´aguy Mirí Rupá (pueblo Mbya Guaraní),"Cainguás, Misiones",,2014,http://datos.mininterior.gob.ar/dataset/6a702e6f-3292-44fe-804f-16b8dee008c1/resource/3c2137d5-46d3-40cf-9e01-ee406746b27a/download/listado-de-comunidades-indigenas-20251112.csv
Comunidad Aborigen Koeju (pueblo Mbya Guaraní),"Cainguás, Misiones",,2014,http://datos.mininterior.gob.ar/dataset/6a702e6f-3292-44fe-804f-16b8dee008c1/resource/3c2137d5-46d3-40cf-9e01-ee406746b27a/download/listado-de-comunidades-indigenas-20251112.csv
Comunidad Aborigen Sarakura (pueblo Mbya Guaraní),"Cainguás, Misiones",,2014,http://datos.mininterior.gob.ar/dataset/6a702e6f-3292-44fe-804f-16b8dee008c1/resource/3c2137d5-46d3-40cf-9e01-ee406746b27a/download/listado-de-comunidades-indigenas-20251112.csv
Comunidad Aborigen Tapyzavy (pueblo Mbya Guaraní),"Cainguás, Misiones",,2015,http://datos.mininterior.gob.ar/dataset/6a702e6f-3292-44fe-804f-16b8dee008c1/resource/3c2137d5-46d3-40cf-9e01-ee406746b27a/download/listado-de-comunidades-indigenas-20251112.csv
Comunidad Aborigen Tayy Poty (pueblo Mbya Guaraní),"Cainguás, Misiones",,1991,http://datos.mininterior.gob.ar/dataset/6a702e6f-3292-44fe-804f-16b8dee008c1/resource/3c2137d5-46d3-40cf-9e01-ee406746b27a/download/listado-de-comunidades-indigenas-20251112.csv
Comunidad Aborigen Yvy Pytá (pueblo Mbya Guaraní),"Cainguás, Misiones",,1991,http://datos.mininterior.gob.ar/dataset/6a702e6f-3292-44fe-804f-16b8dee008c1/resource/3c2137d5-46d3-40cf-9e01-ee406746b27a/download/listado-de-comunidades-indigenas-20251112.csv
Comunidad Tierras Blancas (pueblo Mbya Guaraní),"Cainguás, Misiones",,2013,http://datos.mininterior.gob.ar/dataset/6a702e6f-3292-44fe-804f-16b8dee008c1/resource/3c2137d5-46d3-40cf-9e01-ee406746b27a/download/listado-de-comunidades-indigenas-20251112.csv
Comunidad Yvytu Porã (pueblo Mbya Guaraní),"Cainguás, Misiones",,2015,http://datos.mininterior.gob.ar/dataset/6a702e6f-3292-44fe-804f-16b8dee008c1/resource/3c2137d5-46d3-40cf-9e01-ee406746b27a/download/listado-de-comunidades-indigenas-20251112.csv
Comunidad Aborigen Guaraní Santa Ana Mirí (pueblo Mbya Guaraní),"Candelaria, Misiones",,1992,http://datos.mininterior.gob.ar/dataset/6a702e6f-3292-44fe-804f-16b8dee008c1/resource/3c2137d5-46d3-40cf-9e01-ee406746b27a/download/listado-de-comunidades-indigenas-20251112.csv
Comunidad Aborigen Urundayty (pueblo Mbya Guaraní),"Candelaria, Misiones",,2008,http://datos.mininterior.gob.ar/dataset/6a702e6f-3292-44fe-804f-16b8dee008c1/resource/3c2137d5-46d3-40cf-9e01-ee406746b27a/download/listado-de-comunidades-indigenas-20251112.csv
Comunidad Aborigen Yatemí (pueblo Mbya Guaraní),"Candelaria, Misiones",,2001,http://datos.mininterior.gob.ar/dataset/6a702e6f-3292-44fe-804f-16b8dee008c1/resource/3c2137d5-46d3-40cf-9e01-ee406746b27a/download/listado-de-comunidades-indigenas-20251112.csv
"Comunidad Indígena Ivoty Okara, Bompland (pueblo Mbya Guaraní)","Candelaria, Misiones",,,http://datos.mininterior.gob.ar/dataset/6a702e6f-3292-44fe-804f-16b8dee008c1/resource/3c2137d5-46d3-40cf-9e01-ee406746b27a/download/listado-de-comunidades-indigenas-20251112.csv
Comunidad Santa Ana Poty (pueblo Mbya Guaraní),"Candelaria, Misiones",,2014,http://datos.mininterior.gob.ar/dataset/6a702e6f-3292-44fe-804f-16b8dee008c1/resource/3c2137d5-46d3-40cf-9e01-ee406746b27a/download/listado-de-comunidades-indigenas-20251112.csv
Comunidad Aborigen Guaraní Ojo de Agua (pueblo Mbya Guaraní),"Concepción, Misiones",,1991,http://datos.mininterior.gob.ar/dataset/6a702e6f-3292-44fe-804f-16b8dee008c1/resource/3c2137d5-46d3-40cf-9e01-ee406746b27a/download/listado-de-comunidades-indigenas-20251112.csv
Comunidad Aborigen Y Raká Mirí (pueblo Mbya Guaraní),"Concepción, Misiones",,2006,http://datos.mininterior.gob.ar/dataset/6a702e6f-3292-44fe-804f-16b8dee008c1/resource/3c2137d5-46d3-40cf-9e01-ee406746b27a/download/listado-de-comunidades-indigenas-20251112.csv
Comunidad Pindo Ju (pueblo Mbya Guaraní),"Concepción, Misiones",,2018,http://datos.mininterior.gob.ar/dataset/6a702e6f-3292-44fe-804f-16b8dee008c1/resource/3c2137d5-46d3-40cf-9e01-ee406746b27a/download/listado-de-comunidades-indigenas-20251112.csv
Comunidad Aborigen Ysyry (pueblo Mbya Guaraní),"Eldorado, Misiones",,2008,http://datos.mininterior.gob.ar/dataset/6a702e6f-3292-44fe-804f-16b8dee008c1/resource/3c2137d5-46d3-40cf-9e01-ee406746b27a/download/listado-de-comunidades-indigenas-20251112.csv
Comunidad Aborigen de Santiago De Liniers (pueblo Mbya Guaraní),"Eldorado, Misiones",,1990,http://datos.mininterior.gob.ar/dataset/6a702e6f-3292-44fe-804f-16b8dee008c1/resource/3c2137d5-46d3-40cf-9e01-ee406746b27a/download/listado-de-comunidades-indigenas-20251112.csv
Comunidad Aguaray Mini (pueblo Mbya Guaraní),"Eldorado, Misiones",,2013,http://datos.mininterior.gob.ar/dataset/6a702e6f-3292-44fe-804f-16b8dee008c1/resource/3c2137d5-46d3-40cf-9e01-ee406746b27a/download/listado-de-comunidades-indigenas-20251112.csv
Comunidad Aguaí Poty (pueblo Mbya Guaraní),"Eldorado, Misiones",,2011,http://datos.mininterior.gob.ar/dataset/6a702e6f-3292-44fe-804f-16b8dee008c1/resource/3c2137d5-46d3-40cf-9e01-ee406746b27a/download/listado-de-comunidades-indigenas-20251112.csv
Comunidad Aborigen Kaaguy Porá I (pueblo Mbya Guaraní),"General Manuel Belgrano, Misiones",,1990,http://datos.mininterior.gob.ar/dataset/6a702e6f-3292-44fe-804f-16b8dee008c1/resource/3c2137d5-46d3-40cf-9e01-ee406746b27a/download/listado-de-comunidades-indigenas-20251112.csv
Comunidad Aborigen Kaaguy Porá II (pueblo Mbya Guaraní),"General Manuel Belgrano, Misiones",,2022,http://datos.mininterior.gob.ar/dataset/6a702e6f-3292-44fe-804f-16b8dee008c1/resource/3c2137d5-46d3-40cf-9e01-ee406746b27a/download/listado-de-comunidades-indigenas-20251112.csv
Comunidad Aborigen Chafariz (pueblo Mbya Guaraní),"Guaraní, Misiones",,1990,http://datos.mininterior.gob.ar/dataset/6a702e6f-3292-44fe-804f-16b8dee008c1/resource/3c2137d5-46d3-40cf-9e01-ee406746b27a/download/listado-de-comunidades-indigenas-20251112.csv
Comunidad Aborigen Guaraní Kurupay-ty (pueblo Mbya Guaraní),"Guaraní, Misiones",,1993,http://datos.mininterior.gob.ar/dataset/6a702e6f-3292-44fe-804f-16b8dee008c1/resource/3c2137d5-46d3-40cf-9e01-ee406746b27a/download/listado-de-comunidades-indigenas-20251112.csv
Comunidad Aborigen Guaraní Pai Antonio Martínez (Fracran) (pueblo Mbya Guaraní),"Guaraní, Misiones",,1991,http://datos.mininterior.gob.ar/dataset/6a702e6f-3292-44fe-804f-16b8dee008c1/resource/3c2137d5-46d3-40cf-9e01-ee406746b27a/download/listado-de-comunidades-indigenas-20251112.csv
Comunidad Aborigen Guirai (pueblo Mbya Guaraní),"Guaraní, Misiones",,1990,http://datos.mininterior.gob.ar/dataset/6a702e6f-3292-44fe-804f-16b8dee008c1/resource/3c2137d5-46d3-40cf-9e01-ee406746b27a/download/listado-de-comunidades-indigenas-20251112.csv
Comunidad Aborigen Iguaporá (pueblo Mbya Guaraní),"Guaraní, Misiones",,2005,http://datos.mininterior.gob.ar/dataset/6a702e6f-3292-44fe-804f-16b8dee008c1/resource/3c2137d5-46d3-40cf-9e01-ee406746b27a/download/listado-de-comunidades-indigenas-20251112.csv
Comunidad Aborigen Jeji (pueblo Mbya Guaraní),"Guaraní, Misiones",,2000,http://datos.mininterior.gob.ar/dataset/6a702e6f-3292-44fe-804f-16b8dee008c1/resource/3c2137d5-46d3-40cf-9e01-ee406746b27a/download/listado-de-comunidades-indigenas-20251112.csv
Comunidad Aborigen Pindó Poty (pueblo Mbya Guaraní),"Guaraní, Misiones",,2001,http://datos.mininterior.gob.ar/dataset/6a702e6f-3292-44fe-804f-16b8dee008c1/resource/3c2137d5-46d3-40cf-9e01-ee406746b27a/download/listado-de-comunidades-indigenas-20251112.csv
Comunidad Aborigen Tacuaruzu (pueblo Mbya Guaraní),"Guaraní, Misiones",,1991,http://datos.mininterior.gob.ar/dataset/6a702e6f-3292-44fe-804f-16b8dee008c1/resource/3c2137d5-46d3-40cf-9e01-ee406746b27a/download/listado-de-comunidades-indigenas-20251112.csv
Comunidad Aborigen Tarumá Poty (pueblo Mbya Guaraní),"Guaraní, Misiones",,1994,http://datos.mininterior.gob.ar/dataset/6a702e6f-3292-44fe-804f-16b8dee008c1/resource/3c2137d5-46d3-40cf-9e01-ee406746b27a/download/listado-de-comunidades-indigenas-20251112.csv
Comunidad Aborigen Tekoa Imá (pueblo Mbya Guaraní),"Guaraní, Misiones",,1999,http://datos.mininterior.gob.ar/dataset/6a702e6f-3292-44fe-804f-16b8dee008c1/resource/3c2137d5-46d3-40cf-9e01-ee406746b27a/download/listado-de-comunidades-indigenas-20251112.csv
Comunidad Aborigen Tekoa Marey (pueblo Mbya Guaraní),"Guaraní, Misiones",,1991,http://datos.mininterior.gob.ar/dataset/6a702e6f-3292-44fe-804f-16b8dee008c1/resource/3c2137d5-46d3-40cf-9e01-ee406746b27a/download/listado-de-comunidades-indigenas-20251112.csv
Comunidad Aborigen Uruguai (pueblo Mbya Guaraní),"Guaraní, Misiones",,1991,http://datos.mininterior.gob.ar/dataset/6a702e6f-3292-44fe-804f-16b8dee008c1/resource/3c2137d5-46d3-40cf-9e01-ee406746b27a/download/listado-de-comunidades-indigenas-20251112.csv
Comunidad Aborigen Yvyraity (pueblo Mbya Guaraní),"Guaraní, Misiones",,2008,http://datos.mininterior.gob.ar/dataset/6a702e6f-3292-44fe-804f-16b8dee008c1/resource/3c2137d5-46d3-40cf-9e01-ee406746b27a/download/listado-de-comunidades-indigenas-20251112.csv
Comunidad Arroyo Nueve (pueblo Mbya Guaraní),"Guaraní, Misiones",,2018,http://datos.mininterior.gob.ar/dataset/6a702e6f-3292-44fe-804f-16b8dee008c1/resource/3c2137d5-46d3-40cf-9e01-ee406746b27a/download/listado-de-comunidades-indigenas-20251112.csv
Comunidad Caramelito (pueblo Mbya Guaraní),"Guaraní, Misiones",,2016,http://datos.mininterior.gob.ar/dataset/6a702e6f-3292-44fe-804f-16b8dee008c1/resource/3c2137d5-46d3-40cf-9e01-ee406746b27a/download/listado-de-comunidades-indigenas-20251112.csv
Comunidad Ita Pirú (pueblo Mbya Guaraní),"Guaraní, Misiones",,2019,http://datos.mininterior.gob.ar/dataset/6a702e6f-3292-44fe-804f-16b8dee008c1/resource/3c2137d5-46d3-40cf-9e01-ee406746b27a/download/listado-de-comunidades-indigenas-20251112.csv
Comunidad Itao Mirí (pueblo Mbya Guaraní),"Guaraní, Misiones",,2012,http://datos.mininterior.gob.ar/dataset/6a702e6f-3292-44fe-804f-16b8dee008c1/resource/3c2137d5-46d3-40cf-9e01-ee406746b27a/download/listado-de-comunidades-indigenas-20251112.csv
Comunidad Jejy Mirí (pueblo Mbya Guaraní),"Guaraní, Misiones",,2019,http://datos.mininterior.gob.ar/dataset/6a702e6f-3292-44fe-804f-16b8dee008c1/resource/3c2137d5-46d3-40cf-9e01-ee406746b27a/download/listado-de-comunidades-indigenas-20251112.csv
Comunidad Mbya Guaraní Yriapy (pueblo Mbya Guaraní),"Guaraní, Misiones",,2018,http://datos.mininterior.gob.ar/dataset/6a702e6f-3292-44fe-804f-16b8dee008c1/resource/3c2137d5-46d3-40cf-9e01-ee406746b27a/download/listado-de-comunidades-indigenas-20251112.csv
Comunidad Paraje Mandarina (pueblo Mbya Guaraní),"Guaraní, Misiones",,2019,http://datos.mininterior.gob.ar/dataset/6a702e6f-3292-44fe-804f-16b8dee008c1/resource/3c2137d5-46d3-40cf-9e01-ee406746b27a/download/listado-de-comunidades-indigenas-20251112.csv
Comunidad Tacuarí (pueblo Mbya Guaraní),"Guaraní, Misiones",,2023,http://datos.mininterior.gob.ar/dataset/6a702e6f-3292-44fe-804f-16b8dee008c1/resource/3c2137d5-46d3-40cf-9e01-ee406746b27a/download/listado-de-comunidades-indigenas-20251112.csv
"Comunidad Aborigen ""Mirí Marangatu"" (pueblo Mbya Guaraní)","Iguazú, Misiones",,2016,http://datos.mininterior.gob.ar/dataset/6a702e6f-3292-44fe-804f-16b8dee008c1/resource/3c2137d5-46d3-40cf-9e01-ee406746b27a/download/listado-de-comunidades-indigenas-20251112.csv
Comunidad Aborigen Andrés Guacurarí (pueblo Mbya Guaraní),"Iguazú, Misiones",,,http://datos.mininterior.gob.ar/dataset/6a702e6f-3292-44fe-804f-16b8dee008c1/resource/3c2137d5-46d3-40cf-9e01-ee406746b27a/download/listado-de-comunidades-indigenas-20251112.csv
Comunidad Aborigen Guarani Aldea Guapoy (pueblo Mbya Guaraní),"Iguazú, Misiones",,1993,http://datos.mininterior.gob.ar/dataset/6a702e6f-3292-44fe-804f-16b8dee008c1/resource/3c2137d5-46d3-40cf-9e01-ee406746b27a/download/listado-de-comunidades-indigenas-20251112.csv
Comunidad Aborigen Guarani Fortín Mbororé (pueblo Mbya Guaraní),"Iguazú, Misiones",,1992,http://datos.mininterior.gob.ar/dataset/6a702e6f-3292-44fe-804f-16b8dee008c1/resource/3c2137d5-46d3-40cf-9e01-ee406746b27a/download/listado-de-comunidades-indigenas-20251112.csv
Comunidad Aborigen Guaraní Tekoa - Puajú Nuevo Amanecer (pueblo Mbya Guaraní),"Iguazú, Misiones",,2003,http://datos.mininterior.gob.ar/dataset/6a702e6f-3292-44fe-804f-16b8dee008c1/resource/3c2137d5-46d3-40cf-9e01-ee406746b27a/download/listado-de-comunidades-indigenas-20251112.csv
Comunidad Aborigen Guayay vi Poty (pueblo Mbya Guaraní),"Iguazú, Misiones",,2023,http://datos.mininterior.gob.ar/dataset/6a702e6f-3292-44fe-804f-16b8dee008c1/resource/3c2137d5-46d3-40cf-9e01-ee406746b27a/download/listado-de-comunidades-indigenas-20251112.csv
Comunidad Aborigen Iriapú (pueblo Mbya Guaraní),"Iguazú, Misiones",,1991,http://datos.mininterior.gob.ar/dataset/6a702e6f-3292-44fe-804f-16b8dee008c1/resource/3c2137d5-46d3-40cf-9e01-ee406746b27a/download/listado-de-comunidades-indigenas-20251112.csv
Comunidad Aborigen Jasy Porá (pueblo Mbya Guaraní),"Iguazú, Misiones",,2010,http://datos.mininterior.gob.ar/dataset/6a702e6f-3292-44fe-804f-16b8dee008c1/resource/3c2137d5-46d3-40cf-9e01-ee406746b27a/download/listado-de-comunidades-indigenas-20251112.csv
Comunidad Aborigen Tupá Mbae (pueblo Mbya Guaraní),"Iguazú, Misiones",,2023,http://datos.mininterior.gob.ar/dataset/6a702e6f-3292-44fe-804f-16b8dee008c1/resource/3c2137d5-46d3-40cf-9e01-ee406746b27a/download/listado-de-comunidades-indigenas-20251112.csv
Comunidad Itá Poty Mirí (pueblo Mbya Guaraní),"Iguazú, Misiones",,,http://datos.mininterior.gob.ar/dataset/6a702e6f-3292-44fe-804f-16b8dee008c1/resource/3c2137d5-46d3-40cf-9e01-ee406746b27a/download/listado-de-comunidades-indigenas-20251112.csv
Comunidad Nuevo Amanecer (pueblo Mbya Guaraní),"Iguazú, Misiones",,2018,http://datos.mininterior.gob.ar/dataset/6a702e6f-3292-44fe-804f-16b8dee008c1/resource/3c2137d5-46d3-40cf-9e01-ee406746b27a/download/listado-de-comunidades-indigenas-20251112.csv
Comunidad Aborigen El Pocito (pueblo Mbya Guaraní),"Libertador Grl. San Martín, Misiones",,1990,http://datos.mininterior.gob.ar/dataset/6a702e6f-3292-44fe-804f-16b8dee008c1/resource/3c2137d5-46d3-40cf-9e01-ee406746b27a/download/listado-de-comunidades-indigenas-20251112.csv
Comunidad Aborigen Guaraní Salto Tabay Jardín América (pueblo Mbya Guaraní),"Libertador Grl. San Martín, Misiones",,1993,http://datos.mininterior.gob.ar/dataset/6a702e6f-3292-44fe-804f-16b8dee008c1/resource/3c2137d5-46d3-40cf-9e01-ee406746b27a/download/listado-de-comunidades-indigenas-20251112.csv
Comunidad Aborigen Guaraní Tamandua I (pueblo Mbya Guaraní),"Libertador Grl. San Martín, Misiones",,1994,http://datos.mininterior.gob.ar/dataset/6a702e6f-3292-44fe-804f-16b8dee008c1/resource/3c2137d5-46d3-40cf-9e01-ee406746b27a/download/listado-de-comunidades-indigenas-20251112.csv
Comunidad Aborigen Guaraní Tekoa Pyahui (pueblo Mbya Guaraní),"Libertador Grl. San Martín, Misiones",,1991,http://datos.mininterior.gob.ar/dataset/6a702e6f-3292-44fe-804f-16b8dee008c1/resource/3c2137d5-46d3-40cf-9e01-ee406746b27a/download/listado-de-comunidades-indigenas-20251112.csv
Comunidad Aborigen Guaraní Yhovy (pueblo Mbya Guaraní),"Libertador Grl. San Martín, Misiones",,2002,http://datos.mininterior.gob.ar/dataset/6a702e6f-3292-44fe-804f-16b8dee008c1/resource/3c2137d5-46d3-40cf-9e01-ee406746b27a/download/listado-de-comunidades-indigenas-20251112.csv
Comunidad Aborigen Guaraní Ñamandú (pueblo Mbya Guaraní),"Libertador Grl. San Martín, Misiones",,1993,http://datos.mininterior.gob.ar/dataset/6a702e6f-3292-44fe-804f-16b8dee008c1/resource/3c2137d5-46d3-40cf-9e01-ee406746b27a/download/listado-de-comunidades-indigenas-20251112.csv
Comunidad Aborigen Leony Poty (pueblo Mbya Guaraní),"Libertador Grl. San Martín, Misiones",,1990,http://datos.mininterior.gob.ar/dataset/6a702e6f-3292-44fe-804f-16b8dee008c1/resource/3c2137d5-46d3-40cf-9e01-ee406746b27a/download/listado-de-comunidades-indigenas-20251112.csv
Comunidad Aborigen Marangatú (pueblo Mbya Guaraní),"Libertador Grl. San Martín, Misiones",,1994,http://datos.mininterior.gob.ar/dataset/6a702e6f-3292-44fe-804f-16b8dee008c1/resource/3c2137d5-46d3-40cf-9e01-ee406746b27a/download/listado-de-comunidades-indigenas-20251112.csv
Comunidad Aborigen Perutí (pueblo Mbya Guaraní),"Libertador Grl. San Martín, Misiones",,1991,http://datos.mininterior.gob.ar/dataset/6a702e6f-3292-44fe-804f-16b8dee008c1/resource/3c2137d5-46d3-40cf-9e01-ee406746b27a/download/listado-de-comunidades-indigenas-20251112.csv
Comunidad Aborigen Tajy Poty (pueblo Mbya Guaraní),"Libertador Grl. San Martín, Misiones",,1991,http://datos.mininterior.gob.ar/dataset/6a702e6f-3292-44fe-804f-16b8dee008c1/resource/3c2137d5-46d3-40cf-9e01-ee406746b27a/download/listado-de-comunidades-indigenas-20251112.csv
Comunidad Aborigen Takuapí-I (pueblo Mbya Guaraní),"Libertador Grl. San Martín, Misiones",,1991,http://datos.mininterior.gob.ar/dataset/6a702e6f-3292-44fe-804f-16b8dee008c1/resource/3c2137d5-46d3-40cf-9e01-ee406746b27a/download/listado-de-comunidades-indigenas-20251112.csv
Comunidad Aborigen Tekoa Guaraní (pueblo Mbya Guaraní),"Libertador Grl. San Martín, Misiones",,2003,http://datos.mininterior.gob.ar/dataset/6a702e6f-3292-44fe-804f-16b8dee008c1/resource/3c2137d5-46d3-40cf-9e01-ee406746b27a/download/listado-de-comunidades-indigenas-20251112.csv
Comunidad Aborigen Tekoa Mirí (pueblo Mbya Guaraní),"Libertador Grl. San Martín, Misiones",,2006,http://datos.mininterior.gob.ar/dataset/6a702e6f-3292-44fe-804f-16b8dee008c1/resource/3c2137d5-46d3-40cf-9e01-ee406746b27a/download/listado-de-comunidades-indigenas-20251112.csv
Comunidad Aborigen Tekoa Nande Chy Eete Tenondé (pueblo Mbya Guaraní),"Libertador Grl. San Martín, Misiones",,1993,http://datos.mininterior.gob.ar/dataset/6a702e6f-3292-44fe-804f-16b8dee008c1/resource/3c2137d5-46d3-40cf-9e01-ee406746b27a/download/listado-de-comunidades-indigenas-20251112.csv
Comunidad Aborigen Tekoa Porá (pueblo Mbya Guaraní),"Libertador Grl. San Martín, Misiones",,2003,http://datos.mininterior.gob.ar/dataset/6a702e6f-3292-44fe-804f-16b8dee008c1/resource/3c2137d5-46d3-40cf-9e01-ee406746b27a/download/listado-de-comunidades-indigenas-20251112.csv
Comunidad Ambay Poty (pueblo Mbya Guaraní),"Libertador Grl. San Martín, Misiones",,2014,http://datos.mininterior.gob.ar/dataset/6a702e6f-3292-44fe-804f-16b8dee008c1/resource/3c2137d5-46d3-40cf-9e01-ee406746b27a/download/listado-de-comunidades-indigenas-20251112.csv
Comunidad Azul (pueblo Mbya Guaraní),"Libertador Grl. San Martín, Misiones",,2014,http://datos.mininterior.gob.ar/dataset/6a702e6f-3292-44fe-804f-16b8dee008c1/resource/3c2137d5-46d3-40cf-9e01-ee406746b27a/download/listado-de-comunidades-indigenas-20251112.csv
Comunidad Guapoy Poty (pueblo Mbya Guaraní),"Libertador Grl. San Martín, Misiones",,2023,http://datos.mininterior.gob.ar/dataset/6a702e6f-3292-44fe-804f-16b8dee008c1/resource/3c2137d5-46d3-40cf-9e01-ee406746b27a/download/listado-de-comunidades-indigenas-20251112.csv
Comunidad Kaaguy Ivate (ka'aguy'yvate) (pueblo Mbya Guaraní),"Libertador Grl. San Martín, Misiones",,2013,http://datos.mininterior.gob.ar/dataset/6a702e6f-3292-44fe-804f-16b8dee008c1/resource/3c2137d5-46d3-40cf-9e01-ee406746b27a/download/listado-de-comunidades-indigenas-20251112.csv
Comunidad Mbya Guaraní Puente Quemado II (pueblo Mbya Guaraní),"Libertador Grl. San Martín, Misiones",,2015,http://datos.mininterior.gob.ar/dataset/6a702e6f-3292-44fe-804f-16b8dee008c1/resource/3c2137d5-46d3-40cf-9e01-ee406746b27a/download/listado-de-comunidades-indigenas-20251112.csv
Comunidad Pirakua (pueblo Mbya Guaraní),"Libertador Grl. San Martín, Misiones",,2013,http://datos.mininterior.gob.ar/dataset/6a702e6f-3292-44fe-804f-16b8dee008c1/resource/3c2137d5-46d3-40cf-9e01-ee406746b27a/download/listado-de-comunidades-indigenas-20251112.csv
Comunidad Puente Quemado I (pueblo Mbya Guaraní),"Libertador Grl. San Martín, Misiones",,2018,http://datos.mininterior.gob.ar/dataset/6a702e6f-3292-44fe-804f-16b8dee008c1/resource/3c2137d5-46d3-40cf-9e01-ee406746b27a/download/listado-de-comunidades-indigenas-20251112.csv
Comunidad Tupã Mba'e (pueblo Mbya Guaraní),"Libertador Grl. San Martín, Misiones",,2015,http://datos.mininterior.gob.ar/dataset/6a702e6f-3292-44fe-804f-16b8dee008c1/resource/3c2137d5-46d3-40cf-9e01-ee406746b27a/download/listado-de-comunidades-indigenas-20251112.csv
Comunidad Yvyrá Poty (pueblo Mbya Guaraní),"Libertador Grl. San Martín, Misiones",,2013,http://datos.mininterior.gob.ar/dataset/6a702e6f-3292-44fe-804f-16b8dee008c1/resource/3c2137d5-46d3-40cf-9e01-ee406746b27a/download/listado-de-comunidades-indigenas-20251112.csv
Comunidad Yy Porá (pueblo Mbya Guaraní),"Libertador Grl. San Martín, Misiones",,2018,http://datos.mininterior.gob.ar/dataset/6a702e6f-3292-44fe-804f-16b8dee008c1/resource/3c2137d5-46d3-40cf-9e01-ee406746b27a/download/listado-de-comunidades-indigenas-20251112.csv
Comunidad Aborigen Arroyo Isla (pueblo Mbya Guaraní),"Montecarlo, Misiones",,2003,http://datos.mininterior.gob.ar/dataset/6a702e6f-3292-44fe-804f-16b8dee008c1/resource/3c2137d5-46d3-40cf-9e01-ee406746b27a/download/listado-de-comunidades-indigenas-20251112.csv
Comunidad Aborigen El Progreso (pueblo Mbya Guaraní),"Montecarlo, Misiones",,1991,http://datos.mininterior.gob.ar/dataset/6a702e6f-3292-44fe-804f-16b8dee008c1/resource/3c2137d5-46d3-40cf-9e01-ee406746b27a/download/listado-de-comunidades-indigenas-20251112.csv
Comunidad Aborigen Guavira Poty (ex Kurupayty) (pueblo Mbya Guaraní),"Montecarlo, Misiones",,1993,http://datos.mininterior.gob.ar/dataset/6a702e6f-3292-44fe-804f-16b8dee008c1/resource/3c2137d5-46d3-40cf-9e01-ee406746b27a/download/listado-de-comunidades-indigenas-20251112.csv
Comunidad Aborigen Guavirami (pueblo Mbya Guaraní),"Montecarlo, Misiones",,2023,http://datos.mininterior.gob.ar/dataset/6a702e6f-3292-44fe-804f-16b8dee008c1/resource/3c2137d5-46d3-40cf-9e01-ee406746b27a/download/listado-de-comunidades-indigenas-20251112.csv
Comunidad Aborigen Iaca Porá (Arrollo Lindo) (pueblo Mbya Guaraní),"Montecarlo, Misiones",,1991,http://datos.mininterior.gob.ar/dataset/6a702e6f-3292-44fe-804f-16b8dee008c1/resource/3c2137d5-46d3-40cf-9e01-ee406746b27a/download/listado-de-comunidades-indigenas-20251112.csv
Comunidad Aborigen Pasarela Pyaú (ex Ita Kuruzu) (pueblo Mbya Guaraní),"Montecarlo, Misiones",,2003,http://datos.mininterior.gob.ar/dataset/6a702e6f-3292-44fe-804f-16b8dee008c1/resource/3c2137d5-46d3-40cf-9e01-ee406746b27a/download/listado-de-comunidades-indigenas-20251112.csv
Comunidad Kokué Poty (pueblo Mbya Guaraní),"Montecarlo, Misiones",,2014,http://datos.mininterior.gob.ar/dataset/6a702e6f-3292-44fe-804f-16b8dee008c1/resource/3c2137d5-46d3-40cf-9e01-ee406746b27a/download/listado-de-comunidades-indigenas-20251112.csv
Comunidad Mbya Guaraní El Doradito (pueblo Mbya Guaraní),"Montecarlo, Misiones",,1993,http://datos.mininterior.gob.ar/dataset/6a702e6f-3292-44fe-804f-16b8dee008c1/resource/3c2137d5-46d3-40cf-9e01-ee406746b27a/download/listado-de-comunidades-indigenas-20251112.csv
Comunidad Aborigen Guaraní Itá Poty (pueblo Mbya Guaraní),"Oberá, Misiones",,1993,http://datos.mininterior.gob.ar/dataset/6a702e6f-3292-44fe-804f-16b8dee008c1/resource/3c2137d5-46d3-40cf-9e01-ee406746b27a/download/listado-de-comunidades-indigenas-20251112.csv
Comunidad Mbya Guaraní El Chapá (pueblo Mbya Guaraní),"Oberá, Misiones",,1990,http://datos.mininterior.gob.ar/dataset/6a702e6f-3292-44fe-804f-16b8dee008c1/resource/3c2137d5-46d3-40cf-9e01-ee406746b27a/download/listado-de-comunidades-indigenas-20251112.csv
"Comunidad Aborigen ""Ychonguy Poty"" (pueblo Mbya Guaraní)","San Ignacio, Misiones",,2017,http://datos.mininterior.gob.ar/dataset/6a702e6f-3292-44fe-804f-16b8dee008c1/resource/3c2137d5-46d3-40cf-9e01-ee406746b27a/download/listado-de-comunidades-indigenas-20251112.csv
Comunidad Aborigen Guaporaity (pueblo Mbya Guaraní),"San Ignacio, Misiones",,2007,http://datos.mininterior.gob.ar/dataset/6a702e6f-3292-44fe-804f-16b8dee008c1/resource/3c2137d5-46d3-40cf-9e01-ee406746b27a/download/listado-de-comunidades-indigenas-20251112.csv
Comunidad Aborigen Guaraní Sapukay (pueblo Mbya Guaraní),"San Ignacio, Misiones",,1991,http://datos.mininterior.gob.ar/dataset/6a702e6f-3292-44fe-804f-16b8dee008c1/resource/3c2137d5-46d3-40cf-9e01-ee406746b27a/download/listado-de-comunidades-indigenas-20251112.csv
Comunidad Aborigen Guaraní Tekoa Chapá I (pueblo Mbya Guaraní),"San Ignacio, Misiones",,1994,http://datos.mininterior.gob.ar/dataset/6a702e6f-3292-44fe-804f-16b8dee008c1/resource/3c2137d5-46d3-40cf-9e01-ee406746b27a/download/listado-de-comunidades-indigenas-20251112.csv
Comunidad Aborigen Ivy Poty (pueblo Mbya Guaraní),"San Ignacio, Misiones",,1999,http://datos.mininterior.gob.ar/dataset/6a702e6f-3292-44fe-804f-16b8dee008c1/resource/3c2137d5-46d3-40cf-9e01-ee406746b27a/download/listado-de-comunidades-indigenas-20251112.csv
Comunidad Aborigen Kaatymí San Ignacio (pueblo Mbya Guaraní),"San Ignacio, Misiones",,2006,http://datos.mininterior.gob.ar/dataset/6a702e6f-3292-44fe-804f-16b8dee008c1/resource/3c2137d5-46d3-40cf-9e01-ee406746b27a/download/listado-de-comunidades-indigenas-20251112.csv
Comunidad Aborigen Katupyry (pueblo Mbya Guaraní),"San Ignacio, Misiones",,1991,http://datos.mininterior.gob.ar/dataset/6a702e6f-3292-44fe-804f-16b8dee008c1/resource/3c2137d5-46d3-40cf-9e01-ee406746b27a/download/listado-de-comunidades-indigenas-20251112.csv
Comunidad Aborigen Kokuereí (pueblo Mbya Guaraní),"San Ignacio, Misiones",,2005,http://datos.mininterior.gob.ar/dataset/6a702e6f-3292-44fe-804f-16b8dee008c1/resource/3c2137d5-46d3-40cf-9e01-ee406746b27a/download/listado-de-comunidades-indigenas-20251112.csv
Comunidad Aborigen Teko Ñu Porá (pueblo Mbya Guaraní),"San Ignacio, Misiones",,1991,http://datos.mininterior.gob.ar/dataset/6a702e6f-3292-44fe-804f-16b8dee008c1/resource/3c2137d5-46d3-40cf-9e01-ee406746b27a/download/listado-de-comunidades-indigenas-20251112.csv
Comunidad Aborigen Yacutinga (pueblo Mbya Guaraní),"San Ignacio, Misiones",,1990,http://datos.mininterior.gob.ar/dataset/6a702e6f-3292-44fe-804f-16b8dee008c1/resource/3c2137d5-46d3-40cf-9e01-ee406746b27a/download/listado-de-comunidades-indigenas-20251112.csv
Comunidad Aborigen de Arroyo Tacuara (pueblo Mbya Guaraní),"San Ignacio, Misiones",,1991,http://datos.mininterior.gob.ar/dataset/6a702e6f-3292-44fe-804f-16b8dee008c1/resource/3c2137d5-46d3-40cf-9e01-ee406746b27a/download/listado-de-comunidades-indigenas-20251112.csv
Comunidad Aborigen de Colonia Andresito (pueblo Mbya Guaraní),"San Ignacio, Misiones",,1990,http://datos.mininterior.gob.ar/dataset/6a702e6f-3292-44fe-804f-16b8dee008c1/resource/3c2137d5-46d3-40cf-9e01-ee406746b27a/download/listado-de-comunidades-indigenas-20251112.csv
Comunidad Aborigen Ñu Porá (pueblo Mbya Guaraní),"San Ignacio, Misiones",,1999,http://datos.mininterior.gob.ar/dataset/6a702e6f-3292-44fe-804f-16b8dee008c1/resource/3c2137d5-46d3-40cf-9e01-ee406746b27a/download/listado-de-comunidades-indigenas-20251112.csv
Comunidad Mbae Pu Porá (pueblo Mbya Guaraní),"San Ignacio, Misiones",,2023,http://datos.mininterior.gob.ar/dataset/6a702e6f-3292-44fe-804f-16b8dee008c1/resource/3c2137d5-46d3-40cf-9e01-ee406746b27a/download/listado-de-comunidades-indigenas-20251112.csv
Comunidad Mbokajaty (pueblo Mbya Guaraní),"San Ignacio, Misiones",,2012,http://datos.mininterior.gob.ar/dataset/6a702e6f-3292-44fe-804f-16b8dee008c1/resource/3c2137d5-46d3-40cf-9e01-ee406746b27a/download/listado-de-comunidades-indigenas-20251112.csv
Comunidad Mbya Guaraní Tapé Porá (pueblo Mbya Guaraní),"San Ignacio, Misiones",,2022,http://datos.mininterior.gob.ar/dataset/6a702e6f-3292-44fe-804f-16b8dee008c1/resource/3c2137d5-46d3-40cf-9e01-ee406746b27a/download/listado-de-comunidades-indigenas-20251112.csv
Comunidad Pindó Tyi (pueblo Mbya Guaraní),"San Ignacio, Misiones",,2012,http://datos.mininterior.gob.ar/dataset/6a702e6f-3292-44fe-804f-16b8dee008c1/resource/3c2137d5-46d3-40cf-9e01-ee406746b27a/download/listado-de-comunidades-indigenas-20251112.csv
Comunidad Takuaral (pueblo Mbya Guaraní),"San Ignacio, Misiones",,2012,http://datos.mininterior.gob.ar/dataset/6a702e6f-3292-44fe-804f-16b8dee008c1/resource/3c2137d5-46d3-40cf-9e01-ee406746b27a/download/listado-de-comunidades-indigenas-20251112.csv
Comunidad Tava Mirí (pueblo Mbya Guaraní),"San Ignacio, Misiones",,2010,http://datos.mininterior.gob.ar/dataset/6a702e6f-3292-44fe-804f-16b8dee008c1/resource/3c2137d5-46d3-40cf-9e01-ee406746b27a/download/listado-de-comunidades-indigenas-20251112.csv
Comunidad Yataí Mirí (pueblo Mbya Guaraní),"San Ignacio, Misiones",,,http://datos.mininterior.gob.ar/dataset/6a702e6f-3292-44fe-804f-16b8dee008c1/resource/3c2137d5-46d3-40cf-9e01-ee406746b27a/download/listado-de-comunidades-indigenas-20251112.csv
Comunidad Aborigen Y Aca Portera (pueblo Mbya Guaraní),"San Javier, Misiones",,1991,http://datos.mininterior.gob.ar/dataset/6a702e6f-3292-44fe-804f-16b8dee008c1/resource/3c2137d5-46d3-40cf-9e01-ee406746b27a/download/listado-de-comunidades-indigenas-20251112.csv
Comunidad Aborigen Alecrin (pueblo Mbya Guaraní),"San Pedro, Misiones",,2003,http://datos.mininterior.gob.ar/dataset/6a702e6f-3292-44fe-804f-16b8dee008c1/resource/3c2137d5-46d3-40cf-9e01-ee406746b27a/download/listado-de-comunidades-indigenas-20251112.csv
Comunidad Aborigen Kapií Yvaté (pueblo Mbya Guaraní),"San Pedro, Misiones",,2000,http://datos.mininterior.gob.ar/dataset/6a702e6f-3292-44fe-804f-16b8dee008c1/resource/3c2137d5-46d3-40cf-9e01-ee406746b27a/download/listado-de-comunidades-indigenas-20251112.csv
Comunidad Aborigen Pozo Azul (pueblo Mbya Guaraní),"San Pedro, Misiones",,1990,http://datos.mininterior.gob.ar/dataset/6a702e6f-3292-44fe-804f-16b8dee008c1/resource/3c2137d5-46d3-40cf-9e01-ee406746b27a/download/listado-de-comunidades-indigenas-20251112.csv
Comunidad Aborigen Tekoa Tupambae (pueblo Mbya Guaraní),"San Pedro, Misiones",,2007,http://datos.mininterior.gob.ar/dataset/6a702e6f-3292-44fe-804f-16b8dee008c1/resource/3c2137d5-46d3-40cf-9e01-ee406746b27a/download/listado-de-comunidades-indigenas-20251112.csv
Comunidad Yaboty Mirí (pueblo Mbya Guaraní),"San Pedro, Misiones",,2019,http://datos.mininterior.gob.ar/dataset/6a702e6f-3292-44fe-804f-16b8dee008c1/resource/3c2137d5-46d3-40cf-9e01-ee406746b27a/download/listado-de-comunidades-indigenas-20251112.csv
Comundiad Agrupación Mapuche Currumil (pueblo Mapuche),"Aluminé, Neuquén",,1987,http://datos.mininterior.gob.ar/dataset/6a702e6f-3292-44fe-804f-16b8dee008c1/resource/3c2137d5-46d3-40cf-9e01-ee406746b27a/download/listado-de-comunidades-indigenas-20251112.csv
Comunidad Agrupación Mapuche Aigo (pueblo Mapuche),"Aluminé, Neuquén",,1990,http://datos.mininterior.gob.ar/dataset/6a702e6f-3292-44fe-804f-16b8dee008c1/resource/3c2137d5-46d3-40cf-9e01-ee406746b27a/download/listado-de-comunidades-indigenas-20251112.csv
Comunidad Agrupación Mapuche Hiengueihual (pueblo Mapuche),"Aluminé, Neuquén",,1990,http://datos.mininterior.gob.ar/dataset/6a702e6f-3292-44fe-804f-16b8dee008c1/resource/3c2137d5-46d3-40cf-9e01-ee406746b27a/download/listado-de-comunidades-indigenas-20251112.csv
Comunidad Indígena Ñorkinko (pueblo Mapuche),"Aluminé, Neuquén",,1997,http://datos.mininterior.gob.ar/dataset/6a702e6f-3292-44fe-804f-16b8dee008c1/resource/3c2137d5-46d3-40cf-9e01-ee406746b27a/download/listado-de-comunidades-indigenas-20251112.csv
Comunidad Lof Lefiman (pueblo Mapuche),"Aluminé, Neuquén",,2002,http://datos.mininterior.gob.ar/dataset/6a702e6f-3292-44fe-804f-16b8dee008c1/resource/3c2137d5-46d3-40cf-9e01-ee406746b27a/download/listado-de-comunidades-indigenas-20251112.csv
Comunidad Mapuche Catalán (pueblo Mapuche),"Aluminé, Neuquén",,1990,http://datos.mininterior.gob.ar/dataset/6a702e6f-3292-44fe-804f-16b8dee008c1/resource/3c2137d5-46d3-40cf-9e01-ee406746b27a/download/listado-de-comunidades-indigenas-20251112.csv
Comunidad Mapuche Puel (pueblo Mapuche),"Aluminé, Neuquén",,1990,http://datos.mininterior.gob.ar/dataset/6a702e6f-3292-44fe-804f-16b8dee008c1/resource/3c2137d5-46d3-40cf-9e01-ee406746b27a/download/listado-de-comunidades-indigenas-20251112.csv
Comunidad Tuwun Kupalmeo Maliqueo (pueblo Mapuche),"Aluminé, Neuquén",,2014,http://datos.mininterior.gob.ar/dataset/6a702e6f-3292-44fe-804f-16b8dee008c1/resource/3c2137d5-46d3-40cf-9e01-ee406746b27a/download/listado-de-comunidades-indigenas-20251112.csv
Lof Poi Pucón - Las Horquetas (pueblo Mapuche),"Aluminé, Neuquén",,2021,http://datos.mininterior.gob.ar/dataset/6a702e6f-3292-44fe-804f-16b8dee008c1/resource/3c2137d5-46d3-40cf-9e01-ee406746b27a/download/listado-de-comunidades-indigenas-20251112.csv
Comunidad Kaxipayiñ (pueblo Mapuche),"Añelo, Neuquén",,1997,http://datos.mininterior.gob.ar/dataset/6a702e6f-3292-44fe-804f-16b8dee008c1/resource/3c2137d5-46d3-40cf-9e01-ee406746b27a/download/listado-de-comunidades-indigenas-20251112.csv
Comunidad Lof Campo Maripe (pueblo Mapuche),"Añelo, Neuquén",,2014,http://datos.mininterior.gob.ar/dataset/6a702e6f-3292-44fe-804f-16b8dee008c1/resource/3c2137d5-46d3-40cf-9e01-ee406746b27a/download/listado-de-comunidades-indigenas-20251112.csv
Agrupación Indígena Paineo (pueblo Mapuche),"Catán Lil, Neuquén",,1993,http://datos.mininterior.gob.ar/dataset/6a702e6f-3292-44fe-804f-16b8dee008c1/resource/3c2137d5-46d3-40cf-9e01-ee406746b27a/download/listado-de-comunidades-indigenas-20251112.csv
Agrupación Mapuche Cayulef (pueblo Mapuche),"Catán Lil, Neuquén",,1990,http://datos.mininterior.gob.ar/dataset/6a702e6f-3292-44fe-804f-16b8dee008c1/resource/3c2137d5-46d3-40cf-9e01-ee406746b27a/download/listado-de-comunidades-indigenas-20251112.csv
Comunidad Mapuche Cayupán (pueblo Mapuche),"Catán Lil, Neuquén",,1993,http://datos.mininterior.gob.ar/dataset/6a702e6f-3292-44fe-804f-16b8dee008c1/resource/3c2137d5-46d3-40cf-9e01-ee406746b27a/download/listado-de-comunidades-indigenas-20251112.csv
Comunidad Mapuche Felipín (pueblo Mapuche),"Catán Lil, Neuquén",,1990,http://datos.mininterior.gob.ar/dataset/6a702e6f-3292-44fe-804f-16b8dee008c1/resource/3c2137d5-46d3-40cf-9e01-ee406746b27a/download/listado-de-comunidades-indigenas-20251112.csv
Comunidad Mapuche Rams (pueblo Mapuche),"Catán Lil, Neuquén",,1990,http://datos.mininterior.gob.ar/dataset/6a702e6f-3292-44fe-804f-16b8dee008c1/resource/3c2137d5-46d3-40cf-9e01-ee406746b27a/download/listado-de-comunidades-indigenas-20251112.csv
Lof Zuñiga (pueblo Mapuche),"Catán Lil, Neuquén",,2006,http://datos.mininterior.gob.ar/dataset/6a702e6f-3292-44fe-804f-16b8dee008c1/resource/3c2137d5-46d3-40cf-9e01-ee406746b27a/download/listado-de-comunidades-indigenas-20251112.csv
Agrupación Mapuche Ancatruz (pueblo Mapuche),"Collón Curá, Neuquén",,1988,http://datos.mininterior.gob.ar/dataset/6a702e6f-3292-44fe-804f-16b8dee008c1/resource/3c2137d5-46d3-40cf-9e01-ee406746b27a/download/listado-de-comunidades-indigenas-20251112.csv
Agrupación Mapuche Namuncurá (pueblo Mapuche),"Collón Curá, Neuquén",,1990,http://datos.mininterior.gob.ar/dataset/6a702e6f-3292-44fe-804f-16b8dee008c1/resource/3c2137d5-46d3-40cf-9e01-ee406746b27a/download/listado-de-comunidades-indigenas-20251112.csv
Agrupación Mapuche Paynemil (pueblo Mapuche),"Confluencia, Neuquén",,1989,http://datos.mininterior.gob.ar/dataset/6a702e6f-3292-44fe-804f-16b8dee008c1/resource/3c2137d5-46d3-40cf-9e01-ee406746b27a/download/listado-de-comunidades-indigenas-20251112.csv
Comunidad Lof Lonko Purrán (pueblo Mapuche),"Confluencia, Neuquén",,2002,http://datos.mininterior.gob.ar/dataset/6a702e6f-3292-44fe-804f-16b8dee008c1/resource/3c2137d5-46d3-40cf-9e01-ee406746b27a/download/listado-de-comunidades-indigenas-20251112.csv
Comunidad Lof Puel Pvjv (pueblo Mapuche),"Confluencia, Neuquén",,2017,http://datos.mininterior.gob.ar/dataset/6a702e6f-3292-44fe-804f-16b8dee008c1/resource/3c2137d5-46d3-40cf-9e01-ee406746b27a/download/listado-de-comunidades-indigenas-20251112.csv
Comunidad Mapuche Ragin Ko (pueblo Mapuche),"Confluencia, Neuquén",,1994,http://datos.mininterior.gob.ar/dataset/6a702e6f-3292-44fe-804f-16b8dee008c1/resource/3c2137d5-46d3-40cf-9e01-ee406746b27a/download/listado-de-comunidades-indigenas-20251112.csv
Lof Newen Mapu (pueblo Mapuche),"Confluencia, Neuquén",,2009,http://datos.mininterior.gob.ar/dataset/6a702e6f-3292-44fe-804f-16b8dee008c1/resource/3c2137d5-46d3-40cf-9e01-ee406746b27a/download/listado-de-comunidades-indigenas-20251112.csv
Lof Wirkalew (pueblo Mapuche),"Confluencia, Neuquén",,2017,http://datos.mininterior.gob.ar/dataset/6a702e6f-3292-44fe-804f-16b8dee008c1/resource/3c2137d5-46d3-40cf-9e01-ee406746b27a/download/listado-de-comunidades-indigenas-20251112.csv
Agrupación Mapuche Atreico (pueblo Mapuche),"Huiliches, Neuquén",,1990,http://datos.mininterior.gob.ar/dataset/6a702e6f-3292-44fe-804f-16b8dee008c1/resource/3c2137d5-46d3-40cf-9e01-ee406746b27a/download/listado-de-comunidades-indigenas-20251112.csv
Agrupación Mapuche Lafkenche (pueblo Mapuche),"Huiliches, Neuquén",,1996,http://datos.mininterior.gob.ar/dataset/6a702e6f-3292-44fe-804f-16b8dee008c1/resource/3c2137d5-46d3-40cf-9e01-ee406746b27a/download/listado-de-comunidades-indigenas-20251112.csv
Comunidad Indígena Raquitue (pueblo Mapuche),"Huiliches, Neuquén",,1996,http://datos.mininterior.gob.ar/dataset/6a702e6f-3292-44fe-804f-16b8dee008c1/resource/3c2137d5-46d3-40cf-9e01-ee406746b27a/download/listado-de-comunidades-indigenas-20251112.csv
Comunidad Mapuche Chiquilihuin (pueblo Mapuche),"Huiliches, Neuquén",,1990,http://datos.mininterior.gob.ar/dataset/6a702e6f-3292-44fe-804f-16b8dee008c1/resource/3c2137d5-46d3-40cf-9e01-ee406746b27a/download/listado-de-comunidades-indigenas-20251112.csv
Comunidad Mapuche Linares (pueblo Mapuche),"Huiliches, Neuquén",,1990,http://datos.mininterior.gob.ar/dataset/6a702e6f-3292-44fe-804f-16b8dee008c1/resource/3c2137d5-46d3-40cf-9e01-ee406746b27a/download/listado-de-comunidades-indigenas-20251112.csv
Comunidad Mapuche Painefilu (pueblo Mapuche),"Huiliches, Neuquén",,1993,http://datos.mininterior.gob.ar/dataset/6a702e6f-3292-44fe-804f-16b8dee008c1/resource/3c2137d5-46d3-40cf-9e01-ee406746b27a/download/listado-de-comunidades-indigenas-20251112.csv
Comunidad Agrupación Mapuche Kilapi (pueblo Mapuche),"Loncopué, Neuquén",,1990,http://datos.mininterior.gob.ar/dataset/6a702e6f-3292-44fe-804f-16b8dee008c1/resource/3c2137d5-46d3-40cf-9e01-ee406746b27a/download/listado-de-comunidades-indigenas-20251112.csv
Comunidad Mapuche Mellao Morales (pueblo Mapuche),"Loncopué, Neuquén",,1995,http://datos.mininterior.gob.ar/dataset/6a702e6f-3292-44fe-804f-16b8dee008c1/resource/3c2137d5-46d3-40cf-9e01-ee406746b27a/download/listado-de-comunidades-indigenas-20251112.csv
Comunidad Lof Kintupuray (pueblo Mapuche),"Los Lagos, Neuquén",,2018,http://datos.mininterior.gob.ar/dataset/6a702e6f-3292-44fe-804f-16b8dee008c1/resource/3c2137d5-46d3-40cf-9e01-ee406746b27a/download/listado-de-comunidades-indigenas-20251112.csv
Comunidad Lof Kinxikew (pueblo Mapuche),"Los Lagos, Neuquén",,2006,http://datos.mininterior.gob.ar/dataset/6a702e6f-3292-44fe-804f-16b8dee008c1/resource/3c2137d5-46d3-40cf-9e01-ee406746b27a/download/listado-de-comunidades-indigenas-20251112.csv
Comunidad Lof Paichil Antreao (pueblo Mapuche),"Los Lagos, Neuquén",,2007,http://datos.mininterior.gob.ar/dataset/6a702e6f-3292-44fe-804f-16b8dee008c1/resource/3c2137d5-46d3-40cf-9e01-ee406746b27a/download/listado-de-comunidades-indigenas-20251112.csv
Agrupación Mapuche Curruhuinca (pueblo Mapuche),"Lácar, Neuquén",,1986,http://datos.mininterior.gob.ar/dataset/6a702e6f-3292-44fe-804f-16b8dee008c1/resource/3c2137d5-46d3-40cf-9e01-ee406746b27a/download/listado-de-comunidades-indigenas-20251112.csv
Comunidad Indígena Cayún (pueblo Mapuche),"Lácar, Neuquén",,1996,http://datos.mininterior.gob.ar/dataset/6a702e6f-3292-44fe-804f-16b8dee008c1/resource/3c2137d5-46d3-40cf-9e01-ee406746b27a/download/listado-de-comunidades-indigenas-20251112.csv
Comunidad Mapuche Vera (pueblo Mapuche),"Lácar, Neuquén",,1991,http://datos.mininterior.gob.ar/dataset/6a702e6f-3292-44fe-804f-16b8dee008c1/resource/3c2137d5-46d3-40cf-9e01-ee406746b27a/download/listado-de-comunidades-indigenas-20251112.csv
Agrupación Mapuche Antiñir Pilquiñan (pueblo Mapuche),"Minas, Neuquén",,1990,http://datos.mininterior.gob.ar/dataset/6a702e6f-3292-44fe-804f-16b8dee008c1/resource/3c2137d5-46d3-40cf-9e01-ee406746b27a/download/listado-de-comunidades-indigenas-20251112.csv
Lof Lucero Pichiniau (pueblo Tehuelche),"Pehuenches, Neuquén",,2015,http://datos.mininterior.gob.ar/dataset/6a702e6f-3292-44fe-804f-16b8dee008c1/resource/3c2137d5-46d3-40cf-9e01-ee406746b27a/download/listado-de-comunidades-indigenas-20251112.csv
Agrupación Mapuche Cheuquel (pueblo Mapuche),"Picunches, Neuquén",,1995,http://datos.mininterior.gob.ar/dataset/6a702e6f-3292-44fe-804f-16b8dee008c1/resource/3c2137d5-46d3-40cf-9e01-ee406746b27a/download/listado-de-comunidades-indigenas-20251112.csv
Agrupación Mapuche Marifil (pueblo Mapuche),"Picún Leufú, Neuquén",,1988,http://datos.mininterior.gob.ar/dataset/6a702e6f-3292-44fe-804f-16b8dee008c1/resource/3c2137d5-46d3-40cf-9e01-ee406746b27a/download/listado-de-comunidades-indigenas-20251112.csv
Comunidad Huenctru Trawel Leufu (pueblo Mapuche),"Picún Leufú, Neuquén",,2008,http://datos.mininterior.gob.ar/dataset/6a702e6f-3292-44fe-804f-16b8dee008c1/resource/3c2137d5-46d3-40cf-9e01-ee406746b27a/download/listado-de-comunidades-indigenas-20251112.csv
Agrupación Mapuche Quinchao (pueblo Mapuche),"Zapala, Neuquén",,1990,http://datos.mininterior.gob.ar/dataset/6a702e6f-3292-44fe-804f-16b8dee008c1/resource/3c2137d5-46d3-40cf-9e01-ee406746b27a/download/listado-de-comunidades-indigenas-20251112.csv
Comunidad Lof Gelay Ko (pueblo Mapuche),"Zapala, Neuquén",,2002,http://datos.mininterior.gob.ar/dataset/6a702e6f-3292-44fe-804f-16b8dee008c1/resource/3c2137d5-46d3-40cf-9e01-ee406746b27a/download/listado-de-comunidades-indigenas-20251112.csv
Comunidad Lof Mapu Manuel Segundo (pueblo Mapuche),"Zapala, Neuquén",,2021,http://datos.mininterior.gob.ar/dataset/6a702e6f-3292-44fe-804f-16b8dee008c1/resource/3c2137d5-46d3-40cf-9e01-ee406746b27a/download/listado-de-comunidades-indigenas-20251112.csv
Comunidad Lof Mapuche Calfucurá (pueblo Mapuche),"Zapala, Neuquén",,1997,http://datos.mininterior.gob.ar/dataset/6a702e6f-3292-44fe-804f-16b8dee008c1/resource/3c2137d5-46d3-40cf-9e01-ee406746b27a/download/listado-de-comunidades-indigenas-20251112.csv
Comunidad Lof Wiñoy Folil (pueblo Mapuche),"Zapala, Neuquén",,2002,http://datos.mininterior.gob.ar/dataset/6a702e6f-3292-44fe-804f-16b8dee008c1/resource/3c2137d5-46d3-40cf-9e01-ee406746b27a/download/listado-de-comunidades-indigenas-20251112.csv
Comunidad Mapuche Antipán (pueblo Mapuche),"Zapala, Neuquén",,1999,http://datos.mininterior.gob.ar/dataset/6a702e6f-3292-44fe-804f-16b8dee008c1/resource/3c2137d5-46d3-40cf-9e01-ee406746b27a/download/listado-de-comunidades-indigenas-20251112.csv
Comunidad Mapuche Gramajo (pueblo Mapuche),"Zapala, Neuquén",,1995,http://datos.mininterior.gob.ar/dataset/6a702e6f-3292-44fe-804f-16b8dee008c1/resource/3c2137d5-46d3-40cf-9e01-ee406746b27a/download/listado-de-comunidades-indigenas-20251112.csv
Comunidad Mapuche Millaqueo (pueblo Mapuche),"Zapala, Neuquén",,1992,http://datos.mininterior.gob.ar/dataset/6a702e6f-3292-44fe-804f-16b8dee008c1/resource/3c2137d5-46d3-40cf-9e01-ee406746b27a/download/listado-de-comunidades-indigenas-20251112.csv
Comunidad Mapuche Zapata (pueblo Mapuche),"Zapala, Neuquén",,1999,http://datos.mininterior.gob.ar/dataset/6a702e6f-3292-44fe-804f-16b8dee008c1/resource/3c2137d5-46d3-40cf-9e01-ee406746b27a/download/listado-de-comunidades-indigenas-20251112.csv
Comunidad Agrupación Mapuche Millaín Currical (pueblo Mapuche),"Ñorquin, Neuquén",,1990,http://datos.mininterior.gob.ar/dataset/6a702e6f-3292-44fe-804f-16b8dee008c1/resource/3c2137d5-46d3-40cf-9e01-ee406746b27a/download/listado-de-comunidades-indigenas-20251112.csv
Comunidad Lof Maripil (pueblo Mapuche),"Ñorquín, Neuquén",,2002,http://datos.mininterior.gob.ar/dataset/6a702e6f-3292-44fe-804f-16b8dee008c1/resource/3c2137d5-46d3-40cf-9e01-ee406746b27a/download/listado-de-comunidades-indigenas-20251112.csv
Comunidad Mapuche Huayquillán (pueblo Mapuche),"Ñorquín, Neuquén",,1993,http://datos.mininterior.gob.ar/dataset/6a702e6f-3292-44fe-804f-16b8dee008c1/resource/3c2137d5-46d3-40cf-9e01-ee406746b27a/download/listado-de-comunidades-indigenas-20251112.csv
Comunidad Mapuche Manqui (pueblo Mapuche),"Ñorquín, Neuquén",,1995,http://datos.mininterior.gob.ar/dataset/6a702e6f-3292-44fe-804f-16b8dee008c1/resource/3c2137d5-46d3-40cf-9e01-ee406746b27a/download/listado-de-comunidades-indigenas-20251112.csv
Comunidad Atraico (pueblo Mapuche),"25 de Mayo, Río Negro",,2013,http://datos.mininterior.gob.ar/dataset/6a702e6f-3292-44fe-804f-16b8dee008c1/resource/3c2137d5-46d3-40cf-9e01-ee406746b27a/download/listado-de-comunidades-indigenas-20251112.csv
Comunidad Chaiful (Newen Co) (pueblo Mapuche),"25 de Mayo, Río Negro",,2013,http://datos.mininterior.gob.ar/dataset/6a702e6f-3292-44fe-804f-16b8dee008c1/resource/3c2137d5-46d3-40cf-9e01-ee406746b27a/download/listado-de-comunidades-indigenas-20251112.csv
Comunidad Futa Carrilafquen Fentren - Co (pueblo Mapuche),"25 de Mayo, Río Negro",,2016,http://datos.mininterior.gob.ar/dataset/6a702e6f-3292-44fe-804f-16b8dee008c1/resource/3c2137d5-46d3-40cf-9e01-ee406746b27a/download/listado-de-comunidades-indigenas-20251112.csv
Comunidad Indígena Epu Kathan Mahuida (pueblo Mapuche),"25 de Mayo, Río Negro",,2006,http://datos.mininterior.gob.ar/dataset/6a702e6f-3292-44fe-804f-16b8dee008c1/resource/3c2137d5-46d3-40cf-9e01-ee406746b27a/download/listado-de-comunidades-indigenas-20251112.csv
Comunidad Indígena Kume Peuke Mapuche (pueblo Mapuche),"25 de Mayo, Río Negro",,2001,http://datos.mininterior.gob.ar/dataset/6a702e6f-3292-44fe-804f-16b8dee008c1/resource/3c2137d5-46d3-40cf-9e01-ee406746b27a/download/listado-de-comunidades-indigenas-20251112.csv
Comunidad Indígena Mapuche Fishku Menuco Ñi Curruf (pueblo Mapuche),"25 de Mayo, Río Negro",,2011,http://datos.mininterior.gob.ar/dataset/6a702e6f-3292-44fe-804f-16b8dee008c1/resource/3c2137d5-46d3-40cf-9e01-ee406746b27a/download/listado-de-comunidades-indigenas-20251112.csv
Comunidad Indígena Mapuche Lof Cona Torres (pueblo Mapuche),"25 de Mayo, Río Negro",,2011,http://datos.mininterior.gob.ar/dataset/6a702e6f-3292-44fe-804f-16b8dee008c1/resource/3c2137d5-46d3-40cf-9e01-ee406746b27a/download/listado-de-comunidades-indigenas-20251112.csv
Comunidad Indígena Mapuche Luis y Julian Santos (pueblo Mapuche),"25 de Mayo, Río Negro",,2011,http://datos.mininterior.gob.ar/dataset/6a702e6f-3292-44fe-804f-16b8dee008c1/resource/3c2137d5-46d3-40cf-9e01-ee406746b27a/download/listado-de-comunidades-indigenas-20251112.csv
Comunidad Kume Lihuen (pueblo Mapuche),"25 de Mayo, Río Negro",,2011,http://datos.mininterior.gob.ar/dataset/6a702e6f-3292-44fe-804f-16b8dee008c1/resource/3c2137d5-46d3-40cf-9e01-ee406746b27a/download/listado-de-comunidades-indigenas-20251112.csv
Comunidad Makunchao (pueblo Mapuche),"25 de Mayo, Río Negro",,2011,http://datos.mininterior.gob.ar/dataset/6a702e6f-3292-44fe-804f-16b8dee008c1/resource/3c2137d5-46d3-40cf-9e01-ee406746b27a/download/listado-de-comunidades-indigenas-20251112.csv
Comunidad Nazario Chico (pueblo Mapuche),"25 de Mayo, Río Negro",,2012,http://datos.mininterior.gob.ar/dataset/6a702e6f-3292-44fe-804f-16b8dee008c1/resource/3c2137d5-46d3-40cf-9e01-ee406746b27a/download/listado-de-comunidades-indigenas-20251112.csv
Comunidad Peuma Newen Suyay (pueblo Mapuche),"25 de Mayo, Río Negro",,2011,http://datos.mininterior.gob.ar/dataset/6a702e6f-3292-44fe-804f-16b8dee008c1/resource/3c2137d5-46d3-40cf-9e01-ee406746b27a/download/listado-de-comunidades-indigenas-20251112.csv
Comunidad Zungun Curra Tañi Pu Che de Comi-Co (pueblo Mapuche),"25 de Mayo, Río Negro",,2012,http://datos.mininterior.gob.ar/dataset/6a702e6f-3292-44fe-804f-16b8dee008c1/resource/3c2137d5-46d3-40cf-9e01-ee406746b27a/download/listado-de-comunidades-indigenas-20251112.csv
Lof Ce Kume Mapu Buena Tierra (pueblo Mapuche),"25 de Mayo, Río Negro",,2008,http://datos.mininterior.gob.ar/dataset/6a702e6f-3292-44fe-804f-16b8dee008c1/resource/3c2137d5-46d3-40cf-9e01-ee406746b27a/download/listado-de-comunidades-indigenas-20251112.csv
Lof Mariano Epulef (pueblo Mapuche),"25 de Mayo, Río Negro",,2018,http://datos.mininterior.gob.ar/dataset/6a702e6f-3292-44fe-804f-16b8dee008c1/resource/3c2137d5-46d3-40cf-9e01-ee406746b27a/download/listado-de-comunidades-indigenas-20251112.csv
Lof Mariano Solo (pueblo Mapuche),"25 de Mayo, Río Negro",,2006,http://datos.mininterior.gob.ar/dataset/6a702e6f-3292-44fe-804f-16b8dee008c1/resource/3c2137d5-46d3-40cf-9e01-ee406746b27a/download/listado-de-comunidades-indigenas-20251112.csv
Comunidad Indígena Mapuche Somuncura (pueblo Mapuche),"9 de Julio, Río Negro",,2011,http://datos.mininterior.gob.ar/dataset/6a702e6f-3292-44fe-804f-16b8dee008c1/resource/3c2137d5-46d3-40cf-9e01-ee406746b27a/download/listado-de-comunidades-indigenas-20251112.csv
Comunidad Indígena Urbana Inchen Ciwew Folil (pueblo Mapuche),"9 de Julio, Río Negro",,2006,http://datos.mininterior.gob.ar/dataset/6a702e6f-3292-44fe-804f-16b8dee008c1/resource/3c2137d5-46d3-40cf-9e01-ee406746b27a/download/listado-de-comunidades-indigenas-20251112.csv
Lof Coña Huenchufil (pueblo Mapuche),"9 de Julio, Río Negro",,2014,http://datos.mininterior.gob.ar/dataset/6a702e6f-3292-44fe-804f-16b8dee008c1/resource/3c2137d5-46d3-40cf-9e01-ee406746b27a/download/listado-de-comunidades-indigenas-20251112.csv
Comunidad Urbana Mapuche Monguel Mamuell (pueblo Mapuche),"Adolfo Alsina, Río Negro",,2001,http://datos.mininterior.gob.ar/dataset/6a702e6f-3292-44fe-804f-16b8dee008c1/resource/3c2137d5-46d3-40cf-9e01-ee406746b27a/download/listado-de-comunidades-indigenas-20251112.csv
Lof Peñi Álvarez Núñez (pueblo Mapuche),"Avellaneda, Río Negro",,,http://datos.mininterior.gob.ar/dataset/6a702e6f-3292-44fe-804f-16b8dee008c1/resource/3c2137d5-46d3-40cf-9e01-ee406746b27a/download/listado-de-comunidades-indigenas-20251112.csv
Lof Pino Quiñe (pueblo Mapuche),"Avellaneda, Río Negro",,,http://datos.mininterior.gob.ar/dataset/6a702e6f-3292-44fe-804f-16b8dee008c1/resource/3c2137d5-46d3-40cf-9e01-ee406746b27a/download/listado-de-comunidades-indigenas-20251112.csv
Comunidad Chiguay - Tierra Viva- (pueblo Mapuche),"Bariloche, Río Negro",,2014,http://datos.mininterior.gob.ar/dataset/6a702e6f-3292-44fe-804f-16b8dee008c1/resource/3c2137d5-46d3-40cf-9e01-ee406746b27a/download/listado-de-comunidades-indigenas-20251112.csv
Comunidad Indígena Las Huaytekas (pueblo Mapuche),"Bariloche, Río Negro",,2006,http://datos.mininterior.gob.ar/dataset/6a702e6f-3292-44fe-804f-16b8dee008c1/resource/3c2137d5-46d3-40cf-9e01-ee406746b27a/download/listado-de-comunidades-indigenas-20251112.csv
Comunidad Indígena Lof Mapuche Tacul Chewque (pueblo Mapuche),"Bariloche, Río Negro",,2007,http://datos.mininterior.gob.ar/dataset/6a702e6f-3292-44fe-804f-16b8dee008c1/resource/3c2137d5-46d3-40cf-9e01-ee406746b27a/download/listado-de-comunidades-indigenas-20251112.csv
Comunidad Indígena Mapuche Buenuleo (pueblo Mapuche),"Bariloche, Río Negro",,2012,http://datos.mininterior.gob.ar/dataset/6a702e6f-3292-44fe-804f-16b8dee008c1/resource/3c2137d5-46d3-40cf-9e01-ee406746b27a/download/listado-de-comunidades-indigenas-20251112.csv
Comunidad Indígena Mapuche Chewelchew Wenu Ñirihuau (pueblo Mapuche),"Bariloche, Río Negro",,2011,http://datos.mininterior.gob.ar/dataset/6a702e6f-3292-44fe-804f-16b8dee008c1/resource/3c2137d5-46d3-40cf-9e01-ee406746b27a/download/listado-de-comunidades-indigenas-20251112.csv
Comunidad Indígena Mapuche Lof Follil (pueblo Mapuche),"Bariloche, Río Negro",,2011,http://datos.mininterior.gob.ar/dataset/6a702e6f-3292-44fe-804f-16b8dee008c1/resource/3c2137d5-46d3-40cf-9e01-ee406746b27a/download/listado-de-comunidades-indigenas-20251112.csv
Comunidad Indígena Mapuche Lof Lafkenche (pueblo Mapuche),"Bariloche, Río Negro",,2010,http://datos.mininterior.gob.ar/dataset/6a702e6f-3292-44fe-804f-16b8dee008c1/resource/3c2137d5-46d3-40cf-9e01-ee406746b27a/download/listado-de-comunidades-indigenas-20251112.csv
Comunidad Indígena Mapuche Lof Roberto Maliqueo (pueblo Mapuche),"Bariloche, Río Negro",,2011,http://datos.mininterior.gob.ar/dataset/6a702e6f-3292-44fe-804f-16b8dee008c1/resource/3c2137d5-46d3-40cf-9e01-ee406746b27a/download/listado-de-comunidades-indigenas-20251112.csv
Comunidad Indígena Urbana Lof Takul Folil (pueblo Mapuche),"Bariloche, Río Negro",,2011,http://datos.mininterior.gob.ar/dataset/6a702e6f-3292-44fe-804f-16b8dee008c1/resource/3c2137d5-46d3-40cf-9e01-ee406746b27a/download/listado-de-comunidades-indigenas-20251112.csv
Comunidad Indígena del Pueblo Mapuche Thripan Anty (pueblo Mapuche),"Bariloche, Río Negro",,1998,http://datos.mininterior.gob.ar/dataset/6a702e6f-3292-44fe-804f-16b8dee008c1/resource/3c2137d5-46d3-40cf-9e01-ee406746b27a/download/listado-de-comunidades-indigenas-20251112.csv
Comunidad Lof Che Jose Celestino Quijada (pueblo Mapuche),"Bariloche, Río Negro",,2012,http://datos.mininterior.gob.ar/dataset/6a702e6f-3292-44fe-804f-16b8dee008c1/resource/3c2137d5-46d3-40cf-9e01-ee406746b27a/download/listado-de-comunidades-indigenas-20251112.csv
Comunidad Mapuche Gallardo - Calfú (pueblo Mapuche),"Bariloche, Río Negro",,2022,http://datos.mininterior.gob.ar/dataset/6a702e6f-3292-44fe-804f-16b8dee008c1/resource/3c2137d5-46d3-40cf-9e01-ee406746b27a/download/listado-de-comunidades-indigenas-20251112.csv
Comunidad Mapuche Lof Wiritray (pueblo Mapuche),"Bariloche, Río Negro",,2000,http://datos.mininterior.gob.ar/dataset/6a702e6f-3292-44fe-804f-16b8dee008c1/resource/3c2137d5-46d3-40cf-9e01-ee406746b27a/download/listado-de-comunidades-indigenas-20251112.csv
Comunidad Mapuche Quintupuray (pueblo Mapuche),"Bariloche, Río Negro",,2003,http://datos.mininterior.gob.ar/dataset/6a702e6f-3292-44fe-804f-16b8dee008c1/resource/3c2137d5-46d3-40cf-9e01-ee406746b27a/download/listado-de-comunidades-indigenas-20251112.csv
Comunidad Mapuche Tambo Baez (pueblo Mapuche),"Bariloche, Río Negro",,2015,http://datos.mininterior.gob.ar/dataset/6a702e6f-3292-44fe-804f-16b8dee008c1/resource/3c2137d5-46d3-40cf-9e01-ee406746b27a/download/listado-de-comunidades-indigenas-20251112.csv
Comunidad Mapuche Tequel Mapu (pueblo Mapuche),"Bariloche, Río Negro",,2005,http://datos.mininterior.gob.ar/dataset/6a702e6f-3292-44fe-804f-16b8dee008c1/resource/3c2137d5-46d3-40cf-9e01-ee406746b27a/download/listado-de-comunidades-indigenas-20251112.csv
Lof Antunao (pueblo Mapuche),"Bariloche, Río Negro",,,http://datos.mininterior.gob.ar/dataset/6a702e6f-3292-44fe-804f-16b8dee008c1/resource/3c2137d5-46d3-40cf-9e01-ee406746b27a/download/listado-de-comunidades-indigenas-20251112.csv
Lof Colhuan Nahuel (pueblo Mapuche),"Bariloche, Río Negro",,2012,http://datos.mininterior.gob.ar/dataset/6a702e6f-3292-44fe-804f-16b8dee008c1/resource/3c2137d5-46d3-40cf-9e01-ee406746b27a/download/listado-de-comunidades-indigenas-20251112.csv
Lof Huenchupan (pueblo Mapuche),"Bariloche, Río Negro",,2003,http://datos.mininterior.gob.ar/dataset/6a702e6f-3292-44fe-804f-16b8dee008c1/resource/3c2137d5-46d3-40cf-9e01-ee406746b27a/download/listado-de-comunidades-indigenas-20251112.csv
Lof Kelluwen (pueblo Mapuche),"Bariloche, Río Negro",,,http://datos.mininterior.gob.ar/dataset/6a702e6f-3292-44fe-804f-16b8dee008c1/resource/3c2137d5-46d3-40cf-9e01-ee406746b27a/download/listado-de-comunidades-indigenas-20251112.csv
Lof Mapuche Ayllapan (pueblo Mapuche),"Bariloche, Río Negro",,2013,http://datos.mininterior.gob.ar/dataset/6a702e6f-3292-44fe-804f-16b8dee008c1/resource/3c2137d5-46d3-40cf-9e01-ee406746b27a/download/listado-de-comunidades-indigenas-20251112.csv
Lof Ranquehue (pueblo Mapuche),"Bariloche, Río Negro",,2003,http://datos.mininterior.gob.ar/dataset/6a702e6f-3292-44fe-804f-16b8dee008c1/resource/3c2137d5-46d3-40cf-9e01-ee406746b27a/download/listado-de-comunidades-indigenas-20251112.csv
Comunidad Amulen Che (pueblo Mapuche),"El Cuy, Río Negro",,2017,http://datos.mininterior.gob.ar/dataset/6a702e6f-3292-44fe-804f-16b8dee008c1/resource/3c2137d5-46d3-40cf-9e01-ee406746b27a/download/listado-de-comunidades-indigenas-20251112.csv
Comunidad Indígena Lof Epul Niyeu (pueblo Mapuche),"El Cuy, Río Negro",,2013,http://datos.mininterior.gob.ar/dataset/6a702e6f-3292-44fe-804f-16b8dee008c1/resource/3c2137d5-46d3-40cf-9e01-ee406746b27a/download/listado-de-comunidades-indigenas-20251112.csv
Comunidad Mapuche Lof Leufuche (pueblo Mapuche),"El Cuy, Río Negro",,2000,http://datos.mininterior.gob.ar/dataset/6a702e6f-3292-44fe-804f-16b8dee008c1/resource/3c2137d5-46d3-40cf-9e01-ee406746b27a/download/listado-de-comunidades-indigenas-20251112.csv
Comunidad Mapuche Tripalco Rañing (pueblo Mapuche),"El Cuy, Río Negro",,2016,http://datos.mininterior.gob.ar/dataset/6a702e6f-3292-44fe-804f-16b8dee008c1/resource/3c2137d5-46d3-40cf-9e01-ee406746b27a/download/listado-de-comunidades-indigenas-20251112.csv
Lof Kom Amulein (pueblo Mapuche),"El Cuy, Río Negro",,2016,http://datos.mininterior.gob.ar/dataset/6a702e6f-3292-44fe-804f-16b8dee008c1/resource/3c2137d5-46d3-40cf-9e01-ee406746b27a/download/listado-de-comunidades-indigenas-20251112.csv
Comunidad Aime Paine (pueblo Mapuche),"General Roca, Río Negro",,2011,http://datos.mininterior.gob.ar/dataset/6a702e6f-3292-44fe-804f-16b8dee008c1/resource/3c2137d5-46d3-40cf-9e01-ee406746b27a/download/listado-de-comunidades-indigenas-20251112.csv
Comunidad Catriel Che (pueblo Tehuelche),"General Roca, Río Negro",,2017,http://datos.mininterior.gob.ar/dataset/6a702e6f-3292-44fe-804f-16b8dee008c1/resource/3c2137d5-46d3-40cf-9e01-ee406746b27a/download/listado-de-comunidades-indigenas-20251112.csv
Comunidad Fisc Menuco Nehuen (pueblo Mapuche),"General Roca, Río Negro",,2011,http://datos.mininterior.gob.ar/dataset/6a702e6f-3292-44fe-804f-16b8dee008c1/resource/3c2137d5-46d3-40cf-9e01-ee406746b27a/download/listado-de-comunidades-indigenas-20251112.csv
Comunidad Inchen Taiñ Trufquen (pueblo Mapuche),"General Roca, Río Negro",,2017,http://datos.mininterior.gob.ar/dataset/6a702e6f-3292-44fe-804f-16b8dee008c1/resource/3c2137d5-46d3-40cf-9e01-ee406746b27a/download/listado-de-comunidades-indigenas-20251112.csv
Comunidad Indígena Mapuche Kospi (pueblo Mapuche),"General Roca, Río Negro",,2011,http://datos.mininterior.gob.ar/dataset/6a702e6f-3292-44fe-804f-16b8dee008c1/resource/3c2137d5-46d3-40cf-9e01-ee406746b27a/download/listado-de-comunidades-indigenas-20251112.csv
Comunidad Indígena Mapuche Ñanculeufú (pueblo Mapuche),"General Roca, Río Negro",,2011,http://datos.mininterior.gob.ar/dataset/6a702e6f-3292-44fe-804f-16b8dee008c1/resource/3c2137d5-46d3-40cf-9e01-ee406746b27a/download/listado-de-comunidades-indigenas-20251112.csv
Comunidad Indígena Urbana Elel Quimun (pueblo Mapuche),"General Roca, Río Negro",,2005,http://datos.mininterior.gob.ar/dataset/6a702e6f-3292-44fe-804f-16b8dee008c1/resource/3c2137d5-46d3-40cf-9e01-ee406746b27a/download/listado-de-comunidades-indigenas-20251112.csv
Comunidad Kelug Leufu Che (pueblo Mapuche),"General Roca, Río Negro",,,http://datos.mininterior.gob.ar/dataset/6a702e6f-3292-44fe-804f-16b8dee008c1/resource/3c2137d5-46d3-40cf-9e01-ee406746b27a/download/listado-de-comunidades-indigenas-20251112.csv
Comunidad Küme Mapu (pueblo Mapuche),"General Roca, Río Negro",,2018,http://datos.mininterior.gob.ar/dataset/6a702e6f-3292-44fe-804f-16b8dee008c1/resource/3c2137d5-46d3-40cf-9e01-ee406746b27a/download/listado-de-comunidades-indigenas-20251112.csv
Comunidad Mapuche Antu Mapu (pueblo Mapuche),"General Roca, Río Negro",,2017,http://datos.mininterior.gob.ar/dataset/6a702e6f-3292-44fe-804f-16b8dee008c1/resource/3c2137d5-46d3-40cf-9e01-ee406746b27a/download/listado-de-comunidades-indigenas-20251112.csv
Comunidad Mapuche Nahuelñir (pueblo Mapuche),"General Roca, Río Negro",,2012,http://datos.mininterior.gob.ar/dataset/6a702e6f-3292-44fe-804f-16b8dee008c1/resource/3c2137d5-46d3-40cf-9e01-ee406746b27a/download/listado-de-comunidades-indigenas-20251112.csv
Comunidad Mapuche Newen Kom (pueblo Mapuche),"General Roca, Río Negro",,2011,http://datos.mininterior.gob.ar/dataset/6a702e6f-3292-44fe-804f-16b8dee008c1/resource/3c2137d5-46d3-40cf-9e01-ee406746b27a/download/listado-de-comunidades-indigenas-20251112.csv
Comunidad Mapuche Newen Mapu (pueblo Mapuche),"General Roca, Río Negro",,2017,http://datos.mininterior.gob.ar/dataset/6a702e6f-3292-44fe-804f-16b8dee008c1/resource/3c2137d5-46d3-40cf-9e01-ee406746b27a/download/listado-de-comunidades-indigenas-20251112.csv
Comunidad Mapuche Taiñ Mapu (pueblo Mapuche),"General Roca, Río Negro",,2015,http://datos.mininterior.gob.ar/dataset/6a702e6f-3292-44fe-804f-16b8dee008c1/resource/3c2137d5-46d3-40cf-9e01-ee406746b27a/download/listado-de-comunidades-indigenas-20251112.csv
Comunidad Nehuen Aituwe (pueblo Mapuche),"General Roca, Río Negro",,2012,http://datos.mininterior.gob.ar/dataset/6a702e6f-3292-44fe-804f-16b8dee008c1/resource/3c2137d5-46d3-40cf-9e01-ee406746b27a/download/listado-de-comunidades-indigenas-20251112.csv
Comunidad Quiñe Traum Peñi (pueblo Mapuche Tehuelche),"General Roca, Río Negro",,2011,http://datos.mininterior.gob.ar/dataset/6a702e6f-3292-44fe-804f-16b8dee008c1/resource/3c2137d5-46d3-40cf-9e01-ee406746b27a/download/listado-de-comunidades-indigenas-20251112.csv
Lof Hue Newen (pueblo Mapuche),"General Roca, Río Negro",,2022,http://datos.mininterior.gob.ar/dataset/6a702e6f-3292-44fe-804f-16b8dee008c1/resource/3c2137d5-46d3-40cf-9e01-ee406746b27a/download/listado-de-comunidades-indigenas-20251112.csv
Lof Newen Kurruf (pueblo Mapuche),"General Roca, Río Negro",,,http://datos.mininterior.gob.ar/dataset/6a702e6f-3292-44fe-804f-16b8dee008c1/resource/3c2137d5-46d3-40cf-9e01-ee406746b27a/download/listado-de-comunidades-indigenas-20251112.csv
Comunidad Futa Anekon (pueblo Mapuche),"Pilcaniyeu, Río Negro",,2012,http://datos.mininterior.gob.ar/dataset/6a702e6f-3292-44fe-804f-16b8dee008c1/resource/3c2137d5-46d3-40cf-9e01-ee406746b27a/download/listado-de-comunidades-indigenas-20251112.csv
Comunidad Indígena Lof Lofche Pulam Lafken (pueblo Mapuche),"Pilcaniyeu, Río Negro",,2011,http://datos.mininterior.gob.ar/dataset/6a702e6f-3292-44fe-804f-16b8dee008c1/resource/3c2137d5-46d3-40cf-9e01-ee406746b27a/download/listado-de-comunidades-indigenas-20251112.csv
Comunidad Indígena Lof Pilquiniyeu del Limay (pueblo Mapuche),"Pilcaniyeu, Río Negro",,2007,http://datos.mininterior.gob.ar/dataset/6a702e6f-3292-44fe-804f-16b8dee008c1/resource/3c2137d5-46d3-40cf-9e01-ee406746b27a/download/listado-de-comunidades-indigenas-20251112.csv
Comunidad Indígena Mapuche Lof - Painefil (pueblo Mapuche),"Pilcaniyeu, Río Negro",,2009,http://datos.mininterior.gob.ar/dataset/6a702e6f-3292-44fe-804f-16b8dee008c1/resource/3c2137d5-46d3-40cf-9e01-ee406746b27a/download/listado-de-comunidades-indigenas-20251112.csv
Comunidad Indígena Mapuche Lof-Ce Painefilo (pueblo Mapuche),"Pilcaniyeu, Río Negro",,2009,http://datos.mininterior.gob.ar/dataset/6a702e6f-3292-44fe-804f-16b8dee008c1/resource/3c2137d5-46d3-40cf-9e01-ee406746b27a/download/listado-de-comunidades-indigenas-20251112.csv
Comunidad Indígena Raghiñ Plang Currha Meu (pueblo Mapuche),"Pilcaniyeu, Río Negro",,2006,http://datos.mininterior.gob.ar/dataset/6a702e6f-3292-44fe-804f-16b8dee008c1/resource/3c2137d5-46d3-40cf-9e01-ee406746b27a/download/listado-de-comunidades-indigenas-20251112.csv
Comunidad Indígena Wefuwecu (pueblo Mapuche),"Pilcaniyeu, Río Negro",,2002,http://datos.mininterior.gob.ar/dataset/6a702e6f-3292-44fe-804f-16b8dee008c1/resource/3c2137d5-46d3-40cf-9e01-ee406746b27a/download/listado-de-comunidades-indigenas-20251112.csv
Comunidad Llanquin Antimilla (pueblo Mapuche),"Pilcaniyeu, Río Negro",,2012,http://datos.mininterior.gob.ar/dataset/6a702e6f-3292-44fe-804f-16b8dee008c1/resource/3c2137d5-46d3-40cf-9e01-ee406746b27a/download/listado-de-comunidades-indigenas-20251112.csv
Comunidad Mapuche Loncon Norambuena (pueblo Mapuche),"Pilcaniyeu, Río Negro",,2015,http://datos.mininterior.gob.ar/dataset/6a702e6f-3292-44fe-804f-16b8dee008c1/resource/3c2137d5-46d3-40cf-9e01-ee406746b27a/download/listado-de-comunidades-indigenas-20251112.csv
Lof Ignacio Llanquín (pueblo Mapuche),"Pilcaniyeu, Río Negro",,2015,http://datos.mininterior.gob.ar/dataset/6a702e6f-3292-44fe-804f-16b8dee008c1/resource/3c2137d5-46d3-40cf-9e01-ee406746b27a/download/listado-de-comunidades-indigenas-20251112.csv
Lof Kurrulawen Kuy Kui (pueblo Mapuche),"Pilcaniyeu, Río Negro",,2011,http://datos.mininterior.gob.ar/dataset/6a702e6f-3292-44fe-804f-16b8dee008c1/resource/3c2137d5-46d3-40cf-9e01-ee406746b27a/download/listado-de-comunidades-indigenas-20251112.csv
Lof Paillalef Paso de los Molles (pueblo Mapuche),"Pilcaniyeu, Río Negro",,2013,http://datos.mininterior.gob.ar/dataset/6a702e6f-3292-44fe-804f-16b8dee008c1/resource/3c2137d5-46d3-40cf-9e01-ee406746b27a/download/listado-de-comunidades-indigenas-20251112.csv
Comunidad Indígena Mapuche Chewelche Kintul Folil (pueblo Mapuche),"San Antonio, Río Negro",,2009,http://datos.mininterior.gob.ar/dataset/6a702e6f-3292-44fe-804f-16b8dee008c1/resource/3c2137d5-46d3-40cf-9e01-ee406746b27a/download/listado-de-comunidades-indigenas-20251112.csv
Comunidad Mapuche Traun Kutral (pueblo Mapuche),"San Antonio, Río Negro",,2014,http://datos.mininterior.gob.ar/dataset/6a702e6f-3292-44fe-804f-16b8dee008c1/resource/3c2137d5-46d3-40cf-9e01-ee406746b27a/download/listado-de-comunidades-indigenas-20251112.csv
Lof Antenao (pueblo Mapuche),"San Antonio, Río Negro",,2012,http://datos.mininterior.gob.ar/dataset/6a702e6f-3292-44fe-804f-16b8dee008c1/resource/3c2137d5-46d3-40cf-9e01-ee406746b27a/download/listado-de-comunidades-indigenas-20251112.csv
Comunidad Indígena Lof Colohuinca (pueblo Mapuche),"Valcheta, Río Negro",,2013,http://datos.mininterior.gob.ar/dataset/6a702e6f-3292-44fe-804f-16b8dee008c1/resource/3c2137d5-46d3-40cf-9e01-ee406746b27a/download/listado-de-comunidades-indigenas-20251112.csv
Comunidad Nehuenco Valcheta (pueblo Mapuche),"Valcheta, Río Negro",,2014,http://datos.mininterior.gob.ar/dataset/6a702e6f-3292-44fe-804f-16b8dee008c1/resource/3c2137d5-46d3-40cf-9e01-ee406746b27a/download/listado-de-comunidades-indigenas-20251112.csv
Comunidad Pirren Mahun (pueblo Mapuche),"Valcheta, Río Negro",,2012,http://datos.mininterior.gob.ar/dataset/6a702e6f-3292-44fe-804f-16b8dee008c1/resource/3c2137d5-46d3-40cf-9e01-ee406746b27a/download/listado-de-comunidades-indigenas-20251112.csv
Lof Chagallo Limi Niyeu (pueblo Mapuche Tehuelche),"Valcheta, Río Negro",,2013,http://datos.mininterior.gob.ar/dataset/6a702e6f-3292-44fe-804f-16b8dee008c1/resource/3c2137d5-46d3-40cf-9e01-ee406746b27a/download/listado-de-comunidades-indigenas-20251112.csv
Lof Che Martin Huentelaf (pueblo Mapuche),"Valcheta, Río Negro",,2012,http://datos.mininterior.gob.ar/dataset/6a702e6f-3292-44fe-804f-16b8dee008c1/resource/3c2137d5-46d3-40cf-9e01-ee406746b27a/download/listado-de-comunidades-indigenas-20251112.csv
Lof Echave Liminiyeu (pueblo Mapuche),"Valcheta, Río Negro",,2013,http://datos.mininterior.gob.ar/dataset/6a702e6f-3292-44fe-804f-16b8dee008c1/resource/3c2137d5-46d3-40cf-9e01-ee406746b27a/download/listado-de-comunidades-indigenas-20251112.csv
Lof Malal Cura (pueblo Mapuche),"Valcheta, Río Negro",,,http://datos.mininterior.gob.ar/dataset/6a702e6f-3292-44fe-804f-16b8dee008c1/resource/3c2137d5-46d3-40cf-9e01-ee406746b27a/download/listado-de-comunidades-indigenas-20251112.csv
Comunidad Aborigen Río Chico (pueblo Mapuche Tehuelche),"Ñorquincó, Río Negro",,2000,http://datos.mininterior.gob.ar/dataset/6a702e6f-3292-44fe-804f-16b8dee008c1/resource/3c2137d5-46d3-40cf-9e01-ee406746b27a/download/listado-de-comunidades-indigenas-20251112.csv
Comunidad Cañumil (pueblo Mapuche),"Ñorquincó, Río Negro",,2013,http://datos.mininterior.gob.ar/dataset/6a702e6f-3292-44fe-804f-16b8dee008c1/resource/3c2137d5-46d3-40cf-9e01-ee406746b27a/download/listado-de-comunidades-indigenas-20251112.csv
Comunidad Indígena Lof Peñi Mapu (pueblo Mapuche),"Ñorquincó, Río Negro",,2002,http://datos.mininterior.gob.ar/dataset/6a702e6f-3292-44fe-804f-16b8dee008c1/resource/3c2137d5-46d3-40cf-9e01-ee406746b27a/download/listado-de-comunidades-indigenas-20251112.csv
Comunidad Indígena Mapuche Nehuen Peñi (pueblo Mapuche),"Ñorquincó, Río Negro",,2010,http://datos.mininterior.gob.ar/dataset/6a702e6f-3292-44fe-804f-16b8dee008c1/resource/3c2137d5-46d3-40cf-9e01-ee406746b27a/download/listado-de-comunidades-indigenas-20251112.csv
Comunidad Indígena Putrem Tuli Mahuida (pueblo Mapuche),"Ñorquincó, Río Negro",,2002,http://datos.mininterior.gob.ar/dataset/6a702e6f-3292-44fe-804f-16b8dee008c1/resource/3c2137d5-46d3-40cf-9e01-ee406746b27a/download/listado-de-comunidades-indigenas-20251112.csv
Comunidad Ngpun Currha-Mamull Choyque (pueblo Mapuche),"Ñorquincó, Río Negro",,2002,http://datos.mininterior.gob.ar/dataset/6a702e6f-3292-44fe-804f-16b8dee008c1/resource/3c2137d5-46d3-40cf-9e01-ee406746b27a/download/listado-de-comunidades-indigenas-20251112.csv
Comisión de Mujeres Aborigenes de la Misión Isidro Moreno (pueblo Wichí),"Anta, Salta",,2006,http://datos.mininterior.gob.ar/dataset/6a702e6f-3292-44fe-804f-16b8dee008c1/resource/3c2137d5-46d3-40cf-9e01-ee406746b27a/download/listado-de-comunidades-indigenas-20251112.csv
Comunidad Aborigen Misión Wichí Emanuel (Dios con Nosotros) (pueblo Wichí),"Anta, Salta",,2002,http://datos.mininterior.gob.ar/dataset/6a702e6f-3292-44fe-804f-16b8dee008c1/resource/3c2137d5-46d3-40cf-9e01-ee406746b27a/download/listado-de-comunidades-indigenas-20251112.csv
Comunidad Aborigen Wichí Eben Ezer (pueblo Wichí),"Anta, Salta",,2001,http://datos.mininterior.gob.ar/dataset/6a702e6f-3292-44fe-804f-16b8dee008c1/resource/3c2137d5-46d3-40cf-9e01-ee406746b27a/download/listado-de-comunidades-indigenas-20251112.csv
Comunidad Aborigen Wichí El Quebrachal (pueblo Wichí),"Anta, Salta",,2001,http://datos.mininterior.gob.ar/dataset/6a702e6f-3292-44fe-804f-16b8dee008c1/resource/3c2137d5-46d3-40cf-9e01-ee406746b27a/download/listado-de-comunidades-indigenas-20251112.csv
Comunidad Aborigen Wichí Enacore (pueblo Wichí),"Anta, Salta",,2001,http://datos.mininterior.gob.ar/dataset/6a702e6f-3292-44fe-804f-16b8dee008c1/resource/3c2137d5-46d3-40cf-9e01-ee406746b27a/download/listado-de-comunidades-indigenas-20251112.csv
Comunidad Aborigen Wichí Ihi Lew’et (pueblo Wichí),"Anta, Salta",,2004,http://datos.mininterior.gob.ar/dataset/6a702e6f-3292-44fe-804f-16b8dee008c1/resource/3c2137d5-46d3-40cf-9e01-ee406746b27a/download/listado-de-comunidades-indigenas-20251112.csv
Comunidad Misión Aborigen Wichí Isidro Moreno (pueblo Wichí),"Anta, Salta",,2001,http://datos.mininterior.gob.ar/dataset/6a702e6f-3292-44fe-804f-16b8dee008c1/resource/3c2137d5-46d3-40cf-9e01-ee406746b27a/download/listado-de-comunidades-indigenas-20251112.csv
Comunidad Misión Wichí Los Palos Santos (pueblo Wichí),"Anta, Salta",,2014,http://datos.mininterior.gob.ar/dataset/6a702e6f-3292-44fe-804f-16b8dee008c1/resource/3c2137d5-46d3-40cf-9e01-ee406746b27a/download/listado-de-comunidades-indigenas-20251112.csv
Comunidad Wichí Ponciano Saracho (pueblo Wichí),"Anta, Salta",,,http://datos.mininterior.gob.ar/dataset/6a702e6f-3292-44fe-804f-16b8dee008c1/resource/3c2137d5-46d3-40cf-9e01-ee406746b27a/download/listado-de-comunidades-indigenas-20251112.csv
Comunidad del Pueblo Indígena en Anta (pueblo Diaguita Calchaquí - Wichí  - Lule),"Anta, Salta",,1999,http://datos.mininterior.gob.ar/dataset/6a702e6f-3292-44fe-804f-16b8dee008c1/resource/3c2137d5-46d3-40cf-9e01-ee406746b27a/download/listado-de-comunidades-indigenas-20251112.csv
Comunidad Diaguita Piul (pueblo Diaguita Calchaquí),"Cachi, Salta",,2013,http://datos.mininterior.gob.ar/dataset/6a702e6f-3292-44fe-804f-16b8dee008c1/resource/3c2137d5-46d3-40cf-9e01-ee406746b27a/download/listado-de-comunidades-indigenas-20251112.csv
Comunidad Originaria Descendientes Diaguitas Calchaquies La Paya (pueblo Diaguita Calchaquí),"Cachi, Salta",,2012,http://datos.mininterior.gob.ar/dataset/6a702e6f-3292-44fe-804f-16b8dee008c1/resource/3c2137d5-46d3-40cf-9e01-ee406746b27a/download/listado-de-comunidades-indigenas-20251112.csv
Comunidad Originaria Diaguita Calchaqui Buena Vista (pueblo Diaguita Calchaquí),"Cachi, Salta",,,http://datos.mininterior.gob.ar/dataset/6a702e6f-3292-44fe-804f-16b8dee008c1/resource/3c2137d5-46d3-40cf-9e01-ee406746b27a/download/listado-de-comunidades-indigenas-20251112.csv
Comunidad Originaria Diaguita Calchaqui El Algarrobal (pueblo Diaguita Calchaquí),"Cachi, Salta",,2018,http://datos.mininterior.gob.ar/dataset/6a702e6f-3292-44fe-804f-16b8dee008c1/resource/3c2137d5-46d3-40cf-9e01-ee406746b27a/download/listado-de-comunidades-indigenas-20251112.csv
Comunidad Originaria Diaguita Calchaqui La Aguada (pueblo Diaguita Calchaquí),"Cachi, Salta",,2018,http://datos.mininterior.gob.ar/dataset/6a702e6f-3292-44fe-804f-16b8dee008c1/resource/3c2137d5-46d3-40cf-9e01-ee406746b27a/download/listado-de-comunidades-indigenas-20251112.csv
Comunidad Originaria Diaguita Calchaqui Las Trancas (pueblo Diaguita Calchaquí),"Cachi, Salta",,2013,http://datos.mininterior.gob.ar/dataset/6a702e6f-3292-44fe-804f-16b8dee008c1/resource/3c2137d5-46d3-40cf-9e01-ee406746b27a/download/listado-de-comunidades-indigenas-20251112.csv
Comunidad Originaria Diaguita Kalchakí Las Pailas (pueblo Diaguita Calchaquí),"Cachi, Salta",,2012,http://datos.mininterior.gob.ar/dataset/6a702e6f-3292-44fe-804f-16b8dee008c1/resource/3c2137d5-46d3-40cf-9e01-ee406746b27a/download/listado-de-comunidades-indigenas-20251112.csv
Comunidad Originaria Diaguita Kallchaki Fuerte Alto (pueblo Diaguita Calchaquí),"Cachi, Salta",,2020,http://datos.mininterior.gob.ar/dataset/6a702e6f-3292-44fe-804f-16b8dee008c1/resource/3c2137d5-46d3-40cf-9e01-ee406746b27a/download/listado-de-comunidades-indigenas-20251112.csv
Comunidad Diaguita Calchaqui El Divisadero (pueblo Diaguita Calchaquí),"Cafayate, Salta",,2011,http://datos.mininterior.gob.ar/dataset/6a702e6f-3292-44fe-804f-16b8dee008c1/resource/3c2137d5-46d3-40cf-9e01-ee406746b27a/download/listado-de-comunidades-indigenas-20251112.csv
Comunidad Indígena Suri Diaguita Kalchakí (pueblo Diaguita Calchaquí),"Cafayate, Salta",,2011,http://datos.mininterior.gob.ar/dataset/6a702e6f-3292-44fe-804f-16b8dee008c1/resource/3c2137d5-46d3-40cf-9e01-ee406746b27a/download/listado-de-comunidades-indigenas-20251112.csv
Comunidad Cholonkas del Campo Belgrano (pueblo Diaguita Calchaquí),"Capital, Salta",,2009,http://datos.mininterior.gob.ar/dataset/6a702e6f-3292-44fe-804f-16b8dee008c1/resource/3c2137d5-46d3-40cf-9e01-ee406746b27a/download/listado-de-comunidades-indigenas-20251112.csv
Comunidad Diaguita Juan Calchaqui (pueblo Diaguita Calchaquí),"Capital, Salta",,2009,http://datos.mininterior.gob.ar/dataset/6a702e6f-3292-44fe-804f-16b8dee008c1/resource/3c2137d5-46d3-40cf-9e01-ee406746b27a/download/listado-de-comunidades-indigenas-20251112.csv
Comunidad Indígena Lules de Finca Las Costas (pueblo Lule),"Capital, Salta",,2006,http://datos.mininterior.gob.ar/dataset/6a702e6f-3292-44fe-804f-16b8dee008c1/resource/3c2137d5-46d3-40cf-9e01-ee406746b27a/download/listado-de-comunidades-indigenas-20251112.csv
Comunidad Diaguita Calchaqui Agua Negra (pueblo Diaguita Calchaquí),"Chicoana, Salta",,,http://datos.mininterior.gob.ar/dataset/6a702e6f-3292-44fe-804f-16b8dee008c1/resource/3c2137d5-46d3-40cf-9e01-ee406746b27a/download/listado-de-comunidades-indigenas-20251112.csv
Comunidad Indígena de Potrero Díaz (pueblo Diaguita Calchaquí),"Chicoana, Salta",,2009,http://datos.mininterior.gob.ar/dataset/6a702e6f-3292-44fe-804f-16b8dee008c1/resource/3c2137d5-46d3-40cf-9e01-ee406746b27a/download/listado-de-comunidades-indigenas-20251112.csv
Asociación Aborigen Misión Franciscana (pueblo Wichí),"Grl. José de San Martín, Salta",,2001,http://datos.mininterior.gob.ar/dataset/6a702e6f-3292-44fe-804f-16b8dee008c1/resource/3c2137d5-46d3-40cf-9e01-ee406746b27a/download/listado-de-comunidades-indigenas-20251112.csv
Asociación Aborigen Ñee Roata (pueblo Guaraní),"Grl. José de San Martín, Salta",,2007,http://datos.mininterior.gob.ar/dataset/6a702e6f-3292-44fe-804f-16b8dee008c1/resource/3c2137d5-46d3-40cf-9e01-ee406746b27a/download/listado-de-comunidades-indigenas-20251112.csv
Asociación Comunidad Guaraní Cristo Abajo (pueblo Guaraní),"Grl. José de San Martín, Salta",,2007,http://datos.mininterior.gob.ar/dataset/6a702e6f-3292-44fe-804f-16b8dee008c1/resource/3c2137d5-46d3-40cf-9e01-ee406746b27a/download/listado-de-comunidades-indigenas-20251112.csv
Asociación Comunidad Indígena Guaraní - Wichí San Juan (pueblo Wichí - Guaraní),"Grl. José de San Martín, Salta",,2007,http://datos.mininterior.gob.ar/dataset/6a702e6f-3292-44fe-804f-16b8dee008c1/resource/3c2137d5-46d3-40cf-9e01-ee406746b27a/download/listado-de-comunidades-indigenas-20251112.csv
Asociación Comunidad Indígena Wichí Guaraní Misión La Loma (pueblo Wichí - Guaraní),"Grl. José de San Martín, Salta",,2003,http://datos.mininterior.gob.ar/dataset/6a702e6f-3292-44fe-804f-16b8dee008c1/resource/3c2137d5-46d3-40cf-9e01-ee406746b27a/download/listado-de-comunidades-indigenas-20251112.csv
Asociación Etnia Chorote Iyova Aga (pueblo Chorote),"Grl. José de San Martín, Salta",,2004,http://datos.mininterior.gob.ar/dataset/6a702e6f-3292-44fe-804f-16b8dee008c1/resource/3c2137d5-46d3-40cf-9e01-ee406746b27a/download/listado-de-comunidades-indigenas-20251112.csv
Asociación Misión Aborigen El Quebrachal (pueblo Wichí),"Grl. José de San Martín, Salta",,1994,http://datos.mininterior.gob.ar/dataset/6a702e6f-3292-44fe-804f-16b8dee008c1/resource/3c2137d5-46d3-40cf-9e01-ee406746b27a/download/listado-de-comunidades-indigenas-20251112.csv
Asociación Misión Aborigen Pacará Wichí Thaca Honat (pueblo Wichí),"Grl. José de San Martín, Salta",,1996,http://datos.mininterior.gob.ar/dataset/6a702e6f-3292-44fe-804f-16b8dee008c1/resource/3c2137d5-46d3-40cf-9e01-ee406746b27a/download/listado-de-comunidades-indigenas-20251112.csv
Asociación Nechehen (pueblo Wichí),"Grl. José de San Martín, Salta",,2000,http://datos.mininterior.gob.ar/dataset/6a702e6f-3292-44fe-804f-16b8dee008c1/resource/3c2137d5-46d3-40cf-9e01-ee406746b27a/download/listado-de-comunidades-indigenas-20251112.csv
Asociación Tenak Hacia el Bienestar Aborigen (pueblo Wichí),"Grl. José de San Martín, Salta",,1992,http://datos.mininterior.gob.ar/dataset/6a702e6f-3292-44fe-804f-16b8dee008c1/resource/3c2137d5-46d3-40cf-9e01-ee406746b27a/download/listado-de-comunidades-indigenas-20251112.csv
Asociación Tobas Qom (pueblo Qom/Toba),"Grl. José de San Martín, Salta",,2003,http://datos.mininterior.gob.ar/dataset/6a702e6f-3292-44fe-804f-16b8dee008c1/resource/3c2137d5-46d3-40cf-9e01-ee406746b27a/download/listado-de-comunidades-indigenas-20251112.csv
Asociación Vecinal Indígena La Loma (pueblo Guaraní),"Grl. José de San Martín, Salta",,,http://datos.mininterior.gob.ar/dataset/6a702e6f-3292-44fe-804f-16b8dee008c1/resource/3c2137d5-46d3-40cf-9e01-ee406746b27a/download/listado-de-comunidades-indigenas-20251112.csv
Centro Comunitario Algarrobal Etnia Chané (pueblo Chané),"Grl. José de San Martín, Salta",,2002,http://datos.mininterior.gob.ar/dataset/6a702e6f-3292-44fe-804f-16b8dee008c1/resource/3c2137d5-46d3-40cf-9e01-ee406746b27a/download/listado-de-comunidades-indigenas-20251112.csv
Comisión Coordinadora de Mujeres (pueblo Guaraní),"Grl. José de San Martín, Salta",,2003,http://datos.mininterior.gob.ar/dataset/6a702e6f-3292-44fe-804f-16b8dee008c1/resource/3c2137d5-46d3-40cf-9e01-ee406746b27a/download/listado-de-comunidades-indigenas-20251112.csv
Comisión Directiva Wichí Misión La Loma de Embarcación (pueblo Wichí),"Grl. José de San Martín, Salta",,2001,http://datos.mininterior.gob.ar/dataset/6a702e6f-3292-44fe-804f-16b8dee008c1/resource/3c2137d5-46d3-40cf-9e01-ee406746b27a/download/listado-de-comunidades-indigenas-20251112.csv
Comisión de Mujeres Ambapoo (pueblo Guaraní),"Grl. José de San Martín, Salta",,2002,http://datos.mininterior.gob.ar/dataset/6a702e6f-3292-44fe-804f-16b8dee008c1/resource/3c2137d5-46d3-40cf-9e01-ee406746b27a/download/listado-de-comunidades-indigenas-20251112.csv
Comunidad +V+P+AU Tierra Nueva (pueblo Guaraní),"Grl. José de San Martín, Salta",,2015,http://datos.mininterior.gob.ar/dataset/6a702e6f-3292-44fe-804f-16b8dee008c1/resource/3c2137d5-46d3-40cf-9e01-ee406746b27a/download/listado-de-comunidades-indigenas-20251112.csv
Comunidad 9 de Julio (pueblo Guaraní),"Grl. José de San Martín, Salta",,2000,http://datos.mininterior.gob.ar/dataset/6a702e6f-3292-44fe-804f-16b8dee008c1/resource/3c2137d5-46d3-40cf-9e01-ee406746b27a/download/listado-de-comunidades-indigenas-20251112.csv
Comunidad Aborigen Arenales Holotas (pueblo Wichí),"Grl. José de San Martín, Salta",,2002,http://datos.mininterior.gob.ar/dataset/6a702e6f-3292-44fe-804f-16b8dee008c1/resource/3c2137d5-46d3-40cf-9e01-ee406746b27a/download/listado-de-comunidades-indigenas-20251112.csv
Comunidad Aborigen Barrio Eva Perón Etnia Wichí Guaraní (pueblo Wichí - Guaraní),"Grl. José de San Martín, Salta",,2003,http://datos.mininterior.gob.ar/dataset/6a702e6f-3292-44fe-804f-16b8dee008c1/resource/3c2137d5-46d3-40cf-9e01-ee406746b27a/download/listado-de-comunidades-indigenas-20251112.csv
Comunidad Aborigen Berger Jhonsen B° El Tanque (pueblo Qom/Toba),"Grl. José de San Martín, Salta",,2014,http://datos.mininterior.gob.ar/dataset/6a702e6f-3292-44fe-804f-16b8dee008c1/resource/3c2137d5-46d3-40cf-9e01-ee406746b27a/download/listado-de-comunidades-indigenas-20251112.csv
Comunidad Aborigen Centro Comunitario Misión Cherenta (pueblo Guaraní),"Grl. José de San Martín, Salta",,1996,http://datos.mininterior.gob.ar/dataset/6a702e6f-3292-44fe-804f-16b8dee008c1/resource/3c2137d5-46d3-40cf-9e01-ee406746b27a/download/listado-de-comunidades-indigenas-20251112.csv
Comunidad Aborigen Chané Tutiati (pueblo Chané),"Grl. José de San Martín, Salta",,2002,http://datos.mininterior.gob.ar/dataset/6a702e6f-3292-44fe-804f-16b8dee008c1/resource/3c2137d5-46d3-40cf-9e01-ee406746b27a/download/listado-de-comunidades-indigenas-20251112.csv
Comunidad Aborigen Chañar Lechenut- Wichí (pueblo Wichí),"Grl. José de San Martín, Salta",,2018,http://datos.mininterior.gob.ar/dataset/6a702e6f-3292-44fe-804f-16b8dee008c1/resource/3c2137d5-46d3-40cf-9e01-ee406746b27a/download/listado-de-comunidades-indigenas-20251112.csv
Comunidad Aborigen Chorote I (pueblo Chorote),"Grl. José de San Martín, Salta",,2003,http://datos.mininterior.gob.ar/dataset/6a702e6f-3292-44fe-804f-16b8dee008c1/resource/3c2137d5-46d3-40cf-9e01-ee406746b27a/download/listado-de-comunidades-indigenas-20251112.csv
Comunidad Aborigen Chulupíes Nivaclé de Misión El Cruce (pueblo Chulupí/Nivaclé),"Grl. José de San Martín, Salta",,2000,http://datos.mininterior.gob.ar/dataset/6a702e6f-3292-44fe-804f-16b8dee008c1/resource/3c2137d5-46d3-40cf-9e01-ee406746b27a/download/listado-de-comunidades-indigenas-20251112.csv
Comunidad Aborigen Coema - Nuevo Amanecer (pueblo Guaraní),"Grl. José de San Martín, Salta",,2010,http://datos.mininterior.gob.ar/dataset/6a702e6f-3292-44fe-804f-16b8dee008c1/resource/3c2137d5-46d3-40cf-9e01-ee406746b27a/download/listado-de-comunidades-indigenas-20251112.csv
Comunidad Aborigen Cuña Muerta (pueblo Guaraní),"Grl. José de San Martín, Salta",,2002,http://datos.mininterior.gob.ar/dataset/6a702e6f-3292-44fe-804f-16b8dee008c1/resource/3c2137d5-46d3-40cf-9e01-ee406746b27a/download/listado-de-comunidades-indigenas-20251112.csv
Comunidad Aborigen El Cebilar (pueblo Wichí),"Grl. José de San Martín, Salta",,2002,http://datos.mininterior.gob.ar/dataset/6a702e6f-3292-44fe-804f-16b8dee008c1/resource/3c2137d5-46d3-40cf-9e01-ee406746b27a/download/listado-de-comunidades-indigenas-20251112.csv
Comunidad Aborigen El Duraznillo (pueblo Wichí),"Grl. José de San Martín, Salta",,2018,http://datos.mininterior.gob.ar/dataset/6a702e6f-3292-44fe-804f-16b8dee008c1/resource/3c2137d5-46d3-40cf-9e01-ee406746b27a/download/listado-de-comunidades-indigenas-20251112.csv
Comunidad Aborigen El Lapachal - Wichí (pueblo Wichí),"Grl. José de San Martín, Salta",,2006,http://datos.mininterior.gob.ar/dataset/6a702e6f-3292-44fe-804f-16b8dee008c1/resource/3c2137d5-46d3-40cf-9e01-ee406746b27a/download/listado-de-comunidades-indigenas-20251112.csv
Comunidad Aborigen El Lucero - Etnia Wichí (pueblo Wichí),"Grl. José de San Martín, Salta",,2006,http://datos.mininterior.gob.ar/dataset/6a702e6f-3292-44fe-804f-16b8dee008c1/resource/3c2137d5-46d3-40cf-9e01-ee406746b27a/download/listado-de-comunidades-indigenas-20251112.csv
Comunidad Aborigen El Paraíso (pueblo Wichí),"Grl. José de San Martín, Salta",,2002,http://datos.mininterior.gob.ar/dataset/6a702e6f-3292-44fe-804f-16b8dee008c1/resource/3c2137d5-46d3-40cf-9e01-ee406746b27a/download/listado-de-comunidades-indigenas-20251112.csv
Comunidad Aborigen El Quebracho Kyelhyuktaj (pueblo Wichí),"Grl. José de San Martín, Salta",,2018,http://datos.mininterior.gob.ar/dataset/6a702e6f-3292-44fe-804f-16b8dee008c1/resource/3c2137d5-46d3-40cf-9e01-ee406746b27a/download/listado-de-comunidades-indigenas-20251112.csv
Comunidad Aborigen El Siwog Km. 4 (pueblo Wichí),"Grl. José de San Martín, Salta",,2002,http://datos.mininterior.gob.ar/dataset/6a702e6f-3292-44fe-804f-16b8dee008c1/resource/3c2137d5-46d3-40cf-9e01-ee406746b27a/download/listado-de-comunidades-indigenas-20251112.csv
Comunidad Aborigen El Tráfico (pueblo Wichí),"Grl. José de San Martín, Salta",,2002,http://datos.mininterior.gob.ar/dataset/6a702e6f-3292-44fe-804f-16b8dee008c1/resource/3c2137d5-46d3-40cf-9e01-ee406746b27a/download/listado-de-comunidades-indigenas-20251112.csv
Comunidad Aborigen Etnia Toba (pueblo Qom/Toba),"Grl. José de San Martín, Salta",,2000,http://datos.mininterior.gob.ar/dataset/6a702e6f-3292-44fe-804f-16b8dee008c1/resource/3c2137d5-46d3-40cf-9e01-ee406746b27a/download/listado-de-comunidades-indigenas-20251112.csv
Comunidad Aborigen Ferroviario Etnia Guaraní (pueblo Guaraní),"Grl. José de San Martín, Salta",,2002,http://datos.mininterior.gob.ar/dataset/6a702e6f-3292-44fe-804f-16b8dee008c1/resource/3c2137d5-46d3-40cf-9e01-ee406746b27a/download/listado-de-comunidades-indigenas-20251112.csv
Comunidad Aborigen Franciscana Etnia Wichí de Embarcación (pueblo Wichí),"Grl. José de San Martín, Salta",,2000,http://datos.mininterior.gob.ar/dataset/6a702e6f-3292-44fe-804f-16b8dee008c1/resource/3c2137d5-46d3-40cf-9e01-ee406746b27a/download/listado-de-comunidades-indigenas-20251112.csv
Comunidad Aborigen Guandacarenda (Lugar del Zapallo) (pueblo Guaraní),"Grl. José de San Martín, Salta",,,http://datos.mininterior.gob.ar/dataset/6a702e6f-3292-44fe-804f-16b8dee008c1/resource/3c2137d5-46d3-40cf-9e01-ee406746b27a/download/listado-de-comunidades-indigenas-20251112.csv
Comunidad Aborigen Guaraní El Ceibo (pueblo Guaraní),"Grl. José de San Martín, Salta",,2001,http://datos.mininterior.gob.ar/dataset/6a702e6f-3292-44fe-804f-16b8dee008c1/resource/3c2137d5-46d3-40cf-9e01-ee406746b27a/download/listado-de-comunidades-indigenas-20251112.csv
Comunidad Aborigen Guaraní Opaete Pegua (pueblo Guaraní),"Grl. José de San Martín, Salta",,,http://datos.mininterior.gob.ar/dataset/6a702e6f-3292-44fe-804f-16b8dee008c1/resource/3c2137d5-46d3-40cf-9e01-ee406746b27a/download/listado-de-comunidades-indigenas-20251112.csv
Comunidad Aborigen Guaraní San Antonio (pueblo Guaraní),"Grl. José de San Martín, Salta",,2003,http://datos.mininterior.gob.ar/dataset/6a702e6f-3292-44fe-804f-16b8dee008c1/resource/3c2137d5-46d3-40cf-9e01-ee406746b27a/download/listado-de-comunidades-indigenas-20251112.csv
Comunidad Aborigen Guayacán (pueblo Wichí),"Grl. José de San Martín, Salta",,2005,http://datos.mininterior.gob.ar/dataset/6a702e6f-3292-44fe-804f-16b8dee008c1/resource/3c2137d5-46d3-40cf-9e01-ee406746b27a/download/listado-de-comunidades-indigenas-20251112.csv
Comunidad Aborigen Happe Siwokjuas (pueblo Wichí),"Grl. José de San Martín, Salta",,2001,http://datos.mininterior.gob.ar/dataset/6a702e6f-3292-44fe-804f-16b8dee008c1/resource/3c2137d5-46d3-40cf-9e01-ee406746b27a/download/listado-de-comunidades-indigenas-20251112.csv
Comunidad Aborigen Hayuk - Wuj (Los Mistoles) (pueblo Wichí),"Grl. José de San Martín, Salta",,2005,http://datos.mininterior.gob.ar/dataset/6a702e6f-3292-44fe-804f-16b8dee008c1/resource/3c2137d5-46d3-40cf-9e01-ee406746b27a/download/listado-de-comunidades-indigenas-20251112.csv
Comunidad Aborigen Imak Thanekila - El Porvenir (pueblo Wichí),"Grl. José de San Martín, Salta",,2007,http://datos.mininterior.gob.ar/dataset/6a702e6f-3292-44fe-804f-16b8dee008c1/resource/3c2137d5-46d3-40cf-9e01-ee406746b27a/download/listado-de-comunidades-indigenas-20251112.csv
Comunidad Aborigen Inet (pueblo Chorote),"Grl. José de San Martín, Salta",,2001,http://datos.mininterior.gob.ar/dataset/6a702e6f-3292-44fe-804f-16b8dee008c1/resource/3c2137d5-46d3-40cf-9e01-ee406746b27a/download/listado-de-comunidades-indigenas-20251112.csv
"Comunidad Aborigen Km 6 ""2"" El Paraíso ""A"" (pueblo Wichí)","Grl. José de San Martín, Salta",,,http://datos.mininterior.gob.ar/dataset/6a702e6f-3292-44fe-804f-16b8dee008c1/resource/3c2137d5-46d3-40cf-9e01-ee406746b27a/download/listado-de-comunidades-indigenas-20251112.csv
Comunidad Aborigen Koe Piahus del Pueblo Tapietes (pueblo Tapiete),"Grl. José de San Martín, Salta",,2012,http://datos.mininterior.gob.ar/dataset/6a702e6f-3292-44fe-804f-16b8dee008c1/resource/3c2137d5-46d3-40cf-9e01-ee406746b27a/download/listado-de-comunidades-indigenas-20251112.csv
Comunidad Aborigen La Bendición (pueblo Guaraní),"Grl. José de San Martín, Salta",,2002,http://datos.mininterior.gob.ar/dataset/6a702e6f-3292-44fe-804f-16b8dee008c1/resource/3c2137d5-46d3-40cf-9e01-ee406746b27a/download/listado-de-comunidades-indigenas-20251112.csv
Comunidad Aborigen La Esperanza (pueblo Wichí),"Grl. José de San Martín, Salta",,2002,http://datos.mininterior.gob.ar/dataset/6a702e6f-3292-44fe-804f-16b8dee008c1/resource/3c2137d5-46d3-40cf-9e01-ee406746b27a/download/listado-de-comunidades-indigenas-20251112.csv
Comunidad Aborigen La Medialuna (pueblo Wichí),"Grl. José de San Martín, Salta",,2002,http://datos.mininterior.gob.ar/dataset/6a702e6f-3292-44fe-804f-16b8dee008c1/resource/3c2137d5-46d3-40cf-9e01-ee406746b27a/download/listado-de-comunidades-indigenas-20251112.csv
Comunidad Aborigen La Mora (pueblo Wichí),"Grl. José de San Martín, Salta",,2002,http://datos.mininterior.gob.ar/dataset/6a702e6f-3292-44fe-804f-16b8dee008c1/resource/3c2137d5-46d3-40cf-9e01-ee406746b27a/download/listado-de-comunidades-indigenas-20251112.csv
Comunidad Aborigen La Quebradita (pueblo Wichí),"Grl. José de San Martín, Salta",,2012,http://datos.mininterior.gob.ar/dataset/6a702e6f-3292-44fe-804f-16b8dee008c1/resource/3c2137d5-46d3-40cf-9e01-ee406746b27a/download/listado-de-comunidades-indigenas-20251112.csv
Comunidad Aborigen La Rosa (pueblo Guaraní),"Grl. José de San Martín, Salta",,2002,http://datos.mininterior.gob.ar/dataset/6a702e6f-3292-44fe-804f-16b8dee008c1/resource/3c2137d5-46d3-40cf-9e01-ee406746b27a/download/listado-de-comunidades-indigenas-20251112.csv
Comunidad Aborigen Laguna Guamache (pueblo Wichí),"Grl. José de San Martín, Salta",,2018,http://datos.mininterior.gob.ar/dataset/6a702e6f-3292-44fe-804f-16b8dee008c1/resource/3c2137d5-46d3-40cf-9e01-ee406746b27a/download/listado-de-comunidades-indigenas-20251112.csv
Comunidad Aborigen Lapacho (pueblo Tupí Guaraní),"Grl. José de San Martín, Salta",,2008,http://datos.mininterior.gob.ar/dataset/6a702e6f-3292-44fe-804f-16b8dee008c1/resource/3c2137d5-46d3-40cf-9e01-ee406746b27a/download/listado-de-comunidades-indigenas-20251112.csv
Comunidad Aborigen Las Llanas II (pueblo Wichí),"Grl. José de San Martín, Salta",,2011,http://datos.mininterior.gob.ar/dataset/6a702e6f-3292-44fe-804f-16b8dee008c1/resource/3c2137d5-46d3-40cf-9e01-ee406746b27a/download/listado-de-comunidades-indigenas-20251112.csv
Comunidad Aborigen Misión Chorote Jojoa (pueblo Chorote),"Grl. José de San Martín, Salta",,2000,http://datos.mininterior.gob.ar/dataset/6a702e6f-3292-44fe-804f-16b8dee008c1/resource/3c2137d5-46d3-40cf-9e01-ee406746b27a/download/listado-de-comunidades-indigenas-20251112.csv
Comunidad Aborigen Misión Chorote Parcela 42 (pueblo Chorote),"Grl. José de San Martín, Salta",,2002,http://datos.mininterior.gob.ar/dataset/6a702e6f-3292-44fe-804f-16b8dee008c1/resource/3c2137d5-46d3-40cf-9e01-ee406746b27a/download/listado-de-comunidades-indigenas-20251112.csv
Comunidad Aborigen Misión El Retiro (pueblo Wichí),"Grl. José de San Martín, Salta",,,http://datos.mininterior.gob.ar/dataset/6a702e6f-3292-44fe-804f-16b8dee008c1/resource/3c2137d5-46d3-40cf-9e01-ee406746b27a/download/listado-de-comunidades-indigenas-20251112.csv
Comunidad Aborigen Misión El Tuscal (pueblo Wichí),"Grl. José de San Martín, Salta",,2004,http://datos.mininterior.gob.ar/dataset/6a702e6f-3292-44fe-804f-16b8dee008c1/resource/3c2137d5-46d3-40cf-9e01-ee406746b27a/download/listado-de-comunidades-indigenas-20251112.csv
Comunidad Aborigen Misión Federico Pérez (pueblo Wichí),"Grl. José de San Martín, Salta",,2002,http://datos.mininterior.gob.ar/dataset/6a702e6f-3292-44fe-804f-16b8dee008c1/resource/3c2137d5-46d3-40cf-9e01-ee406746b27a/download/listado-de-comunidades-indigenas-20251112.csv
Comunidad Aborigen Misión Km. 18 (pueblo Wichí),"Grl. José de San Martín, Salta",,2003,http://datos.mininterior.gob.ar/dataset/6a702e6f-3292-44fe-804f-16b8dee008c1/resource/3c2137d5-46d3-40cf-9e01-ee406746b27a/download/listado-de-comunidades-indigenas-20251112.csv
Comunidad Aborigen Misión Km. 6 (pueblo Chorote),"Grl. José de San Martín, Salta",,1997,http://datos.mininterior.gob.ar/dataset/6a702e6f-3292-44fe-804f-16b8dee008c1/resource/3c2137d5-46d3-40cf-9e01-ee406746b27a/download/listado-de-comunidades-indigenas-20251112.csv
Comunidad Aborigen Misión La Corzuela (pueblo Wichí),"Grl. José de San Martín, Salta",,2009,http://datos.mininterior.gob.ar/dataset/6a702e6f-3292-44fe-804f-16b8dee008c1/resource/3c2137d5-46d3-40cf-9e01-ee406746b27a/download/listado-de-comunidades-indigenas-20251112.csv
Comunidad Aborigen Misión La Nueva Generación (pueblo Wichí),"Grl. José de San Martín, Salta",,2020,http://datos.mininterior.gob.ar/dataset/6a702e6f-3292-44fe-804f-16b8dee008c1/resource/3c2137d5-46d3-40cf-9e01-ee406746b27a/download/listado-de-comunidades-indigenas-20251112.csv
Comunidad Aborigen Misión Los Tapietes (pueblo Tapiete),"Grl. José de San Martín, Salta",,1996,http://datos.mininterior.gob.ar/dataset/6a702e6f-3292-44fe-804f-16b8dee008c1/resource/3c2137d5-46d3-40cf-9e01-ee406746b27a/download/listado-de-comunidades-indigenas-20251112.csv
Comunidad Aborigen Misión Nueva Esperanza (pueblo Wichí),"Grl. José de San Martín, Salta",,2003,http://datos.mininterior.gob.ar/dataset/6a702e6f-3292-44fe-804f-16b8dee008c1/resource/3c2137d5-46d3-40cf-9e01-ee406746b27a/download/listado-de-comunidades-indigenas-20251112.csv
Comunidad Aborigen Misión Salin Etnia Wichí (pueblo Wichí),"Grl. José de San Martín, Salta",,2001,http://datos.mininterior.gob.ar/dataset/6a702e6f-3292-44fe-804f-16b8dee008c1/resource/3c2137d5-46d3-40cf-9e01-ee406746b27a/download/listado-de-comunidades-indigenas-20251112.csv
Comunidad Aborigen Misión Urundel (pueblo Wichí),"Grl. José de San Martín, Salta",,2006,http://datos.mininterior.gob.ar/dataset/6a702e6f-3292-44fe-804f-16b8dee008c1/resource/3c2137d5-46d3-40cf-9e01-ee406746b27a/download/listado-de-comunidades-indigenas-20251112.csv
Comunidad Aborigen Misión km 7.1 Ruta 86 de los Pueblos Yliwas (pueblo Chorote),"Grl. José de San Martín, Salta",,2001,http://datos.mininterior.gob.ar/dataset/6a702e6f-3292-44fe-804f-16b8dee008c1/resource/3c2137d5-46d3-40cf-9e01-ee406746b27a/download/listado-de-comunidades-indigenas-20251112.csv
Comunidad Aborigen Monte Veo Cemboyo (El Cuervo Quemado) (pueblo Wichí),"Grl. José de San Martín, Salta",,2002,http://datos.mininterior.gob.ar/dataset/6a702e6f-3292-44fe-804f-16b8dee008c1/resource/3c2137d5-46d3-40cf-9e01-ee406746b27a/download/listado-de-comunidades-indigenas-20251112.csv
Comunidad Aborigen Nueva Esperanza (pueblo Wichí),"Grl. José de San Martín, Salta",,2005,http://datos.mininterior.gob.ar/dataset/6a702e6f-3292-44fe-804f-16b8dee008c1/resource/3c2137d5-46d3-40cf-9e01-ee406746b27a/download/listado-de-comunidades-indigenas-20251112.csv
Comunidad Aborigen Pablo Secretario (pueblo Wichí),"Grl. José de San Martín, Salta",,2000,http://datos.mininterior.gob.ar/dataset/6a702e6f-3292-44fe-804f-16b8dee008c1/resource/3c2137d5-46d3-40cf-9e01-ee406746b27a/download/listado-de-comunidades-indigenas-20251112.csv
Comunidad Aborigen Sachapera 2 Weenhayeck Etnia Wichí (pueblo Wichí),"Grl. José de San Martín, Salta",,2002,http://datos.mininterior.gob.ar/dataset/6a702e6f-3292-44fe-804f-16b8dee008c1/resource/3c2137d5-46d3-40cf-9e01-ee406746b27a/download/listado-de-comunidades-indigenas-20251112.csv
Comunidad Aborigen San Antonio Guaraní (pueblo Guaraní),"Grl. José de San Martín, Salta",,2003,http://datos.mininterior.gob.ar/dataset/6a702e6f-3292-44fe-804f-16b8dee008c1/resource/3c2137d5-46d3-40cf-9e01-ee406746b27a/download/listado-de-comunidades-indigenas-20251112.csv
Comunidad Aborigen San Vicente (pueblo Wichí),"Grl. José de San Martín, Salta",,2003,http://datos.mininterior.gob.ar/dataset/6a702e6f-3292-44fe-804f-16b8dee008c1/resource/3c2137d5-46d3-40cf-9e01-ee406746b27a/download/listado-de-comunidades-indigenas-20251112.csv
Comunidad Aborigen Tahuichi (pueblo Wichí - Guaraní),"Grl. José de San Martín, Salta",,2001,http://datos.mininterior.gob.ar/dataset/6a702e6f-3292-44fe-804f-16b8dee008c1/resource/3c2137d5-46d3-40cf-9e01-ee406746b27a/download/listado-de-comunidades-indigenas-20251112.csv
Comunidad Aborigen Tapiete IV (pueblo Tapiete),"Grl. José de San Martín, Salta",,2013,http://datos.mininterior.gob.ar/dataset/6a702e6f-3292-44fe-804f-16b8dee008c1/resource/3c2137d5-46d3-40cf-9e01-ee406746b27a/download/listado-de-comunidades-indigenas-20251112.csv
Comunidad Aborigen Tasil Etnia Wichí (pueblo Wichí),"Grl. José de San Martín, Salta",,2004,http://datos.mininterior.gob.ar/dataset/6a702e6f-3292-44fe-804f-16b8dee008c1/resource/3c2137d5-46d3-40cf-9e01-ee406746b27a/download/listado-de-comunidades-indigenas-20251112.csv
Comunidad Aborigen Territorio Pinjuet Wichí (pueblo Wichí),"Grl. José de San Martín, Salta",,2002,http://datos.mininterior.gob.ar/dataset/6a702e6f-3292-44fe-804f-16b8dee008c1/resource/3c2137d5-46d3-40cf-9e01-ee406746b27a/download/listado-de-comunidades-indigenas-20251112.csv
Comunidad Aborigen Toba 1 (pueblo Qom/Toba),"Grl. José de San Martín, Salta",,2000,http://datos.mininterior.gob.ar/dataset/6a702e6f-3292-44fe-804f-16b8dee008c1/resource/3c2137d5-46d3-40cf-9e01-ee406746b27a/download/listado-de-comunidades-indigenas-20251112.csv
Comunidad Aborigen Tobas Com km. 3 del Gasoducto (pueblo Qom/Toba),"Grl. José de San Martín, Salta",,2003,http://datos.mininterior.gob.ar/dataset/6a702e6f-3292-44fe-804f-16b8dee008c1/resource/3c2137d5-46d3-40cf-9e01-ee406746b27a/download/listado-de-comunidades-indigenas-20251112.csv
Comunidad Aborigen Tranquita Etnia Guarani (pueblo Guaraní),"Grl. José de San Martín, Salta",,1996,http://datos.mininterior.gob.ar/dataset/6a702e6f-3292-44fe-804f-16b8dee008c1/resource/3c2137d5-46d3-40cf-9e01-ee406746b27a/download/listado-de-comunidades-indigenas-20251112.csv
Comunidad Aborigen Wichí Chiriguano Del Barrio El Cristo Arriba (pueblo Wichí - Chiriguano),"Grl. José de San Martín, Salta",,2002,http://datos.mininterior.gob.ar/dataset/6a702e6f-3292-44fe-804f-16b8dee008c1/resource/3c2137d5-46d3-40cf-9e01-ee406746b27a/download/listado-de-comunidades-indigenas-20251112.csv
Comunidad Aborigen Wichí Las Llanas (pueblo Wichí),"Grl. José de San Martín, Salta",,2011,http://datos.mininterior.gob.ar/dataset/6a702e6f-3292-44fe-804f-16b8dee008c1/resource/3c2137d5-46d3-40cf-9e01-ee406746b27a/download/listado-de-comunidades-indigenas-20251112.csv
Comunidad Aborigen Wichí Paraje La Fortuna (pueblo Wichí),"Grl. José de San Martín, Salta",,2006,http://datos.mininterior.gob.ar/dataset/6a702e6f-3292-44fe-804f-16b8dee008c1/resource/3c2137d5-46d3-40cf-9e01-ee406746b27a/download/listado-de-comunidades-indigenas-20251112.csv
Comunidad Aborigen Wichí de Chirola Fortín Dragones Ruta 81 (pueblo Wichí),"Grl. José de San Martín, Salta",,2001,http://datos.mininterior.gob.ar/dataset/6a702e6f-3292-44fe-804f-16b8dee008c1/resource/3c2137d5-46d3-40cf-9e01-ee406746b27a/download/listado-de-comunidades-indigenas-20251112.csv
Comunidad Aborigen Yas + Tatu Guazú Koeti - Lucero del Alba (pueblo Guaraní),"Grl. José de San Martín, Salta",,2007,http://datos.mininterior.gob.ar/dataset/6a702e6f-3292-44fe-804f-16b8dee008c1/resource/3c2137d5-46d3-40cf-9e01-ee406746b27a/download/listado-de-comunidades-indigenas-20251112.csv
Comunidad Aborigen Zanja Honda (pueblo Guaraní),"Grl. José de San Martín, Salta",,2001,http://datos.mininterior.gob.ar/dataset/6a702e6f-3292-44fe-804f-16b8dee008c1/resource/3c2137d5-46d3-40cf-9e01-ee406746b27a/download/listado-de-comunidades-indigenas-20251112.csv
Comunidad Aborigen de Ikira (pueblo Chané),"Grl. José de San Martín, Salta",,2009,http://datos.mininterior.gob.ar/dataset/6a702e6f-3292-44fe-804f-16b8dee008c1/resource/3c2137d5-46d3-40cf-9e01-ee406746b27a/download/listado-de-comunidades-indigenas-20251112.csv
Comunidad Aborigen del Barrio Matadero Etnia Wichí Chiriguano (pueblo Wichí - Guaraní),"Grl. José de San Martín, Salta",,2001,http://datos.mininterior.gob.ar/dataset/6a702e6f-3292-44fe-804f-16b8dee008c1/resource/3c2137d5-46d3-40cf-9e01-ee406746b27a/download/listado-de-comunidades-indigenas-20251112.csv
Comunidad Aborigen Ñande Yer+ (pueblo Guaraní),"Grl. José de San Martín, Salta",,2000,http://datos.mininterior.gob.ar/dataset/6a702e6f-3292-44fe-804f-16b8dee008c1/resource/3c2137d5-46d3-40cf-9e01-ee406746b27a/download/listado-de-comunidades-indigenas-20251112.csv
Comunidad Asociación Misión Aborigen Wichi Monte Sinaí (pueblo Wichí),"Grl. José de San Martín, Salta",,2000,http://datos.mininterior.gob.ar/dataset/6a702e6f-3292-44fe-804f-16b8dee008c1/resource/3c2137d5-46d3-40cf-9e01-ee406746b27a/download/listado-de-comunidades-indigenas-20251112.csv
Comunidad Cacique Cambai (pueblo Wichí),"Grl. José de San Martín, Salta",,2000,http://datos.mininterior.gob.ar/dataset/6a702e6f-3292-44fe-804f-16b8dee008c1/resource/3c2137d5-46d3-40cf-9e01-ee406746b27a/download/listado-de-comunidades-indigenas-20251112.csv
Comunidad Cacique Cambai II (pueblo Wichí),"Grl. José de San Martín, Salta",,2015,http://datos.mininterior.gob.ar/dataset/6a702e6f-3292-44fe-804f-16b8dee008c1/resource/3c2137d5-46d3-40cf-9e01-ee406746b27a/download/listado-de-comunidades-indigenas-20251112.csv
Comunidad Campo Blanco (pueblo Guaraní),"Grl. José de San Martín, Salta",,2000,http://datos.mininterior.gob.ar/dataset/6a702e6f-3292-44fe-804f-16b8dee008c1/resource/3c2137d5-46d3-40cf-9e01-ee406746b27a/download/listado-de-comunidades-indigenas-20251112.csv
Comunidad Capiazuti (pueblo Guaraní - Chané),"Grl. José de San Martín, Salta",,2000,http://datos.mininterior.gob.ar/dataset/6a702e6f-3292-44fe-804f-16b8dee008c1/resource/3c2137d5-46d3-40cf-9e01-ee406746b27a/download/listado-de-comunidades-indigenas-20251112.csv
Comunidad Caraparí Etnia Guaraní (pueblo Guaraní),"Grl. José de San Martín, Salta",,2000,http://datos.mininterior.gob.ar/dataset/6a702e6f-3292-44fe-804f-16b8dee008c1/resource/3c2137d5-46d3-40cf-9e01-ee406746b27a/download/listado-de-comunidades-indigenas-20251112.csv
Comunidad Chané Arakua Iya - Coronel Cornejo (pueblo Chané),"Grl. José de San Martín, Salta",,,http://datos.mininterior.gob.ar/dataset/6a702e6f-3292-44fe-804f-16b8dee008c1/resource/3c2137d5-46d3-40cf-9e01-ee406746b27a/download/listado-de-comunidades-indigenas-20251112.csv
Comunidad Cherentarareta (pueblo Ava Guaraní),"Grl. José de San Martín, Salta",,2009,http://datos.mininterior.gob.ar/dataset/6a702e6f-3292-44fe-804f-16b8dee008c1/resource/3c2137d5-46d3-40cf-9e01-ee406746b27a/download/listado-de-comunidades-indigenas-20251112.csv
Comunidad Chorote 2 - Km. 6 Ajwena Lewi- Pájaro Blanco (pueblo Chorote),"Grl. José de San Martín, Salta",,,http://datos.mininterior.gob.ar/dataset/6a702e6f-3292-44fe-804f-16b8dee008c1/resource/3c2137d5-46d3-40cf-9e01-ee406746b27a/download/listado-de-comunidades-indigenas-20251112.csv
Comunidad Chorote Campo Nuevo (pueblo Chorote),"Grl. José de San Martín, Salta",,2018,http://datos.mininterior.gob.ar/dataset/6a702e6f-3292-44fe-804f-16b8dee008c1/resource/3c2137d5-46d3-40cf-9e01-ee406746b27a/download/listado-de-comunidades-indigenas-20251112.csv
Comunidad Chorote Etnia Chorote (pueblo Chorote),"Grl. José de San Martín, Salta",,2001,http://datos.mininterior.gob.ar/dataset/6a702e6f-3292-44fe-804f-16b8dee008c1/resource/3c2137d5-46d3-40cf-9e01-ee406746b27a/download/listado-de-comunidades-indigenas-20251112.csv
Comunidad Cumbaru Chañar (pueblo Guaraní),"Grl. José de San Martín, Salta",,2015,http://datos.mininterior.gob.ar/dataset/6a702e6f-3292-44fe-804f-16b8dee008c1/resource/3c2137d5-46d3-40cf-9e01-ee406746b27a/download/listado-de-comunidades-indigenas-20251112.csv
Comunidad Curva del Escrito (pueblo Wichí),"Grl. José de San Martín, Salta",,2018,http://datos.mininterior.gob.ar/dataset/6a702e6f-3292-44fe-804f-16b8dee008c1/resource/3c2137d5-46d3-40cf-9e01-ee406746b27a/download/listado-de-comunidades-indigenas-20251112.csv
Comunidad El Aborigen El Quebrachal II (pueblo Wichí),"Grl. José de San Martín, Salta",,2003,http://datos.mininterior.gob.ar/dataset/6a702e6f-3292-44fe-804f-16b8dee008c1/resource/3c2137d5-46d3-40cf-9e01-ee406746b27a/download/listado-de-comunidades-indigenas-20251112.csv
Comunidad El Algarrobal Etnia Toba (pueblo Qom/Toba),"Grl. José de San Martín, Salta",,2010,http://datos.mininterior.gob.ar/dataset/6a702e6f-3292-44fe-804f-16b8dee008c1/resource/3c2137d5-46d3-40cf-9e01-ee406746b27a/download/listado-de-comunidades-indigenas-20251112.csv
Comunidad El Arenal (pueblo Guaraní),"Grl. José de San Martín, Salta",,2000,http://datos.mininterior.gob.ar/dataset/6a702e6f-3292-44fe-804f-16b8dee008c1/resource/3c2137d5-46d3-40cf-9e01-ee406746b27a/download/listado-de-comunidades-indigenas-20251112.csv
Comunidad El Carpintero (Shiwuk) (pueblo Wichí),"Grl. José de San Martín, Salta",,,http://datos.mininterior.gob.ar/dataset/6a702e6f-3292-44fe-804f-16b8dee008c1/resource/3c2137d5-46d3-40cf-9e01-ee406746b27a/download/listado-de-comunidades-indigenas-20251112.csv
Comunidad El Chañar Letsenuk Wichí (pueblo Wichí),"Grl. José de San Martín, Salta",,,http://datos.mininterior.gob.ar/dataset/6a702e6f-3292-44fe-804f-16b8dee008c1/resource/3c2137d5-46d3-40cf-9e01-ee406746b27a/download/listado-de-comunidades-indigenas-20251112.csv
Comunidad El Crespin (pueblo Wichí),"Grl. José de San Martín, Salta",,2018,http://datos.mininterior.gob.ar/dataset/6a702e6f-3292-44fe-804f-16b8dee008c1/resource/3c2137d5-46d3-40cf-9e01-ee406746b27a/download/listado-de-comunidades-indigenas-20251112.csv
Comunidad El Escrito (pueblo Wichí),"Grl. José de San Martín, Salta",,2013,http://datos.mininterior.gob.ar/dataset/6a702e6f-3292-44fe-804f-16b8dee008c1/resource/3c2137d5-46d3-40cf-9e01-ee406746b27a/download/listado-de-comunidades-indigenas-20251112.csv
Comunidad El Lapacho Hok´Tek (pueblo Wichí),"Grl. José de San Martín, Salta",,,http://datos.mininterior.gob.ar/dataset/6a702e6f-3292-44fe-804f-16b8dee008c1/resource/3c2137d5-46d3-40cf-9e01-ee406746b27a/download/listado-de-comunidades-indigenas-20251112.csv
Comunidad El Lapacho Pueblo Wichí (pueblo Wichí),"Grl. José de San Martín, Salta",,2013,http://datos.mininterior.gob.ar/dataset/6a702e6f-3292-44fe-804f-16b8dee008c1/resource/3c2137d5-46d3-40cf-9e01-ee406746b27a/download/listado-de-comunidades-indigenas-20251112.csv
Comunidad El Milagro (pueblo Guaraní),"Grl. José de San Martín, Salta",,2000,http://datos.mininterior.gob.ar/dataset/6a702e6f-3292-44fe-804f-16b8dee008c1/resource/3c2137d5-46d3-40cf-9e01-ee406746b27a/download/listado-de-comunidades-indigenas-20251112.csv
Comunidad El Moye Hiknaii (pueblo Wichí),"Grl. José de San Martín, Salta",,2021,http://datos.mininterior.gob.ar/dataset/6a702e6f-3292-44fe-804f-16b8dee008c1/resource/3c2137d5-46d3-40cf-9e01-ee406746b27a/download/listado-de-comunidades-indigenas-20251112.csv
Comunidad El Obraje (pueblo Guaraní),"Grl. José de San Martín, Salta",,2000,http://datos.mininterior.gob.ar/dataset/6a702e6f-3292-44fe-804f-16b8dee008c1/resource/3c2137d5-46d3-40cf-9e01-ee406746b27a/download/listado-de-comunidades-indigenas-20251112.csv
Comunidad El Traslado Etnia Wichí (pueblo Wichí),"Grl. José de San Martín, Salta",,2006,http://datos.mininterior.gob.ar/dataset/6a702e6f-3292-44fe-804f-16b8dee008c1/resource/3c2137d5-46d3-40cf-9e01-ee406746b27a/download/listado-de-comunidades-indigenas-20251112.csv
Comunidad El Urundel Yachut (pueblo Wichí),"Grl. José de San Martín, Salta",,2018,http://datos.mininterior.gob.ar/dataset/6a702e6f-3292-44fe-804f-16b8dee008c1/resource/3c2137d5-46d3-40cf-9e01-ee406746b27a/download/listado-de-comunidades-indigenas-20251112.csv
Comunidad Francisca Sarmiento Lafwetthsil - Raices (pueblo Wichí),"Grl. José de San Martín, Salta",,2012,http://datos.mininterior.gob.ar/dataset/6a702e6f-3292-44fe-804f-16b8dee008c1/resource/3c2137d5-46d3-40cf-9e01-ee406746b27a/download/listado-de-comunidades-indigenas-20251112.csv
Comunidad Fwiñol - Carboncito (pueblo Wichí),"Grl. José de San Martín, Salta",,2000,http://datos.mininterior.gob.ar/dataset/6a702e6f-3292-44fe-804f-16b8dee008c1/resource/3c2137d5-46d3-40cf-9e01-ee406746b27a/download/listado-de-comunidades-indigenas-20251112.csv
Comunidad Gallardo Weenhayek (pueblo Wichí),"Grl. José de San Martín, Salta",,2019,http://datos.mininterior.gob.ar/dataset/6a702e6f-3292-44fe-804f-16b8dee008c1/resource/3c2137d5-46d3-40cf-9e01-ee406746b27a/download/listado-de-comunidades-indigenas-20251112.csv
"Comunidad Guaraní Camp ""I"" Anda""I"" (Árbol y Anco) (pueblo Guaraní)","Grl. José de San Martín, Salta",,2017,http://datos.mininterior.gob.ar/dataset/6a702e6f-3292-44fe-804f-16b8dee008c1/resource/3c2137d5-46d3-40cf-9e01-ee406746b27a/download/listado-de-comunidades-indigenas-20251112.csv
Comunidad Guaraní El Agüay (pueblo Guaraní),"Grl. José de San Martín, Salta",,2018,http://datos.mininterior.gob.ar/dataset/6a702e6f-3292-44fe-804f-16b8dee008c1/resource/3c2137d5-46d3-40cf-9e01-ee406746b27a/download/listado-de-comunidades-indigenas-20251112.csv
Comunidad Guaraní El Milagro (pueblo Guaraní),"Grl. José de San Martín, Salta",,2018,http://datos.mininterior.gob.ar/dataset/6a702e6f-3292-44fe-804f-16b8dee008c1/resource/3c2137d5-46d3-40cf-9e01-ee406746b27a/download/listado-de-comunidades-indigenas-20251112.csv
Comunidad Guaraní Happo P+AU (pueblo Guaraní),"Grl. José de San Martín, Salta",,2015,http://datos.mininterior.gob.ar/dataset/6a702e6f-3292-44fe-804f-16b8dee008c1/resource/3c2137d5-46d3-40cf-9e01-ee406746b27a/download/listado-de-comunidades-indigenas-20251112.csv
Comunidad Guaraní Misión Franciscana (pueblo Guaraní),"Grl. José de San Martín, Salta",,2018,http://datos.mininterior.gob.ar/dataset/6a702e6f-3292-44fe-804f-16b8dee008c1/resource/3c2137d5-46d3-40cf-9e01-ee406746b27a/download/listado-de-comunidades-indigenas-20251112.csv
Comunidad Guaraní Paraje El Tonono (pueblo Guaraní),"Grl. José de San Martín, Salta",,2001,http://datos.mininterior.gob.ar/dataset/6a702e6f-3292-44fe-804f-16b8dee008c1/resource/3c2137d5-46d3-40cf-9e01-ee406746b27a/download/listado-de-comunidades-indigenas-20251112.csv
Comunidad Guaraní Parcela 19 (pueblo Guaraní),"Grl. José de San Martín, Salta",,2017,http://datos.mininterior.gob.ar/dataset/6a702e6f-3292-44fe-804f-16b8dee008c1/resource/3c2137d5-46d3-40cf-9e01-ee406746b27a/download/listado-de-comunidades-indigenas-20251112.csv
Comunidad Guaraní Parcela 37 (pueblo Guaraní),"Grl. José de San Martín, Salta",,2015,http://datos.mininterior.gob.ar/dataset/6a702e6f-3292-44fe-804f-16b8dee008c1/resource/3c2137d5-46d3-40cf-9e01-ee406746b27a/download/listado-de-comunidades-indigenas-20251112.csv
Comunidad Guaraní Tënta Puäu (Pueblo Nuevo) (pueblo Guaraní),"Grl. José de San Martín, Salta",,2002,http://datos.mininterior.gob.ar/dataset/6a702e6f-3292-44fe-804f-16b8dee008c1/resource/3c2137d5-46d3-40cf-9e01-ee406746b27a/download/listado-de-comunidades-indigenas-20251112.csv
Comunidad Guaraní Yacuy (pueblo Guaraní),"Grl. José de San Martín, Salta",,1995,http://datos.mininterior.gob.ar/dataset/6a702e6f-3292-44fe-804f-16b8dee008c1/resource/3c2137d5-46d3-40cf-9e01-ee406746b27a/download/listado-de-comunidades-indigenas-20251112.csv
Comunidad Guaraní de Belgrano (pueblo Guaraní),"Grl. José de San Martín, Salta",,2014,http://datos.mininterior.gob.ar/dataset/6a702e6f-3292-44fe-804f-16b8dee008c1/resource/3c2137d5-46d3-40cf-9e01-ee406746b27a/download/listado-de-comunidades-indigenas-20251112.csv
Comunidad Indígena 12 de Octubre (pueblo Wichí),"Grl. José de San Martín, Salta",,2005,http://datos.mininterior.gob.ar/dataset/6a702e6f-3292-44fe-804f-16b8dee008c1/resource/3c2137d5-46d3-40cf-9e01-ee406746b27a/download/listado-de-comunidades-indigenas-20251112.csv
Comunidad Indígena Algarrobito (pueblo Wichí),"Grl. José de San Martín, Salta",,2005,http://datos.mininterior.gob.ar/dataset/6a702e6f-3292-44fe-804f-16b8dee008c1/resource/3c2137d5-46d3-40cf-9e01-ee406746b27a/download/listado-de-comunidades-indigenas-20251112.csv
Comunidad Indígena B° El Tanque (pueblo Wichí),"Grl. José de San Martín, Salta",,2002,http://datos.mininterior.gob.ar/dataset/6a702e6f-3292-44fe-804f-16b8dee008c1/resource/3c2137d5-46d3-40cf-9e01-ee406746b27a/download/listado-de-comunidades-indigenas-20251112.csv
Comunidad Indígena Chorote Iyo´Awuwa (pueblo Chorote),"Grl. José de San Martín, Salta",,2007,http://datos.mininterior.gob.ar/dataset/6a702e6f-3292-44fe-804f-16b8dee008c1/resource/3c2137d5-46d3-40cf-9e01-ee406746b27a/download/listado-de-comunidades-indigenas-20251112.csv
Comunidad Indígena Churqui Pampa (pueblo Kolla),"Grl. José de San Martín, Salta",,2011,http://datos.mininterior.gob.ar/dataset/6a702e6f-3292-44fe-804f-16b8dee008c1/resource/3c2137d5-46d3-40cf-9e01-ee406746b27a/download/listado-de-comunidades-indigenas-20251112.csv
Comunidad Indígena El Chaguaral Etnia Wichí (pueblo Wichí),"Grl. José de San Martín, Salta",,,http://datos.mininterior.gob.ar/dataset/6a702e6f-3292-44fe-804f-16b8dee008c1/resource/3c2137d5-46d3-40cf-9e01-ee406746b27a/download/listado-de-comunidades-indigenas-20251112.csv
Comunidad Indígena El Chorro Etnia Guaraní (pueblo Guaraní),"Grl. José de San Martín, Salta",,2005,http://datos.mininterior.gob.ar/dataset/6a702e6f-3292-44fe-804f-16b8dee008c1/resource/3c2137d5-46d3-40cf-9e01-ee406746b27a/download/listado-de-comunidades-indigenas-20251112.csv
Comunidad Indígena Guaraní 40 Viviendas TGN (pueblo Guaraní),"Grl. José de San Martín, Salta",,2003,http://datos.mininterior.gob.ar/dataset/6a702e6f-3292-44fe-804f-16b8dee008c1/resource/3c2137d5-46d3-40cf-9e01-ee406746b27a/download/listado-de-comunidades-indigenas-20251112.csv
Comunidad Indígena Guaraní Chemara Mbae (pueblo Guaraní),"Grl. José de San Martín, Salta",,2019,http://datos.mininterior.gob.ar/dataset/6a702e6f-3292-44fe-804f-16b8dee008c1/resource/3c2137d5-46d3-40cf-9e01-ee406746b27a/download/listado-de-comunidades-indigenas-20251112.csv
Comunidad Indígena Guaraní El Coronillo (pueblo Guaraní),"Grl. José de San Martín, Salta",,2009,http://datos.mininterior.gob.ar/dataset/6a702e6f-3292-44fe-804f-16b8dee008c1/resource/3c2137d5-46d3-40cf-9e01-ee406746b27a/download/listado-de-comunidades-indigenas-20251112.csv
Comunidad Indígena Guaraní Misión El Arca (pueblo Guaraní),"Grl. José de San Martín, Salta",,2006,http://datos.mininterior.gob.ar/dataset/6a702e6f-3292-44fe-804f-16b8dee008c1/resource/3c2137d5-46d3-40cf-9e01-ee406746b27a/download/listado-de-comunidades-indigenas-20251112.csv
Comunidad Indígena Guaraní Playa Ancha (pueblo Guaraní),"Grl. José de San Martín, Salta",,2005,http://datos.mininterior.gob.ar/dataset/6a702e6f-3292-44fe-804f-16b8dee008c1/resource/3c2137d5-46d3-40cf-9e01-ee406746b27a/download/listado-de-comunidades-indigenas-20251112.csv
Comunidad Indígena Hoktek T' Oi Lapacho Mocho (pueblo Wichí),"Grl. José de San Martín, Salta",,1996,http://datos.mininterior.gob.ar/dataset/6a702e6f-3292-44fe-804f-16b8dee008c1/resource/3c2137d5-46d3-40cf-9e01-ee406746b27a/download/listado-de-comunidades-indigenas-20251112.csv
Comunidad Indígena Lapacho III Ñacahuasu (pueblo Wichí),"Grl. José de San Martín, Salta",,2009,http://datos.mininterior.gob.ar/dataset/6a702e6f-3292-44fe-804f-16b8dee008c1/resource/3c2137d5-46d3-40cf-9e01-ee406746b27a/download/listado-de-comunidades-indigenas-20251112.csv
Comunidad Indígena Lapacho Viejo (pueblo Guaraní),"Grl. José de San Martín, Salta",,,http://datos.mininterior.gob.ar/dataset/6a702e6f-3292-44fe-804f-16b8dee008c1/resource/3c2137d5-46d3-40cf-9e01-ee406746b27a/download/listado-de-comunidades-indigenas-20251112.csv
Comunidad Indígena Leved Lugar Wichí (pueblo Wichí),"Grl. José de San Martín, Salta",,2003,http://datos.mininterior.gob.ar/dataset/6a702e6f-3292-44fe-804f-16b8dee008c1/resource/3c2137d5-46d3-40cf-9e01-ee406746b27a/download/listado-de-comunidades-indigenas-20251112.csv
Comunidad Indígena Misión Cacique Loira (pueblo Wichí),"Grl. José de San Martín, Salta",,2012,http://datos.mininterior.gob.ar/dataset/6a702e6f-3292-44fe-804f-16b8dee008c1/resource/3c2137d5-46d3-40cf-9e01-ee406746b27a/download/listado-de-comunidades-indigenas-20251112.csv
Comunidad Indígena Misión Cevilar (pueblo Wichí),"Grl. José de San Martín, Salta",,2003,http://datos.mininterior.gob.ar/dataset/6a702e6f-3292-44fe-804f-16b8dee008c1/resource/3c2137d5-46d3-40cf-9e01-ee406746b27a/download/listado-de-comunidades-indigenas-20251112.csv
Comunidad Indígena Misión San Ignacio Ruta 81 Hickmann (pueblo Wichí),"Grl. José de San Martín, Salta",,2005,http://datos.mininterior.gob.ar/dataset/6a702e6f-3292-44fe-804f-16b8dee008c1/resource/3c2137d5-46d3-40cf-9e01-ee406746b27a/download/listado-de-comunidades-indigenas-20251112.csv
Comunidad Indígena Pastor Senillosa (pueblo Wichí),"Grl. José de San Martín, Salta",,2009,http://datos.mininterior.gob.ar/dataset/6a702e6f-3292-44fe-804f-16b8dee008c1/resource/3c2137d5-46d3-40cf-9e01-ee406746b27a/download/listado-de-comunidades-indigenas-20251112.csv
Comunidad Indígena Piquirenda Viejo de Raza Guaraní (pueblo Guaraní),"Grl. José de San Martín, Salta",,2005,http://datos.mininterior.gob.ar/dataset/6a702e6f-3292-44fe-804f-16b8dee008c1/resource/3c2137d5-46d3-40cf-9e01-ee406746b27a/download/listado-de-comunidades-indigenas-20251112.csv
Comunidad Indígena Pozo Fuerte - Corralito (pueblo Wichí),"Grl. José de San Martín, Salta",,2011,http://datos.mininterior.gob.ar/dataset/6a702e6f-3292-44fe-804f-16b8dee008c1/resource/3c2137d5-46d3-40cf-9e01-ee406746b27a/download/listado-de-comunidades-indigenas-20251112.csv
Comunidad Indígena Toba Tacaik (pueblo Qom/Toba),"Grl. José de San Martín, Salta",,2018,http://datos.mininterior.gob.ar/dataset/6a702e6f-3292-44fe-804f-16b8dee008c1/resource/3c2137d5-46d3-40cf-9e01-ee406746b27a/download/listado-de-comunidades-indigenas-20251112.csv
Comunidad Indígena Tobas Comleck (C.I.TO.COM.) Misión La Loma (pueblo Qom/Toba),"Grl. José de San Martín, Salta",,2003,http://datos.mininterior.gob.ar/dataset/6a702e6f-3292-44fe-804f-16b8dee008c1/resource/3c2137d5-46d3-40cf-9e01-ee406746b27a/download/listado-de-comunidades-indigenas-20251112.csv
Comunidad Indígena Tres Lapachos (pueblo Wichí),"Grl. José de San Martín, Salta",,2008,http://datos.mininterior.gob.ar/dataset/6a702e6f-3292-44fe-804f-16b8dee008c1/resource/3c2137d5-46d3-40cf-9e01-ee406746b27a/download/listado-de-comunidades-indigenas-20251112.csv
Comunidad Indígena Vitiche (pueblo Kolla),"Grl. José de San Martín, Salta",,2005,http://datos.mininterior.gob.ar/dataset/6a702e6f-3292-44fe-804f-16b8dee008c1/resource/3c2137d5-46d3-40cf-9e01-ee406746b27a/download/listado-de-comunidades-indigenas-20251112.csv
Comunidad Indígena Wichi Pozo Nuevo Sowaiuk (pueblo Iogys),"Grl. José de San Martín, Salta",,2023,http://datos.mininterior.gob.ar/dataset/6a702e6f-3292-44fe-804f-16b8dee008c1/resource/3c2137d5-46d3-40cf-9e01-ee406746b27a/download/listado-de-comunidades-indigenas-20251112.csv
Comunidad Indígena Wichí Honat Le´les Hijos de la Tierra (pueblo Wichí),"Grl. José de San Martín, Salta",,2005,http://datos.mininterior.gob.ar/dataset/6a702e6f-3292-44fe-804f-16b8dee008c1/resource/3c2137d5-46d3-40cf-9e01-ee406746b27a/download/listado-de-comunidades-indigenas-20251112.csv
Comunidad Indígena Wichí del Km. 6 Los Horneros Tatsi (pueblo Wichí),"Grl. José de San Martín, Salta",,2002,http://datos.mininterior.gob.ar/dataset/6a702e6f-3292-44fe-804f-16b8dee008c1/resource/3c2137d5-46d3-40cf-9e01-ee406746b27a/download/listado-de-comunidades-indigenas-20251112.csv
Comunidad Indígena del Pueblo Ava Guaraní Tape Iguapegui (pueblo Ava Guaraní),"Grl. José de San Martín, Salta",,2000,http://datos.mininterior.gob.ar/dataset/6a702e6f-3292-44fe-804f-16b8dee008c1/resource/3c2137d5-46d3-40cf-9e01-ee406746b27a/download/listado-de-comunidades-indigenas-20251112.csv
"Comunidad Indígena del Pueblo Tupí Guaraní ""Bapurenda"" (pueblo Tupí Guaraní)","Grl. José de San Martín, Salta",,2003,http://datos.mininterior.gob.ar/dataset/6a702e6f-3292-44fe-804f-16b8dee008c1/resource/3c2137d5-46d3-40cf-9e01-ee406746b27a/download/listado-de-comunidades-indigenas-20251112.csv
"Comunidad Indígena del Pueblo Tupí Guaraní ""Ñanderu Luciano Yepez"" (pueblo Tupí Guaraní)","Grl. José de San Martín, Salta",,2002,http://datos.mininterior.gob.ar/dataset/6a702e6f-3292-44fe-804f-16b8dee008c1/resource/3c2137d5-46d3-40cf-9e01-ee406746b27a/download/listado-de-comunidades-indigenas-20251112.csv
"Comunidad Indígena del Pueblo Tupí Guaraní Ipora ""Pueblo Hermoso"" (pueblo Tupí Guaraní)","Grl. José de San Martín, Salta",,2003,http://datos.mininterior.gob.ar/dataset/6a702e6f-3292-44fe-804f-16b8dee008c1/resource/3c2137d5-46d3-40cf-9e01-ee406746b27a/download/listado-de-comunidades-indigenas-20251112.csv
Comunidad Iyojwaja Inijwome Napo Ajlie (pueblo Wichí),"Grl. José de San Martín, Salta",,2001,http://datos.mininterior.gob.ar/dataset/6a702e6f-3292-44fe-804f-16b8dee008c1/resource/3c2137d5-46d3-40cf-9e01-ee406746b27a/download/listado-de-comunidades-indigenas-20251112.csv
Comunidad Iyowa Ijwet Chorote 2 (pueblo Chorote),"Grl. José de San Martín, Salta",,2022,http://datos.mininterior.gob.ar/dataset/6a702e6f-3292-44fe-804f-16b8dee008c1/resource/3c2137d5-46d3-40cf-9e01-ee406746b27a/download/listado-de-comunidades-indigenas-20251112.csv
Comunidad Kaa Puku - Campo Largo (pueblo Ava Guaraní),"Grl. José de San Martín, Salta",,2020,http://datos.mininterior.gob.ar/dataset/6a702e6f-3292-44fe-804f-16b8dee008c1/resource/3c2137d5-46d3-40cf-9e01-ee406746b27a/download/listado-de-comunidades-indigenas-20251112.csv
Comunidad Kuña Ikavi (pueblo Guaraní),"Grl. José de San Martín, Salta",,2013,http://datos.mininterior.gob.ar/dataset/6a702e6f-3292-44fe-804f-16b8dee008c1/resource/3c2137d5-46d3-40cf-9e01-ee406746b27a/download/listado-de-comunidades-indigenas-20251112.csv
Comunidad La Curva del Talar (pueblo Wichí),"Grl. José de San Martín, Salta",,2000,http://datos.mininterior.gob.ar/dataset/6a702e6f-3292-44fe-804f-16b8dee008c1/resource/3c2137d5-46d3-40cf-9e01-ee406746b27a/download/listado-de-comunidades-indigenas-20251112.csv
Comunidad La Esperanza - Lhanylhayaj (pueblo Wichí),"Grl. José de San Martín, Salta",,2006,http://datos.mininterior.gob.ar/dataset/6a702e6f-3292-44fe-804f-16b8dee008c1/resource/3c2137d5-46d3-40cf-9e01-ee406746b27a/download/listado-de-comunidades-indigenas-20251112.csv
Comunidad La Loma (pueblo Iogys),"Grl. José de San Martín, Salta",,2000,http://datos.mininterior.gob.ar/dataset/6a702e6f-3292-44fe-804f-16b8dee008c1/resource/3c2137d5-46d3-40cf-9e01-ee406746b27a/download/listado-de-comunidades-indigenas-20251112.csv
Comunidad La Pista (pueblo Guaraní),"Grl. José de San Martín, Salta",,2000,http://datos.mininterior.gob.ar/dataset/6a702e6f-3292-44fe-804f-16b8dee008c1/resource/3c2137d5-46d3-40cf-9e01-ee406746b27a/download/listado-de-comunidades-indigenas-20251112.csv
Comunidad Lapacho 1 (pueblo Chorote),"Grl. José de San Martín, Salta",,2000,http://datos.mininterior.gob.ar/dataset/6a702e6f-3292-44fe-804f-16b8dee008c1/resource/3c2137d5-46d3-40cf-9e01-ee406746b27a/download/listado-de-comunidades-indigenas-20251112.csv
Comunidad Lapacho Blanco (pueblo Wichí),"Grl. José de San Martín, Salta",,2007,http://datos.mininterior.gob.ar/dataset/6a702e6f-3292-44fe-804f-16b8dee008c1/resource/3c2137d5-46d3-40cf-9e01-ee406746b27a/download/listado-de-comunidades-indigenas-20251112.csv
Comunidad Los Naranjos (pueblo Wichí),"Grl. José de San Martín, Salta",,,http://datos.mininterior.gob.ar/dataset/6a702e6f-3292-44fe-804f-16b8dee008c1/resource/3c2137d5-46d3-40cf-9e01-ee406746b27a/download/listado-de-comunidades-indigenas-20251112.csv
Comunidad Mahapik Yakachigue (Algarrobo Viejo) (pueblo Qom/Toba),"Grl. José de San Martín, Salta",,,http://datos.mininterior.gob.ar/dataset/6a702e6f-3292-44fe-804f-16b8dee008c1/resource/3c2137d5-46d3-40cf-9e01-ee406746b27a/download/listado-de-comunidades-indigenas-20251112.csv
Comunidad Marquez Pueblo Weenhyek (pueblo Wichí),"Grl. José de San Martín, Salta",,2021,http://datos.mininterior.gob.ar/dataset/6a702e6f-3292-44fe-804f-16b8dee008c1/resource/3c2137d5-46d3-40cf-9e01-ee406746b27a/download/listado-de-comunidades-indigenas-20251112.csv
Comunidad Misión Chaqueña Algarrobal (pueblo Wichí),"Grl. José de San Martín, Salta",,1987,http://datos.mininterior.gob.ar/dataset/6a702e6f-3292-44fe-804f-16b8dee008c1/resource/3c2137d5-46d3-40cf-9e01-ee406746b27a/download/listado-de-comunidades-indigenas-20251112.csv
Comunidad Misión Chorote (pueblo Chorote),"Grl. José de San Martín, Salta",,2000,http://datos.mininterior.gob.ar/dataset/6a702e6f-3292-44fe-804f-16b8dee008c1/resource/3c2137d5-46d3-40cf-9e01-ee406746b27a/download/listado-de-comunidades-indigenas-20251112.csv
Comunidad Misión Dos Yuchan - Chemlhok (pueblo Wichí),"Grl. José de San Martín, Salta",,,http://datos.mininterior.gob.ar/dataset/6a702e6f-3292-44fe-804f-16b8dee008c1/resource/3c2137d5-46d3-40cf-9e01-ee406746b27a/download/listado-de-comunidades-indigenas-20251112.csv
Comunidad Misión El Algarrobo (pueblo Wichí),"Grl. José de San Martín, Salta",,2001,http://datos.mininterior.gob.ar/dataset/6a702e6f-3292-44fe-804f-16b8dee008c1/resource/3c2137d5-46d3-40cf-9e01-ee406746b27a/download/listado-de-comunidades-indigenas-20251112.csv
Comunidad Misión Salim Wichí Lewetes (pueblo Wichí),"Grl. José de San Martín, Salta",,2009,http://datos.mininterior.gob.ar/dataset/6a702e6f-3292-44fe-804f-16b8dee008c1/resource/3c2137d5-46d3-40cf-9e01-ee406746b27a/download/listado-de-comunidades-indigenas-20251112.csv
Comunidad Misión San Francisco Solano (pueblo Guaraní),"Grl. José de San Martín, Salta",,2000,http://datos.mininterior.gob.ar/dataset/6a702e6f-3292-44fe-804f-16b8dee008c1/resource/3c2137d5-46d3-40cf-9e01-ee406746b27a/download/listado-de-comunidades-indigenas-20251112.csv
Comunidad Misión Wichí Chowayuk (pueblo Wichí),"Grl. José de San Martín, Salta",,2003,http://datos.mininterior.gob.ar/dataset/6a702e6f-3292-44fe-804f-16b8dee008c1/resource/3c2137d5-46d3-40cf-9e01-ee406746b27a/download/listado-de-comunidades-indigenas-20251112.csv
Comunidad Misión Wichí Tetsuk Takwas (pueblo Wichí),"Grl. José de San Martín, Salta",,2003,http://datos.mininterior.gob.ar/dataset/6a702e6f-3292-44fe-804f-16b8dee008c1/resource/3c2137d5-46d3-40cf-9e01-ee406746b27a/download/listado-de-comunidades-indigenas-20251112.csv
Comunidad Nacional Guaraní (pueblo Guaraní),"Grl. José de San Martín, Salta",,2004,http://datos.mininterior.gob.ar/dataset/6a702e6f-3292-44fe-804f-16b8dee008c1/resource/3c2137d5-46d3-40cf-9e01-ee406746b27a/download/listado-de-comunidades-indigenas-20251112.csv
Comunidad Nhonih Hayaj - La Esperanza - Km. 16 Ruta Nac. 86 (pueblo Wichí),"Grl. José de San Martín, Salta",,1998,http://datos.mininterior.gob.ar/dataset/6a702e6f-3292-44fe-804f-16b8dee008c1/resource/3c2137d5-46d3-40cf-9e01-ee406746b27a/download/listado-de-comunidades-indigenas-20251112.csv
Comunidad Nuevo Territorio Indígena Wichi Misión El Chiripá (pueblo Wichí),"Grl. José de San Martín, Salta",,2022,http://datos.mininterior.gob.ar/dataset/6a702e6f-3292-44fe-804f-16b8dee008c1/resource/3c2137d5-46d3-40cf-9e01-ee406746b27a/download/listado-de-comunidades-indigenas-20251112.csv
Comunidad Paraíso de los Tobas (pueblo Qom/Toba),"Grl. José de San Martín, Salta",,2016,http://datos.mininterior.gob.ar/dataset/6a702e6f-3292-44fe-804f-16b8dee008c1/resource/3c2137d5-46d3-40cf-9e01-ee406746b27a/download/listado-de-comunidades-indigenas-20251112.csv
Comunidad Paso Viejo Wichí - Guaraní (pueblo Wichí - Guaraní),"Grl. José de San Martín, Salta",,,http://datos.mininterior.gob.ar/dataset/6a702e6f-3292-44fe-804f-16b8dee008c1/resource/3c2137d5-46d3-40cf-9e01-ee406746b27a/download/listado-de-comunidades-indigenas-20251112.csv
Comunidad Peña Morada (pueblo Guaraní),"Grl. José de San Martín, Salta",,2000,http://datos.mininterior.gob.ar/dataset/6a702e6f-3292-44fe-804f-16b8dee008c1/resource/3c2137d5-46d3-40cf-9e01-ee406746b27a/download/listado-de-comunidades-indigenas-20251112.csv
Comunidad Piquirenda Etnia Guaraní (pueblo Guaraní),"Grl. José de San Martín, Salta",,2000,http://datos.mininterior.gob.ar/dataset/6a702e6f-3292-44fe-804f-16b8dee008c1/resource/3c2137d5-46d3-40cf-9e01-ee406746b27a/download/listado-de-comunidades-indigenas-20251112.csv
Comunidad Sachapera Etnia Wichí (pueblo Wichí),"Grl. José de San Martín, Salta",,1992,http://datos.mininterior.gob.ar/dataset/6a702e6f-3292-44fe-804f-16b8dee008c1/resource/3c2137d5-46d3-40cf-9e01-ee406746b27a/download/listado-de-comunidades-indigenas-20251112.csv
Comunidad San José (pueblo Chané - Guaraní),"Grl. José de San Martín, Salta",,2000,http://datos.mininterior.gob.ar/dataset/6a702e6f-3292-44fe-804f-16b8dee008c1/resource/3c2137d5-46d3-40cf-9e01-ee406746b27a/download/listado-de-comunidades-indigenas-20251112.csv
Comunidad Taperigua Flor del Arete Guazú del Pueblo Guaraní (pueblo Guaraní),"Grl. José de San Martín, Salta",,2020,http://datos.mininterior.gob.ar/dataset/6a702e6f-3292-44fe-804f-16b8dee008c1/resource/3c2137d5-46d3-40cf-9e01-ee406746b27a/download/listado-de-comunidades-indigenas-20251112.csv
Comunidad Tenta Piau (pueblo Guaraní),"Grl. José de San Martín, Salta",,,http://datos.mininterior.gob.ar/dataset/6a702e6f-3292-44fe-804f-16b8dee008c1/resource/3c2137d5-46d3-40cf-9e01-ee406746b27a/download/listado-de-comunidades-indigenas-20251112.csv
Comunidad Tenta Yapi (Parcela 21) (pueblo Guaraní),"Grl. José de San Martín, Salta",,2014,http://datos.mininterior.gob.ar/dataset/6a702e6f-3292-44fe-804f-16b8dee008c1/resource/3c2137d5-46d3-40cf-9e01-ee406746b27a/download/listado-de-comunidades-indigenas-20251112.csv
Comunidad Territorio Indígena General Mosconi Tres Paraísos (pueblo Wichí),"Grl. José de San Martín, Salta",,2003,http://datos.mininterior.gob.ar/dataset/6a702e6f-3292-44fe-804f-16b8dee008c1/resource/3c2137d5-46d3-40cf-9e01-ee406746b27a/download/listado-de-comunidades-indigenas-20251112.csv
Comunidad Territorios Originarios Wichí (pueblo Wichí),"Grl. José de San Martín, Salta",,2019,http://datos.mininterior.gob.ar/dataset/6a702e6f-3292-44fe-804f-16b8dee008c1/resource/3c2137d5-46d3-40cf-9e01-ee406746b27a/download/listado-de-comunidades-indigenas-20251112.csv
Comunidad Tierras Indígenas (pueblo Wichí),"Grl. José de San Martín, Salta",,2014,http://datos.mininterior.gob.ar/dataset/6a702e6f-3292-44fe-804f-16b8dee008c1/resource/3c2137d5-46d3-40cf-9e01-ee406746b27a/download/listado-de-comunidades-indigenas-20251112.csv
Comunidad Toba El Tuscal (pueblo Qom/Toba),"Grl. José de San Martín, Salta",,,http://datos.mininterior.gob.ar/dataset/6a702e6f-3292-44fe-804f-16b8dee008c1/resource/3c2137d5-46d3-40cf-9e01-ee406746b27a/download/listado-de-comunidades-indigenas-20251112.csv
Comunidad Toba Hcomlaje (pueblo Qom/Toba),"Grl. José de San Martín, Salta",,2011,http://datos.mininterior.gob.ar/dataset/6a702e6f-3292-44fe-804f-16b8dee008c1/resource/3c2137d5-46d3-40cf-9e01-ee406746b27a/download/listado-de-comunidades-indigenas-20251112.csv
Comunidad Toba Kom Lek (pueblo Qom/Toba),"Grl. José de San Martín, Salta",,2000,http://datos.mininterior.gob.ar/dataset/6a702e6f-3292-44fe-804f-16b8dee008c1/resource/3c2137d5-46d3-40cf-9e01-ee406746b27a/download/listado-de-comunidades-indigenas-20251112.csv
Comunidad Tuicha Kuña Ikavi (Gran Mujer Hermosa) (pueblo Guaraní),"Grl. José de San Martín, Salta",,2019,http://datos.mininterior.gob.ar/dataset/6a702e6f-3292-44fe-804f-16b8dee008c1/resource/3c2137d5-46d3-40cf-9e01-ee406746b27a/download/listado-de-comunidades-indigenas-20251112.csv
"Comunidad Wi' Y T' Osey ""Lapacho II"" (pueblo Wichí)","Grl. José de San Martín, Salta",,1998,http://datos.mininterior.gob.ar/dataset/6a702e6f-3292-44fe-804f-16b8dee008c1/resource/3c2137d5-46d3-40cf-9e01-ee406746b27a/download/listado-de-comunidades-indigenas-20251112.csv
Comunidad Wichi El Cardonal - Istachat (pueblo Wichí),"Grl. José de San Martín, Salta",,,http://datos.mininterior.gob.ar/dataset/6a702e6f-3292-44fe-804f-16b8dee008c1/resource/3c2137d5-46d3-40cf-9e01-ee406746b27a/download/listado-de-comunidades-indigenas-20251112.csv
Comunidad Wichí Asamblea Cristiana Yuchán (pueblo Wichí),"Grl. José de San Martín, Salta",,,http://datos.mininterior.gob.ar/dataset/6a702e6f-3292-44fe-804f-16b8dee008c1/resource/3c2137d5-46d3-40cf-9e01-ee406746b27a/download/listado-de-comunidades-indigenas-20251112.csv
Comunidad Wichí El Algarrobita (pueblo Wichí),"Grl. José de San Martín, Salta",,,http://datos.mininterior.gob.ar/dataset/6a702e6f-3292-44fe-804f-16b8dee008c1/resource/3c2137d5-46d3-40cf-9e01-ee406746b27a/download/listado-de-comunidades-indigenas-20251112.csv
Comunidad Wichí El Arenal Chona Lati (pueblo Wichí),"Grl. José de San Martín, Salta",,2020,http://datos.mininterior.gob.ar/dataset/6a702e6f-3292-44fe-804f-16b8dee008c1/resource/3c2137d5-46d3-40cf-9e01-ee406746b27a/download/listado-de-comunidades-indigenas-20251112.csv
Comunidad Wichí El Chorrito (pueblo Wichí),"Grl. José de San Martín, Salta",,2019,http://datos.mininterior.gob.ar/dataset/6a702e6f-3292-44fe-804f-16b8dee008c1/resource/3c2137d5-46d3-40cf-9e01-ee406746b27a/download/listado-de-comunidades-indigenas-20251112.csv
Comunidad Wichí El Duraznillal Tsinukwat Km. 10 (pueblo Wichí),"Grl. José de San Martín, Salta",,,http://datos.mininterior.gob.ar/dataset/6a702e6f-3292-44fe-804f-16b8dee008c1/resource/3c2137d5-46d3-40cf-9e01-ee406746b27a/download/listado-de-comunidades-indigenas-20251112.csv
Comunidad Wichí El Mistol (pueblo Wichí),"Grl. José de San Martín, Salta",,,http://datos.mininterior.gob.ar/dataset/6a702e6f-3292-44fe-804f-16b8dee008c1/resource/3c2137d5-46d3-40cf-9e01-ee406746b27a/download/listado-de-comunidades-indigenas-20251112.csv
Comunidad Wichí El Mistol Ahayuck (pueblo Wichí),"Grl. José de San Martín, Salta",,2009,http://datos.mininterior.gob.ar/dataset/6a702e6f-3292-44fe-804f-16b8dee008c1/resource/3c2137d5-46d3-40cf-9e01-ee406746b27a/download/listado-de-comunidades-indigenas-20251112.csv
Comunidad Wichí Hup Wumek Zopota - Ruta N° 135 (pueblo Wichí),"Grl. José de San Martín, Salta",,,http://datos.mininterior.gob.ar/dataset/6a702e6f-3292-44fe-804f-16b8dee008c1/resource/3c2137d5-46d3-40cf-9e01-ee406746b27a/download/listado-de-comunidades-indigenas-20251112.csv
Comunidad Wichí Km. 5 Fwolit (pueblo Wichí),"Grl. José de San Martín, Salta",,2003,http://datos.mininterior.gob.ar/dataset/6a702e6f-3292-44fe-804f-16b8dee008c1/resource/3c2137d5-46d3-40cf-9e01-ee406746b27a/download/listado-de-comunidades-indigenas-20251112.csv
Comunidad Wichí La Emboscada (pueblo Wichí),"Grl. José de San Martín, Salta",,,http://datos.mininterior.gob.ar/dataset/6a702e6f-3292-44fe-804f-16b8dee008c1/resource/3c2137d5-46d3-40cf-9e01-ee406746b27a/download/listado-de-comunidades-indigenas-20251112.csv
Comunidad Wichí La Victoria (pueblo Wichí),"Grl. José de San Martín, Salta",,2019,http://datos.mininterior.gob.ar/dataset/6a702e6f-3292-44fe-804f-16b8dee008c1/resource/3c2137d5-46d3-40cf-9e01-ee406746b27a/download/listado-de-comunidades-indigenas-20251112.csv
Comunidad Wichí Laguna Cuchuy Yelaha Wboyis (pueblo Wichí),"Grl. José de San Martín, Salta",,2019,http://datos.mininterior.gob.ar/dataset/6a702e6f-3292-44fe-804f-16b8dee008c1/resource/3c2137d5-46d3-40cf-9e01-ee406746b27a/download/listado-de-comunidades-indigenas-20251112.csv
Comunidad Wichí Lote 75 (pueblo Wichí),"Grl. José de San Martín, Salta",,1988,http://datos.mininterior.gob.ar/dataset/6a702e6f-3292-44fe-804f-16b8dee008c1/resource/3c2137d5-46d3-40cf-9e01-ee406746b27a/download/listado-de-comunidades-indigenas-20251112.csv
Comunidad Wichí Lote B Inatek Tuscal - Km. 6 Ruta 86 (pueblo Wichí),"Grl. José de San Martín, Salta",,2010,http://datos.mininterior.gob.ar/dataset/6a702e6f-3292-44fe-804f-16b8dee008c1/resource/3c2137d5-46d3-40cf-9e01-ee406746b27a/download/listado-de-comunidades-indigenas-20251112.csv
Comunidad Wichí Mataco Misión La Golondrina y La Paloma R. 81 (pueblo Wichí),"Grl. José de San Martín, Salta",,1998,http://datos.mininterior.gob.ar/dataset/6a702e6f-3292-44fe-804f-16b8dee008c1/resource/3c2137d5-46d3-40cf-9e01-ee406746b27a/download/listado-de-comunidades-indigenas-20251112.csv
Comunidad Wichí Misión Tolaba (pueblo Wichí),"Grl. José de San Martín, Salta",,2000,http://datos.mininterior.gob.ar/dataset/6a702e6f-3292-44fe-804f-16b8dee008c1/resource/3c2137d5-46d3-40cf-9e01-ee406746b27a/download/listado-de-comunidades-indigenas-20251112.csv
Comunidad Wichí Pozo El Pajarito Fwenche Lhati (pueblo Wichí),"Grl. José de San Martín, Salta",,,http://datos.mininterior.gob.ar/dataset/6a702e6f-3292-44fe-804f-16b8dee008c1/resource/3c2137d5-46d3-40cf-9e01-ee406746b27a/download/listado-de-comunidades-indigenas-20251112.csv
Comunidad Wichí San José - Chustaj Lhokwe (pueblo Wichí),"Grl. José de San Martín, Salta",,2011,http://datos.mininterior.gob.ar/dataset/6a702e6f-3292-44fe-804f-16b8dee008c1/resource/3c2137d5-46d3-40cf-9e01-ee406746b27a/download/listado-de-comunidades-indigenas-20251112.csv
Comunidad Wichí Tsofwachat de Tonono (pueblo Wichí),"Grl. José de San Martín, Salta",,2000,http://datos.mininterior.gob.ar/dataset/6a702e6f-3292-44fe-804f-16b8dee008c1/resource/3c2137d5-46d3-40cf-9e01-ee406746b27a/download/listado-de-comunidades-indigenas-20251112.csv
Comunidad Wichí Árbol Solo - Hickmann (pueblo Wichí),"Grl. José de San Martín, Salta",,2009,http://datos.mininterior.gob.ar/dataset/6a702e6f-3292-44fe-804f-16b8dee008c1/resource/3c2137d5-46d3-40cf-9e01-ee406746b27a/download/listado-de-comunidades-indigenas-20251112.csv
Comunidad Yande TBT (pueblo Guaraní),"Grl. José de San Martín, Salta",,2015,http://datos.mininterior.gob.ar/dataset/6a702e6f-3292-44fe-804f-16b8dee008c1/resource/3c2137d5-46d3-40cf-9e01-ee406746b27a/download/listado-de-comunidades-indigenas-20251112.csv
Comunidad Yanderenta (pueblo Guaraní),"Grl. José de San Martín, Salta",,2000,http://datos.mininterior.gob.ar/dataset/6a702e6f-3292-44fe-804f-16b8dee008c1/resource/3c2137d5-46d3-40cf-9e01-ee406746b27a/download/listado-de-comunidades-indigenas-20251112.csv
Comunidad Yariguarenda (pueblo Guaraní),"Grl. José de San Martín, Salta",,2000,http://datos.mininterior.gob.ar/dataset/6a702e6f-3292-44fe-804f-16b8dee008c1/resource/3c2137d5-46d3-40cf-9e01-ee406746b27a/download/listado-de-comunidades-indigenas-20251112.csv
Comunidad Zumaj Naan (Buen Camino) (pueblo Guaraní),"Grl. José de San Martín, Salta",,2023,http://datos.mininterior.gob.ar/dataset/6a702e6f-3292-44fe-804f-16b8dee008c1/resource/3c2137d5-46d3-40cf-9e01-ee406746b27a/download/listado-de-comunidades-indigenas-20251112.csv
Congregación Wichí San Ignacio de Loyola (pueblo Wichí),"Grl. José de San Martín, Salta",,2009,http://datos.mininterior.gob.ar/dataset/6a702e6f-3292-44fe-804f-16b8dee008c1/resource/3c2137d5-46d3-40cf-9e01-ee406746b27a/download/listado-de-comunidades-indigenas-20251112.csv
Consejo Comunitario Chané Tuyuntí Aguaray (pueblo Chané),"Grl. José de San Martín, Salta",,1997,http://datos.mininterior.gob.ar/dataset/6a702e6f-3292-44fe-804f-16b8dee008c1/resource/3c2137d5-46d3-40cf-9e01-ee406746b27a/download/listado-de-comunidades-indigenas-20251112.csv
Misión Villa Sagrada de la Comunidad Wichí de Coronel Cornejo (pueblo Wichí),"Grl. José de San Martín, Salta",,2003,http://datos.mininterior.gob.ar/dataset/6a702e6f-3292-44fe-804f-16b8dee008c1/resource/3c2137d5-46d3-40cf-9e01-ee406746b27a/download/listado-de-comunidades-indigenas-20251112.csv
Misión Wichí Hala Pelaj San Benito (pueblo Wichí),"Grl. José de San Martín, Salta",,2003,http://datos.mininterior.gob.ar/dataset/6a702e6f-3292-44fe-804f-16b8dee008c1/resource/3c2137d5-46d3-40cf-9e01-ee406746b27a/download/listado-de-comunidades-indigenas-20251112.csv
Misión Wichí Sopfwayuk Caspi Zapallo (pueblo Wichí),"Grl. José de San Martín, Salta",,2002,http://datos.mininterior.gob.ar/dataset/6a702e6f-3292-44fe-804f-16b8dee008c1/resource/3c2137d5-46d3-40cf-9e01-ee406746b27a/download/listado-de-comunidades-indigenas-20251112.csv
Centro Aborigen Finca Corpus Niok (pueblo Kolla),"Iruya, Salta",,2001,http://datos.mininterior.gob.ar/dataset/6a702e6f-3292-44fe-804f-16b8dee008c1/resource/3c2137d5-46d3-40cf-9e01-ee406746b27a/download/listado-de-comunidades-indigenas-20251112.csv
Centro Comunitario Finca San José (pueblo Kolla),"Iruya, Salta",,2001,http://datos.mininterior.gob.ar/dataset/6a702e6f-3292-44fe-804f-16b8dee008c1/resource/3c2137d5-46d3-40cf-9e01-ee406746b27a/download/listado-de-comunidades-indigenas-20251112.csv
Centro Kolla Unidos de Abra del Sauce y Rodeo Colorado (pueblo Kolla),"Iruya, Salta",,1999,http://datos.mininterior.gob.ar/dataset/6a702e6f-3292-44fe-804f-16b8dee008c1/resource/3c2137d5-46d3-40cf-9e01-ee406746b27a/download/listado-de-comunidades-indigenas-20251112.csv
Centro Vecinal Sol de Acción de Vizcarra (pueblo Kolla),"Iruya, Salta",,1993,http://datos.mininterior.gob.ar/dataset/6a702e6f-3292-44fe-804f-16b8dee008c1/resource/3c2137d5-46d3-40cf-9e01-ee406746b27a/download/listado-de-comunidades-indigenas-20251112.csv
Centro Vecinal de Colanzuli (pueblo Kolla),"Iruya, Salta",,1988,http://datos.mininterior.gob.ar/dataset/6a702e6f-3292-44fe-804f-16b8dee008c1/resource/3c2137d5-46d3-40cf-9e01-ee406746b27a/download/listado-de-comunidades-indigenas-20251112.csv
Comunidad Aborigen Kolla de Finca Tipayoc (pueblo Kolla),"Iruya, Salta",,2009,http://datos.mininterior.gob.ar/dataset/6a702e6f-3292-44fe-804f-16b8dee008c1/resource/3c2137d5-46d3-40cf-9e01-ee406746b27a/download/listado-de-comunidades-indigenas-20251112.csv
Comunidad Aborigen La Mesada Grande (pueblo Kolla),"Iruya, Salta",,2001,http://datos.mininterior.gob.ar/dataset/6a702e6f-3292-44fe-804f-16b8dee008c1/resource/3c2137d5-46d3-40cf-9e01-ee406746b27a/download/listado-de-comunidades-indigenas-20251112.csv
Comunidad Aborigen de Campo Luján (pueblo Kolla),"Iruya, Salta",,2000,http://datos.mininterior.gob.ar/dataset/6a702e6f-3292-44fe-804f-16b8dee008c1/resource/3c2137d5-46d3-40cf-9e01-ee406746b27a/download/listado-de-comunidades-indigenas-20251112.csv
Comunidad Aborigen de Finca Santa Rosa y Arpero (pueblo Kolla),"Iruya, Salta",,2001,http://datos.mininterior.gob.ar/dataset/6a702e6f-3292-44fe-804f-16b8dee008c1/resource/3c2137d5-46d3-40cf-9e01-ee406746b27a/download/listado-de-comunidades-indigenas-20251112.csv
Comunidad Aborigen de Las Capillas (Finca Potrero) (pueblo Kolla),"Iruya, Salta",,2003,http://datos.mininterior.gob.ar/dataset/6a702e6f-3292-44fe-804f-16b8dee008c1/resource/3c2137d5-46d3-40cf-9e01-ee406746b27a/download/listado-de-comunidades-indigenas-20251112.csv
Comunidad Aborigen de Monoyoc (pueblo Kolla),"Iruya, Salta",,2011,http://datos.mininterior.gob.ar/dataset/6a702e6f-3292-44fe-804f-16b8dee008c1/resource/3c2137d5-46d3-40cf-9e01-ee406746b27a/download/listado-de-comunidades-indigenas-20251112.csv
Comunidad Aborigen de Pinal Cañas (pueblo Kolla),"Iruya, Salta",,2011,http://datos.mininterior.gob.ar/dataset/6a702e6f-3292-44fe-804f-16b8dee008c1/resource/3c2137d5-46d3-40cf-9e01-ee406746b27a/download/listado-de-comunidades-indigenas-20251112.csv
Comunidad Aborigen de Pueblo Viejo - Iruya (pueblo Kolla),"Iruya, Salta",,,http://datos.mininterior.gob.ar/dataset/6a702e6f-3292-44fe-804f-16b8dee008c1/resource/3c2137d5-46d3-40cf-9e01-ee406746b27a/download/listado-de-comunidades-indigenas-20251112.csv
Comunidad Aborigen de San Juan (Finca Potrero) (pueblo Kolla),"Iruya, Salta",,2004,http://datos.mininterior.gob.ar/dataset/6a702e6f-3292-44fe-804f-16b8dee008c1/resource/3c2137d5-46d3-40cf-9e01-ee406746b27a/download/listado-de-comunidades-indigenas-20251112.csv
Comunidad Aborigen del Distrito de Valle Delgado (pueblo Kolla),"Iruya, Salta",,2000,http://datos.mininterior.gob.ar/dataset/6a702e6f-3292-44fe-804f-16b8dee008c1/resource/3c2137d5-46d3-40cf-9e01-ee406746b27a/download/listado-de-comunidades-indigenas-20251112.csv
Comunidad Centro Comunitario Finca Potrero (pueblo Kolla),"Iruya, Salta",,1991,http://datos.mininterior.gob.ar/dataset/6a702e6f-3292-44fe-804f-16b8dee008c1/resource/3c2137d5-46d3-40cf-9e01-ee406746b27a/download/listado-de-comunidades-indigenas-20251112.csv
Comunidad Indígena Finca Rosario (pueblo Kolla),"Iruya, Salta",,2013,http://datos.mininterior.gob.ar/dataset/6a702e6f-3292-44fe-804f-16b8dee008c1/resource/3c2137d5-46d3-40cf-9e01-ee406746b27a/download/listado-de-comunidades-indigenas-20251112.csv
Comunidad Indígena Kolla La Banda (pueblo Kolla),"Iruya, Salta",,2009,http://datos.mininterior.gob.ar/dataset/6a702e6f-3292-44fe-804f-16b8dee008c1/resource/3c2137d5-46d3-40cf-9e01-ee406746b27a/download/listado-de-comunidades-indigenas-20251112.csv
Comunidad Indígena de El Alisal del Porongal (pueblo Kolla),"Iruya, Salta",,2005,http://datos.mininterior.gob.ar/dataset/6a702e6f-3292-44fe-804f-16b8dee008c1/resource/3c2137d5-46d3-40cf-9e01-ee406746b27a/download/listado-de-comunidades-indigenas-20251112.csv
Comunidad Indígena del Pueblo Kolla Finca Santiago (pueblo Kolla),"Iruya, Salta",,1997,http://datos.mininterior.gob.ar/dataset/6a702e6f-3292-44fe-804f-16b8dee008c1/resource/3c2137d5-46d3-40cf-9e01-ee406746b27a/download/listado-de-comunidades-indigenas-20251112.csv
Comunidad Kolla Aborigen Finca Uchuyoc - Matancillas (pueblo Kolla),"Iruya, Salta",,2005,http://datos.mininterior.gob.ar/dataset/6a702e6f-3292-44fe-804f-16b8dee008c1/resource/3c2137d5-46d3-40cf-9e01-ee406746b27a/download/listado-de-comunidades-indigenas-20251112.csv
Comunidad Kolla Aborigen de San Pedro (pueblo Kolla),"Iruya, Salta",,2004,http://datos.mininterior.gob.ar/dataset/6a702e6f-3292-44fe-804f-16b8dee008c1/resource/3c2137d5-46d3-40cf-9e01-ee406746b27a/download/listado-de-comunidades-indigenas-20251112.csv
Comunidad de Cortaderas (pueblo Kolla),"Iruya, Salta",,1993,http://datos.mininterior.gob.ar/dataset/6a702e6f-3292-44fe-804f-16b8dee008c1/resource/3c2137d5-46d3-40cf-9e01-ee406746b27a/download/listado-de-comunidades-indigenas-20251112.csv
Comunidad de Isla de Cañas (pueblo Kolla),"Iruya, Salta",,1993,http://datos.mininterior.gob.ar/dataset/6a702e6f-3292-44fe-804f-16b8dee008c1/resource/3c2137d5-46d3-40cf-9e01-ee406746b27a/download/listado-de-comunidades-indigenas-20251112.csv
Comunidad de Vizcarra (pueblo Kolla),"Iruya, Salta",,2002,http://datos.mininterior.gob.ar/dataset/6a702e6f-3292-44fe-804f-16b8dee008c1/resource/3c2137d5-46d3-40cf-9e01-ee406746b27a/download/listado-de-comunidades-indigenas-20251112.csv
Comunidad originaria Kondorwaira (pueblo Kolla),"La Caldera, Salta",,2009,http://datos.mininterior.gob.ar/dataset/6a702e6f-3292-44fe-804f-16b8dee008c1/resource/3c2137d5-46d3-40cf-9e01-ee406746b27a/download/listado-de-comunidades-indigenas-20251112.csv
Comunidad Aborigen Casa Colorada (pueblo Atacama),"La Poma, Salta",,2012,http://datos.mininterior.gob.ar/dataset/6a702e6f-3292-44fe-804f-16b8dee008c1/resource/3c2137d5-46d3-40cf-9e01-ee406746b27a/download/listado-de-comunidades-indigenas-20251112.csv
Comunidad Aborigen Cerro Negro (pueblo Atacama),"La Poma, Salta",,2004,http://datos.mininterior.gob.ar/dataset/6a702e6f-3292-44fe-804f-16b8dee008c1/resource/3c2137d5-46d3-40cf-9e01-ee406746b27a/download/listado-de-comunidades-indigenas-20251112.csv
Comunidad Aborigen San José de Esquina Blanca (pueblo Kolla),"La Poma, Salta",,2003,http://datos.mininterior.gob.ar/dataset/6a702e6f-3292-44fe-804f-16b8dee008c1/resource/3c2137d5-46d3-40cf-9e01-ee406746b27a/download/listado-de-comunidades-indigenas-20251112.csv
Comunidad Aborigen de Cobres (pueblo Atacama),"La Poma, Salta",,2009,http://datos.mininterior.gob.ar/dataset/6a702e6f-3292-44fe-804f-16b8dee008c1/resource/3c2137d5-46d3-40cf-9e01-ee406746b27a/download/listado-de-comunidades-indigenas-20251112.csv
Comunidad Aborigen de Tipán (pueblo Atacama),"La Poma, Salta",,2009,http://datos.mininterior.gob.ar/dataset/6a702e6f-3292-44fe-804f-16b8dee008c1/resource/3c2137d5-46d3-40cf-9e01-ee406746b27a/download/listado-de-comunidades-indigenas-20251112.csv
Comunidad Diaguita San Miguel (pueblo Diaguita Calchaquí),"La Poma, Salta",,2011,http://datos.mininterior.gob.ar/dataset/6a702e6f-3292-44fe-804f-16b8dee008c1/resource/3c2137d5-46d3-40cf-9e01-ee406746b27a/download/listado-de-comunidades-indigenas-20251112.csv
Comunidad Esquina de Guardia (pueblo Atacama),"La Poma, Salta",,2009,http://datos.mininterior.gob.ar/dataset/6a702e6f-3292-44fe-804f-16b8dee008c1/resource/3c2137d5-46d3-40cf-9e01-ee406746b27a/download/listado-de-comunidades-indigenas-20251112.csv
Comunidad Indígena Atacama de Rangel (pueblo Atacama),"La Poma, Salta",,2009,http://datos.mininterior.gob.ar/dataset/6a702e6f-3292-44fe-804f-16b8dee008c1/resource/3c2137d5-46d3-40cf-9e01-ee406746b27a/download/listado-de-comunidades-indigenas-20251112.csv
Comunidad La Unión de Diaguitas y Calchaquies (pueblo Diaguita Calchaquí),"La Poma, Salta",,2006,http://datos.mininterior.gob.ar/dataset/6a702e6f-3292-44fe-804f-16b8dee008c1/resource/3c2137d5-46d3-40cf-9e01-ee406746b27a/download/listado-de-comunidades-indigenas-20251112.csv
Comunidad Likan Antay (pueblo Atacama),"La Poma, Salta",,2011,http://datos.mininterior.gob.ar/dataset/6a702e6f-3292-44fe-804f-16b8dee008c1/resource/3c2137d5-46d3-40cf-9e01-ee406746b27a/download/listado-de-comunidades-indigenas-20251112.csv
Asociación Kolla Centro Comunitario Casa de los Niños de Llullaillaco (pueblo Kolla),"Los Andes, Salta",,2002,http://datos.mininterior.gob.ar/dataset/6a702e6f-3292-44fe-804f-16b8dee008c1/resource/3c2137d5-46d3-40cf-9e01-ee406746b27a/download/listado-de-comunidades-indigenas-20251112.csv
Comunidad Aborigen Kolla de Tolar Grande (pueblo Kolla),"Los Andes, Salta",,2002,http://datos.mininterior.gob.ar/dataset/6a702e6f-3292-44fe-804f-16b8dee008c1/resource/3c2137d5-46d3-40cf-9e01-ee406746b27a/download/listado-de-comunidades-indigenas-20251112.csv
Comunidad Aborigen de Hurcuro (pueblo Kolla),"Los Andes, Salta",,2009,http://datos.mininterior.gob.ar/dataset/6a702e6f-3292-44fe-804f-16b8dee008c1/resource/3c2137d5-46d3-40cf-9e01-ee406746b27a/download/listado-de-comunidades-indigenas-20251112.csv
Comunidad Aborigen de Matancillas (pueblo Atacama),"Los Andes, Salta",,2018,http://datos.mininterior.gob.ar/dataset/6a702e6f-3292-44fe-804f-16b8dee008c1/resource/3c2137d5-46d3-40cf-9e01-ee406746b27a/download/listado-de-comunidades-indigenas-20251112.csv
Comunidad Andina de Santa Rosa de los Pastos Grandes (pueblo Kolla),"Los Andes, Salta",,2010,http://datos.mininterior.gob.ar/dataset/6a702e6f-3292-44fe-804f-16b8dee008c1/resource/3c2137d5-46d3-40cf-9e01-ee406746b27a/download/listado-de-comunidades-indigenas-20251112.csv
Comunidad Indígena Collas Unidos (pueblo Kolla),"Los Andes, Salta",,2002,http://datos.mininterior.gob.ar/dataset/6a702e6f-3292-44fe-804f-16b8dee008c1/resource/3c2137d5-46d3-40cf-9e01-ee406746b27a/download/listado-de-comunidades-indigenas-20251112.csv
Comunidad Kolla De Peña Alta (pueblo Kolla),"Los Andes, Salta",,,http://datos.mininterior.gob.ar/dataset/6a702e6f-3292-44fe-804f-16b8dee008c1/resource/3c2137d5-46d3-40cf-9e01-ee406746b27a/download/listado-de-comunidades-indigenas-20251112.csv
Comunidad Kolla El Desierto (pueblo Kolla),"Los Andes, Salta",,2002,http://datos.mininterior.gob.ar/dataset/6a702e6f-3292-44fe-804f-16b8dee008c1/resource/3c2137d5-46d3-40cf-9e01-ee406746b27a/download/listado-de-comunidades-indigenas-20251112.csv
Comunidad Kolla del salar de Pocitos (pueblo Kolla),"Los Andes, Salta",,2009,http://datos.mininterior.gob.ar/dataset/6a702e6f-3292-44fe-804f-16b8dee008c1/resource/3c2137d5-46d3-40cf-9e01-ee406746b27a/download/listado-de-comunidades-indigenas-20251112.csv
Comunidad Quewar Etnia Kolla (pueblo Kolla),"Los Andes, Salta",,2009,http://datos.mininterior.gob.ar/dataset/6a702e6f-3292-44fe-804f-16b8dee008c1/resource/3c2137d5-46d3-40cf-9e01-ee406746b27a/download/listado-de-comunidades-indigenas-20251112.csv
Asociación Vecinal Comunidad Aborigen Wichí (pueblo Wichí),"Metán, Salta",,2001,http://datos.mininterior.gob.ar/dataset/6a702e6f-3292-44fe-804f-16b8dee008c1/resource/3c2137d5-46d3-40cf-9e01-ee406746b27a/download/listado-de-comunidades-indigenas-20251112.csv
Comunidad Aborigen Samuel Canaleja (pueblo Wichí),"Metán, Salta",,2002,http://datos.mininterior.gob.ar/dataset/6a702e6f-3292-44fe-804f-16b8dee008c1/resource/3c2137d5-46d3-40cf-9e01-ee406746b27a/download/listado-de-comunidades-indigenas-20251112.csv
Comunidad Diaguita Calchaqui Alumbre y Condorhuasi (pueblo Diaguita Calchaquí),"Molinos, Salta",,2010,http://datos.mininterior.gob.ar/dataset/6a702e6f-3292-44fe-804f-16b8dee008c1/resource/3c2137d5-46d3-40cf-9e01-ee406746b27a/download/listado-de-comunidades-indigenas-20251112.csv
Comunidad Diaguita Calchaqui Cabrería (pueblo Diaguita Calchaquí),"Molinos, Salta",,2010,http://datos.mininterior.gob.ar/dataset/6a702e6f-3292-44fe-804f-16b8dee008c1/resource/3c2137d5-46d3-40cf-9e01-ee406746b27a/download/listado-de-comunidades-indigenas-20251112.csv
Comunidad Diaguita Calchaqui Cieneguilla (pueblo Diaguita Calchaquí),"Molinos, Salta",,2010,http://datos.mininterior.gob.ar/dataset/6a702e6f-3292-44fe-804f-16b8dee008c1/resource/3c2137d5-46d3-40cf-9e01-ee406746b27a/download/listado-de-comunidades-indigenas-20251112.csv
Comunidad Diaguita Calchaqui Cuchiyaco (pueblo Diaguita Calchaquí),"Molinos, Salta",,2010,http://datos.mininterior.gob.ar/dataset/6a702e6f-3292-44fe-804f-16b8dee008c1/resource/3c2137d5-46d3-40cf-9e01-ee406746b27a/download/listado-de-comunidades-indigenas-20251112.csv
Comunidad Diaguita Calchaqui Duraznal (pueblo Diaguita Calchaquí),"Molinos, Salta",,2010,http://datos.mininterior.gob.ar/dataset/6a702e6f-3292-44fe-804f-16b8dee008c1/resource/3c2137d5-46d3-40cf-9e01-ee406746b27a/download/listado-de-comunidades-indigenas-20251112.csv
Comunidad Diaguita Calchaqui El Churcal (pueblo Diaguita Calchaquí),"Molinos, Salta",,2010,http://datos.mininterior.gob.ar/dataset/6a702e6f-3292-44fe-804f-16b8dee008c1/resource/3c2137d5-46d3-40cf-9e01-ee406746b27a/download/listado-de-comunidades-indigenas-20251112.csv
Comunidad Diaguita Calchaqui La Aguadita (pueblo Diaguita Calchaquí),"Molinos, Salta",,2010,http://datos.mininterior.gob.ar/dataset/6a702e6f-3292-44fe-804f-16b8dee008c1/resource/3c2137d5-46d3-40cf-9e01-ee406746b27a/download/listado-de-comunidades-indigenas-20251112.csv
Comunidad Diaguita Calchaqui La Laguna (pueblo Diaguita Calchaquí),"Molinos, Salta",,2010,http://datos.mininterior.gob.ar/dataset/6a702e6f-3292-44fe-804f-16b8dee008c1/resource/3c2137d5-46d3-40cf-9e01-ee406746b27a/download/listado-de-comunidades-indigenas-20251112.csv
Comunidad Diaguita Calchaqui La Puerta (pueblo Diaguita Calchaquí),"Molinos, Salta",,2010,http://datos.mininterior.gob.ar/dataset/6a702e6f-3292-44fe-804f-16b8dee008c1/resource/3c2137d5-46d3-40cf-9e01-ee406746b27a/download/listado-de-comunidades-indigenas-20251112.csv
Comunidad Diaguita Calchaqui Luracatao La Sala (pueblo Diaguita Calchaquí),"Molinos, Salta",,2010,http://datos.mininterior.gob.ar/dataset/6a702e6f-3292-44fe-804f-16b8dee008c1/resource/3c2137d5-46d3-40cf-9e01-ee406746b27a/download/listado-de-comunidades-indigenas-20251112.csv
Comunidad Diaguita Calchaqui Patapampa (pueblo Diaguita Calchaquí),"Molinos, Salta",,2010,http://datos.mininterior.gob.ar/dataset/6a702e6f-3292-44fe-804f-16b8dee008c1/resource/3c2137d5-46d3-40cf-9e01-ee406746b27a/download/listado-de-comunidades-indigenas-20251112.csv
Comunidad Indígena Diaguita Calchaqui (pueblo Diaguita Calchaquí),"Molinos, Salta",,2003,http://datos.mininterior.gob.ar/dataset/6a702e6f-3292-44fe-804f-16b8dee008c1/resource/3c2137d5-46d3-40cf-9e01-ee406746b27a/download/listado-de-comunidades-indigenas-20251112.csv
Comunidad Indígena Diaguita Calchaqui Seclantás (pueblo Diaguita Calchaquí),"Molinos, Salta",,2003,http://datos.mininterior.gob.ar/dataset/6a702e6f-3292-44fe-804f-16b8dee008c1/resource/3c2137d5-46d3-40cf-9e01-ee406746b27a/download/listado-de-comunidades-indigenas-20251112.csv
Comunidad Originaria Diaguita Kalchakí Colomé (pueblo Diaguita),"Molinos, Salta",,,http://datos.mininterior.gob.ar/dataset/6a702e6f-3292-44fe-804f-16b8dee008c1/resource/3c2137d5-46d3-40cf-9e01-ee406746b27a/download/listado-de-comunidades-indigenas-20251112.csv
Asentamiento +V+Tenta P+U (Tierra Casa Nueva) (pueblo Guaraní),"Orán, Salta",,,http://datos.mininterior.gob.ar/dataset/6a702e6f-3292-44fe-804f-16b8dee008c1/resource/3c2137d5-46d3-40cf-9e01-ee406746b27a/download/listado-de-comunidades-indigenas-20251112.csv
Centro Aborigen Ava Guaraní de Pichanal (pueblo Ava Guaraní),"Orán, Salta",,1996,http://datos.mininterior.gob.ar/dataset/6a702e6f-3292-44fe-804f-16b8dee008c1/resource/3c2137d5-46d3-40cf-9e01-ee406746b27a/download/listado-de-comunidades-indigenas-20251112.csv
Centro Comunitario Misión San Francisco (pueblo Guaraní),"Orán, Salta",,2000,http://datos.mininterior.gob.ar/dataset/6a702e6f-3292-44fe-804f-16b8dee008c1/resource/3c2137d5-46d3-40cf-9e01-ee406746b27a/download/listado-de-comunidades-indigenas-20251112.csv
"Centro Comunitario del Aborigen Kolla, Guaraníes, Wichís y otros (pueblo Kolla - Wichí - Guaraní)","Orán, Salta",,2003,http://datos.mininterior.gob.ar/dataset/6a702e6f-3292-44fe-804f-16b8dee008c1/resource/3c2137d5-46d3-40cf-9e01-ee406746b27a/download/listado-de-comunidades-indigenas-20251112.csv
Comisión Aborigen Ava Guaraní de Barrio Campo Chico (pueblo Ava Guaraní),"Orán, Salta",,2002,http://datos.mininterior.gob.ar/dataset/6a702e6f-3292-44fe-804f-16b8dee008c1/resource/3c2137d5-46d3-40cf-9e01-ee406746b27a/download/listado-de-comunidades-indigenas-20251112.csv
Comisión Aborigen Ava Guaraní del Barrio Matadero (pueblo Ava Guaraní),"Orán, Salta",,2002,http://datos.mininterior.gob.ar/dataset/6a702e6f-3292-44fe-804f-16b8dee008c1/resource/3c2137d5-46d3-40cf-9e01-ee406746b27a/download/listado-de-comunidades-indigenas-20251112.csv
Comisión Indígena Guaraní del B° San Santiago (pueblo Guaraní),"Orán, Salta",,2002,http://datos.mininterior.gob.ar/dataset/6a702e6f-3292-44fe-804f-16b8dee008c1/resource/3c2137d5-46d3-40cf-9e01-ee406746b27a/download/listado-de-comunidades-indigenas-20251112.csv
Comisión de la Comunidad Aborigen Indígena Ava Guaraní Estación el Tabacal (pueblo Ava Guaraní),"Orán, Salta",,2004,http://datos.mininterior.gob.ar/dataset/6a702e6f-3292-44fe-804f-16b8dee008c1/resource/3c2137d5-46d3-40cf-9e01-ee406746b27a/download/listado-de-comunidades-indigenas-20251112.csv
Comunidad +Ik+A Mbae (Agua Limpita) (pueblo Ava Guaraní),"Orán, Salta",,2022,http://datos.mininterior.gob.ar/dataset/6a702e6f-3292-44fe-804f-16b8dee008c1/resource/3c2137d5-46d3-40cf-9e01-ee406746b27a/download/listado-de-comunidades-indigenas-20251112.csv
Comunidad Aborigen Ava Guaraní (pueblo Ava Guaraní),"Orán, Salta",,2002,http://datos.mininterior.gob.ar/dataset/6a702e6f-3292-44fe-804f-16b8dee008c1/resource/3c2137d5-46d3-40cf-9e01-ee406746b27a/download/listado-de-comunidades-indigenas-20251112.csv
Comunidad Aborigen Ava Guaraní + Vope + Guasu (pueblo Ava Guaraní),"Orán, Salta",,2018,http://datos.mininterior.gob.ar/dataset/6a702e6f-3292-44fe-804f-16b8dee008c1/resource/3c2137d5-46d3-40cf-9e01-ee406746b27a/download/listado-de-comunidades-indigenas-20251112.csv
Comunidad Aborigen Ava Guaraní Barrio Estación (pueblo Ava Guaraní),"Orán, Salta",,2002,http://datos.mininterior.gob.ar/dataset/6a702e6f-3292-44fe-804f-16b8dee008c1/resource/3c2137d5-46d3-40cf-9e01-ee406746b27a/download/listado-de-comunidades-indigenas-20251112.csv
Comunidad Aborigen Ava Guaraní Barrio Mitre (pueblo Guaraní),"Orán, Salta",,2001,http://datos.mininterior.gob.ar/dataset/6a702e6f-3292-44fe-804f-16b8dee008c1/resource/3c2137d5-46d3-40cf-9e01-ee406746b27a/download/listado-de-comunidades-indigenas-20251112.csv
Comunidad Aborigen Ava Guaraní del Barrio Caballito (pueblo Ava Guaraní),"Orán, Salta",,2001,http://datos.mininterior.gob.ar/dataset/6a702e6f-3292-44fe-804f-16b8dee008c1/resource/3c2137d5-46d3-40cf-9e01-ee406746b27a/download/listado-de-comunidades-indigenas-20251112.csv
Comunidad Aborigen Ava Guaraní del Barrio Constituyentes (pueblo Ava Guaraní),"Orán, Salta",,2001,http://datos.mininterior.gob.ar/dataset/6a702e6f-3292-44fe-804f-16b8dee008c1/resource/3c2137d5-46d3-40cf-9e01-ee406746b27a/download/listado-de-comunidades-indigenas-20251112.csv
Comunidad Aborigen Chorote El Cruce (pueblo Chorote),"Orán, Salta",,2003,http://datos.mininterior.gob.ar/dataset/6a702e6f-3292-44fe-804f-16b8dee008c1/resource/3c2137d5-46d3-40cf-9e01-ee406746b27a/download/listado-de-comunidades-indigenas-20251112.csv
Comunidad Aborigen Etnia Wichí Pichanal (pueblo Wichí),"Orán, Salta",,2001,http://datos.mininterior.gob.ar/dataset/6a702e6f-3292-44fe-804f-16b8dee008c1/resource/3c2137d5-46d3-40cf-9e01-ee406746b27a/download/listado-de-comunidades-indigenas-20251112.csv
Comunidad Aborigen Guaraní Barrio El Progreso (pueblo Guaraní),"Orán, Salta",,2002,http://datos.mininterior.gob.ar/dataset/6a702e6f-3292-44fe-804f-16b8dee008c1/resource/3c2137d5-46d3-40cf-9e01-ee406746b27a/download/listado-de-comunidades-indigenas-20251112.csv
Comunidad Aborigen Las Juntas (pueblo Kolla),"Orán, Salta",,2006,http://datos.mininterior.gob.ar/dataset/6a702e6f-3292-44fe-804f-16b8dee008c1/resource/3c2137d5-46d3-40cf-9e01-ee406746b27a/download/listado-de-comunidades-indigenas-20251112.csv
Comunidad Aborigen Organización Pueblo Guaraní (La Nueva Jerusalén) (pueblo Guaraní),"Orán, Salta",,2001,http://datos.mininterior.gob.ar/dataset/6a702e6f-3292-44fe-804f-16b8dee008c1/resource/3c2137d5-46d3-40cf-9e01-ee406746b27a/download/listado-de-comunidades-indigenas-20251112.csv
Comunidad Aborigen Yaynborgi Pabe- Ayudémonos (pueblo Ava Guaraní),"Orán, Salta",,1996,http://datos.mininterior.gob.ar/dataset/6a702e6f-3292-44fe-804f-16b8dee008c1/resource/3c2137d5-46d3-40cf-9e01-ee406746b27a/download/listado-de-comunidades-indigenas-20251112.csv
Comunidad Ara - Mi Cielo Pequeño (pueblo Guaraní),"Orán, Salta",,,http://datos.mininterior.gob.ar/dataset/6a702e6f-3292-44fe-804f-16b8dee008c1/resource/3c2137d5-46d3-40cf-9e01-ee406746b27a/download/listado-de-comunidades-indigenas-20251112.csv
Comunidad Ava Guaraní - Hipólito Irigoyen (pueblo Ava Guaraní),"Orán, Salta",,1996,http://datos.mininterior.gob.ar/dataset/6a702e6f-3292-44fe-804f-16b8dee008c1/resource/3c2137d5-46d3-40cf-9e01-ee406746b27a/download/listado-de-comunidades-indigenas-20251112.csv
Comunidad Ava Guaraní Asentamiento Roque Chielli (pueblo Ava Guaraní),"Orán, Salta",,2023,http://datos.mininterior.gob.ar/dataset/6a702e6f-3292-44fe-804f-16b8dee008c1/resource/3c2137d5-46d3-40cf-9e01-ee406746b27a/download/listado-de-comunidades-indigenas-20251112.csv
Comunidad Ava Guaraní Cua Cuariño Ge Zenta (pueblo Ava Guaraní),"Orán, Salta",,2013,http://datos.mininterior.gob.ar/dataset/6a702e6f-3292-44fe-804f-16b8dee008c1/resource/3c2137d5-46d3-40cf-9e01-ee406746b27a/download/listado-de-comunidades-indigenas-20251112.csv
Comunidad Dios Ilumina Nuestro Camino Para Todos Tumpa Omvoejape Ñanderape (pueblo Guaraní),"Orán, Salta",,2012,http://datos.mininterior.gob.ar/dataset/6a702e6f-3292-44fe-804f-16b8dee008c1/resource/3c2137d5-46d3-40cf-9e01-ee406746b27a/download/listado-de-comunidades-indigenas-20251112.csv
Comunidad Guaraní Misión Evangélica Bautista (pueblo Guaraní),"Orán, Salta",,1994,http://datos.mininterior.gob.ar/dataset/6a702e6f-3292-44fe-804f-16b8dee008c1/resource/3c2137d5-46d3-40cf-9e01-ee406746b27a/download/listado-de-comunidades-indigenas-20251112.csv
Comunidad Guaraní Uyemba Tiguazo Del Barrio Balut (pueblo Ava Guaraní),"Orán, Salta",,2004,http://datos.mininterior.gob.ar/dataset/6a702e6f-3292-44fe-804f-16b8dee008c1/resource/3c2137d5-46d3-40cf-9e01-ee406746b27a/download/listado-de-comunidades-indigenas-20251112.csv
Comunidad Guaraní “Mbooap + Karaday” Las Tres Palmeras (pueblo Guaraní),"Orán, Salta",,,http://datos.mininterior.gob.ar/dataset/6a702e6f-3292-44fe-804f-16b8dee008c1/resource/3c2137d5-46d3-40cf-9e01-ee406746b27a/download/listado-de-comunidades-indigenas-20251112.csv
Comunidad Hoktek - Lapachos (pueblo Wichí),"Orán, Salta",,2010,http://datos.mininterior.gob.ar/dataset/6a702e6f-3292-44fe-804f-16b8dee008c1/resource/3c2137d5-46d3-40cf-9e01-ee406746b27a/download/listado-de-comunidades-indigenas-20251112.csv
Comunidad Indígena Arakuaa Iya (pueblo Guaraní),"Orán, Salta",,,http://datos.mininterior.gob.ar/dataset/6a702e6f-3292-44fe-804f-16b8dee008c1/resource/3c2137d5-46d3-40cf-9e01-ee406746b27a/download/listado-de-comunidades-indigenas-20251112.csv
Comunidad Indígena Ava Guaraní del Barrio 17 de Octubre (pueblo Ava Guaraní),"Orán, Salta",,2004,http://datos.mininterior.gob.ar/dataset/6a702e6f-3292-44fe-804f-16b8dee008c1/resource/3c2137d5-46d3-40cf-9e01-ee406746b27a/download/listado-de-comunidades-indigenas-20251112.csv
Comunidad Indígena Ava Guaraní del Barrio Las Maravillas (pueblo Ava Guaraní),"Orán, Salta",,2004,http://datos.mininterior.gob.ar/dataset/6a702e6f-3292-44fe-804f-16b8dee008c1/resource/3c2137d5-46d3-40cf-9e01-ee406746b27a/download/listado-de-comunidades-indigenas-20251112.csv
Comunidad Indígena Guaraní 6 de Enero Argentino (pueblo Ava Guaraní),"Orán, Salta",,2004,http://datos.mininterior.gob.ar/dataset/6a702e6f-3292-44fe-804f-16b8dee008c1/resource/3c2137d5-46d3-40cf-9e01-ee406746b27a/download/listado-de-comunidades-indigenas-20251112.csv
Comunidad Indígena Guaraní Estación Tabacal (pueblo Guaraní),"Orán, Salta",,2002,http://datos.mininterior.gob.ar/dataset/6a702e6f-3292-44fe-804f-16b8dee008c1/resource/3c2137d5-46d3-40cf-9e01-ee406746b27a/download/listado-de-comunidades-indigenas-20251112.csv
Comunidad Indígena Guaraní Iyigua Pentirami (pueblo Guaraní),"Orán, Salta",,2002,http://datos.mininterior.gob.ar/dataset/6a702e6f-3292-44fe-804f-16b8dee008c1/resource/3c2137d5-46d3-40cf-9e01-ee406746b27a/download/listado-de-comunidades-indigenas-20251112.csv
Comunidad Indígena Guaraní Misión San Francisco Pichanal (pueblo Guaraní),"Orán, Salta",,2001,http://datos.mininterior.gob.ar/dataset/6a702e6f-3292-44fe-804f-16b8dee008c1/resource/3c2137d5-46d3-40cf-9e01-ee406746b27a/download/listado-de-comunidades-indigenas-20251112.csv
Comunidad Indígena Guaraní de Finca Solazuty (pueblo Ava Guaraní),"Orán, Salta",,2004,http://datos.mininterior.gob.ar/dataset/6a702e6f-3292-44fe-804f-16b8dee008c1/resource/3c2137d5-46d3-40cf-9e01-ee406746b27a/download/listado-de-comunidades-indigenas-20251112.csv
Comunidad Indígena Guaraní del B° 9 de Julio (pueblo Ava Guaraní),"Orán, Salta",,2004,http://datos.mininterior.gob.ar/dataset/6a702e6f-3292-44fe-804f-16b8dee008c1/resource/3c2137d5-46d3-40cf-9e01-ee406746b27a/download/listado-de-comunidades-indigenas-20251112.csv
Comunidad Indígena Kolla 30 de Octubre del B° 200 Viviendas (pueblo Kolla),"Orán, Salta",,2004,http://datos.mininterior.gob.ar/dataset/6a702e6f-3292-44fe-804f-16b8dee008c1/resource/3c2137d5-46d3-40cf-9e01-ee406746b27a/download/listado-de-comunidades-indigenas-20251112.csv
Comunidad Indígena Kolla-Guaraní Río Blanco Banda Norte (pueblo Kolla - Guaraní),"Orán, Salta",,2004,http://datos.mininterior.gob.ar/dataset/6a702e6f-3292-44fe-804f-16b8dee008c1/resource/3c2137d5-46d3-40cf-9e01-ee406746b27a/download/listado-de-comunidades-indigenas-20251112.csv
Comunidad Indígena del Pueblo Kolla Tinkunaku (pueblo Kolla),"Orán, Salta",,1997,http://datos.mininterior.gob.ar/dataset/6a702e6f-3292-44fe-804f-16b8dee008c1/resource/3c2137d5-46d3-40cf-9e01-ee406746b27a/download/listado-de-comunidades-indigenas-20251112.csv
Comunidad Indígena del Pueblo Tupí Guaraní Iguopeigenda (pueblo Tupí Guaraní),"Orán, Salta",,2004,http://datos.mininterior.gob.ar/dataset/6a702e6f-3292-44fe-804f-16b8dee008c1/resource/3c2137d5-46d3-40cf-9e01-ee406746b27a/download/listado-de-comunidades-indigenas-20251112.csv
Comunidad Kolla Finca San Ignacio (pueblo Kolla),"Orán, Salta",,2009,http://datos.mininterior.gob.ar/dataset/6a702e6f-3292-44fe-804f-16b8dee008c1/resource/3c2137d5-46d3-40cf-9e01-ee406746b27a/download/listado-de-comunidades-indigenas-20251112.csv
Comunidad Kolla Tantakunachac (pueblo Kolla),"Orán, Salta",,2002,http://datos.mininterior.gob.ar/dataset/6a702e6f-3292-44fe-804f-16b8dee008c1/resource/3c2137d5-46d3-40cf-9e01-ee406746b27a/download/listado-de-comunidades-indigenas-20251112.csv
Comunidad Kolla de Los Naranjos (pueblo Kolla),"Orán, Salta",,2003,http://datos.mininterior.gob.ar/dataset/6a702e6f-3292-44fe-804f-16b8dee008c1/resource/3c2137d5-46d3-40cf-9e01-ee406746b27a/download/listado-de-comunidades-indigenas-20251112.csv
Comunidad Kolla de San Andrés (pueblo Kolla),"Orán, Salta",,2003,http://datos.mininterior.gob.ar/dataset/6a702e6f-3292-44fe-804f-16b8dee008c1/resource/3c2137d5-46d3-40cf-9e01-ee406746b27a/download/listado-de-comunidades-indigenas-20251112.csv
Comunidad Kolla de la Isla de Río Pescado (pueblo Kolla),"Orán, Salta",,2013,http://datos.mininterior.gob.ar/dataset/6a702e6f-3292-44fe-804f-16b8dee008c1/resource/3c2137d5-46d3-40cf-9e01-ee406746b27a/download/listado-de-comunidades-indigenas-20251112.csv
Comunidad Los Lapachos (pueblo Guaraní),"Orán, Salta",,,http://datos.mininterior.gob.ar/dataset/6a702e6f-3292-44fe-804f-16b8dee008c1/resource/3c2137d5-46d3-40cf-9e01-ee406746b27a/download/listado-de-comunidades-indigenas-20251112.csv
Comunidad Opaete Yayembate (pueblo Guaraní),"Orán, Salta",,,http://datos.mininterior.gob.ar/dataset/6a702e6f-3292-44fe-804f-16b8dee008c1/resource/3c2137d5-46d3-40cf-9e01-ee406746b27a/download/listado-de-comunidades-indigenas-20251112.csv
Comunidad Río Blanco (pueblo Guaraní),"Orán, Salta",,2014,http://datos.mininterior.gob.ar/dataset/6a702e6f-3292-44fe-804f-16b8dee008c1/resource/3c2137d5-46d3-40cf-9e01-ee406746b27a/download/listado-de-comunidades-indigenas-20251112.csv
Comunidad Río Blanquito de Santa Cruz (pueblo Kolla),"Orán, Salta",,,http://datos.mininterior.gob.ar/dataset/6a702e6f-3292-44fe-804f-16b8dee008c1/resource/3c2137d5-46d3-40cf-9e01-ee406746b27a/download/listado-de-comunidades-indigenas-20251112.csv
Comunidad Tenta Guazú (Casa Grande) (pueblo Guaraní),"Orán, Salta",,,http://datos.mininterior.gob.ar/dataset/6a702e6f-3292-44fe-804f-16b8dee008c1/resource/3c2137d5-46d3-40cf-9e01-ee406746b27a/download/listado-de-comunidades-indigenas-20251112.csv
Comunidad Villa Aborigen Guaraní (pueblo Guaraní),"Orán, Salta",,2000,http://datos.mininterior.gob.ar/dataset/6a702e6f-3292-44fe-804f-16b8dee008c1/resource/3c2137d5-46d3-40cf-9e01-ee406746b27a/download/listado-de-comunidades-indigenas-20251112.csv
Comunidad Wichí El Algarrobal (pueblo Wichí),"Orán, Salta",,,http://datos.mininterior.gob.ar/dataset/6a702e6f-3292-44fe-804f-16b8dee008c1/resource/3c2137d5-46d3-40cf-9e01-ee406746b27a/download/listado-de-comunidades-indigenas-20251112.csv
Mujeres Indígenas Ava Guaraní Delegación Orán (pueblo Wichí),"Orán, Salta",,2005,http://datos.mininterior.gob.ar/dataset/6a702e6f-3292-44fe-804f-16b8dee008c1/resource/3c2137d5-46d3-40cf-9e01-ee406746b27a/download/listado-de-comunidades-indigenas-20251112.csv
Asociación Siwoc Fiscal 21 (pueblo Wichí),"Rivadavia, Salta",,2003,http://datos.mininterior.gob.ar/dataset/6a702e6f-3292-44fe-804f-16b8dee008c1/resource/3c2137d5-46d3-40cf-9e01-ee406746b27a/download/listado-de-comunidades-indigenas-20251112.csv
Comunidad (Hot) Los Arenales (pueblo Wichí),"Rivadavia, Salta",,2015,http://datos.mininterior.gob.ar/dataset/6a702e6f-3292-44fe-804f-16b8dee008c1/resource/3c2137d5-46d3-40cf-9e01-ee406746b27a/download/listado-de-comunidades-indigenas-20251112.csv
Comunidad Aborigen Bella Vista (pueblo Wichí),"Rivadavia, Salta",,2000,http://datos.mininterior.gob.ar/dataset/6a702e6f-3292-44fe-804f-16b8dee008c1/resource/3c2137d5-46d3-40cf-9e01-ee406746b27a/download/listado-de-comunidades-indigenas-20251112.csv
Comunidad Aborigen Ebeneser (pueblo Wichí),"Rivadavia, Salta",,2002,http://datos.mininterior.gob.ar/dataset/6a702e6f-3292-44fe-804f-16b8dee008c1/resource/3c2137d5-46d3-40cf-9e01-ee406746b27a/download/listado-de-comunidades-indigenas-20251112.csv
Comunidad Aborigen El Cañaveral II (pueblo Wichí),"Rivadavia, Salta",,2002,http://datos.mininterior.gob.ar/dataset/6a702e6f-3292-44fe-804f-16b8dee008c1/resource/3c2137d5-46d3-40cf-9e01-ee406746b27a/download/listado-de-comunidades-indigenas-20251112.csv
Comunidad Aborigen Inhate (pueblo Wichí),"Rivadavia, Salta",,2002,http://datos.mininterior.gob.ar/dataset/6a702e6f-3292-44fe-804f-16b8dee008c1/resource/3c2137d5-46d3-40cf-9e01-ee406746b27a/download/listado-de-comunidades-indigenas-20251112.csv
Comunidad Aborigen La Banda (pueblo Chorote),"Rivadavia, Salta",,2013,http://datos.mininterior.gob.ar/dataset/6a702e6f-3292-44fe-804f-16b8dee008c1/resource/3c2137d5-46d3-40cf-9e01-ee406746b27a/download/listado-de-comunidades-indigenas-20251112.csv
Comunidad Aborigen La Esperanza (pueblo Wichí),"Rivadavia, Salta",,2007,http://datos.mininterior.gob.ar/dataset/6a702e6f-3292-44fe-804f-16b8dee008c1/resource/3c2137d5-46d3-40cf-9e01-ee406746b27a/download/listado-de-comunidades-indigenas-20251112.csv
Comunidad Aborigen La Merced Nueva (pueblo Chorote),"Rivadavia, Salta",,2000,http://datos.mininterior.gob.ar/dataset/6a702e6f-3292-44fe-804f-16b8dee008c1/resource/3c2137d5-46d3-40cf-9e01-ee406746b27a/download/listado-de-comunidades-indigenas-20251112.csv
Comunidad Aborigen La Merced Vieja (pueblo Chorote),"Rivadavia, Salta",,2006,http://datos.mininterior.gob.ar/dataset/6a702e6f-3292-44fe-804f-16b8dee008c1/resource/3c2137d5-46d3-40cf-9e01-ee406746b27a/download/listado-de-comunidades-indigenas-20251112.csv
Comunidad Aborigen La Puntana I (pueblo Wichí),"Rivadavia, Salta",,2003,http://datos.mininterior.gob.ar/dataset/6a702e6f-3292-44fe-804f-16b8dee008c1/resource/3c2137d5-46d3-40cf-9e01-ee406746b27a/download/listado-de-comunidades-indigenas-20251112.csv
Comunidad Aborigen La Unión Ñanduty (pueblo Wichí),"Rivadavia, Salta",,2000,http://datos.mininterior.gob.ar/dataset/6a702e6f-3292-44fe-804f-16b8dee008c1/resource/3c2137d5-46d3-40cf-9e01-ee406746b27a/download/listado-de-comunidades-indigenas-20251112.csv
Comunidad Aborigen Madre Esperanza (pueblo Wichí),"Rivadavia, Salta",,2000,http://datos.mininterior.gob.ar/dataset/6a702e6f-3292-44fe-804f-16b8dee008c1/resource/3c2137d5-46d3-40cf-9e01-ee406746b27a/download/listado-de-comunidades-indigenas-20251112.csv
Comunidad Aborigen Misión Algarrobal (pueblo Wichí),"Rivadavia, Salta",,2002,http://datos.mininterior.gob.ar/dataset/6a702e6f-3292-44fe-804f-16b8dee008c1/resource/3c2137d5-46d3-40cf-9e01-ee406746b27a/download/listado-de-comunidades-indigenas-20251112.csv
Comunidad Aborigen Misión Km. 2 (pueblo Wichí),"Rivadavia, Salta",,2013,http://datos.mininterior.gob.ar/dataset/6a702e6f-3292-44fe-804f-16b8dee008c1/resource/3c2137d5-46d3-40cf-9e01-ee406746b27a/download/listado-de-comunidades-indigenas-20251112.csv
Comunidad Aborigen Misión La Gracia (pueblo Chorote),"Rivadavia, Salta",,2002,http://datos.mininterior.gob.ar/dataset/6a702e6f-3292-44fe-804f-16b8dee008c1/resource/3c2137d5-46d3-40cf-9e01-ee406746b27a/download/listado-de-comunidades-indigenas-20251112.csv
Comunidad Aborigen Misión La Paz (pueblo Wichí),"Rivadavia, Salta",,2001,http://datos.mininterior.gob.ar/dataset/6a702e6f-3292-44fe-804f-16b8dee008c1/resource/3c2137d5-46d3-40cf-9e01-ee406746b27a/download/listado-de-comunidades-indigenas-20251112.csv
Comunidad Aborigen Misión Municipal (pueblo Wichí),"Rivadavia, Salta",,2006,http://datos.mininterior.gob.ar/dataset/6a702e6f-3292-44fe-804f-16b8dee008c1/resource/3c2137d5-46d3-40cf-9e01-ee406746b27a/download/listado-de-comunidades-indigenas-20251112.csv
Comunidad Aborigen Misión San Luis (pueblo Wichí),"Rivadavia, Salta",,2002,http://datos.mininterior.gob.ar/dataset/6a702e6f-3292-44fe-804f-16b8dee008c1/resource/3c2137d5-46d3-40cf-9e01-ee406746b27a/download/listado-de-comunidades-indigenas-20251112.csv
Comunidad Aborigen Molathati III (pueblo Wichí),"Rivadavia, Salta",,2000,http://datos.mininterior.gob.ar/dataset/6a702e6f-3292-44fe-804f-16b8dee008c1/resource/3c2137d5-46d3-40cf-9e01-ee406746b27a/download/listado-de-comunidades-indigenas-20251112.csv
Comunidad Aborigen Monte Verde (pueblo Wichí),"Rivadavia, Salta",,2002,http://datos.mininterior.gob.ar/dataset/6a702e6f-3292-44fe-804f-16b8dee008c1/resource/3c2137d5-46d3-40cf-9e01-ee406746b27a/download/listado-de-comunidades-indigenas-20251112.csv
Comunidad Aborigen Nueva Esperanza (pueblo Chorote),"Rivadavia, Salta",,2000,http://datos.mininterior.gob.ar/dataset/6a702e6f-3292-44fe-804f-16b8dee008c1/resource/3c2137d5-46d3-40cf-9e01-ee406746b27a/download/listado-de-comunidades-indigenas-20251112.csv
Comunidad Aborigen Pomis Jiwet (pueblo Chorote),"Rivadavia, Salta",,2007,http://datos.mininterior.gob.ar/dataset/6a702e6f-3292-44fe-804f-16b8dee008c1/resource/3c2137d5-46d3-40cf-9e01-ee406746b27a/download/listado-de-comunidades-indigenas-20251112.csv
Comunidad Aborigen Pozo El Toro (pueblo Wichí),"Rivadavia, Salta",,2002,http://datos.mininterior.gob.ar/dataset/6a702e6f-3292-44fe-804f-16b8dee008c1/resource/3c2137d5-46d3-40cf-9e01-ee406746b27a/download/listado-de-comunidades-indigenas-20251112.csv
Comunidad Aborigen Rivadavia Wichí (pueblo Wichí),"Rivadavia, Salta",,1995,http://datos.mininterior.gob.ar/dataset/6a702e6f-3292-44fe-804f-16b8dee008c1/resource/3c2137d5-46d3-40cf-9e01-ee406746b27a/download/listado-de-comunidades-indigenas-20251112.csv
Comunidad Aborigen Roberto Romero (pueblo Chorote),"Rivadavia, Salta",,2002,http://datos.mininterior.gob.ar/dataset/6a702e6f-3292-44fe-804f-16b8dee008c1/resource/3c2137d5-46d3-40cf-9e01-ee406746b27a/download/listado-de-comunidades-indigenas-20251112.csv
Comunidad Aborigen Santa Rosa 51 (pueblo Wichí),"Rivadavia, Salta",,1994,http://datos.mininterior.gob.ar/dataset/6a702e6f-3292-44fe-804f-16b8dee008c1/resource/3c2137d5-46d3-40cf-9e01-ee406746b27a/download/listado-de-comunidades-indigenas-20251112.csv
Comunidad Aborigen Santa Victoria 2 (pueblo Wichí),"Rivadavia, Salta",,2002,http://datos.mininterior.gob.ar/dataset/6a702e6f-3292-44fe-804f-16b8dee008c1/resource/3c2137d5-46d3-40cf-9e01-ee406746b27a/download/listado-de-comunidades-indigenas-20251112.csv
Comunidad Aborigen Sop A Kweni - Represa de las Víboras (pueblo Wichí),"Rivadavia, Salta",,2008,http://datos.mininterior.gob.ar/dataset/6a702e6f-3292-44fe-804f-16b8dee008c1/resource/3c2137d5-46d3-40cf-9e01-ee406746b27a/download/listado-de-comunidades-indigenas-20251112.csv
Comunidad Aborigen Wichi La Paz (pueblo Wichí),"Rivadavia, Salta",,2022,http://datos.mininterior.gob.ar/dataset/6a702e6f-3292-44fe-804f-16b8dee008c1/resource/3c2137d5-46d3-40cf-9e01-ee406746b27a/download/listado-de-comunidades-indigenas-20251112.csv
Comunidad Aborigen Wichí Al Pu (pueblo Wichí),"Rivadavia, Salta",,2002,http://datos.mininterior.gob.ar/dataset/6a702e6f-3292-44fe-804f-16b8dee008c1/resource/3c2137d5-46d3-40cf-9e01-ee406746b27a/download/listado-de-comunidades-indigenas-20251112.csv
Comunidad Aborigen Wichí Cacique Katán (pueblo Wichí),"Rivadavia, Salta",,2009,http://datos.mininterior.gob.ar/dataset/6a702e6f-3292-44fe-804f-16b8dee008c1/resource/3c2137d5-46d3-40cf-9e01-ee406746b27a/download/listado-de-comunidades-indigenas-20251112.csv
Comunidad Aborigen Wichí El Cocal (pueblo Wichí),"Rivadavia, Salta",,2001,http://datos.mininterior.gob.ar/dataset/6a702e6f-3292-44fe-804f-16b8dee008c1/resource/3c2137d5-46d3-40cf-9e01-ee406746b27a/download/listado-de-comunidades-indigenas-20251112.csv
Comunidad Aborigen Wichí Lantawos Alto la Sierra (pueblo Wichí),"Rivadavia, Salta",,2002,http://datos.mininterior.gob.ar/dataset/6a702e6f-3292-44fe-804f-16b8dee008c1/resource/3c2137d5-46d3-40cf-9e01-ee406746b27a/download/listado-de-comunidades-indigenas-20251112.csv
Comunidad Aborigen Wichí Le Wet La Represa (pueblo Wichí),"Rivadavia, Salta",,1999,http://datos.mininterior.gob.ar/dataset/6a702e6f-3292-44fe-804f-16b8dee008c1/resource/3c2137d5-46d3-40cf-9e01-ee406746b27a/download/listado-de-comunidades-indigenas-20251112.csv
Comunidad Aborigen Wichí Lewetes - Los Blancos (pueblo Wichí),"Rivadavia, Salta",,1988,http://datos.mininterior.gob.ar/dataset/6a702e6f-3292-44fe-804f-16b8dee008c1/resource/3c2137d5-46d3-40cf-9e01-ee406746b27a/download/listado-de-comunidades-indigenas-20251112.csv
Comunidad Aborigen Wichí Lewétes La Cortada (pueblo Wichí),"Rivadavia, Salta",,2000,http://datos.mininterior.gob.ar/dataset/6a702e6f-3292-44fe-804f-16b8dee008c1/resource/3c2137d5-46d3-40cf-9e01-ee406746b27a/download/listado-de-comunidades-indigenas-20251112.csv
Comunidad Aborigen Wichí Pozo La China (pueblo Wichí),"Rivadavia, Salta",,2002,http://datos.mininterior.gob.ar/dataset/6a702e6f-3292-44fe-804f-16b8dee008c1/resource/3c2137d5-46d3-40cf-9e01-ee406746b27a/download/listado-de-comunidades-indigenas-20251112.csv
Comunidad Aborigen Wichí de Santa Rosa (pueblo Wichí),"Rivadavia, Salta",,2003,http://datos.mininterior.gob.ar/dataset/6a702e6f-3292-44fe-804f-16b8dee008c1/resource/3c2137d5-46d3-40cf-9e01-ee406746b27a/download/listado-de-comunidades-indigenas-20251112.csv
Comunidad Aborigen de Misión La Purísima (pueblo Wichí),"Rivadavia, Salta",,2003,http://datos.mininterior.gob.ar/dataset/6a702e6f-3292-44fe-804f-16b8dee008c1/resource/3c2137d5-46d3-40cf-9e01-ee406746b27a/download/listado-de-comunidades-indigenas-20251112.csv
Comunidad Aborigen de Santa María (pueblo Kolla),"Rivadavia, Salta",,2001,http://datos.mininterior.gob.ar/dataset/6a702e6f-3292-44fe-804f-16b8dee008c1/resource/3c2137d5-46d3-40cf-9e01-ee406746b27a/download/listado-de-comunidades-indigenas-20251112.csv
Comunidad Aborigen el Sol Naciente (pueblo Wichí),"Rivadavia, Salta",,2006,http://datos.mininterior.gob.ar/dataset/6a702e6f-3292-44fe-804f-16b8dee008c1/resource/3c2137d5-46d3-40cf-9e01-ee406746b27a/download/listado-de-comunidades-indigenas-20251112.csv
Comunidad Barrio El Matadero - La Unión (pueblo Wichí),"Rivadavia, Salta",,2007,http://datos.mininterior.gob.ar/dataset/6a702e6f-3292-44fe-804f-16b8dee008c1/resource/3c2137d5-46d3-40cf-9e01-ee406746b27a/download/listado-de-comunidades-indigenas-20251112.csv
Comunidad Centro Vecinal Wichí Lewets Kayip (pueblo Wichí),"Rivadavia, Salta",,1990,http://datos.mininterior.gob.ar/dataset/6a702e6f-3292-44fe-804f-16b8dee008c1/resource/3c2137d5-46d3-40cf-9e01-ee406746b27a/download/listado-de-comunidades-indigenas-20251112.csv
Comunidad Chulupí Misión La Paz “B” (pueblo Chulupí/Nivaclé),"Rivadavia, Salta",,,http://datos.mininterior.gob.ar/dataset/6a702e6f-3292-44fe-804f-16b8dee008c1/resource/3c2137d5-46d3-40cf-9e01-ee406746b27a/download/listado-de-comunidades-indigenas-20251112.csv
Comunidad El Molino (pueblo Wichí),"Rivadavia, Salta",,,http://datos.mininterior.gob.ar/dataset/6a702e6f-3292-44fe-804f-16b8dee008c1/resource/3c2137d5-46d3-40cf-9e01-ee406746b27a/download/listado-de-comunidades-indigenas-20251112.csv
Comunidad El Teuquito (pueblo Wichí),"Rivadavia, Salta",,,http://datos.mininterior.gob.ar/dataset/6a702e6f-3292-44fe-804f-16b8dee008c1/resource/3c2137d5-46d3-40cf-9e01-ee406746b27a/download/listado-de-comunidades-indigenas-20251112.csv
Comunidad El Zapallar (pueblo Wichí),"Rivadavia, Salta",,2018,http://datos.mininterior.gob.ar/dataset/6a702e6f-3292-44fe-804f-16b8dee008c1/resource/3c2137d5-46d3-40cf-9e01-ee406746b27a/download/listado-de-comunidades-indigenas-20251112.csv
Comunidad Indígena Antena Cacique (pueblo Wichí),"Rivadavia, Salta",,2001,http://datos.mininterior.gob.ar/dataset/6a702e6f-3292-44fe-804f-16b8dee008c1/resource/3c2137d5-46d3-40cf-9e01-ee406746b27a/download/listado-de-comunidades-indigenas-20251112.csv
Comunidad La Esperanza Etnia Wichí (pueblo Wichí),"Rivadavia, Salta",,2001,http://datos.mininterior.gob.ar/dataset/6a702e6f-3292-44fe-804f-16b8dee008c1/resource/3c2137d5-46d3-40cf-9e01-ee406746b27a/download/listado-de-comunidades-indigenas-20251112.csv
Comunidad La Mora (pueblo Wichí),"Rivadavia, Salta",,,http://datos.mininterior.gob.ar/dataset/6a702e6f-3292-44fe-804f-16b8dee008c1/resource/3c2137d5-46d3-40cf-9e01-ee406746b27a/download/listado-de-comunidades-indigenas-20251112.csv
Comunidad Las Lomitas (pueblo Chorote),"Rivadavia, Salta",,2015,http://datos.mininterior.gob.ar/dataset/6a702e6f-3292-44fe-804f-16b8dee008c1/resource/3c2137d5-46d3-40cf-9e01-ee406746b27a/download/listado-de-comunidades-indigenas-20251112.csv
Comunidad Misión Betel Honhat Ta Isi Lewet (pueblo Wichí),"Rivadavia, Salta",,,http://datos.mininterior.gob.ar/dataset/6a702e6f-3292-44fe-804f-16b8dee008c1/resource/3c2137d5-46d3-40cf-9e01-ee406746b27a/download/listado-de-comunidades-indigenas-20251112.csv
Comunidad Misión La Bomba (pueblo Wichí),"Rivadavia, Salta",,2017,http://datos.mininterior.gob.ar/dataset/6a702e6f-3292-44fe-804f-16b8dee008c1/resource/3c2137d5-46d3-40cf-9e01-ee406746b27a/download/listado-de-comunidades-indigenas-20251112.csv
Comunidad Misión La Nueva Esperanza (pueblo Wichí),"Rivadavia, Salta",,2009,http://datos.mininterior.gob.ar/dataset/6a702e6f-3292-44fe-804f-16b8dee008c1/resource/3c2137d5-46d3-40cf-9e01-ee406746b27a/download/listado-de-comunidades-indigenas-20251112.csv
Comunidad Misión Rancho El Ñato (pueblo Wichí),"Rivadavia, Salta",,2007,http://datos.mininterior.gob.ar/dataset/6a702e6f-3292-44fe-804f-16b8dee008c1/resource/3c2137d5-46d3-40cf-9e01-ee406746b27a/download/listado-de-comunidades-indigenas-20251112.csv
Comunidad Monte Carmelo “Qom Lahacha” (pueblo Qom/Toba),"Rivadavia, Salta",,2013,http://datos.mininterior.gob.ar/dataset/6a702e6f-3292-44fe-804f-16b8dee008c1/resource/3c2137d5-46d3-40cf-9e01-ee406746b27a/download/listado-de-comunidades-indigenas-20251112.csv
Comunidad Neche Nonithahay Nueva Esperanza (pueblo Wichí),"Rivadavia, Salta",,1998,http://datos.mininterior.gob.ar/dataset/6a702e6f-3292-44fe-804f-16b8dee008c1/resource/3c2137d5-46d3-40cf-9e01-ee406746b27a/download/listado-de-comunidades-indigenas-20251112.csv
Comunidad Organización de Trabajadores Indígenas Misión Wichí Fiscal 51 (pueblo Wichí),"Rivadavia, Salta",,2007,http://datos.mininterior.gob.ar/dataset/6a702e6f-3292-44fe-804f-16b8dee008c1/resource/3c2137d5-46d3-40cf-9e01-ee406746b27a/download/listado-de-comunidades-indigenas-20251112.csv
Comunidad Qom Lañoko Misión Toba (pueblo Qom/Toba),"Rivadavia, Salta",,2000,http://datos.mininterior.gob.ar/dataset/6a702e6f-3292-44fe-804f-16b8dee008c1/resource/3c2137d5-46d3-40cf-9e01-ee406746b27a/download/listado-de-comunidades-indigenas-20251112.csv
Comunidad Tewuk Thlip - Wichí Lewetes Misión San Felipe (pueblo Wichí),"Rivadavia, Salta",,1995,http://datos.mininterior.gob.ar/dataset/6a702e6f-3292-44fe-804f-16b8dee008c1/resource/3c2137d5-46d3-40cf-9e01-ee406746b27a/download/listado-de-comunidades-indigenas-20251112.csv
"Comunidad Wichí ""Inot Nusuy - Pozo Salado"" (pueblo Wichí)","Rivadavia, Salta",,2020,http://datos.mininterior.gob.ar/dataset/6a702e6f-3292-44fe-804f-16b8dee008c1/resource/3c2137d5-46d3-40cf-9e01-ee406746b27a/download/listado-de-comunidades-indigenas-20251112.csv
Comunidad Wichí Ch'amokcut El Talar (pueblo Wichí),"Rivadavia, Salta",,2022,http://datos.mininterior.gob.ar/dataset/6a702e6f-3292-44fe-804f-16b8dee008c1/resource/3c2137d5-46d3-40cf-9e01-ee406746b27a/download/listado-de-comunidades-indigenas-20251112.csv
Comunidad Wichí El Brealito (pueblo Wichí),"Rivadavia, Salta",,2003,http://datos.mininterior.gob.ar/dataset/6a702e6f-3292-44fe-804f-16b8dee008c1/resource/3c2137d5-46d3-40cf-9e01-ee406746b27a/download/listado-de-comunidades-indigenas-20251112.csv
Comunidad Wichí El Chañaral Bañadero Not Wet (pueblo Wichí),"Rivadavia, Salta",,2005,http://datos.mininterior.gob.ar/dataset/6a702e6f-3292-44fe-804f-16b8dee008c1/resource/3c2137d5-46d3-40cf-9e01-ee406746b27a/download/listado-de-comunidades-indigenas-20251112.csv
Comunidad Wichí El Progreso (pueblo Wichí),"Rivadavia, Salta",,,http://datos.mininterior.gob.ar/dataset/6a702e6f-3292-44fe-804f-16b8dee008c1/resource/3c2137d5-46d3-40cf-9e01-ee406746b27a/download/listado-de-comunidades-indigenas-20251112.csv
Comunidad Wichí Fiscal 51 20 Viviendas Santa Rosa (pueblo Wichí),"Rivadavia, Salta",,,http://datos.mininterior.gob.ar/dataset/6a702e6f-3292-44fe-804f-16b8dee008c1/resource/3c2137d5-46d3-40cf-9e01-ee406746b27a/download/listado-de-comunidades-indigenas-20251112.csv
Comunidad Wichí Lahco Pluma de Pato (pueblo Wichí),"Rivadavia, Salta",,1998,http://datos.mininterior.gob.ar/dataset/6a702e6f-3292-44fe-804f-16b8dee008c1/resource/3c2137d5-46d3-40cf-9e01-ee406746b27a/download/listado-de-comunidades-indigenas-20251112.csv
Comunidad Wichí Le Wetes Letsenkwat Pozo El Chañar (pueblo Wichí),"Rivadavia, Salta",,2000,http://datos.mininterior.gob.ar/dataset/6a702e6f-3292-44fe-804f-16b8dee008c1/resource/3c2137d5-46d3-40cf-9e01-ee406746b27a/download/listado-de-comunidades-indigenas-20251112.csv
Comunidad Wichí Le'wetes Misión San Patricio (pueblo Wichí),"Rivadavia, Salta",,,http://datos.mininterior.gob.ar/dataset/6a702e6f-3292-44fe-804f-16b8dee008c1/resource/3c2137d5-46d3-40cf-9e01-ee406746b27a/download/listado-de-comunidades-indigenas-20251112.csv
Comunidad Wichí Lewetes Kalehi – Los Baldes (pueblo Wichí),"Rivadavia, Salta",,1991,http://datos.mininterior.gob.ar/dataset/6a702e6f-3292-44fe-804f-16b8dee008c1/resource/3c2137d5-46d3-40cf-9e01-ee406746b27a/download/listado-de-comunidades-indigenas-20251112.csv
Comunidad Wichí Lewetes Wayayuk (pueblo Wichí),"Rivadavia, Salta",,2002,http://datos.mininterior.gob.ar/dataset/6a702e6f-3292-44fe-804f-16b8dee008c1/resource/3c2137d5-46d3-40cf-9e01-ee406746b27a/download/listado-de-comunidades-indigenas-20251112.csv
Comunidad Wichí wetes Tsemttlokat (pueblo Wichí),"Rivadavia, Salta",,2007,http://datos.mininterior.gob.ar/dataset/6a702e6f-3292-44fe-804f-16b8dee008c1/resource/3c2137d5-46d3-40cf-9e01-ee406746b27a/download/listado-de-comunidades-indigenas-20251112.csv
Comunidad Aborigen Los Alisos (pueblo Tastil),"Rosario de Lerma, Salta",,2011,http://datos.mininterior.gob.ar/dataset/6a702e6f-3292-44fe-804f-16b8dee008c1/resource/3c2137d5-46d3-40cf-9e01-ee406746b27a/download/listado-de-comunidades-indigenas-20251112.csv
Comunidad Colla Pacha Inti (pueblo Kolla),"Rosario de Lerma, Salta",,2013,http://datos.mininterior.gob.ar/dataset/6a702e6f-3292-44fe-804f-16b8dee008c1/resource/3c2137d5-46d3-40cf-9e01-ee406746b27a/download/listado-de-comunidades-indigenas-20251112.csv
Comunidad Diaguita Calchaqui de Rosario de Lerma (pueblo Diaguita Calchaquí),"Rosario de Lerma, Salta",,2011,http://datos.mininterior.gob.ar/dataset/6a702e6f-3292-44fe-804f-16b8dee008c1/resource/3c2137d5-46d3-40cf-9e01-ee406746b27a/download/listado-de-comunidades-indigenas-20251112.csv
Comunidad Indígena Ayllu Valle del Sol (pueblo Tastil),"Rosario de Lerma, Salta",,2009,http://datos.mininterior.gob.ar/dataset/6a702e6f-3292-44fe-804f-16b8dee008c1/resource/3c2137d5-46d3-40cf-9e01-ee406746b27a/download/listado-de-comunidades-indigenas-20251112.csv
Comunidad Indígena El Gólgota Etnia Tastil - Quebrada del Toro (pueblo Tastil),"Rosario de Lerma, Salta",,2009,http://datos.mininterior.gob.ar/dataset/6a702e6f-3292-44fe-804f-16b8dee008c1/resource/3c2137d5-46d3-40cf-9e01-ee406746b27a/download/listado-de-comunidades-indigenas-20251112.csv
Comunidad Indígena Incahuasi (pueblo Tastil),"Rosario de Lerma, Salta",,2009,http://datos.mininterior.gob.ar/dataset/6a702e6f-3292-44fe-804f-16b8dee008c1/resource/3c2137d5-46d3-40cf-9e01-ee406746b27a/download/listado-de-comunidades-indigenas-20251112.csv
Comunidad Indígena Kolla El Toro (pueblo Kolla),"Rosario de Lerma, Salta",,1999,http://datos.mininterior.gob.ar/dataset/6a702e6f-3292-44fe-804f-16b8dee008c1/resource/3c2137d5-46d3-40cf-9e01-ee406746b27a/download/listado-de-comunidades-indigenas-20251112.csv
Comunidad Indígena Las Cuevas (pueblo Tastil),"Rosario de Lerma, Salta",,2009,http://datos.mininterior.gob.ar/dataset/6a702e6f-3292-44fe-804f-16b8dee008c1/resource/3c2137d5-46d3-40cf-9e01-ee406746b27a/download/listado-de-comunidades-indigenas-20251112.csv
Comunidad Indígena Puesto Grande (pueblo Tastil),"Rosario de Lerma, Salta",,,http://datos.mininterior.gob.ar/dataset/6a702e6f-3292-44fe-804f-16b8dee008c1/resource/3c2137d5-46d3-40cf-9e01-ee406746b27a/download/listado-de-comunidades-indigenas-20251112.csv
Comunidad Indígena Quebrada El Toro (pueblo Tastil),"Rosario de Lerma, Salta",,2004,http://datos.mininterior.gob.ar/dataset/6a702e6f-3292-44fe-804f-16b8dee008c1/resource/3c2137d5-46d3-40cf-9e01-ee406746b27a/download/listado-de-comunidades-indigenas-20251112.csv
Comunidad Kolla Cachiñal Incahuasi (pueblo Kolla),"Rosario de Lerma, Salta",,2009,http://datos.mininterior.gob.ar/dataset/6a702e6f-3292-44fe-804f-16b8dee008c1/resource/3c2137d5-46d3-40cf-9e01-ee406746b27a/download/listado-de-comunidades-indigenas-20251112.csv
Comunidad Originaria Ayllu Pascha (pueblo Tastil),"Rosario de Lerma, Salta",,,http://datos.mininterior.gob.ar/dataset/6a702e6f-3292-44fe-804f-16b8dee008c1/resource/3c2137d5-46d3-40cf-9e01-ee406746b27a/download/listado-de-comunidades-indigenas-20251112.csv
Comunidad Originaria Condor Wasi San Bernardo de las Zorras (pueblo Tastil),"Rosario de Lerma, Salta",,2018,http://datos.mininterior.gob.ar/dataset/6a702e6f-3292-44fe-804f-16b8dee008c1/resource/3c2137d5-46d3-40cf-9e01-ee406746b27a/download/listado-de-comunidades-indigenas-20251112.csv
Comunidad Originaria El Cóndor Potrero de Chañi (pueblo Tastil),"Rosario de Lerma, Salta",,2023,http://datos.mininterior.gob.ar/dataset/6a702e6f-3292-44fe-804f-16b8dee008c1/resource/3c2137d5-46d3-40cf-9e01-ee406746b27a/download/listado-de-comunidades-indigenas-20251112.csv
Comunidad Originaria El Rosal (pueblo Tastil),"Rosario de Lerma, Salta",,2023,http://datos.mininterior.gob.ar/dataset/6a702e6f-3292-44fe-804f-16b8dee008c1/resource/3c2137d5-46d3-40cf-9e01-ee406746b27a/download/listado-de-comunidades-indigenas-20251112.csv
Comunidad Originaria Huayco Hondo (pueblo Kolla),"Rosario de Lerma, Salta",,2015,http://datos.mininterior.gob.ar/dataset/6a702e6f-3292-44fe-804f-16b8dee008c1/resource/3c2137d5-46d3-40cf-9e01-ee406746b27a/download/listado-de-comunidades-indigenas-20251112.csv
Comunidad Originaria Mesadas Capillas (pueblo Tastil),"Rosario de Lerma, Salta",,2019,http://datos.mininterior.gob.ar/dataset/6a702e6f-3292-44fe-804f-16b8dee008c1/resource/3c2137d5-46d3-40cf-9e01-ee406746b27a/download/listado-de-comunidades-indigenas-20251112.csv
Comunidad Diaguita Calchaqui Amblayo Eco Museo (pueblo Diaguita Calchaquí),"San Carlos, Salta",,2004,http://datos.mininterior.gob.ar/dataset/6a702e6f-3292-44fe-804f-16b8dee008c1/resource/3c2137d5-46d3-40cf-9e01-ee406746b27a/download/listado-de-comunidades-indigenas-20251112.csv
Comunidad Diaguita Calchaqui Inti Huamán de Amblayo (pueblo Diaguita),"San Carlos, Salta",,2013,http://datos.mininterior.gob.ar/dataset/6a702e6f-3292-44fe-804f-16b8dee008c1/resource/3c2137d5-46d3-40cf-9e01-ee406746b27a/download/listado-de-comunidades-indigenas-20251112.csv
"Comunidad Indígena Condorhuasi Pueblo Diaguita, San Carlos (pueblo Diaguita Calchaquí)","San Carlos, Salta",,2009,http://datos.mininterior.gob.ar/dataset/6a702e6f-3292-44fe-804f-16b8dee008c1/resource/3c2137d5-46d3-40cf-9e01-ee406746b27a/download/listado-de-comunidades-indigenas-20251112.csv
Comunidad Indígena Diaguita Calchaqui Animaná (pueblo Diaguita Calchaquí),"San Carlos, Salta",,2003,http://datos.mininterior.gob.ar/dataset/6a702e6f-3292-44fe-804f-16b8dee008c1/resource/3c2137d5-46d3-40cf-9e01-ee406746b27a/download/listado-de-comunidades-indigenas-20251112.csv
Comunidad Indígena Diaguita Calchaqui Pucará Angastaco (pueblo Diaguita Calchaquí),"San Carlos, Salta",,2013,http://datos.mininterior.gob.ar/dataset/6a702e6f-3292-44fe-804f-16b8dee008c1/resource/3c2137d5-46d3-40cf-9e01-ee406746b27a/download/listado-de-comunidades-indigenas-20251112.csv
Comunidad Indígena Diaguita Calchaqui de Jasimaná (pueblo Diaguita Calchaquí),"San Carlos, Salta",,1991,http://datos.mininterior.gob.ar/dataset/6a702e6f-3292-44fe-804f-16b8dee008c1/resource/3c2137d5-46d3-40cf-9e01-ee406746b27a/download/listado-de-comunidades-indigenas-20251112.csv
Asociación de Comunidades Aborígenes de Nazareno (pueblo Kolla),"Santa Victoria, Salta",,1998,http://datos.mininterior.gob.ar/dataset/6a702e6f-3292-44fe-804f-16b8dee008c1/resource/3c2137d5-46d3-40cf-9e01-ee406746b27a/download/listado-de-comunidades-indigenas-20251112.csv
Centro Comunitario de Los Toldos (pueblo Kolla),"Santa Victoria, Salta",,2000,http://datos.mininterior.gob.ar/dataset/6a702e6f-3292-44fe-804f-16b8dee008c1/resource/3c2137d5-46d3-40cf-9e01-ee406746b27a/download/listado-de-comunidades-indigenas-20251112.csv
Centro Vecinal de Los Toldos (pueblo Kolla),"Santa Victoria, Salta",,1994,http://datos.mininterior.gob.ar/dataset/6a702e6f-3292-44fe-804f-16b8dee008c1/resource/3c2137d5-46d3-40cf-9e01-ee406746b27a/download/listado-de-comunidades-indigenas-20251112.csv
Centro Vecinal de Mecoyita Kolla (pueblo Kolla),"Santa Victoria, Salta",,1992,http://datos.mininterior.gob.ar/dataset/6a702e6f-3292-44fe-804f-16b8dee008c1/resource/3c2137d5-46d3-40cf-9e01-ee406746b27a/download/listado-de-comunidades-indigenas-20251112.csv
Centro Vecinal de Poscaya (pueblo Kolla),"Santa Victoria, Salta",,1987,http://datos.mininterior.gob.ar/dataset/6a702e6f-3292-44fe-804f-16b8dee008c1/resource/3c2137d5-46d3-40cf-9e01-ee406746b27a/download/listado-de-comunidades-indigenas-20251112.csv
Comunidad Aborigen Kolla de Santa Cruz (pueblo Kolla),"Santa Victoria, Salta",,2000,http://datos.mininterior.gob.ar/dataset/6a702e6f-3292-44fe-804f-16b8dee008c1/resource/3c2137d5-46d3-40cf-9e01-ee406746b27a/download/listado-de-comunidades-indigenas-20251112.csv
Comunidad Aborigen Rodeo Pampa - La Huerta (pueblo Kolla),"Santa Victoria, Salta",,2002,http://datos.mininterior.gob.ar/dataset/6a702e6f-3292-44fe-804f-16b8dee008c1/resource/3c2137d5-46d3-40cf-9e01-ee406746b27a/download/listado-de-comunidades-indigenas-20251112.csv
Comunidad Aborigen Rodeo San Marcos Luján La Huerta (pueblo Kolla),"Santa Victoria, Salta",,2001,http://datos.mininterior.gob.ar/dataset/6a702e6f-3292-44fe-804f-16b8dee008c1/resource/3c2137d5-46d3-40cf-9e01-ee406746b27a/download/listado-de-comunidades-indigenas-20251112.csv
Comunidad Aborigen San Felipe (pueblo Kolla),"Santa Victoria, Salta",,1998,http://datos.mininterior.gob.ar/dataset/6a702e6f-3292-44fe-804f-16b8dee008c1/resource/3c2137d5-46d3-40cf-9e01-ee406746b27a/download/listado-de-comunidades-indigenas-20251112.csv
Comunidad Aborigen San Francisco Paraje Los Sauces (pueblo Kolla),"Santa Victoria, Salta",,2011,http://datos.mininterior.gob.ar/dataset/6a702e6f-3292-44fe-804f-16b8dee008c1/resource/3c2137d5-46d3-40cf-9e01-ee406746b27a/download/listado-de-comunidades-indigenas-20251112.csv
Comunidad Aborigen San Francisco de Tuctuca (pueblo Kolla),"Santa Victoria, Salta",,1998,http://datos.mininterior.gob.ar/dataset/6a702e6f-3292-44fe-804f-16b8dee008c1/resource/3c2137d5-46d3-40cf-9e01-ee406746b27a/download/listado-de-comunidades-indigenas-20251112.csv
Comunidad Aborigen de Abra Mecoyita y Mecoyita (pueblo Kolla),"Santa Victoria, Salta",,2001,http://datos.mininterior.gob.ar/dataset/6a702e6f-3292-44fe-804f-16b8dee008c1/resource/3c2137d5-46d3-40cf-9e01-ee406746b27a/download/listado-de-comunidades-indigenas-20251112.csv
Comunidad Aborigen de Acoyte (pueblo Kolla),"Santa Victoria, Salta",,2002,http://datos.mininterior.gob.ar/dataset/6a702e6f-3292-44fe-804f-16b8dee008c1/resource/3c2137d5-46d3-40cf-9e01-ee406746b27a/download/listado-de-comunidades-indigenas-20251112.csv
Comunidad Aborigen de Cuesta Azul (pueblo Kolla),"Santa Victoria, Salta",,2011,http://datos.mininterior.gob.ar/dataset/6a702e6f-3292-44fe-804f-16b8dee008c1/resource/3c2137d5-46d3-40cf-9e01-ee406746b27a/download/listado-de-comunidades-indigenas-20251112.csv
Comunidad Aborigen de El Condado y La Misión (pueblo Kolla),"Santa Victoria, Salta",,2001,http://datos.mininterior.gob.ar/dataset/6a702e6f-3292-44fe-804f-16b8dee008c1/resource/3c2137d5-46d3-40cf-9e01-ee406746b27a/download/listado-de-comunidades-indigenas-20251112.csv
Comunidad Aborigen de El Lipeo y Baritú (pueblo Kolla),"Santa Victoria, Salta",,2001,http://datos.mininterior.gob.ar/dataset/6a702e6f-3292-44fe-804f-16b8dee008c1/resource/3c2137d5-46d3-40cf-9e01-ee406746b27a/download/listado-de-comunidades-indigenas-20251112.csv
"Comunidad Aborigen de El Molino, Campo Grande y Río Blanco (pueblo Kolla)","Santa Victoria, Salta",,2001,http://datos.mininterior.gob.ar/dataset/6a702e6f-3292-44fe-804f-16b8dee008c1/resource/3c2137d5-46d3-40cf-9e01-ee406746b27a/download/listado-de-comunidades-indigenas-20251112.csv
Comunidad Aborigen de El Puesto (pueblo Kolla),"Santa Victoria, Salta",,2002,http://datos.mininterior.gob.ar/dataset/6a702e6f-3292-44fe-804f-16b8dee008c1/resource/3c2137d5-46d3-40cf-9e01-ee406746b27a/download/listado-de-comunidades-indigenas-20251112.csv
Comunidad Aborigen de Hornillos (pueblo Kolla),"Santa Victoria, Salta",,2009,http://datos.mininterior.gob.ar/dataset/6a702e6f-3292-44fe-804f-16b8dee008c1/resource/3c2137d5-46d3-40cf-9e01-ee406746b27a/download/listado-de-comunidades-indigenas-20251112.csv
Comunidad Aborigen de Kelloticar y El Milagro (pueblo Kolla),"Santa Victoria, Salta",,2001,http://datos.mininterior.gob.ar/dataset/6a702e6f-3292-44fe-804f-16b8dee008c1/resource/3c2137d5-46d3-40cf-9e01-ee406746b27a/download/listado-de-comunidades-indigenas-20251112.csv
Comunidad Aborigen de Mecoyita Centro Condor Huasi (pueblo Kolla),"Santa Victoria, Salta",,2002,http://datos.mininterior.gob.ar/dataset/6a702e6f-3292-44fe-804f-16b8dee008c1/resource/3c2137d5-46d3-40cf-9e01-ee406746b27a/download/listado-de-comunidades-indigenas-20251112.csv
Comunidad Aborigen de Nazareno y San Marcos de Nazareno (pueblo Kolla),"Santa Victoria, Salta",,2001,http://datos.mininterior.gob.ar/dataset/6a702e6f-3292-44fe-804f-16b8dee008c1/resource/3c2137d5-46d3-40cf-9e01-ee406746b27a/download/listado-de-comunidades-indigenas-20251112.csv
Comunidad Aborigen de Poscaya (pueblo Kolla),"Santa Victoria, Salta",,2001,http://datos.mininterior.gob.ar/dataset/6a702e6f-3292-44fe-804f-16b8dee008c1/resource/3c2137d5-46d3-40cf-9e01-ee406746b27a/download/listado-de-comunidades-indigenas-20251112.csv
Comunidad Aborigen de Pucará (pueblo Kolla),"Santa Victoria, Salta",,2001,http://datos.mininterior.gob.ar/dataset/6a702e6f-3292-44fe-804f-16b8dee008c1/resource/3c2137d5-46d3-40cf-9e01-ee406746b27a/download/listado-de-comunidades-indigenas-20251112.csv
Comunidad Aborigen de Punco Vizcana (pueblo Kolla),"Santa Victoria, Salta",,2001,http://datos.mininterior.gob.ar/dataset/6a702e6f-3292-44fe-804f-16b8dee008c1/resource/3c2137d5-46d3-40cf-9e01-ee406746b27a/download/listado-de-comunidades-indigenas-20251112.csv
Comunidad Aborigen de San José de Aguilar (pueblo Kolla),"Santa Victoria, Salta",,2002,http://datos.mininterior.gob.ar/dataset/6a702e6f-3292-44fe-804f-16b8dee008c1/resource/3c2137d5-46d3-40cf-9e01-ee406746b27a/download/listado-de-comunidades-indigenas-20251112.csv
Comunidad Aborigen de Santa Cruz de Aguilar (pueblo Kolla),"Santa Victoria, Salta",,1999,http://datos.mininterior.gob.ar/dataset/6a702e6f-3292-44fe-804f-16b8dee008c1/resource/3c2137d5-46d3-40cf-9e01-ee406746b27a/download/listado-de-comunidades-indigenas-20251112.csv
Comunidad Aborigen de Trigo Huayco (pueblo Kolla),"Santa Victoria, Salta",,2000,http://datos.mininterior.gob.ar/dataset/6a702e6f-3292-44fe-804f-16b8dee008c1/resource/3c2137d5-46d3-40cf-9e01-ee406746b27a/download/listado-de-comunidades-indigenas-20251112.csv
Comunidad Aborigen de Vizcachani (pueblo Kolla),"Santa Victoria, Salta",,2001,http://datos.mininterior.gob.ar/dataset/6a702e6f-3292-44fe-804f-16b8dee008c1/resource/3c2137d5-46d3-40cf-9e01-ee406746b27a/download/listado-de-comunidades-indigenas-20251112.csv
"Comunidad Indígena Pueblo Kolla Papachacra, Falda, Pucallpa y Mesón (pueblo Kolla)","Santa Victoria, Salta",,2000,http://datos.mininterior.gob.ar/dataset/6a702e6f-3292-44fe-804f-16b8dee008c1/resource/3c2137d5-46d3-40cf-9e01-ee406746b27a/download/listado-de-comunidades-indigenas-20251112.csv
Comunidad Indígena Tata Inti de Campo La Paz (pueblo Kolla),"Santa Victoria, Salta",,2009,http://datos.mininterior.gob.ar/dataset/6a702e6f-3292-44fe-804f-16b8dee008c1/resource/3c2137d5-46d3-40cf-9e01-ee406746b27a/download/listado-de-comunidades-indigenas-20251112.csv
Comunidad Kolla de Nazareno (pueblo Kolla),"Santa Victoria, Salta",,2011,http://datos.mininterior.gob.ar/dataset/6a702e6f-3292-44fe-804f-16b8dee008c1/resource/3c2137d5-46d3-40cf-9e01-ee406746b27a/download/listado-de-comunidades-indigenas-20251112.csv
Comunidad Kolla de San Marcos (pueblo Kolla),"Santa Victoria, Salta",,2011,http://datos.mininterior.gob.ar/dataset/6a702e6f-3292-44fe-804f-16b8dee008c1/resource/3c2137d5-46d3-40cf-9e01-ee406746b27a/download/listado-de-comunidades-indigenas-20251112.csv
Comunidad Originaria Del Paraje Barrio Nuevo y Río Grande de Vizcachani (pueblo Kolla),"Santa Victoria, Salta",,,http://datos.mininterior.gob.ar/dataset/6a702e6f-3292-44fe-804f-16b8dee008c1/resource/3c2137d5-46d3-40cf-9e01-ee406746b27a/download/listado-de-comunidades-indigenas-20251112.csv
Comunidad Originaria del Arazay (pueblo Kolla),"Santa Victoria, Salta",,2009,http://datos.mininterior.gob.ar/dataset/6a702e6f-3292-44fe-804f-16b8dee008c1/resource/3c2137d5-46d3-40cf-9e01-ee406746b27a/download/listado-de-comunidades-indigenas-20251112.csv
Comunidad de La Etnia Kolla de Abra de Santa Cruz (pueblo Kolla),"Santa Victoria, Salta",,2002,http://datos.mininterior.gob.ar/dataset/6a702e6f-3292-44fe-804f-16b8dee008c1/resource/3c2137d5-46d3-40cf-9e01-ee406746b27a/download/listado-de-comunidades-indigenas-20251112.csv
Comunidad de Pucará San Roque (pueblo Kolla),"Santa Victoria, Salta",,2001,http://datos.mininterior.gob.ar/dataset/6a702e6f-3292-44fe-804f-16b8dee008c1/resource/3c2137d5-46d3-40cf-9e01-ee406746b27a/download/listado-de-comunidades-indigenas-20251112.csv
Comunidad del Rodeo Lizoite del Carmen (pueblo Kolla),"Santa Victoria, Salta",,2000,http://datos.mininterior.gob.ar/dataset/6a702e6f-3292-44fe-804f-16b8dee008c1/resource/3c2137d5-46d3-40cf-9e01-ee406746b27a/download/listado-de-comunidades-indigenas-20251112.csv
Comunidad Huarpe Clara Rosa Guakinchay (pueblo Huarpe),"25 de Mayo, San Juan",,2014,http://datos.mininterior.gob.ar/dataset/6a702e6f-3292-44fe-804f-16b8dee008c1/resource/3c2137d5-46d3-40cf-9e01-ee406746b27a/download/listado-de-comunidades-indigenas-20251112.csv
Comunidad Huarpe Salvador Talquenca (pueblo Huarpe),"25 de Mayo, San Juan",,2010,http://datos.mininterior.gob.ar/dataset/6a702e6f-3292-44fe-804f-16b8dee008c1/resource/3c2137d5-46d3-40cf-9e01-ee406746b27a/download/listado-de-comunidades-indigenas-20251112.csv
Comunidad Huarpe Sawa (pueblo Huarpe),"25 de Mayo, San Juan",,2002,http://datos.mininterior.gob.ar/dataset/6a702e6f-3292-44fe-804f-16b8dee008c1/resource/3c2137d5-46d3-40cf-9e01-ee406746b27a/download/listado-de-comunidades-indigenas-20251112.csv
Comunidad Huarpe Las Chacras (pueblo Huarpe),"Caucete, San Juan",,2023,http://datos.mininterior.gob.ar/dataset/6a702e6f-3292-44fe-804f-16b8dee008c1/resource/3c2137d5-46d3-40cf-9e01-ee406746b27a/download/listado-de-comunidades-indigenas-20251112.csv
Comunidad Las Talas (pueblo Huarpe),"Caucete, San Juan",,2023,http://datos.mininterior.gob.ar/dataset/6a702e6f-3292-44fe-804f-16b8dee008c1/resource/3c2137d5-46d3-40cf-9e01-ee406746b27a/download/listado-de-comunidades-indigenas-20251112.csv
Comunidad Huarpe del Territorio del Cuyúm (pueblo Huarpe),"Rivadavia, San Juan",,1997,http://datos.mininterior.gob.ar/dataset/6a702e6f-3292-44fe-804f-16b8dee008c1/resource/3c2137d5-46d3-40cf-9e01-ee406746b27a/download/listado-de-comunidades-indigenas-20251112.csv
Comunidad Huanacache Esperanza Huarpe (pueblo Huarpe),"Sarmiento, San Juan",,2011,http://datos.mininterior.gob.ar/dataset/6a702e6f-3292-44fe-804f-16b8dee008c1/resource/3c2137d5-46d3-40cf-9e01-ee406746b27a/download/listado-de-comunidades-indigenas-20251112.csv
Comunidad Huarpe Cacique Colchagual (pueblo Huarpe),"Sarmiento, San Juan",,2023,http://datos.mininterior.gob.ar/dataset/6a702e6f-3292-44fe-804f-16b8dee008c1/resource/3c2137d5-46d3-40cf-9e01-ee406746b27a/download/listado-de-comunidades-indigenas-20251112.csv
Comunidad Huarpe de Guanacache (pueblo Huarpe),"Belgrano, San Luis",,2007,http://datos.mininterior.gob.ar/dataset/6a702e6f-3292-44fe-804f-16b8dee008c1/resource/3c2137d5-46d3-40cf-9e01-ee406746b27a/download/listado-de-comunidades-indigenas-20251112.csv
Comunidad Lonko Guayqui Gner (pueblo Ranquel),"General Pedernera, San Luis",,2009,http://datos.mininterior.gob.ar/dataset/6a702e6f-3292-44fe-804f-16b8dee008c1/resource/3c2137d5-46d3-40cf-9e01-ee406746b27a/download/listado-de-comunidades-indigenas-20251112.csv
Comunidad Manuel Baigorria (pueblo Ranquel),"General Pedernera, San Luis",,2009,http://datos.mininterior.gob.ar/dataset/6a702e6f-3292-44fe-804f-16b8dee008c1/resource/3c2137d5-46d3-40cf-9e01-ee406746b27a/download/listado-de-comunidades-indigenas-20251112.csv
Comunidad Mapuche Tehuelche Lof Fem Mapu (pueblo Mapuche Tehuelche),"Corpen Aike, Santa Cruz",,2014,http://datos.mininterior.gob.ar/dataset/6a702e6f-3292-44fe-804f-16b8dee008c1/resource/3c2137d5-46d3-40cf-9e01-ee406746b27a/download/listado-de-comunidades-indigenas-20251112.csv
Comunidad Aborigen Copolque (pueblo Tehuelche),"Deseado, Santa Cruz",,2007,http://datos.mininterior.gob.ar/dataset/6a702e6f-3292-44fe-804f-16b8dee008c1/resource/3c2137d5-46d3-40cf-9e01-ee406746b27a/download/listado-de-comunidades-indigenas-20251112.csv
Comunidad Francisco Vera (pueblo Tehuelche),"Deseado, Santa Cruz",,2011,http://datos.mininterior.gob.ar/dataset/6a702e6f-3292-44fe-804f-16b8dee008c1/resource/3c2137d5-46d3-40cf-9e01-ee406746b27a/download/listado-de-comunidades-indigenas-20251112.csv
Comunidad Mapuche Limonao (pueblo Mapuche),"Deseado, Santa Cruz",,2012,http://datos.mininterior.gob.ar/dataset/6a702e6f-3292-44fe-804f-16b8dee008c1/resource/3c2137d5-46d3-40cf-9e01-ee406746b27a/download/listado-de-comunidades-indigenas-20251112.csv
Comunidad Mapuche Millaqueo (pueblo Mapuche),"Deseado, Santa Cruz",,2014,http://datos.mininterior.gob.ar/dataset/6a702e6f-3292-44fe-804f-16b8dee008c1/resource/3c2137d5-46d3-40cf-9e01-ee406746b27a/download/listado-de-comunidades-indigenas-20251112.csv
Comunidad Mapuche Tehuelche Nehuen Mulfuñ (pueblo Mapuche Tehuelche),"Deseado, Santa Cruz",,2014,http://datos.mininterior.gob.ar/dataset/6a702e6f-3292-44fe-804f-16b8dee008c1/resource/3c2137d5-46d3-40cf-9e01-ee406746b27a/download/listado-de-comunidades-indigenas-20251112.csv
Lof/Comunidad Mapuche-Tehuelche Piutrillan (pueblo Mapuche Tehuelche),"Deseado, Santa Cruz",,2021,http://datos.mininterior.gob.ar/dataset/6a702e6f-3292-44fe-804f-16b8dee008c1/resource/3c2137d5-46d3-40cf-9e01-ee406746b27a/download/listado-de-comunidades-indigenas-20251112.csv
Comunidad Camusu Aike (pueblo Tehuelche),"Güer Aike, Santa Cruz",,2007,http://datos.mininterior.gob.ar/dataset/6a702e6f-3292-44fe-804f-16b8dee008c1/resource/3c2137d5-46d3-40cf-9e01-ee406746b27a/download/listado-de-comunidades-indigenas-20251112.csv
Comunidad Millanahuel (pueblo Mapuche),"Güer Aike, Santa Cruz",,2012,http://datos.mininterior.gob.ar/dataset/6a702e6f-3292-44fe-804f-16b8dee008c1/resource/3c2137d5-46d3-40cf-9e01-ee406746b27a/download/listado-de-comunidades-indigenas-20251112.csv
Comunidad Aborigen Pedro José (pueblo Moqoit/Mocoví),"9 de Julio, Santa Fe",,1998,http://datos.mininterior.gob.ar/dataset/6a702e6f-3292-44fe-804f-16b8dee008c1/resource/3c2137d5-46d3-40cf-9e01-ee406746b27a/download/listado-de-comunidades-indigenas-20251112.csv
Comunidad Qar Ka Ia (pueblo Qom/Toba),"Castellanos, Santa Fe",,2010,http://datos.mininterior.gob.ar/dataset/6a702e6f-3292-44fe-804f-16b8dee008c1/resource/3c2137d5-46d3-40cf-9e01-ee406746b27a/download/listado-de-comunidades-indigenas-20251112.csv
Comunidad Aborigen Kamikaia (pueblo Moqoit/Mocoví),"Constitución, Santa Fe",,2002,http://datos.mininterior.gob.ar/dataset/6a702e6f-3292-44fe-804f-16b8dee008c1/resource/3c2137d5-46d3-40cf-9e01-ee406746b27a/download/listado-de-comunidades-indigenas-20251112.csv
Comunidad Mocoví Ialek Lav'a (pueblo Moqoit/Mocoví),"Constitución, Santa Fe",,2011,http://datos.mininterior.gob.ar/dataset/6a702e6f-3292-44fe-804f-16b8dee008c1/resource/3c2137d5-46d3-40cf-9e01-ee406746b27a/download/listado-de-comunidades-indigenas-20251112.csv
Comunidad 2 de febrero (pueblo Moqoit/Mocoví),"Garay, Santa Fe",,2011,http://datos.mininterior.gob.ar/dataset/6a702e6f-3292-44fe-804f-16b8dee008c1/resource/3c2137d5-46d3-40cf-9e01-ee406746b27a/download/listado-de-comunidades-indigenas-20251112.csv
Comunidad Aim Moqoit (pueblo Moqoit/Mocoví),"Garay, Santa Fe",,2011,http://datos.mininterior.gob.ar/dataset/6a702e6f-3292-44fe-804f-16b8dee008c1/resource/3c2137d5-46d3-40cf-9e01-ee406746b27a/download/listado-de-comunidades-indigenas-20251112.csv
Comunidad Cacique Santo Sañudo (pueblo Moqoit/Mocoví),"Garay, Santa Fe",,2010,http://datos.mininterior.gob.ar/dataset/6a702e6f-3292-44fe-804f-16b8dee008c1/resource/3c2137d5-46d3-40cf-9e01-ee406746b27a/download/listado-de-comunidades-indigenas-20251112.csv
Comunidad Caiastas (pueblo Moqoit/Mocoví),"Garay, Santa Fe",,2010,http://datos.mininterior.gob.ar/dataset/6a702e6f-3292-44fe-804f-16b8dee008c1/resource/3c2137d5-46d3-40cf-9e01-ee406746b27a/download/listado-de-comunidades-indigenas-20251112.csv
Comunidad Calle Ancha (pueblo Moqoit/Mocoví),"Garay, Santa Fe",,2011,http://datos.mininterior.gob.ar/dataset/6a702e6f-3292-44fe-804f-16b8dee008c1/resource/3c2137d5-46d3-40cf-9e01-ee406746b27a/download/listado-de-comunidades-indigenas-20251112.csv
Comunidad Doña Carmen Juana Tasori (pueblo Moqoit/Mocoví),"Garay, Santa Fe",,2011,http://datos.mininterior.gob.ar/dataset/6a702e6f-3292-44fe-804f-16b8dee008c1/resource/3c2137d5-46d3-40cf-9e01-ee406746b27a/download/listado-de-comunidades-indigenas-20251112.csv
Comunidad Doña Claudina Lanche (pueblo Moqoit/Mocoví),"Garay, Santa Fe",,2010,http://datos.mininterior.gob.ar/dataset/6a702e6f-3292-44fe-804f-16b8dee008c1/resource/3c2137d5-46d3-40cf-9e01-ee406746b27a/download/listado-de-comunidades-indigenas-20251112.csv
Comunidad Doña Jeronima Troncoso (pueblo Moqoit/Mocoví),"Garay, Santa Fe",,2011,http://datos.mininterior.gob.ar/dataset/6a702e6f-3292-44fe-804f-16b8dee008c1/resource/3c2137d5-46d3-40cf-9e01-ee406746b27a/download/listado-de-comunidades-indigenas-20251112.csv
Comunidad Feliciano Eliseo Ovelar (pueblo Moqoit/Mocoví),"Garay, Santa Fe",,2010,http://datos.mininterior.gob.ar/dataset/6a702e6f-3292-44fe-804f-16b8dee008c1/resource/3c2137d5-46d3-40cf-9e01-ee406746b27a/download/listado-de-comunidades-indigenas-20251112.csv
Comunidad Santa Teresita (pueblo Moqoit/Mocoví),"Garay, Santa Fe",,2010,http://datos.mininterior.gob.ar/dataset/6a702e6f-3292-44fe-804f-16b8dee008c1/resource/3c2137d5-46d3-40cf-9e01-ee406746b27a/download/listado-de-comunidades-indigenas-20251112.csv
Comunidad Indígena Mocoví Kotapik (pueblo Moqoit/Mocoví),"General López, Santa Fe",,2002,http://datos.mininterior.gob.ar/dataset/6a702e6f-3292-44fe-804f-16b8dee008c1/resource/3c2137d5-46d3-40cf-9e01-ee406746b27a/download/listado-de-comunidades-indigenas-20251112.csv
Comunidad Kami Iapa (pueblo Moqoit/Mocoví),"General López, Santa Fe",,2014,http://datos.mininterior.gob.ar/dataset/6a702e6f-3292-44fe-804f-16b8dee008c1/resource/3c2137d5-46d3-40cf-9e01-ee406746b27a/download/listado-de-comunidades-indigenas-20251112.csv
Comunidad Lava Coqom (pueblo Moqoit/Mocoví),"General López, Santa Fe",,2014,http://datos.mininterior.gob.ar/dataset/6a702e6f-3292-44fe-804f-16b8dee008c1/resource/3c2137d5-46d3-40cf-9e01-ee406746b27a/download/listado-de-comunidades-indigenas-20251112.csv
Comunidad Maicasari Iagpa de Carreras (pueblo Moqoit/Mocoví),"General López, Santa Fe",,2015,http://datos.mininterior.gob.ar/dataset/6a702e6f-3292-44fe-804f-16b8dee008c1/resource/3c2137d5-46d3-40cf-9e01-ee406746b27a/download/listado-de-comunidades-indigenas-20251112.csv
Comunidad Mosoq Paqarin (pueblo Kolla),"General López, Santa Fe",,2010,http://datos.mininterior.gob.ar/dataset/6a702e6f-3292-44fe-804f-16b8dee008c1/resource/3c2137d5-46d3-40cf-9e01-ee406746b27a/download/listado-de-comunidades-indigenas-20251112.csv
Comunidad Noagué Noa Nont'i (pueblo Moqoit/Mocoví),"General López, Santa Fe",,2011,http://datos.mininterior.gob.ar/dataset/6a702e6f-3292-44fe-804f-16b8dee008c1/resource/3c2137d5-46d3-40cf-9e01-ee406746b27a/download/listado-de-comunidades-indigenas-20251112.csv
Comunidad Aborigen Cotapic (pueblo Qom/Toba),"General Obligado, Santa Fe",,2001,http://datos.mininterior.gob.ar/dataset/6a702e6f-3292-44fe-804f-16b8dee008c1/resource/3c2137d5-46d3-40cf-9e01-ee406746b27a/download/listado-de-comunidades-indigenas-20251112.csv
Comunidad Aborigen Quompi - Mucha Gente Aborigen (pueblo Qom/Toba),"General Obligado, Santa Fe",,2001,http://datos.mininterior.gob.ar/dataset/6a702e6f-3292-44fe-804f-16b8dee008c1/resource/3c2137d5-46d3-40cf-9e01-ee406746b27a/download/listado-de-comunidades-indigenas-20251112.csv
Comunidad An Añaxag (pueblo Qom/Toba),"General Obligado, Santa Fe",,2011,http://datos.mininterior.gob.ar/dataset/6a702e6f-3292-44fe-804f-16b8dee008c1/resource/3c2137d5-46d3-40cf-9e01-ee406746b27a/download/listado-de-comunidades-indigenas-20251112.csv
Comunidad Cacique Colashii (pueblo Moqoit/Mocoví),"General Obligado, Santa Fe",,2015,http://datos.mininterior.gob.ar/dataset/6a702e6f-3292-44fe-804f-16b8dee008c1/resource/3c2137d5-46d3-40cf-9e01-ee406746b27a/download/listado-de-comunidades-indigenas-20251112.csv
Comunidad Indígena Rahachaglate - Pueblo Mocoví (pueblo Moqoit/Mocoví),"General Obligado, Santa Fe",,1998,http://datos.mininterior.gob.ar/dataset/6a702e6f-3292-44fe-804f-16b8dee008c1/resource/3c2137d5-46d3-40cf-9e01-ee406746b27a/download/listado-de-comunidades-indigenas-20251112.csv
Comunidad La Thee Palma (pueblo Moqoit/Mocoví),"General Obligado, Santa Fe",,1998,http://datos.mininterior.gob.ar/dataset/6a702e6f-3292-44fe-804f-16b8dee008c1/resource/3c2137d5-46d3-40cf-9e01-ee406746b27a/download/listado-de-comunidades-indigenas-20251112.csv
Comunidad Mocoví y Toba El Pignik (pueblo Moqoit/Mocoví - Qom/Toba),"General Obligado, Santa Fe",,2000,http://datos.mininterior.gob.ar/dataset/6a702e6f-3292-44fe-804f-16b8dee008c1/resource/3c2137d5-46d3-40cf-9e01-ee406746b27a/download/listado-de-comunidades-indigenas-20251112.csv
Comunidad Nainic -El Ceibo- Pueblo Mocoví (pueblo Moqoit/Mocoví),"General Obligado, Santa Fe",,2000,http://datos.mininterior.gob.ar/dataset/6a702e6f-3292-44fe-804f-16b8dee008c1/resource/3c2137d5-46d3-40cf-9e01-ee406746b27a/download/listado-de-comunidades-indigenas-20251112.csv
Comunidad Pueblo Mocovi Na Chagüisat (pueblo Moqoit/Mocoví),"General Obligado, Santa Fe",,1998,http://datos.mininterior.gob.ar/dataset/6a702e6f-3292-44fe-804f-16b8dee008c1/resource/3c2137d5-46d3-40cf-9e01-ee406746b27a/download/listado-de-comunidades-indigenas-20251112.csv
Comunidad Toba Natocoi (pueblo Qom/Toba - Moqoit/Mocoví),"General Obligado, Santa Fe",,1999,http://datos.mininterior.gob.ar/dataset/6a702e6f-3292-44fe-804f-16b8dee008c1/resource/3c2137d5-46d3-40cf-9e01-ee406746b27a/download/listado-de-comunidades-indigenas-20251112.csv
Comunidad Mocoví Comague Seluqueta ´C (pueblo Moqoit/Mocoví),"Iriondo, Santa Fe",,2008,http://datos.mininterior.gob.ar/dataset/6a702e6f-3292-44fe-804f-16b8dee008c1/resource/3c2137d5-46d3-40cf-9e01-ee406746b27a/download/listado-de-comunidades-indigenas-20251112.csv
Comunidad Indígena Las Lomas (pueblo Qom/Toba),"La Capital, Santa Fe",,1995,http://datos.mininterior.gob.ar/dataset/6a702e6f-3292-44fe-804f-16b8dee008c1/resource/3c2137d5-46d3-40cf-9e01-ee406746b27a/download/listado-de-comunidades-indigenas-20251112.csv
Comunidad Mocoví Com Caia (pueblo Moqoit/Mocoví),"La Capital, Santa Fe",,2009,http://datos.mininterior.gob.ar/dataset/6a702e6f-3292-44fe-804f-16b8dee008c1/resource/3c2137d5-46d3-40cf-9e01-ee406746b27a/download/listado-de-comunidades-indigenas-20251112.csv
"Comunidad Olongasta ""Cacique Yungulo"" (pueblo Diaguita)","La Capital, Santa Fe",,2015,http://datos.mininterior.gob.ar/dataset/6a702e6f-3292-44fe-804f-16b8dee008c1/resource/3c2137d5-46d3-40cf-9e01-ee406746b27a/download/listado-de-comunidades-indigenas-20251112.csv
Comunidad So Icolaq (pueblo Moqoit/Mocoví),"La Capital, Santa Fe",,2023,http://datos.mininterior.gob.ar/dataset/6a702e6f-3292-44fe-804f-16b8dee008c1/resource/3c2137d5-46d3-40cf-9e01-ee406746b27a/download/listado-de-comunidades-indigenas-20251112.csv
Comunidad Toba Qomlashí Lma Nam Qom (pueblo Qom/Toba),"La Capital, Santa Fe",,2009,http://datos.mininterior.gob.ar/dataset/6a702e6f-3292-44fe-804f-16b8dee008c1/resource/3c2137d5-46d3-40cf-9e01-ee406746b27a/download/listado-de-comunidades-indigenas-20251112.csv
Nueva Comunidad Mocoví Dalaxaig Covo (pueblo Moqoit/Mocoví),"La Capital, Santa Fe",,2009,http://datos.mininterior.gob.ar/dataset/6a702e6f-3292-44fe-804f-16b8dee008c1/resource/3c2137d5-46d3-40cf-9e01-ee406746b27a/download/listado-de-comunidades-indigenas-20251112.csv
"Comunidad ""Qom Lmac' Na Alua"" (pueblo Qom/Toba)","Rosario, Santa Fe",,2008,http://datos.mininterior.gob.ar/dataset/6a702e6f-3292-44fe-804f-16b8dee008c1/resource/3c2137d5-46d3-40cf-9e01-ee406746b27a/download/listado-de-comunidades-indigenas-20251112.csv
Comunidad Aalo Moqoit (pueblo Moqoit/Mocoví),"Rosario, Santa Fe",,2018,http://datos.mininterior.gob.ar/dataset/6a702e6f-3292-44fe-804f-16b8dee008c1/resource/3c2137d5-46d3-40cf-9e01-ee406746b27a/download/listado-de-comunidades-indigenas-20251112.csv
Comunidad Aborigen Barrio Toba Cacique Francisco Moreno (pueblo Qom/Toba),"Rosario, Santa Fe",,2008,http://datos.mininterior.gob.ar/dataset/6a702e6f-3292-44fe-804f-16b8dee008c1/resource/3c2137d5-46d3-40cf-9e01-ee406746b27a/download/listado-de-comunidades-indigenas-20251112.csv
Comunidad Aborigen Ialek Kotaá (pueblo Moqoit/Mocoví),"Rosario, Santa Fe",,2004,http://datos.mininterior.gob.ar/dataset/6a702e6f-3292-44fe-804f-16b8dee008c1/resource/3c2137d5-46d3-40cf-9e01-ee406746b27a/download/listado-de-comunidades-indigenas-20251112.csv
Comunidad Aborigen Ina Qarma (pueblo Qom/Toba),"Rosario, Santa Fe",,2018,http://datos.mininterior.gob.ar/dataset/6a702e6f-3292-44fe-804f-16b8dee008c1/resource/3c2137d5-46d3-40cf-9e01-ee406746b27a/download/listado-de-comunidades-indigenas-20251112.csv
Comunidad Aborigen Ralagay Yogoñi (Nuevo Amanecer) (pueblo Moqoit/Mocoví - Qom/Toba),"Rosario, Santa Fe",,2006,http://datos.mininterior.gob.ar/dataset/6a702e6f-3292-44fe-804f-16b8dee008c1/resource/3c2137d5-46d3-40cf-9e01-ee406746b27a/download/listado-de-comunidades-indigenas-20251112.csv
Comunidad Alpi (pueblo Qom/Toba),"Rosario, Santa Fe",,2023,http://datos.mininterior.gob.ar/dataset/6a702e6f-3292-44fe-804f-16b8dee008c1/resource/3c2137d5-46d3-40cf-9e01-ee406746b27a/download/listado-de-comunidades-indigenas-20251112.csv
Comunidad Cacica Dominga (pueblo Moqoit/Mocoví),"Rosario, Santa Fe",,2018,http://datos.mininterior.gob.ar/dataset/6a702e6f-3292-44fe-804f-16b8dee008c1/resource/3c2137d5-46d3-40cf-9e01-ee406746b27a/download/listado-de-comunidades-indigenas-20251112.csv
Comunidad Chaykuska (pueblo Kolla),"Rosario, Santa Fe",,2018,http://datos.mininterior.gob.ar/dataset/6a702e6f-3292-44fe-804f-16b8dee008c1/resource/3c2137d5-46d3-40cf-9e01-ee406746b27a/download/listado-de-comunidades-indigenas-20251112.csv
Comunidad Dios Llalec (pueblo Qom/Toba),"Rosario, Santa Fe",,2023,http://datos.mininterior.gob.ar/dataset/6a702e6f-3292-44fe-804f-16b8dee008c1/resource/3c2137d5-46d3-40cf-9e01-ee406746b27a/download/listado-de-comunidades-indigenas-20251112.csv
Comunidad Luz y Esperanza (pueblo Moqoit/Mocoví),"Rosario, Santa Fe",,2023,http://datos.mininterior.gob.ar/dataset/6a702e6f-3292-44fe-804f-16b8dee008c1/resource/3c2137d5-46d3-40cf-9e01-ee406746b27a/download/listado-de-comunidades-indigenas-20251112.csv
Comunidad Nam Qom (pueblo Qom/Toba),"Rosario, Santa Fe",,2002,http://datos.mininterior.gob.ar/dataset/6a702e6f-3292-44fe-804f-16b8dee008c1/resource/3c2137d5-46d3-40cf-9e01-ee406746b27a/download/listado-de-comunidades-indigenas-20251112.csv
Comunidad No Olga Nacpi (pueblo Moqoit/Mocoví),"Rosario, Santa Fe",,2018,http://datos.mininterior.gob.ar/dataset/6a702e6f-3292-44fe-804f-16b8dee008c1/resource/3c2137d5-46d3-40cf-9e01-ee406746b27a/download/listado-de-comunidades-indigenas-20251112.csv
Comunidad Nugutuki Moqoit (pueblo Moqoit/Mocoví),"Rosario, Santa Fe",,2018,http://datos.mininterior.gob.ar/dataset/6a702e6f-3292-44fe-804f-16b8dee008c1/resource/3c2137d5-46d3-40cf-9e01-ee406746b27a/download/listado-de-comunidades-indigenas-20251112.csv
Comunidad Qadhuoqte (pueblo Qom/Toba),"Rosario, Santa Fe",,2004,http://datos.mininterior.gob.ar/dataset/6a702e6f-3292-44fe-804f-16b8dee008c1/resource/3c2137d5-46d3-40cf-9e01-ee406746b27a/download/listado-de-comunidades-indigenas-20251112.csv
Comunidad Taky Ongoy (pueblo Kolla),"Rosario, Santa Fe",,2018,http://datos.mininterior.gob.ar/dataset/6a702e6f-3292-44fe-804f-16b8dee008c1/resource/3c2137d5-46d3-40cf-9e01-ee406746b27a/download/listado-de-comunidades-indigenas-20251112.csv
Comunidad Xavn Inay Leufv de Rosario (pueblo Mapuche),"Rosario, Santa Fe",,2015,http://datos.mininterior.gob.ar/dataset/6a702e6f-3292-44fe-804f-16b8dee008c1/resource/3c2137d5-46d3-40cf-9e01-ee406746b27a/download/listado-de-comunidades-indigenas-20251112.csv
Comunidad Llalek Lav´a Km. 94 (pueblo Moqoit/Mocoví),"San Javier, Santa Fe",,2015,http://datos.mininterior.gob.ar/dataset/6a702e6f-3292-44fe-804f-16b8dee008c1/resource/3c2137d5-46d3-40cf-9e01-ee406746b27a/download/listado-de-comunidades-indigenas-20251112.csv
Comunidad Mocoví San Javier (pueblo Moqoit/Mocoví),"San Javier, Santa Fe",,2008,http://datos.mininterior.gob.ar/dataset/6a702e6f-3292-44fe-804f-16b8dee008c1/resource/3c2137d5-46d3-40cf-9e01-ee406746b27a/download/listado-de-comunidades-indigenas-20251112.csv
Comunidad Nacoñiguit so Nashi Cacique Raimundo Villaba (pueblo Moqoit/Mocoví),"San Javier, Santa Fe",,2023,http://datos.mininterior.gob.ar/dataset/6a702e6f-3292-44fe-804f-16b8dee008c1/resource/3c2137d5-46d3-40cf-9e01-ee406746b27a/download/listado-de-comunidades-indigenas-20251112.csv
Comunidad Pueblo Mocoví Llalec Lavac (pueblo Moqoit/Mocoví),"San Javier, Santa Fe",,2000,http://datos.mininterior.gob.ar/dataset/6a702e6f-3292-44fe-804f-16b8dee008c1/resource/3c2137d5-46d3-40cf-9e01-ee406746b27a/download/listado-de-comunidades-indigenas-20251112.csv
Comunidad Veintiuno de Abril (pueblo Moqoit/Mocoví),"San Javier, Santa Fe",,2014,http://datos.mininterior.gob.ar/dataset/6a702e6f-3292-44fe-804f-16b8dee008c1/resource/3c2137d5-46d3-40cf-9e01-ee406746b27a/download/listado-de-comunidades-indigenas-20251112.csv
Comunidad Corunda (pueblo Corundí),"San Jerónimo, Santa Fe",,2011,http://datos.mininterior.gob.ar/dataset/6a702e6f-3292-44fe-804f-16b8dee008c1/resource/3c2137d5-46d3-40cf-9e01-ee406746b27a/download/listado-de-comunidades-indigenas-20251112.csv
Comunidad Aim Mokoilek (pueblo Moqoit/Mocoví),"San Justo, Santa Fe",,2008,http://datos.mininterior.gob.ar/dataset/6a702e6f-3292-44fe-804f-16b8dee008c1/resource/3c2137d5-46d3-40cf-9e01-ee406746b27a/download/listado-de-comunidades-indigenas-20251112.csv
Comunidad Tilalá (pueblo Moqoit/Mocoví),"San Justo, Santa Fe",,2015,http://datos.mininterior.gob.ar/dataset/6a702e6f-3292-44fe-804f-16b8dee008c1/resource/3c2137d5-46d3-40cf-9e01-ee406746b27a/download/listado-de-comunidades-indigenas-20251112.csv
Comunidad Aborigen Kom Cayaripi (pueblo Moqoit/Mocoví),"Vera, Santa Fe",,2000,http://datos.mininterior.gob.ar/dataset/6a702e6f-3292-44fe-804f-16b8dee008c1/resource/3c2137d5-46d3-40cf-9e01-ee406746b27a/download/listado-de-comunidades-indigenas-20251112.csv
Comunidad Kami I'ava (pueblo Moqoit/Mocoví),"Vera, Santa Fe",,2011,http://datos.mininterior.gob.ar/dataset/6a702e6f-3292-44fe-804f-16b8dee008c1/resource/3c2137d5-46d3-40cf-9e01-ee406746b27a/download/listado-de-comunidades-indigenas-20251112.csv
Comunidad Indígena Ashpa Nokaishpa (pueblo Lule Vilela),"Alberdi, Santiago del Estero",,2023,http://datos.mininterior.gob.ar/dataset/6a702e6f-3292-44fe-804f-16b8dee008c1/resource/3c2137d5-46d3-40cf-9e01-ee406746b27a/download/listado-de-comunidades-indigenas-20251112.csv
Comunidad Indígena Sacha Súmaj (pueblo Lule Vilela),"Alberdi, Santiago del Estero",,2020,http://datos.mininterior.gob.ar/dataset/6a702e6f-3292-44fe-804f-16b8dee008c1/resource/3c2137d5-46d3-40cf-9e01-ee406746b27a/download/listado-de-comunidades-indigenas-20251112.csv
Comunidad Indígena Tonokoté Taqo Llajta (pueblo Tonokoté),"Alberdi, Santiago del Estero",,2020,http://datos.mininterior.gob.ar/dataset/6a702e6f-3292-44fe-804f-16b8dee008c1/resource/3c2137d5-46d3-40cf-9e01-ee406746b27a/download/listado-de-comunidades-indigenas-20251112.csv
Ayllu Ashpa Nockayshpa Sapyn Tulúm Tulúm Manta (pueblo Diaguita/Cacano),"Atamisqui, Santiago del Estero",,2019,http://datos.mininterior.gob.ar/dataset/6a702e6f-3292-44fe-804f-16b8dee008c1/resource/3c2137d5-46d3-40cf-9e01-ee406746b27a/download/listado-de-comunidades-indigenas-20251112.csv
Ayllu Ashpa Sumaj (pueblo Diaguita/Cacano),"Atamisqui, Santiago del Estero",,2023,http://datos.mininterior.gob.ar/dataset/6a702e6f-3292-44fe-804f-16b8dee008c1/resource/3c2137d5-46d3-40cf-9e01-ee406746b27a/download/listado-de-comunidades-indigenas-20251112.csv
"Comunidad Ayllu ""Yacu Chiri"" (pueblo Diaguita/Cacano)","Atamisqui, Santiago del Estero",,2023,http://datos.mininterior.gob.ar/dataset/6a702e6f-3292-44fe-804f-16b8dee008c1/resource/3c2137d5-46d3-40cf-9e01-ee406746b27a/download/listado-de-comunidades-indigenas-20251112.csv
Comunidad Ayllu Cacan Corazón de las Salinas (pueblo Diaguita/Cacano),"Atamisqui, Santiago del Estero",,2020,http://datos.mininterior.gob.ar/dataset/6a702e6f-3292-44fe-804f-16b8dee008c1/resource/3c2137d5-46d3-40cf-9e01-ee406746b27a/download/listado-de-comunidades-indigenas-20251112.csv
Comunidad Ayllu Cacan Soconcho (pueblo Diaguita/Cacano),"Atamisqui, Santiago del Estero",,2023,http://datos.mininterior.gob.ar/dataset/6a702e6f-3292-44fe-804f-16b8dee008c1/resource/3c2137d5-46d3-40cf-9e01-ee406746b27a/download/listado-de-comunidades-indigenas-20251112.csv
Comunidad Ayllu Cacan Villagasta (pueblo Diaguita/Cacano),"Atamisqui, Santiago del Estero",,2023,http://datos.mininterior.gob.ar/dataset/6a702e6f-3292-44fe-804f-16b8dee008c1/resource/3c2137d5-46d3-40cf-9e01-ee406746b27a/download/listado-de-comunidades-indigenas-20251112.csv
Comunidad Ayllu Cacán de Mochimo (pueblo Diaguita/Cacano),"Atamisqui, Santiago del Estero",,2011,http://datos.mininterior.gob.ar/dataset/6a702e6f-3292-44fe-804f-16b8dee008c1/resource/3c2137d5-46d3-40cf-9e01-ee406746b27a/download/listado-de-comunidades-indigenas-20251112.csv
Comunidad Ayllu Taa Ayllus Kusca (pueblo Diaguita/Cacano),"Atamisqui, Santiago del Estero",,2015,http://datos.mininterior.gob.ar/dataset/6a702e6f-3292-44fe-804f-16b8dee008c1/resource/3c2137d5-46d3-40cf-9e01-ee406746b27a/download/listado-de-comunidades-indigenas-20251112.csv
Comunidad Ayllu Tukuy Sujllayaj (pueblo Diaguita/Cacano),"Atamisqui, Santiago del Estero",,2014,http://datos.mininterior.gob.ar/dataset/6a702e6f-3292-44fe-804f-16b8dee008c1/resource/3c2137d5-46d3-40cf-9e01-ee406746b27a/download/listado-de-comunidades-indigenas-20251112.csv
Comunidad Ayllu de Ancocha (pueblo Diaguita/Cacano),"Atamisqui, Santiago del Estero",,2019,http://datos.mininterior.gob.ar/dataset/6a702e6f-3292-44fe-804f-16b8dee008c1/resource/3c2137d5-46d3-40cf-9e01-ee406746b27a/download/listado-de-comunidades-indigenas-20251112.csv
Comunidad Ayllu de Atamisqui (pueblo Diaguita/Cacano),"Atamisqui, Santiago del Estero",,2009,http://datos.mininterior.gob.ar/dataset/6a702e6f-3292-44fe-804f-16b8dee008c1/resource/3c2137d5-46d3-40cf-9e01-ee406746b27a/download/listado-de-comunidades-indigenas-20251112.csv
Comunidad Ayllu de Codo (pueblo Diaguita/Cacano),"Atamisqui, Santiago del Estero",,2009,http://datos.mininterior.gob.ar/dataset/6a702e6f-3292-44fe-804f-16b8dee008c1/resource/3c2137d5-46d3-40cf-9e01-ee406746b27a/download/listado-de-comunidades-indigenas-20251112.csv
Comunidad Ayllu de Puncu Atun (pueblo Diaguita/Cacano),"Atamisqui, Santiago del Estero",,2009,http://datos.mininterior.gob.ar/dataset/6a702e6f-3292-44fe-804f-16b8dee008c1/resource/3c2137d5-46d3-40cf-9e01-ee406746b27a/download/listado-de-comunidades-indigenas-20251112.csv
Comunidad Indígena Ayllu Ashpa Nokayshpa (pueblo Diaguita/Cacano),"Atamisqui, Santiago del Estero",,2010,http://datos.mininterior.gob.ar/dataset/6a702e6f-3292-44fe-804f-16b8dee008c1/resource/3c2137d5-46d3-40cf-9e01-ee406746b27a/download/listado-de-comunidades-indigenas-20251112.csv
Comunidad Indígena Ayllu San Dionicio (pueblo Diaguita/Cacano),"Atamisqui, Santiago del Estero",,2010,http://datos.mininterior.gob.ar/dataset/6a702e6f-3292-44fe-804f-16b8dee008c1/resource/3c2137d5-46d3-40cf-9e01-ee406746b27a/download/listado-de-comunidades-indigenas-20251112.csv
Ayllu Kemikuy (pueblo Diaguita/Cacano),"Avellaneda, Santiago del Estero",,2014,http://datos.mininterior.gob.ar/dataset/6a702e6f-3292-44fe-804f-16b8dee008c1/resource/3c2137d5-46d3-40cf-9e01-ee406746b27a/download/listado-de-comunidades-indigenas-20251112.csv
Comunidad Indígena Tiu Alto (pueblo Tonokoté),"Avellaneda, Santiago del Estero",,2008,http://datos.mininterior.gob.ar/dataset/6a702e6f-3292-44fe-804f-16b8dee008c1/resource/3c2137d5-46d3-40cf-9e01-ee406746b27a/download/listado-de-comunidades-indigenas-20251112.csv
Comunidad Indígena Tonokote Taqö Sombreana (pueblo Tonokoté),"Avellaneda, Santiago del Estero",,2005,http://datos.mininterior.gob.ar/dataset/6a702e6f-3292-44fe-804f-16b8dee008c1/resource/3c2137d5-46d3-40cf-9e01-ee406746b27a/download/listado-de-comunidades-indigenas-20251112.csv
Comunidad Indígena Tonokoté Ashpa Súmaj (pueblo Tonokoté),"Avellaneda, Santiago del Estero",,2005,http://datos.mininterior.gob.ar/dataset/6a702e6f-3292-44fe-804f-16b8dee008c1/resource/3c2137d5-46d3-40cf-9e01-ee406746b27a/download/listado-de-comunidades-indigenas-20251112.csv
Comunidad Indígena Tonokoté Bréayoj (pueblo Tonokoté),"Avellaneda, Santiago del Estero",,2005,http://datos.mininterior.gob.ar/dataset/6a702e6f-3292-44fe-804f-16b8dee008c1/resource/3c2137d5-46d3-40cf-9e01-ee406746b27a/download/listado-de-comunidades-indigenas-20251112.csv
Comunidad Indígena Tonokoté Kilometro 11 (pueblo Tonokoté),"Avellaneda, Santiago del Estero",,2005,http://datos.mininterior.gob.ar/dataset/6a702e6f-3292-44fe-804f-16b8dee008c1/resource/3c2137d5-46d3-40cf-9e01-ee406746b27a/download/listado-de-comunidades-indigenas-20251112.csv
Comunidad Indígena Tonokoté Maulín Ñaupa (pueblo Tonokoté),"Avellaneda, Santiago del Estero",,2009,http://datos.mininterior.gob.ar/dataset/6a702e6f-3292-44fe-804f-16b8dee008c1/resource/3c2137d5-46d3-40cf-9e01-ee406746b27a/download/listado-de-comunidades-indigenas-20251112.csv
Comunidad Indígena Tonokoté Perqas (pueblo Tonokoté),"Avellaneda, Santiago del Estero",,2014,http://datos.mininterior.gob.ar/dataset/6a702e6f-3292-44fe-804f-16b8dee008c1/resource/3c2137d5-46d3-40cf-9e01-ee406746b27a/download/listado-de-comunidades-indigenas-20251112.csv
Comunidad Indígena Tonokoté Puman Kocha (pueblo Tonokoté),"Avellaneda, Santiago del Estero",,2017,http://datos.mininterior.gob.ar/dataset/6a702e6f-3292-44fe-804f-16b8dee008c1/resource/3c2137d5-46d3-40cf-9e01-ee406746b27a/download/listado-de-comunidades-indigenas-20251112.csv
Comunidad Indígena Tonokoté Puñituyoj (pueblo Tonokoté),"Avellaneda, Santiago del Estero",,2008,http://datos.mininterior.gob.ar/dataset/6a702e6f-3292-44fe-804f-16b8dee008c1/resource/3c2137d5-46d3-40cf-9e01-ee406746b27a/download/listado-de-comunidades-indigenas-20251112.csv
Comunidad Indígena Tonokoté Sacha Mishky (pueblo Tonokoté),"Avellaneda, Santiago del Estero",,2014,http://datos.mininterior.gob.ar/dataset/6a702e6f-3292-44fe-804f-16b8dee008c1/resource/3c2137d5-46d3-40cf-9e01-ee406746b27a/download/listado-de-comunidades-indigenas-20251112.csv
Comunidad Indígena Tonokoté Sacha Súmaj (pueblo Tonokoté),"Avellaneda, Santiago del Estero",,2019,http://datos.mininterior.gob.ar/dataset/6a702e6f-3292-44fe-804f-16b8dee008c1/resource/3c2137d5-46d3-40cf-9e01-ee406746b27a/download/listado-de-comunidades-indigenas-20251112.csv
Comunidad Indígena Tonokoté Tala Atún (pueblo Tonokoté),"Avellaneda, Santiago del Estero",,2005,http://datos.mininterior.gob.ar/dataset/6a702e6f-3292-44fe-804f-16b8dee008c1/resource/3c2137d5-46d3-40cf-9e01-ee406746b27a/download/listado-de-comunidades-indigenas-20251112.csv
Comunidad Indígena de Pozo Mosoj (pueblo Tonokoté),"Avellaneda, Santiago del Estero",,1999,http://datos.mininterior.gob.ar/dataset/6a702e6f-3292-44fe-804f-16b8dee008c1/resource/3c2137d5-46d3-40cf-9e01-ee406746b27a/download/listado-de-comunidades-indigenas-20251112.csv
Comunidad Indígena Tonokote de Villa Nueva (pueblo Tonokoté),"Banda, Santiago del Estero",,2023,http://datos.mininterior.gob.ar/dataset/6a702e6f-3292-44fe-804f-16b8dee008c1/resource/3c2137d5-46d3-40cf-9e01-ee406746b27a/download/listado-de-comunidades-indigenas-20251112.csv
Comunidad Indígena Tonokoté Auqajkuna (pueblo Tonokoté),"Capital, Santiago del Estero",,2013,http://datos.mininterior.gob.ar/dataset/6a702e6f-3292-44fe-804f-16b8dee008c1/resource/3c2137d5-46d3-40cf-9e01-ee406746b27a/download/listado-de-comunidades-indigenas-20251112.csv
Comunidad Indígena Tonokoté Taqo Mishky (pueblo Tonokoté),"Capital, Santiago del Estero",,2023,http://datos.mininterior.gob.ar/dataset/6a702e6f-3292-44fe-804f-16b8dee008c1/resource/3c2137d5-46d3-40cf-9e01-ee406746b27a/download/listado-de-comunidades-indigenas-20251112.csv
Comunidad Ayllu Cacan Alto Bello (pueblo Diaguita/Cacano),"Choya, Santiago del Estero",,2020,http://datos.mininterior.gob.ar/dataset/6a702e6f-3292-44fe-804f-16b8dee008c1/resource/3c2137d5-46d3-40cf-9e01-ee406746b27a/download/listado-de-comunidades-indigenas-20251112.csv
Comunidad Ashka Kaicu del Pueblo Lule Vilela (pueblo Lule Vilela),"Copo, Santiago del Estero",,2010,http://datos.mininterior.gob.ar/dataset/6a702e6f-3292-44fe-804f-16b8dee008c1/resource/3c2137d5-46d3-40cf-9e01-ee406746b27a/download/listado-de-comunidades-indigenas-20251112.csv
Comunidad El Retiro (pueblo Lule Vilela),"Copo, Santiago del Estero",,2005,http://datos.mininterior.gob.ar/dataset/6a702e6f-3292-44fe-804f-16b8dee008c1/resource/3c2137d5-46d3-40cf-9e01-ee406746b27a/download/listado-de-comunidades-indigenas-20251112.csv
Comunidad Indígena Ashka Tako del Pueblo Lule Vilela (pueblo Lule Vilela),"Copo, Santiago del Estero",,2020,http://datos.mininterior.gob.ar/dataset/6a702e6f-3292-44fe-804f-16b8dee008c1/resource/3c2137d5-46d3-40cf-9e01-ee406746b27a/download/listado-de-comunidades-indigenas-20251112.csv
Comunidad Indígena Lule Vilela Sin Fronteras (pueblo Lule Vilela),"Copo, Santiago del Estero",,2015,http://datos.mininterior.gob.ar/dataset/6a702e6f-3292-44fe-804f-16b8dee008c1/resource/3c2137d5-46d3-40cf-9e01-ee406746b27a/download/listado-de-comunidades-indigenas-20251112.csv
Comunidad Indígena Lule Vilela de Corral Quemado (pueblo Lule Vilela),"Copo, Santiago del Estero",,2009,http://datos.mininterior.gob.ar/dataset/6a702e6f-3292-44fe-804f-16b8dee008c1/resource/3c2137d5-46d3-40cf-9e01-ee406746b27a/download/listado-de-comunidades-indigenas-20251112.csv
Comunidad Indígena Lule Vilela del Mishtolar (pueblo Lule Vilela),"Copo, Santiago del Estero",,2020,http://datos.mininterior.gob.ar/dataset/6a702e6f-3292-44fe-804f-16b8dee008c1/resource/3c2137d5-46d3-40cf-9e01-ee406746b27a/download/listado-de-comunidades-indigenas-20251112.csv
Comunidad Lule Vilela La Armonía (pueblo Lule Vilela),"Copo, Santiago del Estero",,2010,http://datos.mininterior.gob.ar/dataset/6a702e6f-3292-44fe-804f-16b8dee008c1/resource/3c2137d5-46d3-40cf-9e01-ee406746b27a/download/listado-de-comunidades-indigenas-20251112.csv
Comunidad Yzcay Pozo Lule Vilela (pueblo Lule Vilela),"Copo, Santiago del Estero",,2023,http://datos.mininterior.gob.ar/dataset/6a702e6f-3292-44fe-804f-16b8dee008c1/resource/3c2137d5-46d3-40cf-9e01-ee406746b27a/download/listado-de-comunidades-indigenas-20251112.csv
Comunidad Aborigen Mistolito (pueblo Tonokoté),"Figueroa, Santiago del Estero",,1999,http://datos.mininterior.gob.ar/dataset/6a702e6f-3292-44fe-804f-16b8dee008c1/resource/3c2137d5-46d3-40cf-9e01-ee406746b27a/download/listado-de-comunidades-indigenas-20251112.csv
Comunidad Indígena San Roque (pueblo Tonokoté),"Figueroa, Santiago del Estero",,1998,http://datos.mininterior.gob.ar/dataset/6a702e6f-3292-44fe-804f-16b8dee008c1/resource/3c2137d5-46d3-40cf-9e01-ee406746b27a/download/listado-de-comunidades-indigenas-20251112.csv
Comunidad Indígena Tonokoté Ashpa Sinchi (pueblo Tonokoté),"Figueroa, Santiago del Estero",,2020,http://datos.mininterior.gob.ar/dataset/6a702e6f-3292-44fe-804f-16b8dee008c1/resource/3c2137d5-46d3-40cf-9e01-ee406746b27a/download/listado-de-comunidades-indigenas-20251112.csv
Comunidad Indígena Tonokoté Atoj Wasin (pueblo Tonokoté),"Figueroa, Santiago del Estero",,2017,http://datos.mininterior.gob.ar/dataset/6a702e6f-3292-44fe-804f-16b8dee008c1/resource/3c2137d5-46d3-40cf-9e01-ee406746b27a/download/listado-de-comunidades-indigenas-20251112.csv
Comunidad Indígena Tonokoté El Rancho (pueblo Tonokoté),"Figueroa, Santiago del Estero",,2010,http://datos.mininterior.gob.ar/dataset/6a702e6f-3292-44fe-804f-16b8dee008c1/resource/3c2137d5-46d3-40cf-9e01-ee406746b27a/download/listado-de-comunidades-indigenas-20251112.csv
Comunidad Indígena Tonokoté Kausárej (pueblo Tonokoté),"Figueroa, Santiago del Estero",,2015,http://datos.mininterior.gob.ar/dataset/6a702e6f-3292-44fe-804f-16b8dee008c1/resource/3c2137d5-46d3-40cf-9e01-ee406746b27a/download/listado-de-comunidades-indigenas-20251112.csv
Comunidad Indígena Tonokoté Kilometro Cuatro (pueblo Tonokoté),"Figueroa, Santiago del Estero",,2010,http://datos.mininterior.gob.ar/dataset/6a702e6f-3292-44fe-804f-16b8dee008c1/resource/3c2137d5-46d3-40cf-9e01-ee406746b27a/download/listado-de-comunidades-indigenas-20251112.csv
Comunidad Indígena Tonokoté Potrillo Posón (pueblo Tonokoté),"Figueroa, Santiago del Estero",,2010,http://datos.mininterior.gob.ar/dataset/6a702e6f-3292-44fe-804f-16b8dee008c1/resource/3c2137d5-46d3-40cf-9e01-ee406746b27a/download/listado-de-comunidades-indigenas-20251112.csv
Comunidad Indígena Tonokoté Punitayoj (pueblo Tonokoté),"Figueroa, Santiago del Estero",,2023,http://datos.mininterior.gob.ar/dataset/6a702e6f-3292-44fe-804f-16b8dee008c1/resource/3c2137d5-46d3-40cf-9e01-ee406746b27a/download/listado-de-comunidades-indigenas-20251112.csv
Comunidad Indígena Tonokoté Totorillas (pueblo Tonokoté),"Figueroa, Santiago del Estero",,2011,http://datos.mininterior.gob.ar/dataset/6a702e6f-3292-44fe-804f-16b8dee008c1/resource/3c2137d5-46d3-40cf-9e01-ee406746b27a/download/listado-de-comunidades-indigenas-20251112.csv
Comunidad Indígena Tonokoté Yaku Muchuna (pueblo Tonokoté),"Figueroa, Santiago del Estero",,2011,http://datos.mininterior.gob.ar/dataset/6a702e6f-3292-44fe-804f-16b8dee008c1/resource/3c2137d5-46d3-40cf-9e01-ee406746b27a/download/listado-de-comunidades-indigenas-20251112.csv
Comunidad Indígena de Canteros (pueblo Tonokoté),"Figueroa, Santiago del Estero",,1999,http://datos.mininterior.gob.ar/dataset/6a702e6f-3292-44fe-804f-16b8dee008c1/resource/3c2137d5-46d3-40cf-9e01-ee406746b27a/download/listado-de-comunidades-indigenas-20251112.csv
Comunidad indígena Tonokoté Yaku Puka (pueblo Tonokoté),"Figueroa, Santiago del Estero",,2020,http://datos.mininterior.gob.ar/dataset/6a702e6f-3292-44fe-804f-16b8dee008c1/resource/3c2137d5-46d3-40cf-9e01-ee406746b27a/download/listado-de-comunidades-indigenas-20251112.csv
Comunidad Nockaishpa Pachamama (pueblo Vilela),"General Taboada, Santiago del Estero",,2023,http://datos.mininterior.gob.ar/dataset/6a702e6f-3292-44fe-804f-16b8dee008c1/resource/3c2137d5-46d3-40cf-9e01-ee406746b27a/download/listado-de-comunidades-indigenas-20251112.csv
Comunidad Ayllu Cacan Armacuna (pueblo Diaguita/Cacano),"Guasayán, Santiago del Estero",,2021,http://datos.mininterior.gob.ar/dataset/6a702e6f-3292-44fe-804f-16b8dee008c1/resource/3c2137d5-46d3-40cf-9e01-ee406746b27a/download/listado-de-comunidades-indigenas-20251112.csv
Comunidad Indígena Guaycurú del Lote 4 Pozo Del Toba (pueblo Guaycurú),"Juan F. Ibarra, Santiago del Estero",,2008,http://datos.mininterior.gob.ar/dataset/6a702e6f-3292-44fe-804f-16b8dee008c1/resource/3c2137d5-46d3-40cf-9e01-ee406746b27a/download/listado-de-comunidades-indigenas-20251112.csv
Comunidad Indígena Guaycurú del Lote 5 El Colorado (pueblo Guaycurú),"Juan F. Ibarra, Santiago del Estero",,2008,http://datos.mininterior.gob.ar/dataset/6a702e6f-3292-44fe-804f-16b8dee008c1/resource/3c2137d5-46d3-40cf-9e01-ee406746b27a/download/listado-de-comunidades-indigenas-20251112.csv
Comunidad Indígena Vilela de Rincón del Saladillo (pueblo Vilela),"Juan F. Ibarra, Santiago del Estero",,2011,http://datos.mininterior.gob.ar/dataset/6a702e6f-3292-44fe-804f-16b8dee008c1/resource/3c2137d5-46d3-40cf-9e01-ee406746b27a/download/listado-de-comunidades-indigenas-20251112.csv
Comunidad Indígena Yaku Cachi Bajo Hondo (pueblo Guaycurú),"Juan F. Ibarra, Santiago del Estero",,2019,http://datos.mininterior.gob.ar/dataset/6a702e6f-3292-44fe-804f-16b8dee008c1/resource/3c2137d5-46d3-40cf-9e01-ee406746b27a/download/listado-de-comunidades-indigenas-20251112.csv
Comunidad del Pueblo Originario Vilela de Pampa Pozo Lote 110 (pueblo Vilela),"Juan F. Ibarra, Santiago del Estero",,2007,http://datos.mininterior.gob.ar/dataset/6a702e6f-3292-44fe-804f-16b8dee008c1/resource/3c2137d5-46d3-40cf-9e01-ee406746b27a/download/listado-de-comunidades-indigenas-20251112.csv
Ayllu Cacan Turas Kayku (pueblo Diaguita/Cacano),"Loreto, Santiago del Estero",,2020,http://datos.mininterior.gob.ar/dataset/6a702e6f-3292-44fe-804f-16b8dee008c1/resource/3c2137d5-46d3-40cf-9e01-ee406746b27a/download/listado-de-comunidades-indigenas-20251112.csv
Ayllu Cacan Tusca Palta (pueblo Diaguita/Cacano),"Loreto, Santiago del Estero",,2020,http://datos.mininterior.gob.ar/dataset/6a702e6f-3292-44fe-804f-16b8dee008c1/resource/3c2137d5-46d3-40cf-9e01-ee406746b27a/download/listado-de-comunidades-indigenas-20251112.csv
Ayllu Cacán Ashca Caycu Santa Rosa (pueblo Diaguita/Cacano),"Loreto, Santiago del Estero",,2014,http://datos.mininterior.gob.ar/dataset/6a702e6f-3292-44fe-804f-16b8dee008c1/resource/3c2137d5-46d3-40cf-9e01-ee406746b27a/download/listado-de-comunidades-indigenas-20251112.csv
Comunidad Indígena Sentimiento de mi Tierra (pueblo Sanavirón),"Mitre, Santiago del Estero",,2009,http://datos.mininterior.gob.ar/dataset/6a702e6f-3292-44fe-804f-16b8dee008c1/resource/3c2137d5-46d3-40cf-9e01-ee406746b27a/download/listado-de-comunidades-indigenas-20251112.csv
Comunidad Campesina Indígena Vilela de Alhuampa (pueblo Vilela),"Moreno, Santiago del Estero",,2011,http://datos.mininterior.gob.ar/dataset/6a702e6f-3292-44fe-804f-16b8dee008c1/resource/3c2137d5-46d3-40cf-9e01-ee406746b27a/download/listado-de-comunidades-indigenas-20251112.csv
"Comunidad Indígena ""El Túnal"" (pueblo Vilela)","Moreno, Santiago del Estero",,2019,http://datos.mininterior.gob.ar/dataset/6a702e6f-3292-44fe-804f-16b8dee008c1/resource/3c2137d5-46d3-40cf-9e01-ee406746b27a/download/listado-de-comunidades-indigenas-20251112.csv
Comunidad Indígena Pampa Vilela (pueblo Vilela),"Moreno, Santiago del Estero",,2011,http://datos.mininterior.gob.ar/dataset/6a702e6f-3292-44fe-804f-16b8dee008c1/resource/3c2137d5-46d3-40cf-9e01-ee406746b27a/download/listado-de-comunidades-indigenas-20251112.csv
Comunidad Indígena Tonokoté Patay (pueblo Tonokoté),"Moreno, Santiago del Estero",,2018,http://datos.mininterior.gob.ar/dataset/6a702e6f-3292-44fe-804f-16b8dee008c1/resource/3c2137d5-46d3-40cf-9e01-ee406746b27a/download/listado-de-comunidades-indigenas-20251112.csv
Comunidad Indígena Vilela de Santo Domingo (pueblo Vilela),"Moreno, Santiago del Estero",,2003,http://datos.mininterior.gob.ar/dataset/6a702e6f-3292-44fe-804f-16b8dee008c1/resource/3c2137d5-46d3-40cf-9e01-ee406746b27a/download/listado-de-comunidades-indigenas-20251112.csv
Comunidad Indígena del Pueblo Originario vilela Tako Sinchy (pueblo Vilela),"Moreno, Santiago del Estero",,2023,http://datos.mininterior.gob.ar/dataset/6a702e6f-3292-44fe-804f-16b8dee008c1/resource/3c2137d5-46d3-40cf-9e01-ee406746b27a/download/listado-de-comunidades-indigenas-20251112.csv
Comunidad Vilela Tres Leones (pueblo Vilela),"Moreno, Santiago del Estero",,2007,http://datos.mininterior.gob.ar/dataset/6a702e6f-3292-44fe-804f-16b8dee008c1/resource/3c2137d5-46d3-40cf-9e01-ee406746b27a/download/listado-de-comunidades-indigenas-20251112.csv
Comunidad Indígena Copo Viejo (pueblo Lule Vilela),"Pellegrini, Santiago del Estero",,2023,http://datos.mininterior.gob.ar/dataset/6a702e6f-3292-44fe-804f-16b8dee008c1/resource/3c2137d5-46d3-40cf-9e01-ee406746b27a/download/listado-de-comunidades-indigenas-20251112.csv
Comunidad Indígena Lule Vilela La Florida (pueblo Lule Vilela),"Pellegrini, Santiago del Estero",,2023,http://datos.mininterior.gob.ar/dataset/6a702e6f-3292-44fe-804f-16b8dee008c1/resource/3c2137d5-46d3-40cf-9e01-ee406746b27a/download/listado-de-comunidades-indigenas-20251112.csv
Comunidad Lule Vilela La Soledad y Villa Estela (pueblo Lule Vilela),"Pellegrini, Santiago del Estero",,2007,http://datos.mininterior.gob.ar/dataset/6a702e6f-3292-44fe-804f-16b8dee008c1/resource/3c2137d5-46d3-40cf-9e01-ee406746b27a/download/listado-de-comunidades-indigenas-20251112.csv
Comunidad Lule Vilela Tusca Bajada (pueblo Lule Vilela),"Pellegrini, Santiago del Estero",,2005,http://datos.mininterior.gob.ar/dataset/6a702e6f-3292-44fe-804f-16b8dee008c1/resource/3c2137d5-46d3-40cf-9e01-ee406746b27a/download/listado-de-comunidades-indigenas-20251112.csv
Comunidad Ayllu Cacan La Esperanza (pueblo Diaguita/Cacano),"Río Hondo, Santiago del Estero",,2023,http://datos.mininterior.gob.ar/dataset/6a702e6f-3292-44fe-804f-16b8dee008c1/resource/3c2137d5-46d3-40cf-9e01-ee406746b27a/download/listado-de-comunidades-indigenas-20251112.csv
Comunidad Indígena Tonokote Asingasta (pueblo Tonokoté),"Salavina, Santiago del Estero",,2019,http://datos.mininterior.gob.ar/dataset/6a702e6f-3292-44fe-804f-16b8dee008c1/resource/3c2137d5-46d3-40cf-9e01-ee406746b27a/download/listado-de-comunidades-indigenas-20251112.csv
Comunidad Sacha Sinchy (pueblo Tonokoté),"Salavina, Santiago del Estero",,2023,http://datos.mininterior.gob.ar/dataset/6a702e6f-3292-44fe-804f-16b8dee008c1/resource/3c2137d5-46d3-40cf-9e01-ee406746b27a/download/listado-de-comunidades-indigenas-20251112.csv
Comunidad Aborigen de Cazadores Alazampa (pueblo Tonokoté),"San Martín, Santiago del Estero",,1999,http://datos.mininterior.gob.ar/dataset/6a702e6f-3292-44fe-804f-16b8dee008c1/resource/3c2137d5-46d3-40cf-9e01-ee406746b27a/download/listado-de-comunidades-indigenas-20251112.csv
Comunidad Aborigen de Tuamilla (pueblo Tonokoté),"San Martín, Santiago del Estero",,1999,http://datos.mininterior.gob.ar/dataset/6a702e6f-3292-44fe-804f-16b8dee008c1/resource/3c2137d5-46d3-40cf-9e01-ee406746b27a/download/listado-de-comunidades-indigenas-20251112.csv
Comunidad Indígena La Blanca (pueblo Tonokoté),"San Martín, Santiago del Estero",,1999,http://datos.mininterior.gob.ar/dataset/6a702e6f-3292-44fe-804f-16b8dee008c1/resource/3c2137d5-46d3-40cf-9e01-ee406746b27a/download/listado-de-comunidades-indigenas-20251112.csv
Comunidad Indígena Qaray Puka (pueblo Tonokoté),"San Martín, Santiago del Estero",,2008,http://datos.mininterior.gob.ar/dataset/6a702e6f-3292-44fe-804f-16b8dee008c1/resource/3c2137d5-46d3-40cf-9e01-ee406746b27a/download/listado-de-comunidades-indigenas-20251112.csv
Comunidad Indígena Tonokoté Pitambalá (pueblo Tonokoté),"San Martín, Santiago del Estero",,2009,http://datos.mininterior.gob.ar/dataset/6a702e6f-3292-44fe-804f-16b8dee008c1/resource/3c2137d5-46d3-40cf-9e01-ee406746b27a/download/listado-de-comunidades-indigenas-20251112.csv
Comunidad Indígena de Burro Pozo (pueblo Tonokoté),"San Martín, Santiago del Estero",,1999,http://datos.mininterior.gob.ar/dataset/6a702e6f-3292-44fe-804f-16b8dee008c1/resource/3c2137d5-46d3-40cf-9e01-ee406746b27a/download/listado-de-comunidades-indigenas-20251112.csv
Comunidad Indígena de Linton (pueblo Tonokoté),"San Martín, Santiago del Estero",,1999,http://datos.mininterior.gob.ar/dataset/6a702e6f-3292-44fe-804f-16b8dee008c1/resource/3c2137d5-46d3-40cf-9e01-ee406746b27a/download/listado-de-comunidades-indigenas-20251112.csv
Comunidad Indígena de Majada Sud (pueblo Tonokoté),"San Martín, Santiago del Estero",,1999,http://datos.mininterior.gob.ar/dataset/6a702e6f-3292-44fe-804f-16b8dee008c1/resource/3c2137d5-46d3-40cf-9e01-ee406746b27a/download/listado-de-comunidades-indigenas-20251112.csv
Comunidad Indígena de Pozo Mositoj (pueblo Tonokoté),"San Martín, Santiago del Estero",,1999,http://datos.mininterior.gob.ar/dataset/6a702e6f-3292-44fe-804f-16b8dee008c1/resource/3c2137d5-46d3-40cf-9e01-ee406746b27a/download/listado-de-comunidades-indigenas-20251112.csv
Comunidad Indígena de Tala Pocito (pueblo Tonokoté),"San Martín, Santiago del Estero",,1999,http://datos.mininterior.gob.ar/dataset/6a702e6f-3292-44fe-804f-16b8dee008c1/resource/3c2137d5-46d3-40cf-9e01-ee406746b27a/download/listado-de-comunidades-indigenas-20251112.csv
Ayllu Cacan Yanasus (pueblo Diaguita/Cacano),"Silípica, Santiago del Estero",,2023,http://datos.mininterior.gob.ar/dataset/6a702e6f-3292-44fe-804f-16b8dee008c1/resource/3c2137d5-46d3-40cf-9e01-ee406746b27a/download/listado-de-comunidades-indigenas-20251112.csv
Comunidad Ayllu Cacan Coro Pampa (pueblo Diaguita/Cacano),"Silípica, Santiago del Estero",,2023,http://datos.mininterior.gob.ar/dataset/6a702e6f-3292-44fe-804f-16b8dee008c1/resource/3c2137d5-46d3-40cf-9e01-ee406746b27a/download/listado-de-comunidades-indigenas-20251112.csv
Comunidad Ayllu Cacan Huachana (pueblo Diaguita/Cacano),"Silípica, Santiago del Estero",,2023,http://datos.mininterior.gob.ar/dataset/6a702e6f-3292-44fe-804f-16b8dee008c1/resource/3c2137d5-46d3-40cf-9e01-ee406746b27a/download/listado-de-comunidades-indigenas-20251112.csv
Comunidad Indígena Rafaela Ishton (pueblo Selk´Nam/Onas),"Río Grande, Tierra del Fuego",,1995,http://datos.mininterior.gob.ar/dataset/6a702e6f-3292-44fe-804f-16b8dee008c1/resource/3c2137d5-46d3-40cf-9e01-ee406746b27a/download/listado-de-comunidades-indigenas-20251112.csv
Comunidad Indígena Yagán Paiakoala (pueblo Yagán),"Ushuaia, Tierra del Fuego",,2021,http://datos.mininterior.gob.ar/dataset/6a702e6f-3292-44fe-804f-16b8dee008c1/resource/3c2137d5-46d3-40cf-9e01-ee406746b27a/download/listado-de-comunidades-indigenas-20251112.csv
Comunidad Indígena Solco Yampa (pueblo Diaguita),"Chicligasta, Tucumán",,2011,http://datos.mininterior.gob.ar/dataset/6a702e6f-3292-44fe-804f-16b8dee008c1/resource/3c2137d5-46d3-40cf-9e01-ee406746b27a/download/listado-de-comunidades-indigenas-20251112.csv
Comunidad Indígena El Nogalito (pueblo Lule),"Lules, Tucumán",,2003,http://datos.mininterior.gob.ar/dataset/6a702e6f-3292-44fe-804f-16b8dee008c1/resource/3c2137d5-46d3-40cf-9e01-ee406746b27a/download/listado-de-comunidades-indigenas-20251112.csv
Comunidad Indígena Diaguita Calchaqui Chasquivil (pueblo Diaguita Calchaquí),"Tafí Viejo, Tucumán",,2003,http://datos.mininterior.gob.ar/dataset/6a702e6f-3292-44fe-804f-16b8dee008c1/resource/3c2137d5-46d3-40cf-9e01-ee406746b27a/download/listado-de-comunidades-indigenas-20251112.csv
Comunidad Indígena Diaguita Los Siambones (pueblo Diaguita Calchaquí),"Tafí Viejo, Tucumán",,2017,http://datos.mininterior.gob.ar/dataset/6a702e6f-3292-44fe-804f-16b8dee008c1/resource/3c2137d5-46d3-40cf-9e01-ee406746b27a/download/listado-de-comunidades-indigenas-20251112.csv
Comunidad Indígena Diaguita de Amfama (pueblo Diaguita),"Tafí Viejo, Tucumán",,2008,http://datos.mininterior.gob.ar/dataset/6a702e6f-3292-44fe-804f-16b8dee008c1/resource/3c2137d5-46d3-40cf-9e01-ee406746b27a/download/listado-de-comunidades-indigenas-20251112.csv
Comunidad India Quilmes (pueblo Diaguita Calchaquí),"Tafí del Valle, Tucumán",,2001,http://datos.mininterior.gob.ar/dataset/6a702e6f-3292-44fe-804f-16b8dee008c1/resource/3c2137d5-46d3-40cf-9e01-ee406746b27a/download/listado-de-comunidades-indigenas-20251112.csv
Comunidad Indígena Diaguita El Mollar (pueblo Diaguita Calchaquí),"Tafí del Valle, Tucumán",,2006,http://datos.mininterior.gob.ar/dataset/6a702e6f-3292-44fe-804f-16b8dee008c1/resource/3c2137d5-46d3-40cf-9e01-ee406746b27a/download/listado-de-comunidades-indigenas-20251112.csv
Comunidad Indígena Diaguita de Mala Mala (pueblo Diaguita),"Tafí del Valle, Tucumán",,2009,http://datos.mininterior.gob.ar/dataset/6a702e6f-3292-44fe-804f-16b8dee008c1/resource/3c2137d5-46d3-40cf-9e01-ee406746b27a/download/listado-de-comunidades-indigenas-20251112.csv
Comunidad Indígena La Angostura (pueblo Diaguita Calchaquí),"Tafí del Valle, Tucumán",,2004,http://datos.mininterior.gob.ar/dataset/6a702e6f-3292-44fe-804f-16b8dee008c1/resource/3c2137d5-46d3-40cf-9e01-ee406746b27a/download/listado-de-comunidades-indigenas-20251112.csv
Comunidad Indígena de Amaicha del Valle (pueblo Diaguita Calchaquí),"Tafí del Valle, Tucumán",,1997,http://datos.mininterior.gob.ar/dataset/6a702e6f-3292-44fe-804f-16b8dee008c1/resource/3c2137d5-46d3-40cf-9e01-ee406746b27a/download/listado-de-comunidades-indigenas-20251112.csv
Comunidad Indígena de Casas Viejas (pueblo Diaguita Calchaquí),"Tafí del Valle, Tucumán",,2005,http://datos.mininterior.gob.ar/dataset/6a702e6f-3292-44fe-804f-16b8dee008c1/resource/3c2137d5-46d3-40cf-9e01-ee406746b27a/download/listado-de-comunidades-indigenas-20251112.csv
Comunidad Indígena del Pueblo Diaguita Kalchakí Ayllú El Rincón (pueblo Diaguita Calchaquí),"Tafí del Valle, Tucumán",,2003,http://datos.mininterior.gob.ar/dataset/6a702e6f-3292-44fe-804f-16b8dee008c1/resource/3c2137d5-46d3-40cf-9e01-ee406746b27a/download/listado-de-comunidades-indigenas-20251112.csv
Comunidad Indígena del Pueblo Diaguita del Valle de Tafí (pueblo Diaguita),"Tafí del Valle, Tucumán",,2006,http://datos.mininterior.gob.ar/dataset/6a702e6f-3292-44fe-804f-16b8dee008c1/resource/3c2137d5-46d3-40cf-9e01-ee406746b27a/download/listado-de-comunidades-indigenas-20251112.csv
Comunidad Indio Colalao (pueblo Diaguita),"Trancas, Tucumán",,2011,http://datos.mininterior.gob.ar/dataset/6a702e6f-3292-44fe-804f-16b8dee008c1/resource/3c2137d5-46d3-40cf-9e01-ee406746b27a/download/listado-de-comunidades-indigenas-20251112.csv
Comunidad Indígena Diaguita Calchaqui Potrero Rodeo Grande (pueblo Diaguita Calchaquí),"Trancas, Tucumán",,2003,http://datos.mininterior.gob.ar/dataset/6a702e6f-3292-44fe-804f-16b8dee008c1/resource/3c2137d5-46d3-40cf-9e01-ee406746b27a/download/listado-de-comunidades-indigenas-20251112.csv
Comunidad Indígena Los Chuschagasta (pueblo Diaguita),"Trancas, Tucumán",,2002,http://datos.mininterior.gob.ar/dataset/6a702e6f-3292-44fe-804f-16b8dee008c1/resource/3c2137d5-46d3-40cf-9e01-ee406746b27a/download/listado-de-comunidades-indigenas-20251112.csv
Comunidad Indígena del Pueblo de Tolombón (pueblo Diaguita),"Trancas, Tucumán",,2001,http://datos.mininterior.gob.ar/dataset/6a702e6f-3292-44fe-804f-16b8dee008c1/resource/3c2137d5-46d3-40cf-9e01-ee406746b27a/download/listado-de-comunidades-indigenas-20251112.csv
