nom,subdivision,surface_km2,annee,source_url
Kalianget,"Kecamatan Seririt, Kabupaten Buleleng",,2019,https://cloud-ng.baliprov.go.id/dpma/2022/02/PERDA-NOMOR-4-TAHUN-2019-TTG-DESA-ADAT-DI-BALI.pdf
Joanyar Kajanan,"Kecamatan Seririt, Kabupaten Buleleng",,2019,https://cloud-ng.baliprov.go.id/dpma/2022/02/PERDA-NOMOR-4-TAHUN-2019-TTG-DESA-ADAT-DI-BALI.pdf
Joanyar Kelodan,"Kecamatan Seririt, Kabupaten Buleleng",,2019,https://cloud-ng.baliprov.go.id/dpma/2022/02/PERDA-NOMOR-4-TAHUN-2019-TTG-DESA-ADAT-DI-BALI.pdf
Tangguwisia,"Kecamatan Seririt, Kabupaten Buleleng",,2019,https://cloud-ng.baliprov.go.id/dpma/2022/02/PERDA-NOMOR-4-TAHUN-2019-TTG-DESA-ADAT-DI-BALI.pdf
Sulanyah,"Kecamatan Seririt, Kabupaten Buleleng",,2019,https://cloud-ng.baliprov.go.id/dpma/2022/02/PERDA-NOMOR-4-TAHUN-2019-TTG-DESA-ADAT-DI-BALI.pdf
Bubunan,"Kecamatan Seririt, Kabupaten Buleleng",,2019,https://cloud-ng.baliprov.go.id/dpma/2022/02/PERDA-NOMOR-4-TAHUN-2019-TTG-DESA-ADAT-DI-BALI.pdf
Ringdikit,"Kecamatan Seririt, Kabupaten Buleleng",,2019,https://cloud-ng.baliprov.go.id/dpma/2022/02/PERDA-NOMOR-4-TAHUN-2019-TTG-DESA-ADAT-DI-BALI.pdf
Rangdu,"Kecamatan Seririt, Kabupaten Buleleng",,2019,https://cloud-ng.baliprov.go.id/dpma/2022/02/PERDA-NOMOR-4-TAHUN-2019-TTG-DESA-ADAT-DI-BALI.pdf
Mayong,"Kecamatan Seririt, Kabupaten Buleleng",,2019,https://cloud-ng.baliprov.go.id/dpma/2022/02/PERDA-NOMOR-4-TAHUN-2019-TTG-DESA-ADAT-DI-BALI.pdf
Tunju,"Kecamatan Seririt, Kabupaten Buleleng",,2019,https://cloud-ng.baliprov.go.id/dpma/2022/02/PERDA-NOMOR-4-TAHUN-2019-TTG-DESA-ADAT-DI-BALI.pdf
Bestala,"Kecamatan Seririt, Kabupaten Buleleng",,2019,https://cloud-ng.baliprov.go.id/dpma/2022/02/PERDA-NOMOR-4-TAHUN-2019-TTG-DESA-ADAT-DI-BALI.pdf
Munduk Bestala,"Kecamatan Seririt, Kabupaten Buleleng",,2019,https://cloud-ng.baliprov.go.id/dpma/2022/02/PERDA-NOMOR-4-TAHUN-2019-TTG-DESA-ADAT-DI-BALI.pdf
Patemon,"Kecamatan Seririt, Kabupaten Buleleng",,2019,https://cloud-ng.baliprov.go.id/dpma/2022/02/PERDA-NOMOR-4-TAHUN-2019-TTG-DESA-ADAT-DI-BALI.pdf
Lokapaksa,"Kecamatan Seririt, Kabupaten Buleleng",,2019,https://cloud-ng.baliprov.go.id/dpma/2022/02/PERDA-NOMOR-4-TAHUN-2019-TTG-DESA-ADAT-DI-BALI.pdf
Ularan,"Kecamatan Seririt, Kabupaten Buleleng",,2019,https://cloud-ng.baliprov.go.id/dpma/2022/02/PERDA-NOMOR-4-TAHUN-2019-TTG-DESA-ADAT-DI-BALI.pdf
Unggahan,"Kecamatan Seririt, Kabupaten Buleleng",,2019,https://cloud-ng.baliprov.go.id/dpma/2022/02/PERDA-NOMOR-4-TAHUN-2019-TTG-DESA-ADAT-DI-BALI.pdf
Umeanyar,"Kecamatan Seririt, Kabupaten Buleleng",,2019,https://cloud-ng.baliprov.go.id/dpma/2022/02/PERDA-NOMOR-4-TAHUN-2019-TTG-DESA-ADAT-DI-BALI.pdf
Banjarasem,"Kecamatan Seririt, Kabupaten Buleleng",,2019,https://cloud-ng.baliprov.go.id/dpma/2022/02/PERDA-NOMOR-4-TAHUN-2019-TTG-DESA-ADAT-DI-BALI.pdf
Yehanakan,"Kecamatan Seririt, Kabupaten Buleleng",,2019,https://cloud-ng.baliprov.go.id/dpma/2022/02/PERDA-NOMOR-4-TAHUN-2019-TTG-DESA-ADAT-DI-BALI.pdf
Kalanganyar,"Kecamatan Seririt, Kabupaten Buleleng",,2019,https://cloud-ng.baliprov.go.id/dpma/2022/02/PERDA-NOMOR-4-TAHUN-2019-TTG-DESA-ADAT-DI-BALI.pdf
Kalisada,"Kecamatan Seririt, Kabupaten Buleleng",,2019,https://cloud-ng.baliprov.go.id/dpma/2022/02/PERDA-NOMOR-4-TAHUN-2019-TTG-DESA-ADAT-DI-BALI.pdf
Tegallenga,"Kecamatan Seririt, Kabupaten Buleleng",,2019,https://cloud-ng.baliprov.go.id/dpma/2022/02/PERDA-NOMOR-4-TAHUN-2019-TTG-DESA-ADAT-DI-BALI.pdf
Pangkungparuk,"Kecamatan Seririt, Kabupaten Buleleng",,2019,https://cloud-ng.baliprov.go.id/dpma/2022/02/PERDA-NOMOR-4-TAHUN-2019-TTG-DESA-ADAT-DI-BALI.pdf
Pengastulan,"Kecamatan Seririt, Kabupaten Buleleng",,2019,https://cloud-ng.baliprov.go.id/dpma/2022/02/PERDA-NOMOR-4-TAHUN-2019-TTG-DESA-ADAT-DI-BALI.pdf
Seririt,"Kecamatan Seririt, Kabupaten Buleleng",,2019,https://cloud-ng.baliprov.go.id/dpma/2022/02/PERDA-NOMOR-4-TAHUN-2019-TTG-DESA-ADAT-DI-BALI.pdf
Kalibukbuk,"Kecamatan Buleleng, Kabupaten Buleleng",,2019,https://cloud-ng.baliprov.go.id/dpma/2022/02/PERDA-NOMOR-4-TAHUN-2019-TTG-DESA-ADAT-DI-BALI.pdf
Banyualit,"Kecamatan Buleleng, Kabupaten Buleleng",,2019,https://cloud-ng.baliprov.go.id/dpma/2022/02/PERDA-NOMOR-4-TAHUN-2019-TTG-DESA-ADAT-DI-BALI.pdf
Anturan,"Kecamatan Buleleng, Kabupaten Buleleng",,2019,https://cloud-ng.baliprov.go.id/dpma/2022/02/PERDA-NOMOR-4-TAHUN-2019-TTG-DESA-ADAT-DI-BALI.pdf
Dharmajati Tukadmungga,"Kecamatan Buleleng, Kabupaten Buleleng",,2019,https://cloud-ng.baliprov.go.id/dpma/2022/02/PERDA-NOMOR-4-TAHUN-2019-TTG-DESA-ADAT-DI-BALI.pdf
Pemaron,"Kecamatan Buleleng, Kabupaten Buleleng",,2019,https://cloud-ng.baliprov.go.id/dpma/2022/02/PERDA-NOMOR-4-TAHUN-2019-TTG-DESA-ADAT-DI-BALI.pdf
Tista,"Kecamatan Buleleng, Kabupaten Buleleng",,2019,https://cloud-ng.baliprov.go.id/dpma/2022/02/PERDA-NOMOR-4-TAHUN-2019-TTG-DESA-ADAT-DI-BALI.pdf
Bangkang,"Kecamatan Buleleng, Kabupaten Buleleng",,2019,https://cloud-ng.baliprov.go.id/dpma/2022/02/PERDA-NOMOR-4-TAHUN-2019-TTG-DESA-ADAT-DI-BALI.pdf
Galiran,"Kecamatan Buleleng, Kabupaten Buleleng",,2019,https://cloud-ng.baliprov.go.id/dpma/2022/02/PERDA-NOMOR-4-TAHUN-2019-TTG-DESA-ADAT-DI-BALI.pdf
Runuh,"Kecamatan Buleleng, Kabupaten Buleleng",,2019,https://cloud-ng.baliprov.go.id/dpma/2022/02/PERDA-NOMOR-4-TAHUN-2019-TTG-DESA-ADAT-DI-BALI.pdf
Nagesepeha,"Kecamatan Buleleng, Kabupaten Buleleng",,2019,https://cloud-ng.baliprov.go.id/dpma/2022/02/PERDA-NOMOR-4-TAHUN-2019-TTG-DESA-ADAT-DI-BALI.pdf
Petandakan,"Kecamatan Buleleng, Kabupaten Buleleng",,2019,https://cloud-ng.baliprov.go.id/dpma/2022/02/PERDA-NOMOR-4-TAHUN-2019-TTG-DESA-ADAT-DI-BALI.pdf
Penglatan,"Kecamatan Buleleng, Kabupaten Buleleng",,2019,https://cloud-ng.baliprov.go.id/dpma/2022/02/PERDA-NOMOR-4-TAHUN-2019-TTG-DESA-ADAT-DI-BALI.pdf
Alapsari,"Kecamatan Buleleng, Kabupaten Buleleng",,2019,https://cloud-ng.baliprov.go.id/dpma/2022/02/PERDA-NOMOR-4-TAHUN-2019-TTG-DESA-ADAT-DI-BALI.pdf
Bale Agung Tenaon,"Kecamatan Buleleng, Kabupaten Buleleng",,2019,https://cloud-ng.baliprov.go.id/dpma/2022/02/PERDA-NOMOR-4-TAHUN-2019-TTG-DESA-ADAT-DI-BALI.pdf
Poh Bergong,"Kecamatan Buleleng, Kabupaten Buleleng",,2019,https://cloud-ng.baliprov.go.id/dpma/2022/02/PERDA-NOMOR-4-TAHUN-2019-TTG-DESA-ADAT-DI-BALI.pdf
Beratan Samayaji,"Kecamatan Buleleng, Kabupaten Buleleng",,2019,https://cloud-ng.baliprov.go.id/dpma/2022/02/PERDA-NOMOR-4-TAHUN-2019-TTG-DESA-ADAT-DI-BALI.pdf
Banyuning,"Kecamatan Buleleng, Kabupaten Buleleng",,2019,https://cloud-ng.baliprov.go.id/dpma/2022/02/PERDA-NOMOR-4-TAHUN-2019-TTG-DESA-ADAT-DI-BALI.pdf
Padangkeling,"Kecamatan Buleleng, Kabupaten Buleleng",,2019,https://cloud-ng.baliprov.go.id/dpma/2022/02/PERDA-NOMOR-4-TAHUN-2019-TTG-DESA-ADAT-DI-BALI.pdf
Banyuasri,"Kecamatan Buleleng, Kabupaten Buleleng",,2019,https://cloud-ng.baliprov.go.id/dpma/2022/02/PERDA-NOMOR-4-TAHUN-2019-TTG-DESA-ADAT-DI-BALI.pdf
Buleleng,"Kecamatan Buleleng, Kabupaten Buleleng",,2019,https://cloud-ng.baliprov.go.id/dpma/2022/02/PERDA-NOMOR-4-TAHUN-2019-TTG-DESA-ADAT-DI-BALI.pdf
Penarukan,"Kecamatan Buleleng, Kabupaten Buleleng",,2019,https://cloud-ng.baliprov.go.id/dpma/2022/02/PERDA-NOMOR-4-TAHUN-2019-TTG-DESA-ADAT-DI-BALI.pdf
Panji,"Kecamatan Sukasada, Kabupaten Buleleng",,2019,https://cloud-ng.baliprov.go.id/dpma/2022/02/PERDA-NOMOR-4-TAHUN-2019-TTG-DESA-ADAT-DI-BALI.pdf
Silangjana,"Kecamatan Sukasada, Kabupaten Buleleng",,2019,https://cloud-ng.baliprov.go.id/dpma/2022/02/PERDA-NOMOR-4-TAHUN-2019-TTG-DESA-ADAT-DI-BALI.pdf
Gunung Luwih,"Kecamatan Sukasada, Kabupaten Buleleng",,2019,https://cloud-ng.baliprov.go.id/dpma/2022/02/PERDA-NOMOR-4-TAHUN-2019-TTG-DESA-ADAT-DI-BALI.pdf
Pumahan,"Kecamatan Sukasada, Kabupaten Buleleng",,2019,https://cloud-ng.baliprov.go.id/dpma/2022/02/PERDA-NOMOR-4-TAHUN-2019-TTG-DESA-ADAT-DI-BALI.pdf
Pancasari,"Kecamatan Sukasada, Kabupaten Buleleng",,2019,https://cloud-ng.baliprov.go.id/dpma/2022/02/PERDA-NOMOR-4-TAHUN-2019-TTG-DESA-ADAT-DI-BALI.pdf
Wanagiri,"Kecamatan Sukasada, Kabupaten Buleleng",,2019,https://cloud-ng.baliprov.go.id/dpma/2022/02/PERDA-NOMOR-4-TAHUN-2019-TTG-DESA-ADAT-DI-BALI.pdf
Sambangan,"Kecamatan Sukasada, Kabupaten Buleleng",,2019,https://cloud-ng.baliprov.go.id/dpma/2022/02/PERDA-NOMOR-4-TAHUN-2019-TTG-DESA-ADAT-DI-BALI.pdf
Selat Pandan Banten,"Kecamatan Sukasada, Kabupaten Buleleng",,2019,https://cloud-ng.baliprov.go.id/dpma/2022/02/PERDA-NOMOR-4-TAHUN-2019-TTG-DESA-ADAT-DI-BALI.pdf
Kayuputih,"Kecamatan Sukasada, Kabupaten Buleleng",,2019,https://cloud-ng.baliprov.go.id/dpma/2022/02/PERDA-NOMOR-4-TAHUN-2019-TTG-DESA-ADAT-DI-BALI.pdf
Sinalud,"Kecamatan Sukasada, Kabupaten Buleleng",,2019,https://cloud-ng.baliprov.go.id/dpma/2022/02/PERDA-NOMOR-4-TAHUN-2019-TTG-DESA-ADAT-DI-BALI.pdf
Pegadungan,"Kecamatan Sukasada, Kabupaten Buleleng",,2019,https://cloud-ng.baliprov.go.id/dpma/2022/02/PERDA-NOMOR-4-TAHUN-2019-TTG-DESA-ADAT-DI-BALI.pdf
Pasut Katiasa,"Kecamatan Sukasada, Kabupaten Buleleng",,2019,https://cloud-ng.baliprov.go.id/dpma/2022/02/PERDA-NOMOR-4-TAHUN-2019-TTG-DESA-ADAT-DI-BALI.pdf
Batu Dingding,"Kecamatan Sukasada, Kabupaten Buleleng",,2019,https://cloud-ng.baliprov.go.id/dpma/2022/02/PERDA-NOMOR-4-TAHUN-2019-TTG-DESA-ADAT-DI-BALI.pdf
Amerta Sari,"Kecamatan Sukasada, Kabupaten Buleleng",,2019,https://cloud-ng.baliprov.go.id/dpma/2022/02/PERDA-NOMOR-4-TAHUN-2019-TTG-DESA-ADAT-DI-BALI.pdf
Padangbulia,"Kecamatan Sukasada, Kabupaten Buleleng",,2019,https://cloud-ng.baliprov.go.id/dpma/2022/02/PERDA-NOMOR-4-TAHUN-2019-TTG-DESA-ADAT-DI-BALI.pdf
Ambengan,"Kecamatan Sukasada, Kabupaten Buleleng",,2019,https://cloud-ng.baliprov.go.id/dpma/2022/02/PERDA-NOMOR-4-TAHUN-2019-TTG-DESA-ADAT-DI-BALI.pdf
Munduk Kunci,"Kecamatan Sukasada, Kabupaten Buleleng",,2019,https://cloud-ng.baliprov.go.id/dpma/2022/02/PERDA-NOMOR-4-TAHUN-2019-TTG-DESA-ADAT-DI-BALI.pdf
Mujung Sari Kerthi,"Kecamatan Sukasada, Kabupaten Buleleng",,2019,https://cloud-ng.baliprov.go.id/dpma/2022/02/PERDA-NOMOR-4-TAHUN-2019-TTG-DESA-ADAT-DI-BALI.pdf
Sukasada,"Kecamatan Sukasada, Kabupaten Buleleng",,2019,https://cloud-ng.baliprov.go.id/dpma/2022/02/PERDA-NOMOR-4-TAHUN-2019-TTG-DESA-ADAT-DI-BALI.pdf
Lumbanan,"Kecamatan Sukasada, Kabupaten Buleleng",,2019,https://cloud-ng.baliprov.go.id/dpma/2022/02/PERDA-NOMOR-4-TAHUN-2019-TTG-DESA-ADAT-DI-BALI.pdf
Sangket,"Kecamatan Sukasada, Kabupaten Buleleng",,2019,https://cloud-ng.baliprov.go.id/dpma/2022/02/PERDA-NOMOR-4-TAHUN-2019-TTG-DESA-ADAT-DI-BALI.pdf
Tukad Sumaga,"Kecamatan Gerokgak, Kabupaten Buleleng",,2019,https://cloud-ng.baliprov.go.id/dpma/2022/02/PERDA-NOMOR-4-TAHUN-2019-TTG-DESA-ADAT-DI-BALI.pdf
Celukan Bawang,"Kecamatan Gerokgak, Kabupaten Buleleng",,2019,https://cloud-ng.baliprov.go.id/dpma/2022/02/PERDA-NOMOR-4-TAHUN-2019-TTG-DESA-ADAT-DI-BALI.pdf
Tinga-tinga,"Kecamatan Gerokgak, Kabupaten Buleleng",,2019,https://cloud-ng.baliprov.go.id/dpma/2022/02/PERDA-NOMOR-4-TAHUN-2019-TTG-DESA-ADAT-DI-BALI.pdf
Pengulon,"Kecamatan Gerokgak, Kabupaten Buleleng",,2019,https://cloud-ng.baliprov.go.id/dpma/2022/02/PERDA-NOMOR-4-TAHUN-2019-TTG-DESA-ADAT-DI-BALI.pdf
Patas,"Kecamatan Gerokgak, Kabupaten Buleleng",,2019,https://cloud-ng.baliprov.go.id/dpma/2022/02/PERDA-NOMOR-4-TAHUN-2019-TTG-DESA-ADAT-DI-BALI.pdf
Gerokgak,"Kecamatan Gerokgak, Kabupaten Buleleng",,2019,https://cloud-ng.baliprov.go.id/dpma/2022/02/PERDA-NOMOR-4-TAHUN-2019-TTG-DESA-ADAT-DI-BALI.pdf
Sanggalangit,"Kecamatan Gerokgak, Kabupaten Buleleng",,2019,https://cloud-ng.baliprov.go.id/dpma/2022/02/PERDA-NOMOR-4-TAHUN-2019-TTG-DESA-ADAT-DI-BALI.pdf
Musi,"Kecamatan Gerokgak, Kabupaten Buleleng",,2019,https://cloud-ng.baliprov.go.id/dpma/2022/02/PERDA-NOMOR-4-TAHUN-2019-TTG-DESA-ADAT-DI-BALI.pdf
Penyabangan,"Kecamatan Gerokgak, Kabupaten Buleleng",,2019,https://cloud-ng.baliprov.go.id/dpma/2022/02/PERDA-NOMOR-4-TAHUN-2019-TTG-DESA-ADAT-DI-BALI.pdf
Banyupoh,"Kecamatan Gerokgak, Kabupaten Buleleng",,2019,https://cloud-ng.baliprov.go.id/dpma/2022/02/PERDA-NOMOR-4-TAHUN-2019-TTG-DESA-ADAT-DI-BALI.pdf
Pemuteran,"Kecamatan Gerokgak, Kabupaten Buleleng",,2019,https://cloud-ng.baliprov.go.id/dpma/2022/02/PERDA-NOMOR-4-TAHUN-2019-TTG-DESA-ADAT-DI-BALI.pdf
Sumberkima,"Kecamatan Gerokgak, Kabupaten Buleleng",,2019,https://cloud-ng.baliprov.go.id/dpma/2022/02/PERDA-NOMOR-4-TAHUN-2019-TTG-DESA-ADAT-DI-BALI.pdf
Pejarakan,"Kecamatan Gerokgak, Kabupaten Buleleng",,2019,https://cloud-ng.baliprov.go.id/dpma/2022/02/PERDA-NOMOR-4-TAHUN-2019-TTG-DESA-ADAT-DI-BALI.pdf
Sumberklampok,"Kecamatan Gerokgak, Kabupaten Buleleng",,2019,https://cloud-ng.baliprov.go.id/dpma/2022/02/PERDA-NOMOR-4-TAHUN-2019-TTG-DESA-ADAT-DI-BALI.pdf
Busungbiu,"Kecamatan Busungbiu, Kabupaten Buleleng",,2019,https://cloud-ng.baliprov.go.id/dpma/2022/02/PERDA-NOMOR-4-TAHUN-2019-TTG-DESA-ADAT-DI-BALI.pdf
Kekeran,"Kecamatan Busungbiu, Kabupaten Buleleng",,2019,https://cloud-ng.baliprov.go.id/dpma/2022/02/PERDA-NOMOR-4-TAHUN-2019-TTG-DESA-ADAT-DI-BALI.pdf
Pelapuan,"Kecamatan Busungbiu, Kabupaten Buleleng",,2019,https://cloud-ng.baliprov.go.id/dpma/2022/02/PERDA-NOMOR-4-TAHUN-2019-TTG-DESA-ADAT-DI-BALI.pdf
Bengkel,"Kecamatan Busungbiu, Kabupaten Buleleng",,2019,https://cloud-ng.baliprov.go.id/dpma/2022/02/PERDA-NOMOR-4-TAHUN-2019-TTG-DESA-ADAT-DI-BALI.pdf
Umejero,"Kecamatan Busungbiu, Kabupaten Buleleng",,2019,https://cloud-ng.baliprov.go.id/dpma/2022/02/PERDA-NOMOR-4-TAHUN-2019-TTG-DESA-ADAT-DI-BALI.pdf
Kedis,"Kecamatan Busungbiu, Kabupaten Buleleng",,2019,https://cloud-ng.baliprov.go.id/dpma/2022/02/PERDA-NOMOR-4-TAHUN-2019-TTG-DESA-ADAT-DI-BALI.pdf
Subuk,"Kecamatan Busungbiu, Kabupaten Buleleng",,2019,https://cloud-ng.baliprov.go.id/dpma/2022/02/PERDA-NOMOR-4-TAHUN-2019-TTG-DESA-ADAT-DI-BALI.pdf
Tinggasari,"Kecamatan Busungbiu, Kabupaten Buleleng",,2019,https://cloud-ng.baliprov.go.id/dpma/2022/02/PERDA-NOMOR-4-TAHUN-2019-TTG-DESA-ADAT-DI-BALI.pdf
Titab,"Kecamatan Busungbiu, Kabupaten Buleleng",,2019,https://cloud-ng.baliprov.go.id/dpma/2022/02/PERDA-NOMOR-4-TAHUN-2019-TTG-DESA-ADAT-DI-BALI.pdf
Telaga,"Kecamatan Busungbiu, Kabupaten Buleleng",,2019,https://cloud-ng.baliprov.go.id/dpma/2022/02/PERDA-NOMOR-4-TAHUN-2019-TTG-DESA-ADAT-DI-BALI.pdf
Bongancina,"Kecamatan Busungbiu, Kabupaten Buleleng",,2019,https://cloud-ng.baliprov.go.id/dpma/2022/02/PERDA-NOMOR-4-TAHUN-2019-TTG-DESA-ADAT-DI-BALI.pdf
Pucaksari,"Kecamatan Busungbiu, Kabupaten Buleleng",,2019,https://cloud-ng.baliprov.go.id/dpma/2022/02/PERDA-NOMOR-4-TAHUN-2019-TTG-DESA-ADAT-DI-BALI.pdf
Tista,"Kecamatan Busungbiu, Kabupaten Buleleng",,2019,https://cloud-ng.baliprov.go.id/dpma/2022/02/PERDA-NOMOR-4-TAHUN-2019-TTG-DESA-ADAT-DI-BALI.pdf
Munduk Mengenu,"Kecamatan Busungbiu, Kabupaten Buleleng",,2019,https://cloud-ng.baliprov.go.id/dpma/2022/02/PERDA-NOMOR-4-TAHUN-2019-TTG-DESA-ADAT-DI-BALI.pdf
Munduk Tengah,"Kecamatan Busungbiu, Kabupaten Buleleng",,2019,https://cloud-ng.baliprov.go.id/dpma/2022/02/PERDA-NOMOR-4-TAHUN-2019-TTG-DESA-ADAT-DI-BALI.pdf
Sepang,"Kecamatan Busungbiu, Kabupaten Buleleng",,2019,https://cloud-ng.baliprov.go.id/dpma/2022/02/PERDA-NOMOR-4-TAHUN-2019-TTG-DESA-ADAT-DI-BALI.pdf
Banjar,"Kecamatan Banjar, Kabupaten Buleleng",,2019,https://cloud-ng.baliprov.go.id/dpma/2022/02/PERDA-NOMOR-4-TAHUN-2019-TTG-DESA-ADAT-DI-BALI.pdf
Pedawa,"Kecamatan Banjar, Kabupaten Buleleng",,2019,https://cloud-ng.baliprov.go.id/dpma/2022/02/PERDA-NOMOR-4-TAHUN-2019-TTG-DESA-ADAT-DI-BALI.pdf
Banjar Tegeha,"Kecamatan Banjar, Kabupaten Buleleng",,2019,https://cloud-ng.baliprov.go.id/dpma/2022/02/PERDA-NOMOR-4-TAHUN-2019-TTG-DESA-ADAT-DI-BALI.pdf
Dencarik,"Kecamatan Banjar, Kabupaten Buleleng",,2019,https://cloud-ng.baliprov.go.id/dpma/2022/02/PERDA-NOMOR-4-TAHUN-2019-TTG-DESA-ADAT-DI-BALI.pdf
Kaliasem,"Kecamatan Banjar, Kabupaten Buleleng",,2019,https://cloud-ng.baliprov.go.id/dpma/2022/02/PERDA-NOMOR-4-TAHUN-2019-TTG-DESA-ADAT-DI-BALI.pdf
Tigawasa,"Kecamatan Banjar, Kabupaten Buleleng",,2019,https://cloud-ng.baliprov.go.id/dpma/2022/02/PERDA-NOMOR-4-TAHUN-2019-TTG-DESA-ADAT-DI-BALI.pdf
Temukus,"Kecamatan Banjar, Kabupaten Buleleng",,2019,https://cloud-ng.baliprov.go.id/dpma/2022/02/PERDA-NOMOR-4-TAHUN-2019-TTG-DESA-ADAT-DI-BALI.pdf
Cempaga,"Kecamatan Banjar, Kabupaten Buleleng",,2019,https://cloud-ng.baliprov.go.id/dpma/2022/02/PERDA-NOMOR-4-TAHUN-2019-TTG-DESA-ADAT-DI-BALI.pdf
Sidetapa,"Kecamatan Banjar, Kabupaten Buleleng",,2019,https://cloud-ng.baliprov.go.id/dpma/2022/02/PERDA-NOMOR-4-TAHUN-2019-TTG-DESA-ADAT-DI-BALI.pdf
Tampekan,"Kecamatan Banjar, Kabupaten Buleleng",,2019,https://cloud-ng.baliprov.go.id/dpma/2022/02/PERDA-NOMOR-4-TAHUN-2019-TTG-DESA-ADAT-DI-BALI.pdf
Banyuseri,"Kecamatan Banjar, Kabupaten Buleleng",,2019,https://cloud-ng.baliprov.go.id/dpma/2022/02/PERDA-NOMOR-4-TAHUN-2019-TTG-DESA-ADAT-DI-BALI.pdf
Tirtasari,"Kecamatan Banjar, Kabupaten Buleleng",,2019,https://cloud-ng.baliprov.go.id/dpma/2022/02/PERDA-NOMOR-4-TAHUN-2019-TTG-DESA-ADAT-DI-BALI.pdf
Kayuputih,"Kecamatan Banjar, Kabupaten Buleleng",,2019,https://cloud-ng.baliprov.go.id/dpma/2022/02/PERDA-NOMOR-4-TAHUN-2019-TTG-DESA-ADAT-DI-BALI.pdf
Banyuatis,"Kecamatan Banjar, Kabupaten Buleleng",,2019,https://cloud-ng.baliprov.go.id/dpma/2022/02/PERDA-NOMOR-4-TAHUN-2019-TTG-DESA-ADAT-DI-BALI.pdf
Gobleg,"Kecamatan Banjar, Kabupaten Buleleng",,2019,https://cloud-ng.baliprov.go.id/dpma/2022/02/PERDA-NOMOR-4-TAHUN-2019-TTG-DESA-ADAT-DI-BALI.pdf
Gesing,"Kecamatan Banjar, Kabupaten Buleleng",,2019,https://cloud-ng.baliprov.go.id/dpma/2022/02/PERDA-NOMOR-4-TAHUN-2019-TTG-DESA-ADAT-DI-BALI.pdf
Munduk,"Kecamatan Banjar, Kabupaten Buleleng",,2019,https://cloud-ng.baliprov.go.id/dpma/2022/02/PERDA-NOMOR-4-TAHUN-2019-TTG-DESA-ADAT-DI-BALI.pdf
Tamblingan,"Kecamatan Banjar, Kabupaten Buleleng",,2019,https://cloud-ng.baliprov.go.id/dpma/2022/02/PERDA-NOMOR-4-TAHUN-2019-TTG-DESA-ADAT-DI-BALI.pdf
Bukti,"Kecamatan Kubutambahan, Kabupaten Buleleng",,2019,https://cloud-ng.baliprov.go.id/dpma/2022/02/PERDA-NOMOR-4-TAHUN-2019-TTG-DESA-ADAT-DI-BALI.pdf
Yeh Sanih,"Kecamatan Kubutambahan, Kabupaten Buleleng",,2019,https://cloud-ng.baliprov.go.id/dpma/2022/02/PERDA-NOMOR-4-TAHUN-2019-TTG-DESA-ADAT-DI-BALI.pdf
Kubutambahan,"Kecamatan Kubutambahan, Kabupaten Buleleng",,2019,https://cloud-ng.baliprov.go.id/dpma/2022/02/PERDA-NOMOR-4-TAHUN-2019-TTG-DESA-ADAT-DI-BALI.pdf
Bengkala,"Kecamatan Kubutambahan, Kabupaten Buleleng",,2019,https://cloud-ng.baliprov.go.id/dpma/2022/02/PERDA-NOMOR-4-TAHUN-2019-TTG-DESA-ADAT-DI-BALI.pdf
Bila Bajang,"Kecamatan Kubutambahan, Kabupaten Buleleng",,2019,https://cloud-ng.baliprov.go.id/dpma/2022/02/PERDA-NOMOR-4-TAHUN-2019-TTG-DESA-ADAT-DI-BALI.pdf
Bila Tua,"Kecamatan Kubutambahan, Kabupaten Buleleng",,2019,https://cloud-ng.baliprov.go.id/dpma/2022/02/PERDA-NOMOR-4-TAHUN-2019-TTG-DESA-ADAT-DI-BALI.pdf
Tamblang,"Kecamatan Kubutambahan, Kabupaten Buleleng",,2019,https://cloud-ng.baliprov.go.id/dpma/2022/02/PERDA-NOMOR-4-TAHUN-2019-TTG-DESA-ADAT-DI-BALI.pdf
Tangkid,"Kecamatan Kubutambahan, Kabupaten Buleleng",,2019,https://cloud-ng.baliprov.go.id/dpma/2022/02/PERDA-NOMOR-4-TAHUN-2019-TTG-DESA-ADAT-DI-BALI.pdf
Kelampuak,"Kecamatan Kubutambahan, Kabupaten Buleleng",,2019,https://cloud-ng.baliprov.go.id/dpma/2022/02/PERDA-NOMOR-4-TAHUN-2019-TTG-DESA-ADAT-DI-BALI.pdf
Bontihing,"Kecamatan Kubutambahan, Kabupaten Buleleng",,2019,https://cloud-ng.baliprov.go.id/dpma/2022/02/PERDA-NOMOR-4-TAHUN-2019-TTG-DESA-ADAT-DI-BALI.pdf
Rendetin,"Kecamatan Kubutambahan, Kabupaten Buleleng",,2019,https://cloud-ng.baliprov.go.id/dpma/2022/02/PERDA-NOMOR-4-TAHUN-2019-TTG-DESA-ADAT-DI-BALI.pdf
Pakisan,"Kecamatan Kubutambahan, Kabupaten Buleleng",,2019,https://cloud-ng.baliprov.go.id/dpma/2022/02/PERDA-NOMOR-4-TAHUN-2019-TTG-DESA-ADAT-DI-BALI.pdf
Sangburni,"Kecamatan Kubutambahan, Kabupaten Buleleng",,2019,https://cloud-ng.baliprov.go.id/dpma/2022/02/PERDA-NOMOR-4-TAHUN-2019-TTG-DESA-ADAT-DI-BALI.pdf
Kelandis,"Kecamatan Kubutambahan, Kabupaten Buleleng",,2019,https://cloud-ng.baliprov.go.id/dpma/2022/02/PERDA-NOMOR-4-TAHUN-2019-TTG-DESA-ADAT-DI-BALI.pdf
Mengandang,"Kecamatan Kubutambahan, Kabupaten Buleleng",,2019,https://cloud-ng.baliprov.go.id/dpma/2022/02/PERDA-NOMOR-4-TAHUN-2019-TTG-DESA-ADAT-DI-BALI.pdf
Tegal,"Kecamatan Kubutambahan, Kabupaten Buleleng",,2019,https://cloud-ng.baliprov.go.id/dpma/2022/02/PERDA-NOMOR-4-TAHUN-2019-TTG-DESA-ADAT-DI-BALI.pdf
Tambakan,"Kecamatan Kubutambahan, Kabupaten Buleleng",,2019,https://cloud-ng.baliprov.go.id/dpma/2022/02/PERDA-NOMOR-4-TAHUN-2019-TTG-DESA-ADAT-DI-BALI.pdf
Tajun,"Kecamatan Kubutambahan, Kabupaten Buleleng",,2019,https://cloud-ng.baliprov.go.id/dpma/2022/02/PERDA-NOMOR-4-TAHUN-2019-TTG-DESA-ADAT-DI-BALI.pdf
Bayad,"Kecamatan Kubutambahan, Kabupaten Buleleng",,2019,https://cloud-ng.baliprov.go.id/dpma/2022/02/PERDA-NOMOR-4-TAHUN-2019-TTG-DESA-ADAT-DI-BALI.pdf
Tunjung,"Kecamatan Kubutambahan, Kabupaten Buleleng",,2019,https://cloud-ng.baliprov.go.id/dpma/2022/02/PERDA-NOMOR-4-TAHUN-2019-TTG-DESA-ADAT-DI-BALI.pdf
Depeha,"Kecamatan Kubutambahan, Kabupaten Buleleng",,2019,https://cloud-ng.baliprov.go.id/dpma/2022/02/PERDA-NOMOR-4-TAHUN-2019-TTG-DESA-ADAT-DI-BALI.pdf
Bulian,"Kecamatan Kubutambahan, Kabupaten Buleleng",,2019,https://cloud-ng.baliprov.go.id/dpma/2022/02/PERDA-NOMOR-4-TAHUN-2019-TTG-DESA-ADAT-DI-BALI.pdf
Sembiran,"Kecamatan Tejakula, Kabupaten Buleleng",,2019,https://cloud-ng.baliprov.go.id/dpma/2022/02/PERDA-NOMOR-4-TAHUN-2019-TTG-DESA-ADAT-DI-BALI.pdf
Pacung,"Kecamatan Tejakula, Kabupaten Buleleng",,2019,https://cloud-ng.baliprov.go.id/dpma/2022/02/PERDA-NOMOR-4-TAHUN-2019-TTG-DESA-ADAT-DI-BALI.pdf
Bangkah,"Kecamatan Tejakula, Kabupaten Buleleng",,2019,https://cloud-ng.baliprov.go.id/dpma/2022/02/PERDA-NOMOR-4-TAHUN-2019-TTG-DESA-ADAT-DI-BALI.pdf
Julah,"Kecamatan Tejakula, Kabupaten Buleleng",,2019,https://cloud-ng.baliprov.go.id/dpma/2022/02/PERDA-NOMOR-4-TAHUN-2019-TTG-DESA-ADAT-DI-BALI.pdf
Madenan,"Kecamatan Tejakula, Kabupaten Buleleng",,2019,https://cloud-ng.baliprov.go.id/dpma/2022/02/PERDA-NOMOR-4-TAHUN-2019-TTG-DESA-ADAT-DI-BALI.pdf
Sangambu,"Kecamatan Tejakula, Kabupaten Buleleng",,2019,https://cloud-ng.baliprov.go.id/dpma/2022/02/PERDA-NOMOR-4-TAHUN-2019-TTG-DESA-ADAT-DI-BALI.pdf
Gentuh,"Kecamatan Tejakula, Kabupaten Buleleng",,2019,https://cloud-ng.baliprov.go.id/dpma/2022/02/PERDA-NOMOR-4-TAHUN-2019-TTG-DESA-ADAT-DI-BALI.pdf
Keduran,"Kecamatan Tejakula, Kabupaten Buleleng",,2019,https://cloud-ng.baliprov.go.id/dpma/2022/02/PERDA-NOMOR-4-TAHUN-2019-TTG-DESA-ADAT-DI-BALI.pdf
Bondalem,"Kecamatan Tejakula, Kabupaten Buleleng",,2019,https://cloud-ng.baliprov.go.id/dpma/2022/02/PERDA-NOMOR-4-TAHUN-2019-TTG-DESA-ADAT-DI-BALI.pdf
Tejakula,"Kecamatan Tejakula, Kabupaten Buleleng",,2019,https://cloud-ng.baliprov.go.id/dpma/2022/02/PERDA-NOMOR-4-TAHUN-2019-TTG-DESA-ADAT-DI-BALI.pdf
Les-Penuktukan,"Kecamatan Tejakula, Kabupaten Buleleng",,2019,https://cloud-ng.baliprov.go.id/dpma/2022/02/PERDA-NOMOR-4-TAHUN-2019-TTG-DESA-ADAT-DI-BALI.pdf
Sambirenteng,"Kecamatan Tejakula, Kabupaten Buleleng",,2019,https://cloud-ng.baliprov.go.id/dpma/2022/02/PERDA-NOMOR-4-TAHUN-2019-TTG-DESA-ADAT-DI-BALI.pdf
Gretek,"Kecamatan Tejakula, Kabupaten Buleleng",,2019,https://cloud-ng.baliprov.go.id/dpma/2022/02/PERDA-NOMOR-4-TAHUN-2019-TTG-DESA-ADAT-DI-BALI.pdf
Tembok,"Kecamatan Tejakula, Kabupaten Buleleng",,2019,https://cloud-ng.baliprov.go.id/dpma/2022/02/PERDA-NOMOR-4-TAHUN-2019-TTG-DESA-ADAT-DI-BALI.pdf
Ngis,"Kecamatan Tejakula, Kabupaten Buleleng",,2019,https://cloud-ng.baliprov.go.id/dpma/2022/02/PERDA-NOMOR-4-TAHUN-2019-TTG-DESA-ADAT-DI-BALI.pdf
Sudaji,"Kecamatan Sawan, Kabupaten Buleleng",,2019,https://cloud-ng.baliprov.go.id/dpma/2022/02/PERDA-NOMOR-4-TAHUN-2019-TTG-DESA-ADAT-DI-BALI.pdf
Menyali,"Kecamatan Sawan, Kabupaten Buleleng",,2019,https://cloud-ng.baliprov.go.id/dpma/2022/02/PERDA-NOMOR-4-TAHUN-2019-TTG-DESA-ADAT-DI-BALI.pdf
Bebetin,"Kecamatan Sawan, Kabupaten Buleleng",,2019,https://cloud-ng.baliprov.go.id/dpma/2022/02/PERDA-NOMOR-4-TAHUN-2019-TTG-DESA-ADAT-DI-BALI.pdf
Manuksesa,"Kecamatan Sawan, Kabupaten Buleleng",,2019,https://cloud-ng.baliprov.go.id/dpma/2022/02/PERDA-NOMOR-4-TAHUN-2019-TTG-DESA-ADAT-DI-BALI.pdf
Jagaraga,"Kecamatan Sawan, Kabupaten Buleleng",,2019,https://cloud-ng.baliprov.go.id/dpma/2022/02/PERDA-NOMOR-4-TAHUN-2019-TTG-DESA-ADAT-DI-BALI.pdf
Lemukih,"Kecamatan Sawan, Kabupaten Buleleng",,2019,https://cloud-ng.baliprov.go.id/dpma/2022/02/PERDA-NOMOR-4-TAHUN-2019-TTG-DESA-ADAT-DI-BALI.pdf
Sinabun,"Kecamatan Sawan, Kabupaten Buleleng",,2019,https://cloud-ng.baliprov.go.id/dpma/2022/02/PERDA-NOMOR-4-TAHUN-2019-TTG-DESA-ADAT-DI-BALI.pdf
Suwug,"Kecamatan Sawan, Kabupaten Buleleng",,2019,https://cloud-ng.baliprov.go.id/dpma/2022/02/PERDA-NOMOR-4-TAHUN-2019-TTG-DESA-ADAT-DI-BALI.pdf
Sawan,"Kecamatan Sawan, Kabupaten Buleleng",,2019,https://cloud-ng.baliprov.go.id/dpma/2022/02/PERDA-NOMOR-4-TAHUN-2019-TTG-DESA-ADAT-DI-BALI.pdf
Galungan,"Kecamatan Sawan, Kabupaten Buleleng",,2019,https://cloud-ng.baliprov.go.id/dpma/2022/02/PERDA-NOMOR-4-TAHUN-2019-TTG-DESA-ADAT-DI-BALI.pdf
Kerobokan,"Kecamatan Sawan, Kabupaten Buleleng",,2019,https://cloud-ng.baliprov.go.id/dpma/2022/02/PERDA-NOMOR-4-TAHUN-2019-TTG-DESA-ADAT-DI-BALI.pdf
Kloncing,"Kecamatan Sawan, Kabupaten Buleleng",,2019,https://cloud-ng.baliprov.go.id/dpma/2022/02/PERDA-NOMOR-4-TAHUN-2019-TTG-DESA-ADAT-DI-BALI.pdf
Bungkulan,"Kecamatan Sawan, Kabupaten Buleleng",,2019,https://cloud-ng.baliprov.go.id/dpma/2022/02/PERDA-NOMOR-4-TAHUN-2019-TTG-DESA-ADAT-DI-BALI.pdf
Sari Besikan,"Kecamatan Sawan, Kabupaten Buleleng",,2019,https://cloud-ng.baliprov.go.id/dpma/2022/02/PERDA-NOMOR-4-TAHUN-2019-TTG-DESA-ADAT-DI-BALI.pdf
Sangsit Dauh Yeh,"Kecamatan Sawan, Kabupaten Buleleng",,2019,https://cloud-ng.baliprov.go.id/dpma/2022/02/PERDA-NOMOR-4-TAHUN-2019-TTG-DESA-ADAT-DI-BALI.pdf
Sangsit Dangin Yeh,"Kecamatan Sawan, Kabupaten Buleleng",,2019,https://cloud-ng.baliprov.go.id/dpma/2022/02/PERDA-NOMOR-4-TAHUN-2019-TTG-DESA-ADAT-DI-BALI.pdf
Sekumpul,"Kecamatan Sawan, Kabupaten Buleleng",,2019,https://cloud-ng.baliprov.go.id/dpma/2022/02/PERDA-NOMOR-4-TAHUN-2019-TTG-DESA-ADAT-DI-BALI.pdf
Lebah,"Kecamatan Sawan, Kabupaten Buleleng",,2019,https://cloud-ng.baliprov.go.id/dpma/2022/02/PERDA-NOMOR-4-TAHUN-2019-TTG-DESA-ADAT-DI-BALI.pdf
Pengragoan Dangin Tukad,"Kecamatan Pakutatan, Kabupaten Jembrana",,2019,https://cloud-ng.baliprov.go.id/dpma/2022/02/PERDA-NOMOR-4-TAHUN-2019-TTG-DESA-ADAT-DI-BALI.pdf
Pengragoan Dauh Tukad,"Kecamatan Pakutatan, Kabupaten Jembrana",,2019,https://cloud-ng.baliprov.go.id/dpma/2022/02/PERDA-NOMOR-4-TAHUN-2019-TTG-DESA-ADAT-DI-BALI.pdf
Badingkayu,"Kecamatan Pakutatan, Kabupaten Jembrana",,2019,https://cloud-ng.baliprov.go.id/dpma/2022/02/PERDA-NOMOR-4-TAHUN-2019-TTG-DESA-ADAT-DI-BALI.pdf
Mengenuanyar,"Kecamatan Pakutatan, Kabupaten Jembrana",,2019,https://cloud-ng.baliprov.go.id/dpma/2022/02/PERDA-NOMOR-4-TAHUN-2019-TTG-DESA-ADAT-DI-BALI.pdf
Pasut,"Kecamatan Pakutatan, Kabupaten Jembrana",,2019,https://cloud-ng.baliprov.go.id/dpma/2022/02/PERDA-NOMOR-4-TAHUN-2019-TTG-DESA-ADAT-DI-BALI.pdf
Gumbrih,"Kecamatan Pakutatan, Kabupaten Jembrana",,2019,https://cloud-ng.baliprov.go.id/dpma/2022/02/PERDA-NOMOR-4-TAHUN-2019-TTG-DESA-ADAT-DI-BALI.pdf
Pangyangan,"Kecamatan Pakutatan, Kabupaten Jembrana",,2019,https://cloud-ng.baliprov.go.id/dpma/2022/02/PERDA-NOMOR-4-TAHUN-2019-TTG-DESA-ADAT-DI-BALI.pdf
Pakutatan,"Kecamatan Pakutatan, Kabupaten Jembrana",,2019,https://cloud-ng.baliprov.go.id/dpma/2022/02/PERDA-NOMOR-4-TAHUN-2019-TTG-DESA-ADAT-DI-BALI.pdf
Asah Duren,"Kecamatan Pakutatan, Kabupaten Jembrana",,2019,https://cloud-ng.baliprov.go.id/dpma/2022/02/PERDA-NOMOR-4-TAHUN-2019-TTG-DESA-ADAT-DI-BALI.pdf
Manggissari,"Kecamatan Pakutatan, Kabupaten Jembrana",,2019,https://cloud-ng.baliprov.go.id/dpma/2022/02/PERDA-NOMOR-4-TAHUN-2019-TTG-DESA-ADAT-DI-BALI.pdf
Juwuk Manis,"Kecamatan Pakutatan, Kabupaten Jembrana",,2019,https://cloud-ng.baliprov.go.id/dpma/2022/02/PERDA-NOMOR-4-TAHUN-2019-TTG-DESA-ADAT-DI-BALI.pdf
Pulukan,"Kecamatan Pakutatan, Kabupaten Jembrana",,2019,https://cloud-ng.baliprov.go.id/dpma/2022/02/PERDA-NOMOR-4-TAHUN-2019-TTG-DESA-ADAT-DI-BALI.pdf
Medewi,"Kecamatan Pakutatan, Kabupaten Jembrana",,2019,https://cloud-ng.baliprov.go.id/dpma/2022/02/PERDA-NOMOR-4-TAHUN-2019-TTG-DESA-ADAT-DI-BALI.pdf
Yeh Sumbul,"Kecamatan Mendoyo, Kabupaten Jembrana",,2019,https://cloud-ng.baliprov.go.id/dpma/2022/02/PERDA-NOMOR-4-TAHUN-2019-TTG-DESA-ADAT-DI-BALI.pdf
Yehembang Kangin,"Kecamatan Mendoyo, Kabupaten Jembrana",,2019,https://cloud-ng.baliprov.go.id/dpma/2022/02/PERDA-NOMOR-4-TAHUN-2019-TTG-DESA-ADAT-DI-BALI.pdf
Nusamara,"Kecamatan Mendoyo, Kabupaten Jembrana",,2019,https://cloud-ng.baliprov.go.id/dpma/2022/02/PERDA-NOMOR-4-TAHUN-2019-TTG-DESA-ADAT-DI-BALI.pdf
Yehembang,"Kecamatan Mendoyo, Kabupaten Jembrana",,2019,https://cloud-ng.baliprov.go.id/dpma/2022/02/PERDA-NOMOR-4-TAHUN-2019-TTG-DESA-ADAT-DI-BALI.pdf
Giri Gahana Grama,"Kecamatan Mendoyo, Kabupaten Jembrana",,2019,https://cloud-ng.baliprov.go.id/dpma/2022/02/PERDA-NOMOR-4-TAHUN-2019-TTG-DESA-ADAT-DI-BALI.pdf
Yehembang Kauh,"Kecamatan Mendoyo, Kabupaten Jembrana",,2019,https://cloud-ng.baliprov.go.id/dpma/2022/02/PERDA-NOMOR-4-TAHUN-2019-TTG-DESA-ADAT-DI-BALI.pdf
Munduk Anggrek Kaja,"Kecamatan Mendoyo, Kabupaten Jembrana",,2019,https://cloud-ng.baliprov.go.id/dpma/2022/02/PERDA-NOMOR-4-TAHUN-2019-TTG-DESA-ADAT-DI-BALI.pdf
Yehbuah,"Kecamatan Mendoyo, Kabupaten Jembrana",,2019,https://cloud-ng.baliprov.go.id/dpma/2022/02/PERDA-NOMOR-4-TAHUN-2019-TTG-DESA-ADAT-DI-BALI.pdf
Kedisan,"Kecamatan Mendoyo, Kabupaten Jembrana",,2019,https://cloud-ng.baliprov.go.id/dpma/2022/02/PERDA-NOMOR-4-TAHUN-2019-TTG-DESA-ADAT-DI-BALI.pdf
Penyaringan,"Kecamatan Mendoyo, Kabupaten Jembrana",,2019,https://cloud-ng.baliprov.go.id/dpma/2022/02/PERDA-NOMOR-4-TAHUN-2019-TTG-DESA-ADAT-DI-BALI.pdf
Giri Amerta,"Kecamatan Mendoyo, Kabupaten Jembrana",,2019,https://cloud-ng.baliprov.go.id/dpma/2022/02/PERDA-NOMOR-4-TAHUN-2019-TTG-DESA-ADAT-DI-BALI.pdf
Giri Utama,"Kecamatan Mendoyo, Kabupaten Jembrana",,2019,https://cloud-ng.baliprov.go.id/dpma/2022/02/PERDA-NOMOR-4-TAHUN-2019-TTG-DESA-ADAT-DI-BALI.pdf
Delodbrawah,"Kecamatan Mendoyo, Kabupaten Jembrana",,2019,https://cloud-ng.baliprov.go.id/dpma/2022/02/PERDA-NOMOR-4-TAHUN-2019-TTG-DESA-ADAT-DI-BALI.pdf
Pohsanten,"Kecamatan Mendoyo, Kabupaten Jembrana",,2019,https://cloud-ng.baliprov.go.id/dpma/2022/02/PERDA-NOMOR-4-TAHUN-2019-TTG-DESA-ADAT-DI-BALI.pdf
Pergung,"Kecamatan Mendoyo, Kabupaten Jembrana",,2019,https://cloud-ng.baliprov.go.id/dpma/2022/02/PERDA-NOMOR-4-TAHUN-2019-TTG-DESA-ADAT-DI-BALI.pdf
Mendoyo Dangin Tukad,"Kecamatan Mendoyo, Kabupaten Jembrana",,2019,https://cloud-ng.baliprov.go.id/dpma/2022/02/PERDA-NOMOR-4-TAHUN-2019-TTG-DESA-ADAT-DI-BALI.pdf
Mendoyo Dauh Tukad,"Kecamatan Mendoyo, Kabupaten Jembrana",,2019,https://cloud-ng.baliprov.go.id/dpma/2022/02/PERDA-NOMOR-4-TAHUN-2019-TTG-DESA-ADAT-DI-BALI.pdf
Tegalcangkring,"Kecamatan Mendoyo, Kabupaten Jembrana",,2019,https://cloud-ng.baliprov.go.id/dpma/2022/02/PERDA-NOMOR-4-TAHUN-2019-TTG-DESA-ADAT-DI-BALI.pdf
Taman Sari,"Kecamatan Mendoyo, Kabupaten Jembrana",,2019,https://cloud-ng.baliprov.go.id/dpma/2022/02/PERDA-NOMOR-4-TAHUN-2019-TTG-DESA-ADAT-DI-BALI.pdf
Dangintukadaya,"Kecamatan Jembrana, Kabupaten Jembrana",,2019,https://cloud-ng.baliprov.go.id/dpma/2022/02/PERDA-NOMOR-4-TAHUN-2019-TTG-DESA-ADAT-DI-BALI.pdf
Batuagung,"Kecamatan Jembrana, Kabupaten Jembrana",,2019,https://cloud-ng.baliprov.go.id/dpma/2022/02/PERDA-NOMOR-4-TAHUN-2019-TTG-DESA-ADAT-DI-BALI.pdf
Budeng,"Kecamatan Jembrana, Kabupaten Jembrana",,2019,https://cloud-ng.baliprov.go.id/dpma/2022/02/PERDA-NOMOR-4-TAHUN-2019-TTG-DESA-ADAT-DI-BALI.pdf
Yehkuning,"Kecamatan Jembrana, Kabupaten Jembrana",,2019,https://cloud-ng.baliprov.go.id/dpma/2022/02/PERDA-NOMOR-4-TAHUN-2019-TTG-DESA-ADAT-DI-BALI.pdf
Perancak,"Kecamatan Jembrana, Kabupaten Jembrana",,2019,https://cloud-ng.baliprov.go.id/dpma/2022/02/PERDA-NOMOR-4-TAHUN-2019-TTG-DESA-ADAT-DI-BALI.pdf
Sangkaragung,"Kecamatan Jembrana, Kabupaten Jembrana",,2019,https://cloud-ng.baliprov.go.id/dpma/2022/02/PERDA-NOMOR-4-TAHUN-2019-TTG-DESA-ADAT-DI-BALI.pdf
Dauhwaru,"Kecamatan Jembrana, Kabupaten Jembrana",,2019,https://cloud-ng.baliprov.go.id/dpma/2022/02/PERDA-NOMOR-4-TAHUN-2019-TTG-DESA-ADAT-DI-BALI.pdf
Lokasari,"Kecamatan Jembrana, Kabupaten Jembrana",,2019,https://cloud-ng.baliprov.go.id/dpma/2022/02/PERDA-NOMOR-4-TAHUN-2019-TTG-DESA-ADAT-DI-BALI.pdf
Kertha Jaya Pendem,"Kecamatan Jembrana, Kabupaten Jembrana",,2019,https://cloud-ng.baliprov.go.id/dpma/2022/02/PERDA-NOMOR-4-TAHUN-2019-TTG-DESA-ADAT-DI-BALI.pdf
Berangbang,"Kecamatan Negara, Kabupaten Jembrana",,2019,https://cloud-ng.baliprov.go.id/dpma/2022/02/PERDA-NOMOR-4-TAHUN-2019-TTG-DESA-ADAT-DI-BALI.pdf
Dharma Kerti,"Kecamatan Negara, Kabupaten Jembrana",,2019,https://cloud-ng.baliprov.go.id/dpma/2022/02/PERDA-NOMOR-4-TAHUN-2019-TTG-DESA-ADAT-DI-BALI.pdf
Dharma laksana,"Kecamatan Negara, Kabupaten Jembrana",,2019,https://cloud-ng.baliprov.go.id/dpma/2022/02/PERDA-NOMOR-4-TAHUN-2019-TTG-DESA-ADAT-DI-BALI.pdf
Tegalbadeng Kangin,"Kecamatan Negara, Kabupaten Jembrana",,2019,https://cloud-ng.baliprov.go.id/dpma/2022/02/PERDA-NOMOR-4-TAHUN-2019-TTG-DESA-ADAT-DI-BALI.pdf
Tegalbadeng Kauh,"Kecamatan Negara, Kabupaten Jembrana",,2019,https://cloud-ng.baliprov.go.id/dpma/2022/02/PERDA-NOMOR-4-TAHUN-2019-TTG-DESA-ADAT-DI-BALI.pdf
Baluk,"Kecamatan Negara, Kabupaten Jembrana",,2019,https://cloud-ng.baliprov.go.id/dpma/2022/02/PERDA-NOMOR-4-TAHUN-2019-TTG-DESA-ADAT-DI-BALI.pdf
Banyubiru,"Kecamatan Negara, Kabupaten Jembrana",,2019,https://cloud-ng.baliprov.go.id/dpma/2022/02/PERDA-NOMOR-4-TAHUN-2019-TTG-DESA-ADAT-DI-BALI.pdf
Baler Bale Agung,"Kecamatan Negara, Kabupaten Jembrana",,2019,https://cloud-ng.baliprov.go.id/dpma/2022/02/PERDA-NOMOR-4-TAHUN-2019-TTG-DESA-ADAT-DI-BALI.pdf
Puseh Agung,"Kecamatan Negara, Kabupaten Jembrana",,2019,https://cloud-ng.baliprov.go.id/dpma/2022/02/PERDA-NOMOR-4-TAHUN-2019-TTG-DESA-ADAT-DI-BALI.pdf
Lelateng,"Kecamatan Negara, Kabupaten Jembrana",,2019,https://cloud-ng.baliprov.go.id/dpma/2022/02/PERDA-NOMOR-4-TAHUN-2019-TTG-DESA-ADAT-DI-BALI.pdf
Melaya,"Kecamatan Melaya, Kabupaten Jembrana",,2019,https://cloud-ng.baliprov.go.id/dpma/2022/02/PERDA-NOMOR-4-TAHUN-2019-TTG-DESA-ADAT-DI-BALI.pdf
Sumbersari,"Kecamatan Melaya, Kabupaten Jembrana",,2019,https://cloud-ng.baliprov.go.id/dpma/2022/02/PERDA-NOMOR-4-TAHUN-2019-TTG-DESA-ADAT-DI-BALI.pdf
Nusasari,"Kecamatan Melaya, Kabupaten Jembrana",,2019,https://cloud-ng.baliprov.go.id/dpma/2022/02/PERDA-NOMOR-4-TAHUN-2019-TTG-DESA-ADAT-DI-BALI.pdf
Wanasari,"Kecamatan Melaya, Kabupaten Jembrana",,2019,https://cloud-ng.baliprov.go.id/dpma/2022/02/PERDA-NOMOR-4-TAHUN-2019-TTG-DESA-ADAT-DI-BALI.pdf
Ekasari,"Kecamatan Melaya, Kabupaten Jembrana",,2019,https://cloud-ng.baliprov.go.id/dpma/2022/02/PERDA-NOMOR-4-TAHUN-2019-TTG-DESA-ADAT-DI-BALI.pdf
Palalinggah,"Kecamatan Melaya, Kabupaten Jembrana",,2019,https://cloud-ng.baliprov.go.id/dpma/2022/02/PERDA-NOMOR-4-TAHUN-2019-TTG-DESA-ADAT-DI-BALI.pdf
Candikusuma,"Kecamatan Melaya, Kabupaten Jembrana",,2019,https://cloud-ng.baliprov.go.id/dpma/2022/02/PERDA-NOMOR-4-TAHUN-2019-TTG-DESA-ADAT-DI-BALI.pdf
Tuwed,"Kecamatan Melaya, Kabupaten Jembrana",,2019,https://cloud-ng.baliprov.go.id/dpma/2022/02/PERDA-NOMOR-4-TAHUN-2019-TTG-DESA-ADAT-DI-BALI.pdf
Tukadaya,"Kecamatan Melaya, Kabupaten Jembrana",,2019,https://cloud-ng.baliprov.go.id/dpma/2022/02/PERDA-NOMOR-4-TAHUN-2019-TTG-DESA-ADAT-DI-BALI.pdf
Tamansari,"Kecamatan Melaya, Kabupaten Jembrana",,2019,https://cloud-ng.baliprov.go.id/dpma/2022/02/PERDA-NOMOR-4-TAHUN-2019-TTG-DESA-ADAT-DI-BALI.pdf
Berawangtangi,"Kecamatan Melaya, Kabupaten Jembrana",,2019,https://cloud-ng.baliprov.go.id/dpma/2022/02/PERDA-NOMOR-4-TAHUN-2019-TTG-DESA-ADAT-DI-BALI.pdf
Manistutu,"Kecamatan Melaya, Kabupaten Jembrana",,2019,https://cloud-ng.baliprov.go.id/dpma/2022/02/PERDA-NOMOR-4-TAHUN-2019-TTG-DESA-ADAT-DI-BALI.pdf
Gilimanuk,"Kecamatan Melaya, Kabupaten Jembrana",,2019,https://cloud-ng.baliprov.go.id/dpma/2022/02/PERDA-NOMOR-4-TAHUN-2019-TTG-DESA-ADAT-DI-BALI.pdf
Pengotan,"Kecamatan Bangli, Kabupaten Bangli",,2019,https://cloud-ng.baliprov.go.id/dpma/2022/02/PERDA-NOMOR-4-TAHUN-2019-TTG-DESA-ADAT-DI-BALI.pdf
Bangklet,"Kecamatan Bangli, Kabupaten Bangli",,2019,https://cloud-ng.baliprov.go.id/dpma/2022/02/PERDA-NOMOR-4-TAHUN-2019-TTG-DESA-ADAT-DI-BALI.pdf
Kayubihi,"Kecamatan Bangli, Kabupaten Bangli",,2019,https://cloud-ng.baliprov.go.id/dpma/2022/02/PERDA-NOMOR-4-TAHUN-2019-TTG-DESA-ADAT-DI-BALI.pdf
Kayang,"Kecamatan Bangli, Kabupaten Bangli",,2019,https://cloud-ng.baliprov.go.id/dpma/2022/02/PERDA-NOMOR-4-TAHUN-2019-TTG-DESA-ADAT-DI-BALI.pdf
Umanyar,"Kecamatan Bangli, Kabupaten Bangli",,2019,https://cloud-ng.baliprov.go.id/dpma/2022/02/PERDA-NOMOR-4-TAHUN-2019-TTG-DESA-ADAT-DI-BALI.pdf
Kuning,"Kecamatan Bangli, Kabupaten Bangli",,2019,https://cloud-ng.baliprov.go.id/dpma/2022/02/PERDA-NOMOR-4-TAHUN-2019-TTG-DESA-ADAT-DI-BALI.pdf
Tamanbali,"Kecamatan Bangli, Kabupaten Bangli",,2019,https://cloud-ng.baliprov.go.id/dpma/2022/02/PERDA-NOMOR-4-TAHUN-2019-TTG-DESA-ADAT-DI-BALI.pdf
Jelekungkang,"Kecamatan Bangli, Kabupaten Bangli",,2019,https://cloud-ng.baliprov.go.id/dpma/2022/02/PERDA-NOMOR-4-TAHUN-2019-TTG-DESA-ADAT-DI-BALI.pdf
Guliang Kangin,"Kecamatan Bangli, Kabupaten Bangli",,2019,https://cloud-ng.baliprov.go.id/dpma/2022/02/PERDA-NOMOR-4-TAHUN-2019-TTG-DESA-ADAT-DI-BALI.pdf
Guliang Kawan,"Kecamatan Bangli, Kabupaten Bangli",,2019,https://cloud-ng.baliprov.go.id/dpma/2022/02/PERDA-NOMOR-4-TAHUN-2019-TTG-DESA-ADAT-DI-BALI.pdf
Bunutin,"Kecamatan Bangli, Kabupaten Bangli",,2019,https://cloud-ng.baliprov.go.id/dpma/2022/02/PERDA-NOMOR-4-TAHUN-2019-TTG-DESA-ADAT-DI-BALI.pdf
Langkan,"Kecamatan Bangli, Kabupaten Bangli",,2019,https://cloud-ng.baliprov.go.id/dpma/2022/02/PERDA-NOMOR-4-TAHUN-2019-TTG-DESA-ADAT-DI-BALI.pdf
Palaktiying,"Kecamatan Bangli, Kabupaten Bangli",,2019,https://cloud-ng.baliprov.go.id/dpma/2022/02/PERDA-NOMOR-4-TAHUN-2019-TTG-DESA-ADAT-DI-BALI.pdf
Buayang,"Kecamatan Bangli, Kabupaten Bangli",,2019,https://cloud-ng.baliprov.go.id/dpma/2022/02/PERDA-NOMOR-4-TAHUN-2019-TTG-DESA-ADAT-DI-BALI.pdf
Landih,"Kecamatan Bangli, Kabupaten Bangli",,2019,https://cloud-ng.baliprov.go.id/dpma/2022/02/PERDA-NOMOR-4-TAHUN-2019-TTG-DESA-ADAT-DI-BALI.pdf
Penaga,"Kecamatan Bangli, Kabupaten Bangli",,2019,https://cloud-ng.baliprov.go.id/dpma/2022/02/PERDA-NOMOR-4-TAHUN-2019-TTG-DESA-ADAT-DI-BALI.pdf
Penglipuran,"Kecamatan Bangli, Kabupaten Bangli",,2019,https://cloud-ng.baliprov.go.id/dpma/2022/02/PERDA-NOMOR-4-TAHUN-2019-TTG-DESA-ADAT-DI-BALI.pdf
Kubu,"Kecamatan Bangli, Kabupaten Bangli",,2019,https://cloud-ng.baliprov.go.id/dpma/2022/02/PERDA-NOMOR-4-TAHUN-2019-TTG-DESA-ADAT-DI-BALI.pdf
Sidembunut,"Kecamatan Bangli, Kabupaten Bangli",,2019,https://cloud-ng.baliprov.go.id/dpma/2022/02/PERDA-NOMOR-4-TAHUN-2019-TTG-DESA-ADAT-DI-BALI.pdf
Cempaga,"Kecamatan Bangli, Kabupaten Bangli",,2019,https://cloud-ng.baliprov.go.id/dpma/2022/02/PERDA-NOMOR-4-TAHUN-2019-TTG-DESA-ADAT-DI-BALI.pdf
Tegallalang,"Kecamatan Bangli, Kabupaten Bangli",,2019,https://cloud-ng.baliprov.go.id/dpma/2022/02/PERDA-NOMOR-4-TAHUN-2019-TTG-DESA-ADAT-DI-BALI.pdf
Kawan,"Kecamatan Bangli, Kabupaten Bangli",,2019,https://cloud-ng.baliprov.go.id/dpma/2022/02/PERDA-NOMOR-4-TAHUN-2019-TTG-DESA-ADAT-DI-BALI.pdf
Bebalang,"Kecamatan Bangli, Kabupaten Bangli",,2019,https://cloud-ng.baliprov.go.id/dpma/2022/02/PERDA-NOMOR-4-TAHUN-2019-TTG-DESA-ADAT-DI-BALI.pdf
Penglumbaran Kawan,"Kecamatan Susut, Kabupaten Bangli",,2019,https://cloud-ng.baliprov.go.id/dpma/2022/02/PERDA-NOMOR-4-TAHUN-2019-TTG-DESA-ADAT-DI-BALI.pdf
Tiga Kawan,"Kecamatan Susut, Kabupaten Bangli",,2019,https://cloud-ng.baliprov.go.id/dpma/2022/02/PERDA-NOMOR-4-TAHUN-2019-TTG-DESA-ADAT-DI-BALI.pdf
Serai Kembangmerta,"Kecamatan Susut, Kabupaten Bangli",,2019,https://cloud-ng.baliprov.go.id/dpma/2022/02/PERDA-NOMOR-4-TAHUN-2019-TTG-DESA-ADAT-DI-BALI.pdf
Seribatu,"Kecamatan Susut, Kabupaten Bangli",,2019,https://cloud-ng.baliprov.go.id/dpma/2022/02/PERDA-NOMOR-4-TAHUN-2019-TTG-DESA-ADAT-DI-BALI.pdf
Malet Gusti,"Kecamatan Susut, Kabupaten Bangli",,2019,https://cloud-ng.baliprov.go.id/dpma/2022/02/PERDA-NOMOR-4-TAHUN-2019-TTG-DESA-ADAT-DI-BALI.pdf
Temen,"Kecamatan Susut, Kabupaten Bangli",,2019,https://cloud-ng.baliprov.go.id/dpma/2022/02/PERDA-NOMOR-4-TAHUN-2019-TTG-DESA-ADAT-DI-BALI.pdf
Mancingan,"Kecamatan Susut, Kabupaten Bangli",,2019,https://cloud-ng.baliprov.go.id/dpma/2022/02/PERDA-NOMOR-4-TAHUN-2019-TTG-DESA-ADAT-DI-BALI.pdf
Malet Kutamesir,"Kecamatan Susut, Kabupaten Bangli",,2019,https://cloud-ng.baliprov.go.id/dpma/2022/02/PERDA-NOMOR-4-TAHUN-2019-TTG-DESA-ADAT-DI-BALI.pdf
Malet Tengah,"Kecamatan Susut, Kabupaten Bangli",,2019,https://cloud-ng.baliprov.go.id/dpma/2022/02/PERDA-NOMOR-4-TAHUN-2019-TTG-DESA-ADAT-DI-BALI.pdf
Pukuh,"Kecamatan Susut, Kabupaten Bangli",,2019,https://cloud-ng.baliprov.go.id/dpma/2022/02/PERDA-NOMOR-4-TAHUN-2019-TTG-DESA-ADAT-DI-BALI.pdf
Kayuambua,"Kecamatan Susut, Kabupaten Bangli",,2019,https://cloud-ng.baliprov.go.id/dpma/2022/02/PERDA-NOMOR-4-TAHUN-2019-TTG-DESA-ADAT-DI-BALI.pdf
Linjong,"Kecamatan Susut, Kabupaten Bangli",,2019,https://cloud-ng.baliprov.go.id/dpma/2022/02/PERDA-NOMOR-4-TAHUN-2019-TTG-DESA-ADAT-DI-BALI.pdf
Temaga,"Kecamatan Susut, Kabupaten Bangli",,2019,https://cloud-ng.baliprov.go.id/dpma/2022/02/PERDA-NOMOR-4-TAHUN-2019-TTG-DESA-ADAT-DI-BALI.pdf
Buungan,"Kecamatan Susut, Kabupaten Bangli",,2019,https://cloud-ng.baliprov.go.id/dpma/2022/02/PERDA-NOMOR-4-TAHUN-2019-TTG-DESA-ADAT-DI-BALI.pdf
Tiga,"Kecamatan Susut, Kabupaten Bangli",,2019,https://cloud-ng.baliprov.go.id/dpma/2022/02/PERDA-NOMOR-4-TAHUN-2019-TTG-DESA-ADAT-DI-BALI.pdf
Penglumbaran Kangin,"Kecamatan Susut, Kabupaten Bangli",,2019,https://cloud-ng.baliprov.go.id/dpma/2022/02/PERDA-NOMOR-4-TAHUN-2019-TTG-DESA-ADAT-DI-BALI.pdf
Lumbuan,"Kecamatan Susut, Kabupaten Bangli",,2019,https://cloud-ng.baliprov.go.id/dpma/2022/02/PERDA-NOMOR-4-TAHUN-2019-TTG-DESA-ADAT-DI-BALI.pdf
Alisbintang,"Kecamatan Susut, Kabupaten Bangli",,2019,https://cloud-ng.baliprov.go.id/dpma/2022/02/PERDA-NOMOR-4-TAHUN-2019-TTG-DESA-ADAT-DI-BALI.pdf
Bungkuan,"Kecamatan Susut, Kabupaten Bangli",,2019,https://cloud-ng.baliprov.go.id/dpma/2022/02/PERDA-NOMOR-4-TAHUN-2019-TTG-DESA-ADAT-DI-BALI.pdf
Cekeng,"Kecamatan Susut, Kabupaten Bangli",,2019,https://cloud-ng.baliprov.go.id/dpma/2022/02/PERDA-NOMOR-4-TAHUN-2019-TTG-DESA-ADAT-DI-BALI.pdf
Tanggahan Gunung,"Kecamatan Susut, Kabupaten Bangli",,2019,https://cloud-ng.baliprov.go.id/dpma/2022/02/PERDA-NOMOR-4-TAHUN-2019-TTG-DESA-ADAT-DI-BALI.pdf
Tanggahan Peken,"Kecamatan Susut, Kabupaten Bangli",,2019,https://cloud-ng.baliprov.go.id/dpma/2022/02/PERDA-NOMOR-4-TAHUN-2019-TTG-DESA-ADAT-DI-BALI.pdf
Sulahan,"Kecamatan Susut, Kabupaten Bangli",,2019,https://cloud-ng.baliprov.go.id/dpma/2022/02/PERDA-NOMOR-4-TAHUN-2019-TTG-DESA-ADAT-DI-BALI.pdf
Kikian,"Kecamatan Susut, Kabupaten Bangli",,2019,https://cloud-ng.baliprov.go.id/dpma/2022/02/PERDA-NOMOR-4-TAHUN-2019-TTG-DESA-ADAT-DI-BALI.pdf
Kebon,"Kecamatan Susut, Kabupaten Bangli",,2019,https://cloud-ng.baliprov.go.id/dpma/2022/02/PERDA-NOMOR-4-TAHUN-2019-TTG-DESA-ADAT-DI-BALI.pdf
Susut Kaja,"Kecamatan Susut, Kabupaten Bangli",,2019,https://cloud-ng.baliprov.go.id/dpma/2022/02/PERDA-NOMOR-4-TAHUN-2019-TTG-DESA-ADAT-DI-BALI.pdf
Susut Kelod,"Kecamatan Susut, Kabupaten Bangli",,2019,https://cloud-ng.baliprov.go.id/dpma/2022/02/PERDA-NOMOR-4-TAHUN-2019-TTG-DESA-ADAT-DI-BALI.pdf
Manuk,"Kecamatan Susut, Kabupaten Bangli",,2019,https://cloud-ng.baliprov.go.id/dpma/2022/02/PERDA-NOMOR-4-TAHUN-2019-TTG-DESA-ADAT-DI-BALI.pdf
Juwukbali,"Kecamatan Susut, Kabupaten Bangli",,2019,https://cloud-ng.baliprov.go.id/dpma/2022/02/PERDA-NOMOR-4-TAHUN-2019-TTG-DESA-ADAT-DI-BALI.pdf
Penatahan,"Kecamatan Susut, Kabupaten Bangli",,2019,https://cloud-ng.baliprov.go.id/dpma/2022/02/PERDA-NOMOR-4-TAHUN-2019-TTG-DESA-ADAT-DI-BALI.pdf
Lebah,"Kecamatan Susut, Kabupaten Bangli",,2019,https://cloud-ng.baliprov.go.id/dpma/2022/02/PERDA-NOMOR-4-TAHUN-2019-TTG-DESA-ADAT-DI-BALI.pdf
Pukuh,"Kecamatan Susut, Kabupaten Bangli",,2019,https://cloud-ng.baliprov.go.id/dpma/2022/02/PERDA-NOMOR-4-TAHUN-2019-TTG-DESA-ADAT-DI-BALI.pdf
Tangkas,"Kecamatan Susut, Kabupaten Bangli",,2019,https://cloud-ng.baliprov.go.id/dpma/2022/02/PERDA-NOMOR-4-TAHUN-2019-TTG-DESA-ADAT-DI-BALI.pdf
Demulih,"Kecamatan Susut, Kabupaten Bangli",,2019,https://cloud-ng.baliprov.go.id/dpma/2022/02/PERDA-NOMOR-4-TAHUN-2019-TTG-DESA-ADAT-DI-BALI.pdf
Tanggahan Tengah,"Kecamatan Susut, Kabupaten Bangli",,2019,https://cloud-ng.baliprov.go.id/dpma/2022/02/PERDA-NOMOR-4-TAHUN-2019-TTG-DESA-ADAT-DI-BALI.pdf
Tanggahan Talang Jiwa,"Kecamatan Susut, Kabupaten Bangli",,2019,https://cloud-ng.baliprov.go.id/dpma/2022/02/PERDA-NOMOR-4-TAHUN-2019-TTG-DESA-ADAT-DI-BALI.pdf
Sala,"Kecamatan Susut, Kabupaten Bangli",,2019,https://cloud-ng.baliprov.go.id/dpma/2022/02/PERDA-NOMOR-4-TAHUN-2019-TTG-DESA-ADAT-DI-BALI.pdf
Abuan,"Kecamatan Susut, Kabupaten Bangli",,2019,https://cloud-ng.baliprov.go.id/dpma/2022/02/PERDA-NOMOR-4-TAHUN-2019-TTG-DESA-ADAT-DI-BALI.pdf
Serokadan,"Kecamatan Susut, Kabupaten Bangli",,2019,https://cloud-ng.baliprov.go.id/dpma/2022/02/PERDA-NOMOR-4-TAHUN-2019-TTG-DESA-ADAT-DI-BALI.pdf
Apuan,"Kecamatan Susut, Kabupaten Bangli",,2019,https://cloud-ng.baliprov.go.id/dpma/2022/02/PERDA-NOMOR-4-TAHUN-2019-TTG-DESA-ADAT-DI-BALI.pdf
Bangun Lemah Kawan,"Kecamatan Susut, Kabupaten Bangli",,2019,https://cloud-ng.baliprov.go.id/dpma/2022/02/PERDA-NOMOR-4-TAHUN-2019-TTG-DESA-ADAT-DI-BALI.pdf
Bangun Lemah Kangin,"Kecamatan Susut, Kabupaten Bangli",,2019,https://cloud-ng.baliprov.go.id/dpma/2022/02/PERDA-NOMOR-4-TAHUN-2019-TTG-DESA-ADAT-DI-BALI.pdf
Selat,"Kecamatan Susut, Kabupaten Bangli",,2019,https://cloud-ng.baliprov.go.id/dpma/2022/02/PERDA-NOMOR-4-TAHUN-2019-TTG-DESA-ADAT-DI-BALI.pdf
Pengiangan Kawan,"Kecamatan Susut, Kabupaten Bangli",,2019,https://cloud-ng.baliprov.go.id/dpma/2022/02/PERDA-NOMOR-4-TAHUN-2019-TTG-DESA-ADAT-DI-BALI.pdf
Pengiangan Kangin,"Kecamatan Susut, Kabupaten Bangli",,2019,https://cloud-ng.baliprov.go.id/dpma/2022/02/PERDA-NOMOR-4-TAHUN-2019-TTG-DESA-ADAT-DI-BALI.pdf
Songlandak,"Kecamatan Susut, Kabupaten Bangli",,2019,https://cloud-ng.baliprov.go.id/dpma/2022/02/PERDA-NOMOR-4-TAHUN-2019-TTG-DESA-ADAT-DI-BALI.pdf
Selatnyuhan,"Kecamatan Susut, Kabupaten Bangli",,2019,https://cloud-ng.baliprov.go.id/dpma/2022/02/PERDA-NOMOR-4-TAHUN-2019-TTG-DESA-ADAT-DI-BALI.pdf
Jehem,"Kecamatan Tembuku, Kabupaten Bangli",,2019,https://cloud-ng.baliprov.go.id/dpma/2022/02/PERDA-NOMOR-4-TAHUN-2019-TTG-DESA-ADAT-DI-BALI.pdf
Tingkadbatu,"Kecamatan Tembuku, Kabupaten Bangli",,2019,https://cloud-ng.baliprov.go.id/dpma/2022/02/PERDA-NOMOR-4-TAHUN-2019-TTG-DESA-ADAT-DI-BALI.pdf
Sama Undisan,"Kecamatan Tembuku, Kabupaten Bangli",,2019,https://cloud-ng.baliprov.go.id/dpma/2022/02/PERDA-NOMOR-4-TAHUN-2019-TTG-DESA-ADAT-DI-BALI.pdf
Tambahan,"Kecamatan Tembuku, Kabupaten Bangli",,2019,https://cloud-ng.baliprov.go.id/dpma/2022/02/PERDA-NOMOR-4-TAHUN-2019-TTG-DESA-ADAT-DI-BALI.pdf
Geria Kelempung,"Kecamatan Tembuku, Kabupaten Bangli",,2019,https://cloud-ng.baliprov.go.id/dpma/2022/02/PERDA-NOMOR-4-TAHUN-2019-TTG-DESA-ADAT-DI-BALI.pdf
Galiran,"Kecamatan Tembuku, Kabupaten Bangli",,2019,https://cloud-ng.baliprov.go.id/dpma/2022/02/PERDA-NOMOR-4-TAHUN-2019-TTG-DESA-ADAT-DI-BALI.pdf
Antugan,"Kecamatan Tembuku, Kabupaten Bangli",,2019,https://cloud-ng.baliprov.go.id/dpma/2022/02/PERDA-NOMOR-4-TAHUN-2019-TTG-DESA-ADAT-DI-BALI.pdf
Sama Geria,"Kecamatan Tembuku, Kabupaten Bangli",,2019,https://cloud-ng.baliprov.go.id/dpma/2022/02/PERDA-NOMOR-4-TAHUN-2019-TTG-DESA-ADAT-DI-BALI.pdf
Kaulan Dewa Jehem Kelod,"Kecamatan Tembuku, Kabupaten Bangli",,2019,https://cloud-ng.baliprov.go.id/dpma/2022/02/PERDA-NOMOR-4-TAHUN-2019-TTG-DESA-ADAT-DI-BALI.pdf
Tabunan,"Kecamatan Tembuku, Kabupaten Bangli",,2019,https://cloud-ng.baliprov.go.id/dpma/2022/02/PERDA-NOMOR-4-TAHUN-2019-TTG-DESA-ADAT-DI-BALI.pdf
Undisan Kaja,"Kecamatan Tembuku, Kabupaten Bangli",,2019,https://cloud-ng.baliprov.go.id/dpma/2022/02/PERDA-NOMOR-4-TAHUN-2019-TTG-DESA-ADAT-DI-BALI.pdf
Undisan Kelod,"Kecamatan Tembuku, Kabupaten Bangli",,2019,https://cloud-ng.baliprov.go.id/dpma/2022/02/PERDA-NOMOR-4-TAHUN-2019-TTG-DESA-ADAT-DI-BALI.pdf
Sekaan,"Kecamatan Tembuku, Kabupaten Bangli",,2019,https://cloud-ng.baliprov.go.id/dpma/2022/02/PERDA-NOMOR-4-TAHUN-2019-TTG-DESA-ADAT-DI-BALI.pdf
Bangbang,"Kecamatan Tembuku, Kabupaten Bangli",,2019,https://cloud-ng.baliprov.go.id/dpma/2022/02/PERDA-NOMOR-4-TAHUN-2019-TTG-DESA-ADAT-DI-BALI.pdf
Cepunggung,"Kecamatan Tembuku, Kabupaten Bangli",,2019,https://cloud-ng.baliprov.go.id/dpma/2022/02/PERDA-NOMOR-4-TAHUN-2019-TTG-DESA-ADAT-DI-BALI.pdf
Bangkiangsidem,"Kecamatan Tembuku, Kabupaten Bangli",,2019,https://cloud-ng.baliprov.go.id/dpma/2022/02/PERDA-NOMOR-4-TAHUN-2019-TTG-DESA-ADAT-DI-BALI.pdf
Nyanglan Kaja,"Kecamatan Tembuku, Kabupaten Bangli",,2019,https://cloud-ng.baliprov.go.id/dpma/2022/02/PERDA-NOMOR-4-TAHUN-2019-TTG-DESA-ADAT-DI-BALI.pdf
Metra,"Kecamatan Tembuku, Kabupaten Bangli",,2019,https://cloud-ng.baliprov.go.id/dpma/2022/02/PERDA-NOMOR-4-TAHUN-2019-TTG-DESA-ADAT-DI-BALI.pdf
Yangapi,"Kecamatan Tembuku, Kabupaten Bangli",,2019,https://cloud-ng.baliprov.go.id/dpma/2022/02/PERDA-NOMOR-4-TAHUN-2019-TTG-DESA-ADAT-DI-BALI.pdf
Umbalan,"Kecamatan Tembuku, Kabupaten Bangli",,2019,https://cloud-ng.baliprov.go.id/dpma/2022/02/PERDA-NOMOR-4-TAHUN-2019-TTG-DESA-ADAT-DI-BALI.pdf
Penida Kaja,"Kecamatan Tembuku, Kabupaten Bangli",,2019,https://cloud-ng.baliprov.go.id/dpma/2022/02/PERDA-NOMOR-4-TAHUN-2019-TTG-DESA-ADAT-DI-BALI.pdf
Kedui,"Kecamatan Tembuku, Kabupaten Bangli",,2019,https://cloud-ng.baliprov.go.id/dpma/2022/02/PERDA-NOMOR-4-TAHUN-2019-TTG-DESA-ADAT-DI-BALI.pdf
Tembuku Kaja,"Kecamatan Tembuku, Kabupaten Bangli",,2019,https://cloud-ng.baliprov.go.id/dpma/2022/02/PERDA-NOMOR-4-TAHUN-2019-TTG-DESA-ADAT-DI-BALI.pdf
Tegalasah Kelod,"Kecamatan Tembuku, Kabupaten Bangli",,2019,https://cloud-ng.baliprov.go.id/dpma/2022/02/PERDA-NOMOR-4-TAHUN-2019-TTG-DESA-ADAT-DI-BALI.pdf
Tembuku Kelod,"Kecamatan Tembuku, Kabupaten Bangli",,2019,https://cloud-ng.baliprov.go.id/dpma/2022/02/PERDA-NOMOR-4-TAHUN-2019-TTG-DESA-ADAT-DI-BALI.pdf
Tegalasah Kaja,"Kecamatan Tembuku, Kabupaten Bangli",,2019,https://cloud-ng.baliprov.go.id/dpma/2022/02/PERDA-NOMOR-4-TAHUN-2019-TTG-DESA-ADAT-DI-BALI.pdf
Penida Kelod,"Kecamatan Tembuku, Kabupaten Bangli",,2019,https://cloud-ng.baliprov.go.id/dpma/2022/02/PERDA-NOMOR-4-TAHUN-2019-TTG-DESA-ADAT-DI-BALI.pdf
Penarukan,"Kecamatan Tembuku, Kabupaten Bangli",,2019,https://cloud-ng.baliprov.go.id/dpma/2022/02/PERDA-NOMOR-4-TAHUN-2019-TTG-DESA-ADAT-DI-BALI.pdf
Karang Suung Kelod,"Kecamatan Tembuku, Kabupaten Bangli",,2019,https://cloud-ng.baliprov.go.id/dpma/2022/02/PERDA-NOMOR-4-TAHUN-2019-TTG-DESA-ADAT-DI-BALI.pdf
Peninjoan,"Kecamatan Tembuku, Kabupaten Bangli",,2019,https://cloud-ng.baliprov.go.id/dpma/2022/02/PERDA-NOMOR-4-TAHUN-2019-TTG-DESA-ADAT-DI-BALI.pdf
Tampuagan,"Kecamatan Tembuku, Kabupaten Bangli",,2019,https://cloud-ng.baliprov.go.id/dpma/2022/02/PERDA-NOMOR-4-TAHUN-2019-TTG-DESA-ADAT-DI-BALI.pdf
Kebon,"Kecamatan Tembuku, Kabupaten Bangli",,2019,https://cloud-ng.baliprov.go.id/dpma/2022/02/PERDA-NOMOR-4-TAHUN-2019-TTG-DESA-ADAT-DI-BALI.pdf
Bengang,"Kecamatan Tembuku, Kabupaten Bangli",,2019,https://cloud-ng.baliprov.go.id/dpma/2022/02/PERDA-NOMOR-4-TAHUN-2019-TTG-DESA-ADAT-DI-BALI.pdf
Payuk,"Kecamatan Tembuku, Kabupaten Bangli",,2019,https://cloud-ng.baliprov.go.id/dpma/2022/02/PERDA-NOMOR-4-TAHUN-2019-TTG-DESA-ADAT-DI-BALI.pdf
Manikaji,"Kecamatan Tembuku, Kabupaten Bangli",,2019,https://cloud-ng.baliprov.go.id/dpma/2022/02/PERDA-NOMOR-4-TAHUN-2019-TTG-DESA-ADAT-DI-BALI.pdf
Karang Suung Kaja,"Kecamatan Tembuku, Kabupaten Bangli",,2019,https://cloud-ng.baliprov.go.id/dpma/2022/02/PERDA-NOMOR-4-TAHUN-2019-TTG-DESA-ADAT-DI-BALI.pdf
Pulesari,"Kecamatan Tembuku, Kabupaten Bangli",,2019,https://cloud-ng.baliprov.go.id/dpma/2022/02/PERDA-NOMOR-4-TAHUN-2019-TTG-DESA-ADAT-DI-BALI.pdf
Awan,"Kecamatan Kintamani, Kabupaten Bangli",,2019,https://cloud-ng.baliprov.go.id/dpma/2022/02/PERDA-NOMOR-4-TAHUN-2019-TTG-DESA-ADAT-DI-BALI.pdf
Abangsongan,"Kecamatan Kintamani, Kabupaten Bangli",,2019,https://cloud-ng.baliprov.go.id/dpma/2022/02/PERDA-NOMOR-4-TAHUN-2019-TTG-DESA-ADAT-DI-BALI.pdf
Abang Batudinding,"Kecamatan Kintamani, Kabupaten Bangli",,2019,https://cloud-ng.baliprov.go.id/dpma/2022/02/PERDA-NOMOR-4-TAHUN-2019-TTG-DESA-ADAT-DI-BALI.pdf
Abuan,"Kecamatan Kintamani, Kabupaten Bangli",,2019,https://cloud-ng.baliprov.go.id/dpma/2022/02/PERDA-NOMOR-4-TAHUN-2019-TTG-DESA-ADAT-DI-BALI.pdf
Bayunggede,"Kecamatan Kintamani, Kabupaten Bangli",,2019,https://cloud-ng.baliprov.go.id/dpma/2022/02/PERDA-NOMOR-4-TAHUN-2019-TTG-DESA-ADAT-DI-BALI.pdf
Bayung Cerik,"Kecamatan Kintamani, Kabupaten Bangli",,2019,https://cloud-ng.baliprov.go.id/dpma/2022/02/PERDA-NOMOR-4-TAHUN-2019-TTG-DESA-ADAT-DI-BALI.pdf
Belancan,"Kecamatan Kintamani, Kabupaten Bangli",,2019,https://cloud-ng.baliprov.go.id/dpma/2022/02/PERDA-NOMOR-4-TAHUN-2019-TTG-DESA-ADAT-DI-BALI.pdf
Bukih,"Kecamatan Kintamani, Kabupaten Bangli",,2019,https://cloud-ng.baliprov.go.id/dpma/2022/02/PERDA-NOMOR-4-TAHUN-2019-TTG-DESA-ADAT-DI-BALI.pdf
Batukaang,"Kecamatan Kintamani, Kabupaten Bangli",,2019,https://cloud-ng.baliprov.go.id/dpma/2022/02/PERDA-NOMOR-4-TAHUN-2019-TTG-DESA-ADAT-DI-BALI.pdf
Bunutin,"Kecamatan Kintamani, Kabupaten Bangli",,2019,https://cloud-ng.baliprov.go.id/dpma/2022/02/PERDA-NOMOR-4-TAHUN-2019-TTG-DESA-ADAT-DI-BALI.pdf
Binyan,"Kecamatan Kintamani, Kabupaten Bangli",,2019,https://cloud-ng.baliprov.go.id/dpma/2022/02/PERDA-NOMOR-4-TAHUN-2019-TTG-DESA-ADAT-DI-BALI.pdf
Belanga,"Kecamatan Kintamani, Kabupaten Bangli",,2019,https://cloud-ng.baliprov.go.id/dpma/2022/02/PERDA-NOMOR-4-TAHUN-2019-TTG-DESA-ADAT-DI-BALI.pdf
Bantang,"Kecamatan Kintamani, Kabupaten Bangli",,2019,https://cloud-ng.baliprov.go.id/dpma/2022/02/PERDA-NOMOR-4-TAHUN-2019-TTG-DESA-ADAT-DI-BALI.pdf
Panti,"Kecamatan Kintamani, Kabupaten Bangli",,2019,https://cloud-ng.baliprov.go.id/dpma/2022/02/PERDA-NOMOR-4-TAHUN-2019-TTG-DESA-ADAT-DI-BALI.pdf
Selulung,"Kecamatan Kintamani, Kabupaten Bangli",,2019,https://cloud-ng.baliprov.go.id/dpma/2022/02/PERDA-NOMOR-4-TAHUN-2019-TTG-DESA-ADAT-DI-BALI.pdf
Bonyoh,"Kecamatan Kintamani, Kabupaten Bangli",,2019,https://cloud-ng.baliprov.go.id/dpma/2022/02/PERDA-NOMOR-4-TAHUN-2019-TTG-DESA-ADAT-DI-BALI.pdf
Binyan (buahan),"Kecamatan Kintamani, Kabupaten Bangli",,2019,https://cloud-ng.baliprov.go.id/dpma/2022/02/PERDA-NOMOR-4-TAHUN-2019-TTG-DESA-ADAT-DI-BALI.pdf
Buahan,"Kecamatan Kintamani, Kabupaten Bangli",,2019,https://cloud-ng.baliprov.go.id/dpma/2022/02/PERDA-NOMOR-4-TAHUN-2019-TTG-DESA-ADAT-DI-BALI.pdf
Belandingan,"Kecamatan Kintamani, Kabupaten Bangli",,2019,https://cloud-ng.baliprov.go.id/dpma/2022/02/PERDA-NOMOR-4-TAHUN-2019-TTG-DESA-ADAT-DI-BALI.pdf
Banua,"Kecamatan Kintamani, Kabupaten Bangli",,2019,https://cloud-ng.baliprov.go.id/dpma/2022/02/PERDA-NOMOR-4-TAHUN-2019-TTG-DESA-ADAT-DI-BALI.pdf
Batur,"Kecamatan Kintamani, Kabupaten Bangli",,2019,https://cloud-ng.baliprov.go.id/dpma/2022/02/PERDA-NOMOR-4-TAHUN-2019-TTG-DESA-ADAT-DI-BALI.pdf
Catur,"Kecamatan Kintamani, Kabupaten Bangli",,2019,https://cloud-ng.baliprov.go.id/dpma/2022/02/PERDA-NOMOR-4-TAHUN-2019-TTG-DESA-ADAT-DI-BALI.pdf
Daup,"Kecamatan Kintamani, Kabupaten Bangli",,2019,https://cloud-ng.baliprov.go.id/dpma/2022/02/PERDA-NOMOR-4-TAHUN-2019-TTG-DESA-ADAT-DI-BALI.pdf
Dausa,"Kecamatan Kintamani, Kabupaten Bangli",,2019,https://cloud-ng.baliprov.go.id/dpma/2022/02/PERDA-NOMOR-4-TAHUN-2019-TTG-DESA-ADAT-DI-BALI.pdf
Cenigaan,"Kecamatan Kintamani, Kabupaten Bangli",,2019,https://cloud-ng.baliprov.go.id/dpma/2022/02/PERDA-NOMOR-4-TAHUN-2019-TTG-DESA-ADAT-DI-BALI.pdf
Lateng,"Kecamatan Kintamani, Kabupaten Bangli",,2019,https://cloud-ng.baliprov.go.id/dpma/2022/02/PERDA-NOMOR-4-TAHUN-2019-TTG-DESA-ADAT-DI-BALI.pdf
Gunung Bau,"Kecamatan Kintamani, Kabupaten Bangli",,2019,https://cloud-ng.baliprov.go.id/dpma/2022/02/PERDA-NOMOR-4-TAHUN-2019-TTG-DESA-ADAT-DI-BALI.pdf
Katung,"Kecamatan Kintamani, Kabupaten Bangli",,2019,https://cloud-ng.baliprov.go.id/dpma/2022/02/PERDA-NOMOR-4-TAHUN-2019-TTG-DESA-ADAT-DI-BALI.pdf
Kutuh,"Kecamatan Kintamani, Kabupaten Bangli",,2019,https://cloud-ng.baliprov.go.id/dpma/2022/02/PERDA-NOMOR-4-TAHUN-2019-TTG-DESA-ADAT-DI-BALI.pdf
Angansari,"Kecamatan Kintamani, Kabupaten Bangli",,2019,https://cloud-ng.baliprov.go.id/dpma/2022/02/PERDA-NOMOR-4-TAHUN-2019-TTG-DESA-ADAT-DI-BALI.pdf
Kintamani,"Kecamatan Kintamani, Kabupaten Bangli",,2019,https://cloud-ng.baliprov.go.id/dpma/2022/02/PERDA-NOMOR-4-TAHUN-2019-TTG-DESA-ADAT-DI-BALI.pdf
Glagalinggah,"Kecamatan Kintamani, Kabupaten Bangli",,2019,https://cloud-ng.baliprov.go.id/dpma/2022/02/PERDA-NOMOR-4-TAHUN-2019-TTG-DESA-ADAT-DI-BALI.pdf
Kayukapas,"Kecamatan Kintamani, Kabupaten Bangli",,2019,https://cloud-ng.baliprov.go.id/dpma/2022/02/PERDA-NOMOR-4-TAHUN-2019-TTG-DESA-ADAT-DI-BALI.pdf
Kedisan,"Kecamatan Kintamani, Kabupaten Bangli",,2019,https://cloud-ng.baliprov.go.id/dpma/2022/02/PERDA-NOMOR-4-TAHUN-2019-TTG-DESA-ADAT-DI-BALI.pdf
Langgahan,"Kecamatan Kintamani, Kabupaten Bangli",,2019,https://cloud-ng.baliprov.go.id/dpma/2022/02/PERDA-NOMOR-4-TAHUN-2019-TTG-DESA-ADAT-DI-BALI.pdf
Lembean,"Kecamatan Kintamani, Kabupaten Bangli",,2019,https://cloud-ng.baliprov.go.id/dpma/2022/02/PERDA-NOMOR-4-TAHUN-2019-TTG-DESA-ADAT-DI-BALI.pdf
Mangguh,"Kecamatan Kintamani, Kabupaten Bangli",,2019,https://cloud-ng.baliprov.go.id/dpma/2022/02/PERDA-NOMOR-4-TAHUN-2019-TTG-DESA-ADAT-DI-BALI.pdf
Manikliyu,"Kecamatan Kintamani, Kabupaten Bangli",,2019,https://cloud-ng.baliprov.go.id/dpma/2022/02/PERDA-NOMOR-4-TAHUN-2019-TTG-DESA-ADAT-DI-BALI.pdf
Pinggan,"Kecamatan Kintamani, Kabupaten Bangli",,2019,https://cloud-ng.baliprov.go.id/dpma/2022/02/PERDA-NOMOR-4-TAHUN-2019-TTG-DESA-ADAT-DI-BALI.pdf
Mengani,"Kecamatan Kintamani, Kabupaten Bangli",,2019,https://cloud-ng.baliprov.go.id/dpma/2022/02/PERDA-NOMOR-4-TAHUN-2019-TTG-DESA-ADAT-DI-BALI.pdf
Pengejaran,"Kecamatan Kintamani, Kabupaten Bangli",,2019,https://cloud-ng.baliprov.go.id/dpma/2022/02/PERDA-NOMOR-4-TAHUN-2019-TTG-DESA-ADAT-DI-BALI.pdf
Sekaan,"Kecamatan Kintamani, Kabupaten Bangli",,2019,https://cloud-ng.baliprov.go.id/dpma/2022/02/PERDA-NOMOR-4-TAHUN-2019-TTG-DESA-ADAT-DI-BALI.pdf
Serai,"Kecamatan Kintamani, Kabupaten Bangli",,2019,https://cloud-ng.baliprov.go.id/dpma/2022/02/PERDA-NOMOR-4-TAHUN-2019-TTG-DESA-ADAT-DI-BALI.pdf
Satra,"Kecamatan Kintamani, Kabupaten Bangli",,2019,https://cloud-ng.baliprov.go.id/dpma/2022/02/PERDA-NOMOR-4-TAHUN-2019-TTG-DESA-ADAT-DI-BALI.pdf
Sanda,"Kecamatan Kintamani, Kabupaten Bangli",,2019,https://cloud-ng.baliprov.go.id/dpma/2022/02/PERDA-NOMOR-4-TAHUN-2019-TTG-DESA-ADAT-DI-BALI.pdf
Tanah Embut,"Kecamatan Kintamani, Kabupaten Bangli",,2019,https://cloud-ng.baliprov.go.id/dpma/2022/02/PERDA-NOMOR-4-TAHUN-2019-TTG-DESA-ADAT-DI-BALI.pdf
Batupalah,"Kecamatan Kintamani, Kabupaten Bangli",,2019,https://cloud-ng.baliprov.go.id/dpma/2022/02/PERDA-NOMOR-4-TAHUN-2019-TTG-DESA-ADAT-DI-BALI.pdf
Kembangsari,"Kecamatan Kintamani, Kabupaten Bangli",,2019,https://cloud-ng.baliprov.go.id/dpma/2022/02/PERDA-NOMOR-4-TAHUN-2019-TTG-DESA-ADAT-DI-BALI.pdf
Tanah Gambir,"Kecamatan Kintamani, Kabupaten Bangli",,2019,https://cloud-ng.baliprov.go.id/dpma/2022/02/PERDA-NOMOR-4-TAHUN-2019-TTG-DESA-ADAT-DI-BALI.pdf
Kubusalya,"Kecamatan Kintamani, Kabupaten Bangli",,2019,https://cloud-ng.baliprov.go.id/dpma/2022/02/PERDA-NOMOR-4-TAHUN-2019-TTG-DESA-ADAT-DI-BALI.pdf
Sukawana,"Kecamatan Kintamani, Kabupaten Bangli",,2019,https://cloud-ng.baliprov.go.id/dpma/2022/02/PERDA-NOMOR-4-TAHUN-2019-TTG-DESA-ADAT-DI-BALI.pdf
Kuum,"Kecamatan Kintamani, Kabupaten Bangli",,2019,https://cloud-ng.baliprov.go.id/dpma/2022/02/PERDA-NOMOR-4-TAHUN-2019-TTG-DESA-ADAT-DI-BALI.pdf
Bukitsari,"Kecamatan Kintamani, Kabupaten Bangli",,2019,https://cloud-ng.baliprov.go.id/dpma/2022/02/PERDA-NOMOR-4-TAHUN-2019-TTG-DESA-ADAT-DI-BALI.pdf
Songan,"Kecamatan Kintamani, Kabupaten Bangli",,2019,https://cloud-ng.baliprov.go.id/dpma/2022/02/PERDA-NOMOR-4-TAHUN-2019-TTG-DESA-ADAT-DI-BALI.pdf
Subaya,"Kecamatan Kintamani, Kabupaten Bangli",,2019,https://cloud-ng.baliprov.go.id/dpma/2022/02/PERDA-NOMOR-4-TAHUN-2019-TTG-DESA-ADAT-DI-BALI.pdf
Siakin,"Kecamatan Kintamani, Kabupaten Bangli",,2019,https://cloud-ng.baliprov.go.id/dpma/2022/02/PERDA-NOMOR-4-TAHUN-2019-TTG-DESA-ADAT-DI-BALI.pdf
Batih,"Kecamatan Kintamani, Kabupaten Bangli",,2019,https://cloud-ng.baliprov.go.id/dpma/2022/02/PERDA-NOMOR-4-TAHUN-2019-TTG-DESA-ADAT-DI-BALI.pdf
Sekardadi,"Kecamatan Kintamani, Kabupaten Bangli",,2019,https://cloud-ng.baliprov.go.id/dpma/2022/02/PERDA-NOMOR-4-TAHUN-2019-TTG-DESA-ADAT-DI-BALI.pdf
Suter,"Kecamatan Kintamani, Kabupaten Bangli",,2019,https://cloud-ng.baliprov.go.id/dpma/2022/02/PERDA-NOMOR-4-TAHUN-2019-TTG-DESA-ADAT-DI-BALI.pdf
Terunyan,"Kecamatan Kintamani, Kabupaten Bangli",,2019,https://cloud-ng.baliprov.go.id/dpma/2022/02/PERDA-NOMOR-4-TAHUN-2019-TTG-DESA-ADAT-DI-BALI.pdf
Ulian,"Kecamatan Kintamani, Kabupaten Bangli",,2019,https://cloud-ng.baliprov.go.id/dpma/2022/02/PERDA-NOMOR-4-TAHUN-2019-TTG-DESA-ADAT-DI-BALI.pdf
Pecatu,"Kecamatan Kuta Selatan, Kabupaten Badung",,2019,https://cloud-ng.baliprov.go.id/dpma/2022/02/PERDA-NOMOR-4-TAHUN-2019-TTG-DESA-ADAT-DI-BALI.pdf
Unggasan,"Kecamatan Kuta Selatan, Kabupaten Badung",,2019,https://cloud-ng.baliprov.go.id/dpma/2022/02/PERDA-NOMOR-4-TAHUN-2019-TTG-DESA-ADAT-DI-BALI.pdf
Kutuh,"Kecamatan Kuta Selatan, Kabupaten Badung",,2019,https://cloud-ng.baliprov.go.id/dpma/2022/02/PERDA-NOMOR-4-TAHUN-2019-TTG-DESA-ADAT-DI-BALI.pdf
Jimbaran,"Kecamatan Kuta Selatan, Kabupaten Badung",,2019,https://cloud-ng.baliprov.go.id/dpma/2022/02/PERDA-NOMOR-4-TAHUN-2019-TTG-DESA-ADAT-DI-BALI.pdf
Tanjung Benoa,"Kecamatan Kuta Selatan, Kabupaten Badung",,2019,https://cloud-ng.baliprov.go.id/dpma/2022/02/PERDA-NOMOR-4-TAHUN-2019-TTG-DESA-ADAT-DI-BALI.pdf
Tengkulung,"Kecamatan Kuta Selatan, Kabupaten Badung",,2019,https://cloud-ng.baliprov.go.id/dpma/2022/02/PERDA-NOMOR-4-TAHUN-2019-TTG-DESA-ADAT-DI-BALI.pdf
Kampial,"Kecamatan Kuta Selatan, Kabupaten Badung",,2019,https://cloud-ng.baliprov.go.id/dpma/2022/02/PERDA-NOMOR-4-TAHUN-2019-TTG-DESA-ADAT-DI-BALI.pdf
Peminge,"Kecamatan Kuta Selatan, Kabupaten Badung",,2019,https://cloud-ng.baliprov.go.id/dpma/2022/02/PERDA-NOMOR-4-TAHUN-2019-TTG-DESA-ADAT-DI-BALI.pdf
Bualu,"Kecamatan Kuta Selatan, Kabupaten Badung",,2019,https://cloud-ng.baliprov.go.id/dpma/2022/02/PERDA-NOMOR-4-TAHUN-2019-TTG-DESA-ADAT-DI-BALI.pdf
Seminyak,"Kecamatan Kuta, Kabupaten Badung",,2019,https://cloud-ng.baliprov.go.id/dpma/2022/02/PERDA-NOMOR-4-TAHUN-2019-TTG-DESA-ADAT-DI-BALI.pdf
Legian,"Kecamatan Kuta, Kabupaten Badung",,2019,https://cloud-ng.baliprov.go.id/dpma/2022/02/PERDA-NOMOR-4-TAHUN-2019-TTG-DESA-ADAT-DI-BALI.pdf
Kuta,"Kecamatan Kuta, Kabupaten Badung",,2019,https://cloud-ng.baliprov.go.id/dpma/2022/02/PERDA-NOMOR-4-TAHUN-2019-TTG-DESA-ADAT-DI-BALI.pdf
Tuban,"Kecamatan Kuta, Kabupaten Badung",,2019,https://cloud-ng.baliprov.go.id/dpma/2022/02/PERDA-NOMOR-4-TAHUN-2019-TTG-DESA-ADAT-DI-BALI.pdf
Kelan,"Kecamatan Kuta, Kabupaten Badung",,2019,https://cloud-ng.baliprov.go.id/dpma/2022/02/PERDA-NOMOR-4-TAHUN-2019-TTG-DESA-ADAT-DI-BALI.pdf
Kedonganan,"Kecamatan Kuta, Kabupaten Badung",,2019,https://cloud-ng.baliprov.go.id/dpma/2022/02/PERDA-NOMOR-4-TAHUN-2019-TTG-DESA-ADAT-DI-BALI.pdf
Padonan,"Kecamatan Kuta Utara, Kabupaten Badung",,2019,https://cloud-ng.baliprov.go.id/dpma/2022/02/PERDA-NOMOR-4-TAHUN-2019-TTG-DESA-ADAT-DI-BALI.pdf
Tandeg,"Kecamatan Kuta Utara, Kabupaten Badung",,2019,https://cloud-ng.baliprov.go.id/dpma/2022/02/PERDA-NOMOR-4-TAHUN-2019-TTG-DESA-ADAT-DI-BALI.pdf
Berawa,"Kecamatan Kuta Utara, Kabupaten Badung",,2019,https://cloud-ng.baliprov.go.id/dpma/2022/02/PERDA-NOMOR-4-TAHUN-2019-TTG-DESA-ADAT-DI-BALI.pdf
Canggu,"Kecamatan Kuta Utara, Kabupaten Badung",,2019,https://cloud-ng.baliprov.go.id/dpma/2022/02/PERDA-NOMOR-4-TAHUN-2019-TTG-DESA-ADAT-DI-BALI.pdf
Tuka,"Kecamatan Kuta Utara, Kabupaten Badung",,2019,https://cloud-ng.baliprov.go.id/dpma/2022/02/PERDA-NOMOR-4-TAHUN-2019-TTG-DESA-ADAT-DI-BALI.pdf
Dalung,"Kecamatan Kuta Utara, Kabupaten Badung",,2019,https://cloud-ng.baliprov.go.id/dpma/2022/02/PERDA-NOMOR-4-TAHUN-2019-TTG-DESA-ADAT-DI-BALI.pdf
Padangluwih,"Kecamatan Kuta Utara, Kabupaten Badung",,2019,https://cloud-ng.baliprov.go.id/dpma/2022/02/PERDA-NOMOR-4-TAHUN-2019-TTG-DESA-ADAT-DI-BALI.pdf
Kerobokan,"Kecamatan Kuta Utara, Kabupaten Badung",,2019,https://cloud-ng.baliprov.go.id/dpma/2022/02/PERDA-NOMOR-4-TAHUN-2019-TTG-DESA-ADAT-DI-BALI.pdf
Cemagi,"Kecamatan Mengwi, Kabupaten Badung",,2019,https://cloud-ng.baliprov.go.id/dpma/2022/02/PERDA-NOMOR-4-TAHUN-2019-TTG-DESA-ADAT-DI-BALI.pdf
Seseh,"Kecamatan Mengwi, Kabupaten Badung",,2019,https://cloud-ng.baliprov.go.id/dpma/2022/02/PERDA-NOMOR-4-TAHUN-2019-TTG-DESA-ADAT-DI-BALI.pdf
Mengening,"Kecamatan Mengwi, Kabupaten Badung",,2019,https://cloud-ng.baliprov.go.id/dpma/2022/02/PERDA-NOMOR-4-TAHUN-2019-TTG-DESA-ADAT-DI-BALI.pdf
Sogsogan,"Kecamatan Mengwi, Kabupaten Badung",,2019,https://cloud-ng.baliprov.go.id/dpma/2022/02/PERDA-NOMOR-4-TAHUN-2019-TTG-DESA-ADAT-DI-BALI.pdf
Munggu,"Kecamatan Mengwi, Kabupaten Badung",,2019,https://cloud-ng.baliprov.go.id/dpma/2022/02/PERDA-NOMOR-4-TAHUN-2019-TTG-DESA-ADAT-DI-BALI.pdf
Pande Munggu,"Kecamatan Mengwi, Kabupaten Badung",,2019,https://cloud-ng.baliprov.go.id/dpma/2022/02/PERDA-NOMOR-4-TAHUN-2019-TTG-DESA-ADAT-DI-BALI.pdf
Kertha Bujangga,"Kecamatan Mengwi, Kabupaten Badung",,2019,https://cloud-ng.baliprov.go.id/dpma/2022/02/PERDA-NOMOR-4-TAHUN-2019-TTG-DESA-ADAT-DI-BALI.pdf
Pererenan,"Kecamatan Mengwi, Kabupaten Badung",,2019,https://cloud-ng.baliprov.go.id/dpma/2022/02/PERDA-NOMOR-4-TAHUN-2019-TTG-DESA-ADAT-DI-BALI.pdf
Tumbak Bayuh,"Kecamatan Mengwi, Kabupaten Badung",,2019,https://cloud-ng.baliprov.go.id/dpma/2022/02/PERDA-NOMOR-4-TAHUN-2019-TTG-DESA-ADAT-DI-BALI.pdf
Buduk,"Kecamatan Mengwi, Kabupaten Badung",,2019,https://cloud-ng.baliprov.go.id/dpma/2022/02/PERDA-NOMOR-4-TAHUN-2019-TTG-DESA-ADAT-DI-BALI.pdf
Kekeran,"Kecamatan Mengwi, Kabupaten Badung",,2019,https://cloud-ng.baliprov.go.id/dpma/2022/02/PERDA-NOMOR-4-TAHUN-2019-TTG-DESA-ADAT-DI-BALI.pdf
Beringkit,"Kecamatan Mengwi, Kabupaten Badung",,2019,https://cloud-ng.baliprov.go.id/dpma/2022/02/PERDA-NOMOR-4-TAHUN-2019-TTG-DESA-ADAT-DI-BALI.pdf
Mengwitani,"Kecamatan Mengwi, Kabupaten Badung",,2019,https://cloud-ng.baliprov.go.id/dpma/2022/02/PERDA-NOMOR-4-TAHUN-2019-TTG-DESA-ADAT-DI-BALI.pdf
Mengwi,"Kecamatan Mengwi, Kabupaten Badung",,2019,https://cloud-ng.baliprov.go.id/dpma/2022/02/PERDA-NOMOR-4-TAHUN-2019-TTG-DESA-ADAT-DI-BALI.pdf
Gulingan,"Kecamatan Mengwi, Kabupaten Badung",,2019,https://cloud-ng.baliprov.go.id/dpma/2022/02/PERDA-NOMOR-4-TAHUN-2019-TTG-DESA-ADAT-DI-BALI.pdf
Penarungan,"Kecamatan Mengwi, Kabupaten Badung",,2019,https://cloud-ng.baliprov.go.id/dpma/2022/02/PERDA-NOMOR-4-TAHUN-2019-TTG-DESA-ADAT-DI-BALI.pdf
Cemenggon,"Kecamatan Mengwi, Kabupaten Badung",,2019,https://cloud-ng.baliprov.go.id/dpma/2022/02/PERDA-NOMOR-4-TAHUN-2019-TTG-DESA-ADAT-DI-BALI.pdf
Banjarsayan,"Kecamatan Mengwi, Kabupaten Badung",,2019,https://cloud-ng.baliprov.go.id/dpma/2022/02/PERDA-NOMOR-4-TAHUN-2019-TTG-DESA-ADAT-DI-BALI.pdf
Denkayu,"Kecamatan Mengwi, Kabupaten Badung",,2019,https://cloud-ng.baliprov.go.id/dpma/2022/02/PERDA-NOMOR-4-TAHUN-2019-TTG-DESA-ADAT-DI-BALI.pdf
Baha,"Kecamatan Mengwi, Kabupaten Badung",,2019,https://cloud-ng.baliprov.go.id/dpma/2022/02/PERDA-NOMOR-4-TAHUN-2019-TTG-DESA-ADAT-DI-BALI.pdf
Cengkok,"Kecamatan Mengwi, Kabupaten Badung",,2019,https://cloud-ng.baliprov.go.id/dpma/2022/02/PERDA-NOMOR-4-TAHUN-2019-TTG-DESA-ADAT-DI-BALI.pdf
Sobangan,"Kecamatan Mengwi, Kabupaten Badung",,2019,https://cloud-ng.baliprov.go.id/dpma/2022/02/PERDA-NOMOR-4-TAHUN-2019-TTG-DESA-ADAT-DI-BALI.pdf
Dukuh Moncos,"Kecamatan Mengwi, Kabupaten Badung",,2019,https://cloud-ng.baliprov.go.id/dpma/2022/02/PERDA-NOMOR-4-TAHUN-2019-TTG-DESA-ADAT-DI-BALI.pdf
Sembung,"Kecamatan Mengwi, Kabupaten Badung",,2019,https://cloud-ng.baliprov.go.id/dpma/2022/02/PERDA-NOMOR-4-TAHUN-2019-TTG-DESA-ADAT-DI-BALI.pdf
Sembung Sobangan,"Kecamatan Mengwi, Kabupaten Badung",,2019,https://cloud-ng.baliprov.go.id/dpma/2022/02/PERDA-NOMOR-4-TAHUN-2019-TTG-DESA-ADAT-DI-BALI.pdf
Karangenjung,"Kecamatan Mengwi, Kabupaten Badung",,2019,https://cloud-ng.baliprov.go.id/dpma/2022/02/PERDA-NOMOR-4-TAHUN-2019-TTG-DESA-ADAT-DI-BALI.pdf
Balangan,"Kecamatan Mengwi, Kabupaten Badung",,2019,https://cloud-ng.baliprov.go.id/dpma/2022/02/PERDA-NOMOR-4-TAHUN-2019-TTG-DESA-ADAT-DI-BALI.pdf
Kuwum Nyelati,"Kecamatan Mengwi, Kabupaten Badung",,2019,https://cloud-ng.baliprov.go.id/dpma/2022/02/PERDA-NOMOR-4-TAHUN-2019-TTG-DESA-ADAT-DI-BALI.pdf
Abianbase,"Kecamatan Mengwi, Kabupaten Badung",,2019,https://cloud-ng.baliprov.go.id/dpma/2022/02/PERDA-NOMOR-4-TAHUN-2019-TTG-DESA-ADAT-DI-BALI.pdf
Semate,"Kecamatan Mengwi, Kabupaten Badung",,2019,https://cloud-ng.baliprov.go.id/dpma/2022/02/PERDA-NOMOR-4-TAHUN-2019-TTG-DESA-ADAT-DI-BALI.pdf
Tangeb,"Kecamatan Mengwi, Kabupaten Badung",,2019,https://cloud-ng.baliprov.go.id/dpma/2022/02/PERDA-NOMOR-4-TAHUN-2019-TTG-DESA-ADAT-DI-BALI.pdf
Kapal,"Kecamatan Mengwi, Kabupaten Badung",,2019,https://cloud-ng.baliprov.go.id/dpma/2022/02/PERDA-NOMOR-4-TAHUN-2019-TTG-DESA-ADAT-DI-BALI.pdf
Sempidi,"Kecamatan Mengwi, Kabupaten Badung",,2019,https://cloud-ng.baliprov.go.id/dpma/2022/02/PERDA-NOMOR-4-TAHUN-2019-TTG-DESA-ADAT-DI-BALI.pdf
Kwanji,"Kecamatan Mengwi, Kabupaten Badung",,2019,https://cloud-ng.baliprov.go.id/dpma/2022/02/PERDA-NOMOR-4-TAHUN-2019-TTG-DESA-ADAT-DI-BALI.pdf
Sading,"Kecamatan Mengwi, Kabupaten Badung",,2019,https://cloud-ng.baliprov.go.id/dpma/2022/02/PERDA-NOMOR-4-TAHUN-2019-TTG-DESA-ADAT-DI-BALI.pdf
Lukluk,"Kecamatan Mengwi, Kabupaten Badung",,2019,https://cloud-ng.baliprov.go.id/dpma/2022/02/PERDA-NOMOR-4-TAHUN-2019-TTG-DESA-ADAT-DI-BALI.pdf
Perang,"Kecamatan Mengwi, Kabupaten Badung",,2019,https://cloud-ng.baliprov.go.id/dpma/2022/02/PERDA-NOMOR-4-TAHUN-2019-TTG-DESA-ADAT-DI-BALI.pdf
Anggungan,"Kecamatan Mengwi, Kabupaten Badung",,2019,https://cloud-ng.baliprov.go.id/dpma/2022/02/PERDA-NOMOR-4-TAHUN-2019-TTG-DESA-ADAT-DI-BALI.pdf
Sibangkaja,"Kecamatan Abiansemal, Kabupaten Badung",,2019,https://cloud-ng.baliprov.go.id/dpma/2022/02/PERDA-NOMOR-4-TAHUN-2019-TTG-DESA-ADAT-DI-BALI.pdf
Lambing Sibangkaja,"Kecamatan Abiansemal, Kabupaten Badung",,2019,https://cloud-ng.baliprov.go.id/dpma/2022/02/PERDA-NOMOR-4-TAHUN-2019-TTG-DESA-ADAT-DI-BALI.pdf
Sibanggede,"Kecamatan Abiansemal, Kabupaten Badung",,2019,https://cloud-ng.baliprov.go.id/dpma/2022/02/PERDA-NOMOR-4-TAHUN-2019-TTG-DESA-ADAT-DI-BALI.pdf
Angantaka,"Kecamatan Abiansemal, Kabupaten Badung",,2019,https://cloud-ng.baliprov.go.id/dpma/2022/02/PERDA-NOMOR-4-TAHUN-2019-TTG-DESA-ADAT-DI-BALI.pdf
Kekeran,"Kecamatan Abiansemal, Kabupaten Badung",,2019,https://cloud-ng.baliprov.go.id/dpma/2022/02/PERDA-NOMOR-4-TAHUN-2019-TTG-DESA-ADAT-DI-BALI.pdf
Bongkasa,"Kecamatan Abiansemal, Kabupaten Badung",,2019,https://cloud-ng.baliprov.go.id/dpma/2022/02/PERDA-NOMOR-4-TAHUN-2019-TTG-DESA-ADAT-DI-BALI.pdf
Kutaraga,"Kecamatan Abiansemal, Kabupaten Badung",,2019,https://cloud-ng.baliprov.go.id/dpma/2022/02/PERDA-NOMOR-4-TAHUN-2019-TTG-DESA-ADAT-DI-BALI.pdf
Karang Dalem,"Kecamatan Abiansemal, Kabupaten Badung",,2019,https://cloud-ng.baliprov.go.id/dpma/2022/02/PERDA-NOMOR-4-TAHUN-2019-TTG-DESA-ADAT-DI-BALI.pdf
Selat,"Kecamatan Abiansemal, Kabupaten Badung",,2019,https://cloud-ng.baliprov.go.id/dpma/2022/02/PERDA-NOMOR-4-TAHUN-2019-TTG-DESA-ADAT-DI-BALI.pdf
Mambal,"Kecamatan Abiansemal, Kabupaten Badung",,2019,https://cloud-ng.baliprov.go.id/dpma/2022/02/PERDA-NOMOR-4-TAHUN-2019-TTG-DESA-ADAT-DI-BALI.pdf
Baturning,"Kecamatan Abiansemal, Kabupaten Badung",,2019,https://cloud-ng.baliprov.go.id/dpma/2022/02/PERDA-NOMOR-4-TAHUN-2019-TTG-DESA-ADAT-DI-BALI.pdf
Semana,"Kecamatan Abiansemal, Kabupaten Badung",,2019,https://cloud-ng.baliprov.go.id/dpma/2022/02/PERDA-NOMOR-4-TAHUN-2019-TTG-DESA-ADAT-DI-BALI.pdf
Umahanyar,"Kecamatan Abiansemal, Kabupaten Badung",,2019,https://cloud-ng.baliprov.go.id/dpma/2022/02/PERDA-NOMOR-4-TAHUN-2019-TTG-DESA-ADAT-DI-BALI.pdf
Gerih,"Kecamatan Abiansemal, Kabupaten Badung",,2019,https://cloud-ng.baliprov.go.id/dpma/2022/02/PERDA-NOMOR-4-TAHUN-2019-TTG-DESA-ADAT-DI-BALI.pdf
Abiansemal,"Kecamatan Abiansemal, Kabupaten Badung",,2019,https://cloud-ng.baliprov.go.id/dpma/2022/02/PERDA-NOMOR-4-TAHUN-2019-TTG-DESA-ADAT-DI-BALI.pdf
Taman,"Kecamatan Abiansemal, Kabupaten Badung",,2019,https://cloud-ng.baliprov.go.id/dpma/2022/02/PERDA-NOMOR-4-TAHUN-2019-TTG-DESA-ADAT-DI-BALI.pdf
Batubayan,"Kecamatan Abiansemal, Kabupaten Badung",,2019,https://cloud-ng.baliprov.go.id/dpma/2022/02/PERDA-NOMOR-4-TAHUN-2019-TTG-DESA-ADAT-DI-BALI.pdf
Jempeng,"Kecamatan Abiansemal, Kabupaten Badung",,2019,https://cloud-ng.baliprov.go.id/dpma/2022/02/PERDA-NOMOR-4-TAHUN-2019-TTG-DESA-ADAT-DI-BALI.pdf
Punggul,"Kecamatan Abiansemal, Kabupaten Badung",,2019,https://cloud-ng.baliprov.go.id/dpma/2022/02/PERDA-NOMOR-4-TAHUN-2019-TTG-DESA-ADAT-DI-BALI.pdf
Sigaran,"Kecamatan Abiansemal, Kabupaten Badung",,2019,https://cloud-ng.baliprov.go.id/dpma/2022/02/PERDA-NOMOR-4-TAHUN-2019-TTG-DESA-ADAT-DI-BALI.pdf
Tingas,"Kecamatan Abiansemal, Kabupaten Badung",,2019,https://cloud-ng.baliprov.go.id/dpma/2022/02/PERDA-NOMOR-4-TAHUN-2019-TTG-DESA-ADAT-DI-BALI.pdf
Lambing,"Kecamatan Abiansemal, Kabupaten Badung",,2019,https://cloud-ng.baliprov.go.id/dpma/2022/02/PERDA-NOMOR-4-TAHUN-2019-TTG-DESA-ADAT-DI-BALI.pdf
Bindu,"Kecamatan Abiansemal, Kabupaten Badung",,2019,https://cloud-ng.baliprov.go.id/dpma/2022/02/PERDA-NOMOR-4-TAHUN-2019-TTG-DESA-ADAT-DI-BALI.pdf
Samu,"Kecamatan Abiansemal, Kabupaten Badung",,2019,https://cloud-ng.baliprov.go.id/dpma/2022/02/PERDA-NOMOR-4-TAHUN-2019-TTG-DESA-ADAT-DI-BALI.pdf
Ayunan,"Kecamatan Abiansemal, Kabupaten Badung",,2019,https://cloud-ng.baliprov.go.id/dpma/2022/02/PERDA-NOMOR-4-TAHUN-2019-TTG-DESA-ADAT-DI-BALI.pdf
Ambengan,"Kecamatan Abiansemal, Kabupaten Badung",,2019,https://cloud-ng.baliprov.go.id/dpma/2022/02/PERDA-NOMOR-4-TAHUN-2019-TTG-DESA-ADAT-DI-BALI.pdf
Tegal,"Kecamatan Abiansemal, Kabupaten Badung",,2019,https://cloud-ng.baliprov.go.id/dpma/2022/02/PERDA-NOMOR-4-TAHUN-2019-TTG-DESA-ADAT-DI-BALI.pdf
Darmasaba,"Kecamatan Abiansemal, Kabupaten Badung",,2019,https://cloud-ng.baliprov.go.id/dpma/2022/02/PERDA-NOMOR-4-TAHUN-2019-TTG-DESA-ADAT-DI-BALI.pdf
Pikah,"Kecamatan Abiansemal, Kabupaten Badung",,2019,https://cloud-ng.baliprov.go.id/dpma/2022/02/PERDA-NOMOR-4-TAHUN-2019-TTG-DESA-ADAT-DI-BALI.pdf
Blahkiuh,"Kecamatan Abiansemal, Kabupaten Badung",,2019,https://cloud-ng.baliprov.go.id/dpma/2022/02/PERDA-NOMOR-4-TAHUN-2019-TTG-DESA-ADAT-DI-BALI.pdf
Jagapati,"Kecamatan Abiansemal, Kabupaten Badung",,2019,https://cloud-ng.baliprov.go.id/dpma/2022/02/PERDA-NOMOR-4-TAHUN-2019-TTG-DESA-ADAT-DI-BALI.pdf
Sedang,"Kecamatan Abiansemal, Kabupaten Badung",,2019,https://cloud-ng.baliprov.go.id/dpma/2022/02/PERDA-NOMOR-4-TAHUN-2019-TTG-DESA-ADAT-DI-BALI.pdf
Sangeh,"Kecamatan Abiansemal, Kabupaten Badung",,2019,https://cloud-ng.baliprov.go.id/dpma/2022/02/PERDA-NOMOR-4-TAHUN-2019-TTG-DESA-ADAT-DI-BALI.pdf
Gerana,"Kecamatan Abiansemal, Kabupaten Badung",,2019,https://cloud-ng.baliprov.go.id/dpma/2022/02/PERDA-NOMOR-4-TAHUN-2019-TTG-DESA-ADAT-DI-BALI.pdf
Samuan,"Kecamatan Petang, Kabupaten Badung",,2019,https://cloud-ng.baliprov.go.id/dpma/2022/02/PERDA-NOMOR-4-TAHUN-2019-TTG-DESA-ADAT-DI-BALI.pdf
Anggungan,"Kecamatan Petang, Kabupaten Badung",,2019,https://cloud-ng.baliprov.go.id/dpma/2022/02/PERDA-NOMOR-4-TAHUN-2019-TTG-DESA-ADAT-DI-BALI.pdf
Carangsari,"Kecamatan Petang, Kabupaten Badung",,2019,https://cloud-ng.baliprov.go.id/dpma/2022/02/PERDA-NOMOR-4-TAHUN-2019-TTG-DESA-ADAT-DI-BALI.pdf
Getasan,"Kecamatan Petang, Kabupaten Badung",,2019,https://cloud-ng.baliprov.go.id/dpma/2022/02/PERDA-NOMOR-4-TAHUN-2019-TTG-DESA-ADAT-DI-BALI.pdf
Pangsan,"Kecamatan Petang, Kabupaten Badung",,2019,https://cloud-ng.baliprov.go.id/dpma/2022/02/PERDA-NOMOR-4-TAHUN-2019-TTG-DESA-ADAT-DI-BALI.pdf
Petang,"Kecamatan Petang, Kabupaten Badung",,2019,https://cloud-ng.baliprov.go.id/dpma/2022/02/PERDA-NOMOR-4-TAHUN-2019-TTG-DESA-ADAT-DI-BALI.pdf
Kerta,"Kecamatan Petang, Kabupaten Badung",,2019,https://cloud-ng.baliprov.go.id/dpma/2022/02/PERDA-NOMOR-4-TAHUN-2019-TTG-DESA-ADAT-DI-BALI.pdf
Lipah,"Kecamatan Petang, Kabupaten Badung",,2019,https://cloud-ng.baliprov.go.id/dpma/2022/02/PERDA-NOMOR-4-TAHUN-2019-TTG-DESA-ADAT-DI-BALI.pdf
Munduk Damping,"Kecamatan Petang, Kabupaten Badung",,2019,https://cloud-ng.baliprov.go.id/dpma/2022/02/PERDA-NOMOR-4-TAHUN-2019-TTG-DESA-ADAT-DI-BALI.pdf
Angantiga,"Kecamatan Petang, Kabupaten Badung",,2019,https://cloud-ng.baliprov.go.id/dpma/2022/02/PERDA-NOMOR-4-TAHUN-2019-TTG-DESA-ADAT-DI-BALI.pdf
Sulangai,"Kecamatan Petang, Kabupaten Badung",,2019,https://cloud-ng.baliprov.go.id/dpma/2022/02/PERDA-NOMOR-4-TAHUN-2019-TTG-DESA-ADAT-DI-BALI.pdf
Batulantang,"Kecamatan Petang, Kabupaten Badung",,2019,https://cloud-ng.baliprov.go.id/dpma/2022/02/PERDA-NOMOR-4-TAHUN-2019-TTG-DESA-ADAT-DI-BALI.pdf
Sandakan,"Kecamatan Petang, Kabupaten Badung",,2019,https://cloud-ng.baliprov.go.id/dpma/2022/02/PERDA-NOMOR-4-TAHUN-2019-TTG-DESA-ADAT-DI-BALI.pdf
Nungnung,"Kecamatan Petang, Kabupaten Badung",,2019,https://cloud-ng.baliprov.go.id/dpma/2022/02/PERDA-NOMOR-4-TAHUN-2019-TTG-DESA-ADAT-DI-BALI.pdf
Auman,"Kecamatan Petang, Kabupaten Badung",,2019,https://cloud-ng.baliprov.go.id/dpma/2022/02/PERDA-NOMOR-4-TAHUN-2019-TTG-DESA-ADAT-DI-BALI.pdf
Pelaga,"Kecamatan Petang, Kabupaten Badung",,2019,https://cloud-ng.baliprov.go.id/dpma/2022/02/PERDA-NOMOR-4-TAHUN-2019-TTG-DESA-ADAT-DI-BALI.pdf
Tinggan,"Kecamatan Petang, Kabupaten Badung",,2019,https://cloud-ng.baliprov.go.id/dpma/2022/02/PERDA-NOMOR-4-TAHUN-2019-TTG-DESA-ADAT-DI-BALI.pdf
Bukian,"Kecamatan Petang, Kabupaten Badung",,2019,https://cloud-ng.baliprov.go.id/dpma/2022/02/PERDA-NOMOR-4-TAHUN-2019-TTG-DESA-ADAT-DI-BALI.pdf
Semanik,"Kecamatan Petang, Kabupaten Badung",,2019,https://cloud-ng.baliprov.go.id/dpma/2022/02/PERDA-NOMOR-4-TAHUN-2019-TTG-DESA-ADAT-DI-BALI.pdf
Tiyingan,"Kecamatan Petang, Kabupaten Badung",,2019,https://cloud-ng.baliprov.go.id/dpma/2022/02/PERDA-NOMOR-4-TAHUN-2019-TTG-DESA-ADAT-DI-BALI.pdf
Kiadan,"Kecamatan Petang, Kabupaten Badung",,2019,https://cloud-ng.baliprov.go.id/dpma/2022/02/PERDA-NOMOR-4-TAHUN-2019-TTG-DESA-ADAT-DI-BALI.pdf
Bon,"Kecamatan Petang, Kabupaten Badung",,2019,https://cloud-ng.baliprov.go.id/dpma/2022/02/PERDA-NOMOR-4-TAHUN-2019-TTG-DESA-ADAT-DI-BALI.pdf
Lawak,"Kecamatan Petang, Kabupaten Badung",,2019,https://cloud-ng.baliprov.go.id/dpma/2022/02/PERDA-NOMOR-4-TAHUN-2019-TTG-DESA-ADAT-DI-BALI.pdf
Jempanang,"Kecamatan Petang, Kabupaten Badung",,2019,https://cloud-ng.baliprov.go.id/dpma/2022/02/PERDA-NOMOR-4-TAHUN-2019-TTG-DESA-ADAT-DI-BALI.pdf
Belok,"Kecamatan Petang, Kabupaten Badung",,2019,https://cloud-ng.baliprov.go.id/dpma/2022/02/PERDA-NOMOR-4-TAHUN-2019-TTG-DESA-ADAT-DI-BALI.pdf
Sekarmukti,"Kecamatan Petang, Kabupaten Badung",,2019,https://cloud-ng.baliprov.go.id/dpma/2022/02/PERDA-NOMOR-4-TAHUN-2019-TTG-DESA-ADAT-DI-BALI.pdf
Sidan,"Kecamatan Petang, Kabupaten Badung",,2019,https://cloud-ng.baliprov.go.id/dpma/2022/02/PERDA-NOMOR-4-TAHUN-2019-TTG-DESA-ADAT-DI-BALI.pdf
Tegenungan,"Kecamatan Sukawati, Kabupaten Gianyar",,2019,https://cloud-ng.baliprov.go.id/dpma/2022/02/PERDA-NOMOR-4-TAHUN-2019-TTG-DESA-ADAT-DI-BALI.pdf
Kemenuh,"Kecamatan Sukawati, Kabupaten Gianyar",,2019,https://cloud-ng.baliprov.go.id/dpma/2022/02/PERDA-NOMOR-4-TAHUN-2019-TTG-DESA-ADAT-DI-BALI.pdf
Sumampan,"Kecamatan Sukawati, Kabupaten Gianyar",,2019,https://cloud-ng.baliprov.go.id/dpma/2022/02/PERDA-NOMOR-4-TAHUN-2019-TTG-DESA-ADAT-DI-BALI.pdf
Tengkulak Kelod,"Kecamatan Sukawati, Kabupaten Gianyar",,2019,https://cloud-ng.baliprov.go.id/dpma/2022/02/PERDA-NOMOR-4-TAHUN-2019-TTG-DESA-ADAT-DI-BALI.pdf
Tengkulak Kaja,"Kecamatan Sukawati, Kabupaten Gianyar",,2019,https://cloud-ng.baliprov.go.id/dpma/2022/02/PERDA-NOMOR-4-TAHUN-2019-TTG-DESA-ADAT-DI-BALI.pdf
Tengkulak Tengah,"Kecamatan Sukawati, Kabupaten Gianyar",,2019,https://cloud-ng.baliprov.go.id/dpma/2022/02/PERDA-NOMOR-4-TAHUN-2019-TTG-DESA-ADAT-DI-BALI.pdf
Gangangan Cangi,"Kecamatan Sukawati, Kabupaten Gianyar",,2019,https://cloud-ng.baliprov.go.id/dpma/2022/02/PERDA-NOMOR-4-TAHUN-2019-TTG-DESA-ADAT-DI-BALI.pdf
Gerih,"Kecamatan Sukawati, Kabupaten Gianyar",,2019,https://cloud-ng.baliprov.go.id/dpma/2022/02/PERDA-NOMOR-4-TAHUN-2019-TTG-DESA-ADAT-DI-BALI.pdf
Lantangidung,"Kecamatan Sukawati, Kabupaten Gianyar",,2019,https://cloud-ng.baliprov.go.id/dpma/2022/02/PERDA-NOMOR-4-TAHUN-2019-TTG-DESA-ADAT-DI-BALI.pdf
Batuan,"Kecamatan Sukawati, Kabupaten Gianyar",,2019,https://cloud-ng.baliprov.go.id/dpma/2022/02/PERDA-NOMOR-4-TAHUN-2019-TTG-DESA-ADAT-DI-BALI.pdf
Negara,"Kecamatan Sukawati, Kabupaten Gianyar",,2019,https://cloud-ng.baliprov.go.id/dpma/2022/02/PERDA-NOMOR-4-TAHUN-2019-TTG-DESA-ADAT-DI-BALI.pdf
Sukawati,"Kecamatan Sukawati, Kabupaten Gianyar",,2019,https://cloud-ng.baliprov.go.id/dpma/2022/02/PERDA-NOMOR-4-TAHUN-2019-TTG-DESA-ADAT-DI-BALI.pdf
Guwang,"Kecamatan Sukawati, Kabupaten Gianyar",,2019,https://cloud-ng.baliprov.go.id/dpma/2022/02/PERDA-NOMOR-4-TAHUN-2019-TTG-DESA-ADAT-DI-BALI.pdf
Ketewel,"Kecamatan Sukawati, Kabupaten Gianyar",,2019,https://cloud-ng.baliprov.go.id/dpma/2022/02/PERDA-NOMOR-4-TAHUN-2019-TTG-DESA-ADAT-DI-BALI.pdf
Rangkan,"Kecamatan Sukawati, Kabupaten Gianyar",,2019,https://cloud-ng.baliprov.go.id/dpma/2022/02/PERDA-NOMOR-4-TAHUN-2019-TTG-DESA-ADAT-DI-BALI.pdf
Lembeng,"Kecamatan Sukawati, Kabupaten Gianyar",,2019,https://cloud-ng.baliprov.go.id/dpma/2022/02/PERDA-NOMOR-4-TAHUN-2019-TTG-DESA-ADAT-DI-BALI.pdf
Batuyang,"Kecamatan Sukawati, Kabupaten Gianyar",,2019,https://cloud-ng.baliprov.go.id/dpma/2022/02/PERDA-NOMOR-4-TAHUN-2019-TTG-DESA-ADAT-DI-BALI.pdf
Batuaji,"Kecamatan Sukawati, Kabupaten Gianyar",,2019,https://cloud-ng.baliprov.go.id/dpma/2022/02/PERDA-NOMOR-4-TAHUN-2019-TTG-DESA-ADAT-DI-BALI.pdf
Jero Kuta,"Kecamatan Sukawati, Kabupaten Gianyar",,2019,https://cloud-ng.baliprov.go.id/dpma/2022/02/PERDA-NOMOR-4-TAHUN-2019-TTG-DESA-ADAT-DI-BALI.pdf
Dlod Tukad,"Kecamatan Sukawati, Kabupaten Gianyar",,2019,https://cloud-ng.baliprov.go.id/dpma/2022/02/PERDA-NOMOR-4-TAHUN-2019-TTG-DESA-ADAT-DI-BALI.pdf
Teggaltamu,"Kecamatan Sukawati, Kabupaten Gianyar",,2019,https://cloud-ng.baliprov.go.id/dpma/2022/02/PERDA-NOMOR-4-TAHUN-2019-TTG-DESA-ADAT-DI-BALI.pdf
Celuk,"Kecamatan Sukawati, Kabupaten Gianyar",,2019,https://cloud-ng.baliprov.go.id/dpma/2022/02/PERDA-NOMOR-4-TAHUN-2019-TTG-DESA-ADAT-DI-BALI.pdf
Tangsub,"Kecamatan Sukawati, Kabupaten Gianyar",,2019,https://cloud-ng.baliprov.go.id/dpma/2022/02/PERDA-NOMOR-4-TAHUN-2019-TTG-DESA-ADAT-DI-BALI.pdf
Cemenggaon,"Kecamatan Sukawati, Kabupaten Gianyar",,2019,https://cloud-ng.baliprov.go.id/dpma/2022/02/PERDA-NOMOR-4-TAHUN-2019-TTG-DESA-ADAT-DI-BALI.pdf
Singapadu,"Kecamatan Sukawati, Kabupaten Gianyar",,2019,https://cloud-ng.baliprov.go.id/dpma/2022/02/PERDA-NOMOR-4-TAHUN-2019-TTG-DESA-ADAT-DI-BALI.pdf
Kebon,"Kecamatan Sukawati, Kabupaten Gianyar",,2019,https://cloud-ng.baliprov.go.id/dpma/2022/02/PERDA-NOMOR-4-TAHUN-2019-TTG-DESA-ADAT-DI-BALI.pdf
Negari,"Kecamatan Sukawati, Kabupaten Gianyar",,2019,https://cloud-ng.baliprov.go.id/dpma/2022/02/PERDA-NOMOR-4-TAHUN-2019-TTG-DESA-ADAT-DI-BALI.pdf
Belaluan,"Kecamatan Sukawati, Kabupaten Gianyar",,2019,https://cloud-ng.baliprov.go.id/dpma/2022/02/PERDA-NOMOR-4-TAHUN-2019-TTG-DESA-ADAT-DI-BALI.pdf
Kutri,"Kecamatan Sukawati, Kabupaten Gianyar",,2019,https://cloud-ng.baliprov.go.id/dpma/2022/02/PERDA-NOMOR-4-TAHUN-2019-TTG-DESA-ADAT-DI-BALI.pdf
Griya Kutri,"Kecamatan Sukawati, Kabupaten Gianyar",,2019,https://cloud-ng.baliprov.go.id/dpma/2022/02/PERDA-NOMOR-4-TAHUN-2019-TTG-DESA-ADAT-DI-BALI.pdf
Belang Kaler,"Kecamatan Sukawati, Kabupaten Gianyar",,2019,https://cloud-ng.baliprov.go.id/dpma/2022/02/PERDA-NOMOR-4-TAHUN-2019-TTG-DESA-ADAT-DI-BALI.pdf
Belang Samu,"Kecamatan Sukawati, Kabupaten Gianyar",,2019,https://cloud-ng.baliprov.go.id/dpma/2022/02/PERDA-NOMOR-4-TAHUN-2019-TTG-DESA-ADAT-DI-BALI.pdf
Silakarang Kederi,"Kecamatan Sukawati, Kabupaten Gianyar",,2019,https://cloud-ng.baliprov.go.id/dpma/2022/02/PERDA-NOMOR-4-TAHUN-2019-TTG-DESA-ADAT-DI-BALI.pdf
Perangsada,"Kecamatan Blahbatuh, Kabupaten Gianyar",,2019,https://cloud-ng.baliprov.go.id/dpma/2022/02/PERDA-NOMOR-4-TAHUN-2019-TTG-DESA-ADAT-DI-BALI.pdf
Tojan,"Kecamatan Blahbatuh, Kabupaten Gianyar",,2019,https://cloud-ng.baliprov.go.id/dpma/2022/02/PERDA-NOMOR-4-TAHUN-2019-TTG-DESA-ADAT-DI-BALI.pdf
Pinda Pering,"Kecamatan Blahbatuh, Kabupaten Gianyar",,2019,https://cloud-ng.baliprov.go.id/dpma/2022/02/PERDA-NOMOR-4-TAHUN-2019-TTG-DESA-ADAT-DI-BALI.pdf
Patolan,"Kecamatan Blahbatuh, Kabupaten Gianyar",,2019,https://cloud-ng.baliprov.go.id/dpma/2022/02/PERDA-NOMOR-4-TAHUN-2019-TTG-DESA-ADAT-DI-BALI.pdf
Sema,"Kecamatan Blahbatuh, Kabupaten Gianyar",,2019,https://cloud-ng.baliprov.go.id/dpma/2022/02/PERDA-NOMOR-4-TAHUN-2019-TTG-DESA-ADAT-DI-BALI.pdf
Pering,"Kecamatan Blahbatuh, Kabupaten Gianyar",,2019,https://cloud-ng.baliprov.go.id/dpma/2022/02/PERDA-NOMOR-4-TAHUN-2019-TTG-DESA-ADAT-DI-BALI.pdf
Keramas,"Kecamatan Blahbatuh, Kabupaten Gianyar",,2019,https://cloud-ng.baliprov.go.id/dpma/2022/02/PERDA-NOMOR-4-TAHUN-2019-TTG-DESA-ADAT-DI-BALI.pdf
Medahan,"Kecamatan Blahbatuh, Kabupaten Gianyar",,2019,https://cloud-ng.baliprov.go.id/dpma/2022/02/PERDA-NOMOR-4-TAHUN-2019-TTG-DESA-ADAT-DI-BALI.pdf
Cucukan,"Kecamatan Blahbatuh, Kabupaten Gianyar",,2019,https://cloud-ng.baliprov.go.id/dpma/2022/02/PERDA-NOMOR-4-TAHUN-2019-TTG-DESA-ADAT-DI-BALI.pdf
Pasdalem,"Kecamatan Blahbatuh, Kabupaten Gianyar",,2019,https://cloud-ng.baliprov.go.id/dpma/2022/02/PERDA-NOMOR-4-TAHUN-2019-TTG-DESA-ADAT-DI-BALI.pdf
Selat,"Kecamatan Blahbatuh, Kabupaten Gianyar",,2019,https://cloud-ng.baliprov.go.id/dpma/2022/02/PERDA-NOMOR-4-TAHUN-2019-TTG-DESA-ADAT-DI-BALI.pdf
Belega,"Kecamatan Blahbatuh, Kabupaten Gianyar",,2019,https://cloud-ng.baliprov.go.id/dpma/2022/02/PERDA-NOMOR-4-TAHUN-2019-TTG-DESA-ADAT-DI-BALI.pdf
Buruan,"Kecamatan Blahbatuh, Kabupaten Gianyar",,2019,https://cloud-ng.baliprov.go.id/dpma/2022/02/PERDA-NOMOR-4-TAHUN-2019-TTG-DESA-ADAT-DI-BALI.pdf
Bangun Liman,"Kecamatan Blahbatuh, Kabupaten Gianyar",,2019,https://cloud-ng.baliprov.go.id/dpma/2022/02/PERDA-NOMOR-4-TAHUN-2019-TTG-DESA-ADAT-DI-BALI.pdf
Celuk,"Kecamatan Blahbatuh, Kabupaten Gianyar",,2019,https://cloud-ng.baliprov.go.id/dpma/2022/02/PERDA-NOMOR-4-TAHUN-2019-TTG-DESA-ADAT-DI-BALI.pdf
Getas Kawan,"Kecamatan Blahbatuh, Kabupaten Gianyar",,2019,https://cloud-ng.baliprov.go.id/dpma/2022/02/PERDA-NOMOR-4-TAHUN-2019-TTG-DESA-ADAT-DI-BALI.pdf
Getas Kangin,"Kecamatan Blahbatuh, Kabupaten Gianyar",,2019,https://cloud-ng.baliprov.go.id/dpma/2022/02/PERDA-NOMOR-4-TAHUN-2019-TTG-DESA-ADAT-DI-BALI.pdf
Kutri,"Kecamatan Blahbatuh, Kabupaten Gianyar",,2019,https://cloud-ng.baliprov.go.id/dpma/2022/02/PERDA-NOMOR-4-TAHUN-2019-TTG-DESA-ADAT-DI-BALI.pdf
Geriya Ketandan,"Kecamatan Blahbatuh, Kabupaten Gianyar",,2019,https://cloud-ng.baliprov.go.id/dpma/2022/02/PERDA-NOMOR-4-TAHUN-2019-TTG-DESA-ADAT-DI-BALI.pdf
Darmasanmata,"Kecamatan Blahbatuh, Kabupaten Gianyar",,2019,https://cloud-ng.baliprov.go.id/dpma/2022/02/PERDA-NOMOR-4-TAHUN-2019-TTG-DESA-ADAT-DI-BALI.pdf
Saba,"Kecamatan Blahbatuh, Kabupaten Gianyar",,2019,https://cloud-ng.baliprov.go.id/dpma/2022/02/PERDA-NOMOR-4-TAHUN-2019-TTG-DESA-ADAT-DI-BALI.pdf
Pinda,"Kecamatan Blahbatuh, Kabupaten Gianyar",,2019,https://cloud-ng.baliprov.go.id/dpma/2022/02/PERDA-NOMOR-4-TAHUN-2019-TTG-DESA-ADAT-DI-BALI.pdf
Banda,"Kecamatan Blahbatuh, Kabupaten Gianyar",,2019,https://cloud-ng.baliprov.go.id/dpma/2022/02/PERDA-NOMOR-4-TAHUN-2019-TTG-DESA-ADAT-DI-BALI.pdf
Bonbiyu,"Kecamatan Blahbatuh, Kabupaten Gianyar",,2019,https://cloud-ng.baliprov.go.id/dpma/2022/02/PERDA-NOMOR-4-TAHUN-2019-TTG-DESA-ADAT-DI-BALI.pdf
Blangsinga,"Kecamatan Blahbatuh, Kabupaten Gianyar",,2019,https://cloud-ng.baliprov.go.id/dpma/2022/02/PERDA-NOMOR-4-TAHUN-2019-TTG-DESA-ADAT-DI-BALI.pdf
Blahbatuh,"Kecamatan Blahbatuh, Kabupaten Gianyar",,2019,https://cloud-ng.baliprov.go.id/dpma/2022/02/PERDA-NOMOR-4-TAHUN-2019-TTG-DESA-ADAT-DI-BALI.pdf
Teruna,"Kecamatan Blahbatuh, Kabupaten Gianyar",,2019,https://cloud-ng.baliprov.go.id/dpma/2022/02/PERDA-NOMOR-4-TAHUN-2019-TTG-DESA-ADAT-DI-BALI.pdf
Satria,"Kecamatan Blahbatuh, Kabupaten Gianyar",,2019,https://cloud-ng.baliprov.go.id/dpma/2022/02/PERDA-NOMOR-4-TAHUN-2019-TTG-DESA-ADAT-DI-BALI.pdf
Antugan,"Kecamatan Blahbatuh, Kabupaten Gianyar",,2019,https://cloud-ng.baliprov.go.id/dpma/2022/02/PERDA-NOMOR-4-TAHUN-2019-TTG-DESA-ADAT-DI-BALI.pdf
Dharma Tiaga,"Kecamatan Blahbatuh, Kabupaten Gianyar",,2019,https://cloud-ng.baliprov.go.id/dpma/2022/02/PERDA-NOMOR-4-TAHUN-2019-TTG-DESA-ADAT-DI-BALI.pdf
Bona,"Kecamatan Blahbatuh, Kabupaten Gianyar",,2019,https://cloud-ng.baliprov.go.id/dpma/2022/02/PERDA-NOMOR-4-TAHUN-2019-TTG-DESA-ADAT-DI-BALI.pdf
Bedulu,"Kecamatan Blahbatuh, Kabupaten Gianyar",,2019,https://cloud-ng.baliprov.go.id/dpma/2022/02/PERDA-NOMOR-4-TAHUN-2019-TTG-DESA-ADAT-DI-BALI.pdf
Taman,"Kecamatan Blahbatuh, Kabupaten Gianyar",,2019,https://cloud-ng.baliprov.go.id/dpma/2022/02/PERDA-NOMOR-4-TAHUN-2019-TTG-DESA-ADAT-DI-BALI.pdf
Wanayu Mas,"Kecamatan Blahbatuh, Kabupaten Gianyar",,2019,https://cloud-ng.baliprov.go.id/dpma/2022/02/PERDA-NOMOR-4-TAHUN-2019-TTG-DESA-ADAT-DI-BALI.pdf
Tegallinggah,"Kecamatan Blahbatuh, Kabupaten Gianyar",,2019,https://cloud-ng.baliprov.go.id/dpma/2022/02/PERDA-NOMOR-4-TAHUN-2019-TTG-DESA-ADAT-DI-BALI.pdf
Margasengkala,"Kecamatan Blahbatuh, Kabupaten Gianyar",,2019,https://cloud-ng.baliprov.go.id/dpma/2022/02/PERDA-NOMOR-4-TAHUN-2019-TTG-DESA-ADAT-DI-BALI.pdf
Petak,"Kecamatan Gianyar, Kabupaten Gianyar",,2019,https://cloud-ng.baliprov.go.id/dpma/2022/02/PERDA-NOMOR-4-TAHUN-2019-TTG-DESA-ADAT-DI-BALI.pdf
Mantring,"Kecamatan Gianyar, Kabupaten Gianyar",,2019,https://cloud-ng.baliprov.go.id/dpma/2022/02/PERDA-NOMOR-4-TAHUN-2019-TTG-DESA-ADAT-DI-BALI.pdf
Padpadan,"Kecamatan Gianyar, Kabupaten Gianyar",,2019,https://cloud-ng.baliprov.go.id/dpma/2022/02/PERDA-NOMOR-4-TAHUN-2019-TTG-DESA-ADAT-DI-BALI.pdf
Penyembahan,"Kecamatan Gianyar, Kabupaten Gianyar",,2019,https://cloud-ng.baliprov.go.id/dpma/2022/02/PERDA-NOMOR-4-TAHUN-2019-TTG-DESA-ADAT-DI-BALI.pdf
Benawah,"Kecamatan Gianyar, Kabupaten Gianyar",,2019,https://cloud-ng.baliprov.go.id/dpma/2022/02/PERDA-NOMOR-4-TAHUN-2019-TTG-DESA-ADAT-DI-BALI.pdf
Bonnyuh,"Kecamatan Gianyar, Kabupaten Gianyar",,2019,https://cloud-ng.baliprov.go.id/dpma/2022/02/PERDA-NOMOR-4-TAHUN-2019-TTG-DESA-ADAT-DI-BALI.pdf
Madangan Kaja,"Kecamatan Gianyar, Kabupaten Gianyar",,2019,https://cloud-ng.baliprov.go.id/dpma/2022/02/PERDA-NOMOR-4-TAHUN-2019-TTG-DESA-ADAT-DI-BALI.pdf
Madangan Kelod,"Kecamatan Gianyar, Kabupaten Gianyar",,2019,https://cloud-ng.baliprov.go.id/dpma/2022/02/PERDA-NOMOR-4-TAHUN-2019-TTG-DESA-ADAT-DI-BALI.pdf
Uma Anyar,"Kecamatan Gianyar, Kabupaten Gianyar",,2019,https://cloud-ng.baliprov.go.id/dpma/2022/02/PERDA-NOMOR-4-TAHUN-2019-TTG-DESA-ADAT-DI-BALI.pdf
Sumita,"Kecamatan Gianyar, Kabupaten Gianyar",,2019,https://cloud-ng.baliprov.go.id/dpma/2022/02/PERDA-NOMOR-4-TAHUN-2019-TTG-DESA-ADAT-DI-BALI.pdf
Mulung,"Kecamatan Gianyar, Kabupaten Gianyar",,2019,https://cloud-ng.baliprov.go.id/dpma/2022/02/PERDA-NOMOR-4-TAHUN-2019-TTG-DESA-ADAT-DI-BALI.pdf
Suwat,"Kecamatan Gianyar, Kabupaten Gianyar",,2019,https://cloud-ng.baliprov.go.id/dpma/2022/02/PERDA-NOMOR-4-TAHUN-2019-TTG-DESA-ADAT-DI-BALI.pdf
Petak Jeruk,"Kecamatan Gianyar, Kabupaten Gianyar",,2019,https://cloud-ng.baliprov.go.id/dpma/2022/02/PERDA-NOMOR-4-TAHUN-2019-TTG-DESA-ADAT-DI-BALI.pdf
Siangan,"Kecamatan Gianyar, Kabupaten Gianyar",,2019,https://cloud-ng.baliprov.go.id/dpma/2022/02/PERDA-NOMOR-4-TAHUN-2019-TTG-DESA-ADAT-DI-BALI.pdf
Purnadesa,"Kecamatan Gianyar, Kabupaten Gianyar",,2019,https://cloud-ng.baliprov.go.id/dpma/2022/02/PERDA-NOMOR-4-TAHUN-2019-TTG-DESA-ADAT-DI-BALI.pdf
Munduk,"Kecamatan Gianyar, Kabupaten Gianyar",,2019,https://cloud-ng.baliprov.go.id/dpma/2022/02/PERDA-NOMOR-4-TAHUN-2019-TTG-DESA-ADAT-DI-BALI.pdf
Lokaserana,"Kecamatan Gianyar, Kabupaten Gianyar",,2019,https://cloud-ng.baliprov.go.id/dpma/2022/02/PERDA-NOMOR-4-TAHUN-2019-TTG-DESA-ADAT-DI-BALI.pdf
Bandung,"Kecamatan Gianyar, Kabupaten Gianyar",,2019,https://cloud-ng.baliprov.go.id/dpma/2022/02/PERDA-NOMOR-4-TAHUN-2019-TTG-DESA-ADAT-DI-BALI.pdf
Sawan,"Kecamatan Gianyar, Kabupaten Gianyar",,2019,https://cloud-ng.baliprov.go.id/dpma/2022/02/PERDA-NOMOR-4-TAHUN-2019-TTG-DESA-ADAT-DI-BALI.pdf
Kabetan,"Kecamatan Gianyar, Kabupaten Gianyar",,2019,https://cloud-ng.baliprov.go.id/dpma/2022/02/PERDA-NOMOR-4-TAHUN-2019-TTG-DESA-ADAT-DI-BALI.pdf
Bakbakan,"Kecamatan Gianyar, Kabupaten Gianyar",,2019,https://cloud-ng.baliprov.go.id/dpma/2022/02/PERDA-NOMOR-4-TAHUN-2019-TTG-DESA-ADAT-DI-BALI.pdf
Gitgit,"Kecamatan Gianyar, Kabupaten Gianyar",,2019,https://cloud-ng.baliprov.go.id/dpma/2022/02/PERDA-NOMOR-4-TAHUN-2019-TTG-DESA-ADAT-DI-BALI.pdf
Griya Sakti Kabetan,"Kecamatan Gianyar, Kabupaten Gianyar",,2019,https://cloud-ng.baliprov.go.id/dpma/2022/02/PERDA-NOMOR-4-TAHUN-2019-TTG-DESA-ADAT-DI-BALI.pdf
Tegal tugu,"Kecamatan Gianyar, Kabupaten Gianyar",,2019,https://cloud-ng.baliprov.go.id/dpma/2022/02/PERDA-NOMOR-4-TAHUN-2019-TTG-DESA-ADAT-DI-BALI.pdf
Sidan,"Kecamatan Gianyar, Kabupaten Gianyar",,2019,https://cloud-ng.baliprov.go.id/dpma/2022/02/PERDA-NOMOR-4-TAHUN-2019-TTG-DESA-ADAT-DI-BALI.pdf
Tulikup Kaler,"Kecamatan Gianyar, Kabupaten Gianyar",,2019,https://cloud-ng.baliprov.go.id/dpma/2022/02/PERDA-NOMOR-4-TAHUN-2019-TTG-DESA-ADAT-DI-BALI.pdf
Tulikup Kelod,"Kecamatan Gianyar, Kabupaten Gianyar",,2019,https://cloud-ng.baliprov.go.id/dpma/2022/02/PERDA-NOMOR-4-TAHUN-2019-TTG-DESA-ADAT-DI-BALI.pdf
Temesi,"Kecamatan Gianyar, Kabupaten Gianyar",,2019,https://cloud-ng.baliprov.go.id/dpma/2022/02/PERDA-NOMOR-4-TAHUN-2019-TTG-DESA-ADAT-DI-BALI.pdf
Lebih,"Kecamatan Gianyar, Kabupaten Gianyar",,2019,https://cloud-ng.baliprov.go.id/dpma/2022/02/PERDA-NOMOR-4-TAHUN-2019-TTG-DESA-ADAT-DI-BALI.pdf
Kesian,"Kecamatan Gianyar, Kabupaten Gianyar",,2019,https://cloud-ng.baliprov.go.id/dpma/2022/02/PERDA-NOMOR-4-TAHUN-2019-TTG-DESA-ADAT-DI-BALI.pdf
Serongga,"Kecamatan Gianyar, Kabupaten Gianyar",,2019,https://cloud-ng.baliprov.go.id/dpma/2022/02/PERDA-NOMOR-4-TAHUN-2019-TTG-DESA-ADAT-DI-BALI.pdf
Pacung,"Kecamatan Gianyar, Kabupaten Gianyar",,2019,https://cloud-ng.baliprov.go.id/dpma/2022/02/PERDA-NOMOR-4-TAHUN-2019-TTG-DESA-ADAT-DI-BALI.pdf
Bitera,"Kecamatan Gianyar, Kabupaten Gianyar",,2019,https://cloud-ng.baliprov.go.id/dpma/2022/02/PERDA-NOMOR-4-TAHUN-2019-TTG-DESA-ADAT-DI-BALI.pdf
Batursari,"Kecamatan Gianyar, Kabupaten Gianyar",,2019,https://cloud-ng.baliprov.go.id/dpma/2022/02/PERDA-NOMOR-4-TAHUN-2019-TTG-DESA-ADAT-DI-BALI.pdf
Beng,"Kecamatan Gianyar, Kabupaten Gianyar",,2019,https://cloud-ng.baliprov.go.id/dpma/2022/02/PERDA-NOMOR-4-TAHUN-2019-TTG-DESA-ADAT-DI-BALI.pdf
Samplangan,"Kecamatan Gianyar, Kabupaten Gianyar",,2019,https://cloud-ng.baliprov.go.id/dpma/2022/02/PERDA-NOMOR-4-TAHUN-2019-TTG-DESA-ADAT-DI-BALI.pdf
Bukitjangkrik,"Kecamatan Gianyar, Kabupaten Gianyar",,2019,https://cloud-ng.baliprov.go.id/dpma/2022/02/PERDA-NOMOR-4-TAHUN-2019-TTG-DESA-ADAT-DI-BALI.pdf
Bukit Batu,"Kecamatan Gianyar, Kabupaten Gianyar",,2019,https://cloud-ng.baliprov.go.id/dpma/2022/02/PERDA-NOMOR-4-TAHUN-2019-TTG-DESA-ADAT-DI-BALI.pdf
Selat,"Kecamatan Gianyar, Kabupaten Gianyar",,2019,https://cloud-ng.baliprov.go.id/dpma/2022/02/PERDA-NOMOR-4-TAHUN-2019-TTG-DESA-ADAT-DI-BALI.pdf
Abianbase,"Kecamatan Gianyar, Kabupaten Gianyar",,2019,https://cloud-ng.baliprov.go.id/dpma/2022/02/PERDA-NOMOR-4-TAHUN-2019-TTG-DESA-ADAT-DI-BALI.pdf
Tedung,"Kecamatan Gianyar, Kabupaten Gianyar",,2019,https://cloud-ng.baliprov.go.id/dpma/2022/02/PERDA-NOMOR-4-TAHUN-2019-TTG-DESA-ADAT-DI-BALI.pdf
Gianyar,"Kecamatan Gianyar, Kabupaten Gianyar",,2019,https://cloud-ng.baliprov.go.id/dpma/2022/02/PERDA-NOMOR-4-TAHUN-2019-TTG-DESA-ADAT-DI-BALI.pdf
Kedewatan,"Kecamatan Ubud, Kabupaten Gianyar",,2019,https://cloud-ng.baliprov.go.id/dpma/2022/02/PERDA-NOMOR-4-TAHUN-2019-TTG-DESA-ADAT-DI-BALI.pdf
Bunutan,"Kecamatan Ubud, Kabupaten Gianyar",,2019,https://cloud-ng.baliprov.go.id/dpma/2022/02/PERDA-NOMOR-4-TAHUN-2019-TTG-DESA-ADAT-DI-BALI.pdf
Lungsiakan,"Kecamatan Ubud, Kabupaten Gianyar",,2019,https://cloud-ng.baliprov.go.id/dpma/2022/02/PERDA-NOMOR-4-TAHUN-2019-TTG-DESA-ADAT-DI-BALI.pdf
Payogan,"Kecamatan Ubud, Kabupaten Gianyar",,2019,https://cloud-ng.baliprov.go.id/dpma/2022/02/PERDA-NOMOR-4-TAHUN-2019-TTG-DESA-ADAT-DI-BALI.pdf
Tanggayuda,"Kecamatan Ubud, Kabupaten Gianyar",,2019,https://cloud-ng.baliprov.go.id/dpma/2022/02/PERDA-NOMOR-4-TAHUN-2019-TTG-DESA-ADAT-DI-BALI.pdf
Lodtunduh,"Kecamatan Ubud, Kabupaten Gianyar",,2019,https://cloud-ng.baliprov.go.id/dpma/2022/02/PERDA-NOMOR-4-TAHUN-2019-TTG-DESA-ADAT-DI-BALI.pdf
Gelogor,"Kecamatan Ubud, Kabupaten Gianyar",,2019,https://cloud-ng.baliprov.go.id/dpma/2022/02/PERDA-NOMOR-4-TAHUN-2019-TTG-DESA-ADAT-DI-BALI.pdf
Mawang,"Kecamatan Ubud, Kabupaten Gianyar",,2019,https://cloud-ng.baliprov.go.id/dpma/2022/02/PERDA-NOMOR-4-TAHUN-2019-TTG-DESA-ADAT-DI-BALI.pdf
Silungan,"Kecamatan Ubud, Kabupaten Gianyar",,2019,https://cloud-ng.baliprov.go.id/dpma/2022/02/PERDA-NOMOR-4-TAHUN-2019-TTG-DESA-ADAT-DI-BALI.pdf
Mas,"Kecamatan Ubud, Kabupaten Gianyar",,2019,https://cloud-ng.baliprov.go.id/dpma/2022/02/PERDA-NOMOR-4-TAHUN-2019-TTG-DESA-ADAT-DI-BALI.pdf
Abianseka,"Kecamatan Ubud, Kabupaten Gianyar",,2019,https://cloud-ng.baliprov.go.id/dpma/2022/02/PERDA-NOMOR-4-TAHUN-2019-TTG-DESA-ADAT-DI-BALI.pdf
Nyuh Kuning,"Kecamatan Ubud, Kabupaten Gianyar",,2019,https://cloud-ng.baliprov.go.id/dpma/2022/02/PERDA-NOMOR-4-TAHUN-2019-TTG-DESA-ADAT-DI-BALI.pdf
Pengosekan,"Kecamatan Ubud, Kabupaten Gianyar",,2019,https://cloud-ng.baliprov.go.id/dpma/2022/02/PERDA-NOMOR-4-TAHUN-2019-TTG-DESA-ADAT-DI-BALI.pdf
Peliatan,"Kecamatan Ubud, Kabupaten Gianyar",,2019,https://cloud-ng.baliprov.go.id/dpma/2022/02/PERDA-NOMOR-4-TAHUN-2019-TTG-DESA-ADAT-DI-BALI.pdf
Teges Kanginan,"Kecamatan Ubud, Kabupaten Gianyar",,2019,https://cloud-ng.baliprov.go.id/dpma/2022/02/PERDA-NOMOR-4-TAHUN-2019-TTG-DESA-ADAT-DI-BALI.pdf
Petulu,"Kecamatan Ubud, Kabupaten Gianyar",,2019,https://cloud-ng.baliprov.go.id/dpma/2022/02/PERDA-NOMOR-4-TAHUN-2019-TTG-DESA-ADAT-DI-BALI.pdf
Nagi,"Kecamatan Ubud, Kabupaten Gianyar",,2019,https://cloud-ng.baliprov.go.id/dpma/2022/02/PERDA-NOMOR-4-TAHUN-2019-TTG-DESA-ADAT-DI-BALI.pdf
Kutuh,"Kecamatan Ubud, Kabupaten Gianyar",,2019,https://cloud-ng.baliprov.go.id/dpma/2022/02/PERDA-NOMOR-4-TAHUN-2019-TTG-DESA-ADAT-DI-BALI.pdf
Laplapan,"Kecamatan Ubud, Kabupaten Gianyar",,2019,https://cloud-ng.baliprov.go.id/dpma/2022/02/PERDA-NOMOR-4-TAHUN-2019-TTG-DESA-ADAT-DI-BALI.pdf
Penestanan,"Kecamatan Ubud, Kabupaten Gianyar",,2019,https://cloud-ng.baliprov.go.id/dpma/2022/02/PERDA-NOMOR-4-TAHUN-2019-TTG-DESA-ADAT-DI-BALI.pdf
Sayan,"Kecamatan Ubud, Kabupaten Gianyar",,2019,https://cloud-ng.baliprov.go.id/dpma/2022/02/PERDA-NOMOR-4-TAHUN-2019-TTG-DESA-ADAT-DI-BALI.pdf
Demayu,"Kecamatan Ubud, Kabupaten Gianyar",,2019,https://cloud-ng.baliprov.go.id/dpma/2022/02/PERDA-NOMOR-4-TAHUN-2019-TTG-DESA-ADAT-DI-BALI.pdf
Kengetan,"Kecamatan Ubud, Kabupaten Gianyar",,2019,https://cloud-ng.baliprov.go.id/dpma/2022/02/PERDA-NOMOR-4-TAHUN-2019-TTG-DESA-ADAT-DI-BALI.pdf
Singakerta,"Kecamatan Ubud, Kabupaten Gianyar",,2019,https://cloud-ng.baliprov.go.id/dpma/2022/02/PERDA-NOMOR-4-TAHUN-2019-TTG-DESA-ADAT-DI-BALI.pdf
Tebongkang,"Kecamatan Ubud, Kabupaten Gianyar",,2019,https://cloud-ng.baliprov.go.id/dpma/2022/02/PERDA-NOMOR-4-TAHUN-2019-TTG-DESA-ADAT-DI-BALI.pdf
Tunon,"Kecamatan Ubud, Kabupaten Gianyar",,2019,https://cloud-ng.baliprov.go.id/dpma/2022/02/PERDA-NOMOR-4-TAHUN-2019-TTG-DESA-ADAT-DI-BALI.pdf
Bentuyung Sakti,"Kecamatan Ubud, Kabupaten Gianyar",,2019,https://cloud-ng.baliprov.go.id/dpma/2022/02/PERDA-NOMOR-4-TAHUN-2019-TTG-DESA-ADAT-DI-BALI.pdf
Junjungan,"Kecamatan Ubud, Kabupaten Gianyar",,2019,https://cloud-ng.baliprov.go.id/dpma/2022/02/PERDA-NOMOR-4-TAHUN-2019-TTG-DESA-ADAT-DI-BALI.pdf
Padang Tegal,"Kecamatan Ubud, Kabupaten Gianyar",,2019,https://cloud-ng.baliprov.go.id/dpma/2022/02/PERDA-NOMOR-4-TAHUN-2019-TTG-DESA-ADAT-DI-BALI.pdf
Taman Kaja,"Kecamatan Ubud, Kabupaten Gianyar",,2019,https://cloud-ng.baliprov.go.id/dpma/2022/02/PERDA-NOMOR-4-TAHUN-2019-TTG-DESA-ADAT-DI-BALI.pdf
Teggallantang,"Kecamatan Ubud, Kabupaten Gianyar",,2019,https://cloud-ng.baliprov.go.id/dpma/2022/02/PERDA-NOMOR-4-TAHUN-2019-TTG-DESA-ADAT-DI-BALI.pdf
Ubud,"Kecamatan Ubud, Kabupaten Gianyar",,2019,https://cloud-ng.baliprov.go.id/dpma/2022/02/PERDA-NOMOR-4-TAHUN-2019-TTG-DESA-ADAT-DI-BALI.pdf
Pejeng Kawan,"Kecamatan Tampaksiring, Kabupaten Gianyar",,2019,https://cloud-ng.baliprov.go.id/dpma/2022/02/PERDA-NOMOR-4-TAHUN-2019-TTG-DESA-ADAT-DI-BALI.pdf
Pedapdapan,"Kecamatan Tampaksiring, Kabupaten Gianyar",,2019,https://cloud-ng.baliprov.go.id/dpma/2022/02/PERDA-NOMOR-4-TAHUN-2019-TTG-DESA-ADAT-DI-BALI.pdf
Jero Kuta Pejeng,"Kecamatan Tampaksiring, Kabupaten Gianyar",,2019,https://cloud-ng.baliprov.go.id/dpma/2022/02/PERDA-NOMOR-4-TAHUN-2019-TTG-DESA-ADAT-DI-BALI.pdf
Panglan,"Kecamatan Tampaksiring, Kabupaten Gianyar",,2019,https://cloud-ng.baliprov.go.id/dpma/2022/02/PERDA-NOMOR-4-TAHUN-2019-TTG-DESA-ADAT-DI-BALI.pdf
Sawa Gunung,"Kecamatan Tampaksiring, Kabupaten Gianyar",,2019,https://cloud-ng.baliprov.go.id/dpma/2022/02/PERDA-NOMOR-4-TAHUN-2019-TTG-DESA-ADAT-DI-BALI.pdf
Kelusu,"Kecamatan Tampaksiring, Kabupaten Gianyar",,2019,https://cloud-ng.baliprov.go.id/dpma/2022/02/PERDA-NOMOR-4-TAHUN-2019-TTG-DESA-ADAT-DI-BALI.pdf
Patemon,"Kecamatan Tampaksiring, Kabupaten Gianyar",,2019,https://cloud-ng.baliprov.go.id/dpma/2022/02/PERDA-NOMOR-4-TAHUN-2019-TTG-DESA-ADAT-DI-BALI.pdf
Sema Gading,"Kecamatan Tampaksiring, Kabupaten Gianyar",,2019,https://cloud-ng.baliprov.go.id/dpma/2022/02/PERDA-NOMOR-4-TAHUN-2019-TTG-DESA-ADAT-DI-BALI.pdf
Gapokan,"Kecamatan Tampaksiring, Kabupaten Gianyar",,2019,https://cloud-ng.baliprov.go.id/dpma/2022/02/PERDA-NOMOR-4-TAHUN-2019-TTG-DESA-ADAT-DI-BALI.pdf
Tri Eka Citta,"Kecamatan Tampaksiring, Kabupaten Gianyar",,2019,https://cloud-ng.baliprov.go.id/dpma/2022/02/PERDA-NOMOR-4-TAHUN-2019-TTG-DESA-ADAT-DI-BALI.pdf
Uma Kuta,"Kecamatan Tampaksiring, Kabupaten Gianyar",,2019,https://cloud-ng.baliprov.go.id/dpma/2022/02/PERDA-NOMOR-4-TAHUN-2019-TTG-DESA-ADAT-DI-BALI.pdf
Uma Dawa,"Kecamatan Tampaksiring, Kabupaten Gianyar",,2019,https://cloud-ng.baliprov.go.id/dpma/2022/02/PERDA-NOMOR-4-TAHUN-2019-TTG-DESA-ADAT-DI-BALI.pdf
Tegalsaat,"Kecamatan Tampaksiring, Kabupaten Gianyar",,2019,https://cloud-ng.baliprov.go.id/dpma/2022/02/PERDA-NOMOR-4-TAHUN-2019-TTG-DESA-ADAT-DI-BALI.pdf
Cagaan,"Kecamatan Tampaksiring, Kabupaten Gianyar",,2019,https://cloud-ng.baliprov.go.id/dpma/2022/02/PERDA-NOMOR-4-TAHUN-2019-TTG-DESA-ADAT-DI-BALI.pdf
Tarukan,"Kecamatan Tampaksiring, Kabupaten Gianyar",,2019,https://cloud-ng.baliprov.go.id/dpma/2022/02/PERDA-NOMOR-4-TAHUN-2019-TTG-DESA-ADAT-DI-BALI.pdf
Umahanyar,"Kecamatan Tampaksiring, Kabupaten Gianyar",,2019,https://cloud-ng.baliprov.go.id/dpma/2022/02/PERDA-NOMOR-4-TAHUN-2019-TTG-DESA-ADAT-DI-BALI.pdf
Melayang,"Kecamatan Tampaksiring, Kabupaten Gianyar",,2019,https://cloud-ng.baliprov.go.id/dpma/2022/02/PERDA-NOMOR-4-TAHUN-2019-TTG-DESA-ADAT-DI-BALI.pdf
Belusung,"Kecamatan Tampaksiring, Kabupaten Gianyar",,2019,https://cloud-ng.baliprov.go.id/dpma/2022/02/PERDA-NOMOR-4-TAHUN-2019-TTG-DESA-ADAT-DI-BALI.pdf
Sanding,"Kecamatan Tampaksiring, Kabupaten Gianyar",,2019,https://cloud-ng.baliprov.go.id/dpma/2022/02/PERDA-NOMOR-4-TAHUN-2019-TTG-DESA-ADAT-DI-BALI.pdf
Penendengan,"Kecamatan Tampaksiring, Kabupaten Gianyar",,2019,https://cloud-ng.baliprov.go.id/dpma/2022/02/PERDA-NOMOR-4-TAHUN-2019-TTG-DESA-ADAT-DI-BALI.pdf
Sareseda,"Kecamatan Tampaksiring, Kabupaten Gianyar",,2019,https://cloud-ng.baliprov.go.id/dpma/2022/02/PERDA-NOMOR-4-TAHUN-2019-TTG-DESA-ADAT-DI-BALI.pdf
Mantring,"Kecamatan Tampaksiring, Kabupaten Gianyar",,2019,https://cloud-ng.baliprov.go.id/dpma/2022/02/PERDA-NOMOR-4-TAHUN-2019-TTG-DESA-ADAT-DI-BALI.pdf
Tampaksiring,"Kecamatan Tampaksiring, Kabupaten Gianyar",,2019,https://cloud-ng.baliprov.go.id/dpma/2022/02/PERDA-NOMOR-4-TAHUN-2019-TTG-DESA-ADAT-DI-BALI.pdf
Bukit,"Kecamatan Tampaksiring, Kabupaten Gianyar",,2019,https://cloud-ng.baliprov.go.id/dpma/2022/02/PERDA-NOMOR-4-TAHUN-2019-TTG-DESA-ADAT-DI-BALI.pdf
Kulub,"Kecamatan Tampaksiring, Kabupaten Gianyar",,2019,https://cloud-ng.baliprov.go.id/dpma/2022/02/PERDA-NOMOR-4-TAHUN-2019-TTG-DESA-ADAT-DI-BALI.pdf
Kulu,"Kecamatan Tampaksiring, Kabupaten Gianyar",,2019,https://cloud-ng.baliprov.go.id/dpma/2022/02/PERDA-NOMOR-4-TAHUN-2019-TTG-DESA-ADAT-DI-BALI.pdf
Eha,"Kecamatan Tampaksiring, Kabupaten Gianyar",,2019,https://cloud-ng.baliprov.go.id/dpma/2022/02/PERDA-NOMOR-4-TAHUN-2019-TTG-DESA-ADAT-DI-BALI.pdf
Kelodan Tampaksiring,"Kecamatan Tampaksiring, Kabupaten Gianyar",,2019,https://cloud-ng.baliprov.go.id/dpma/2022/02/PERDA-NOMOR-4-TAHUN-2019-TTG-DESA-ADAT-DI-BALI.pdf
Manukaya Let,"Kecamatan Tampaksiring, Kabupaten Gianyar",,2019,https://cloud-ng.baliprov.go.id/dpma/2022/02/PERDA-NOMOR-4-TAHUN-2019-TTG-DESA-ADAT-DI-BALI.pdf
Manukaya Anyar,"Kecamatan Tampaksiring, Kabupaten Gianyar",,2019,https://cloud-ng.baliprov.go.id/dpma/2022/02/PERDA-NOMOR-4-TAHUN-2019-TTG-DESA-ADAT-DI-BALI.pdf
Penempahan,"Kecamatan Tampaksiring, Kabupaten Gianyar",,2019,https://cloud-ng.baliprov.go.id/dpma/2022/02/PERDA-NOMOR-4-TAHUN-2019-TTG-DESA-ADAT-DI-BALI.pdf
Malet,"Kecamatan Tampaksiring, Kabupaten Gianyar",,2019,https://cloud-ng.baliprov.go.id/dpma/2022/02/PERDA-NOMOR-4-TAHUN-2019-TTG-DESA-ADAT-DI-BALI.pdf
Temen,"Kecamatan Tampaksiring, Kabupaten Gianyar",,2019,https://cloud-ng.baliprov.go.id/dpma/2022/02/PERDA-NOMOR-4-TAHUN-2019-TTG-DESA-ADAT-DI-BALI.pdf
Basangambu,"Kecamatan Tampaksiring, Kabupaten Gianyar",,2019,https://cloud-ng.baliprov.go.id/dpma/2022/02/PERDA-NOMOR-4-TAHUN-2019-TTG-DESA-ADAT-DI-BALI.pdf
Maniktawang,"Kecamatan Tampaksiring, Kabupaten Gianyar",,2019,https://cloud-ng.baliprov.go.id/dpma/2022/02/PERDA-NOMOR-4-TAHUN-2019-TTG-DESA-ADAT-DI-BALI.pdf
Keranjangan,"Kecamatan Tampaksiring, Kabupaten Gianyar",,2019,https://cloud-ng.baliprov.go.id/dpma/2022/02/PERDA-NOMOR-4-TAHUN-2019-TTG-DESA-ADAT-DI-BALI.pdf
Mancingan,"Kecamatan Tampaksiring, Kabupaten Gianyar",,2019,https://cloud-ng.baliprov.go.id/dpma/2022/02/PERDA-NOMOR-4-TAHUN-2019-TTG-DESA-ADAT-DI-BALI.pdf
Tegallalang,"Kecamatan Tegallalang, Kabupaten Gianyar",,2019,https://cloud-ng.baliprov.go.id/dpma/2022/02/PERDA-NOMOR-4-TAHUN-2019-TTG-DESA-ADAT-DI-BALI.pdf
Abangan,"Kecamatan Tegallalang, Kabupaten Gianyar",,2019,https://cloud-ng.baliprov.go.id/dpma/2022/02/PERDA-NOMOR-4-TAHUN-2019-TTG-DESA-ADAT-DI-BALI.pdf
Kelabangmoding,"Kecamatan Tegallalang, Kabupaten Gianyar",,2019,https://cloud-ng.baliprov.go.id/dpma/2022/02/PERDA-NOMOR-4-TAHUN-2019-TTG-DESA-ADAT-DI-BALI.pdf
Sapat,"Kecamatan Tegallalang, Kabupaten Gianyar",,2019,https://cloud-ng.baliprov.go.id/dpma/2022/02/PERDA-NOMOR-4-TAHUN-2019-TTG-DESA-ADAT-DI-BALI.pdf
Gentong,"Kecamatan Tegallalang, Kabupaten Gianyar",,2019,https://cloud-ng.baliprov.go.id/dpma/2022/02/PERDA-NOMOR-4-TAHUN-2019-TTG-DESA-ADAT-DI-BALI.pdf
Sebatu,"Kecamatan Tegallalang, Kabupaten Gianyar",,2019,https://cloud-ng.baliprov.go.id/dpma/2022/02/PERDA-NOMOR-4-TAHUN-2019-TTG-DESA-ADAT-DI-BALI.pdf
Talepud,"Kecamatan Tegallalang, Kabupaten Gianyar",,2019,https://cloud-ng.baliprov.go.id/dpma/2022/02/PERDA-NOMOR-4-TAHUN-2019-TTG-DESA-ADAT-DI-BALI.pdf
Pujung Sari,"Kecamatan Tegallalang, Kabupaten Gianyar",,2019,https://cloud-ng.baliprov.go.id/dpma/2022/02/PERDA-NOMOR-4-TAHUN-2019-TTG-DESA-ADAT-DI-BALI.pdf
Tumbakasa,"Kecamatan Tegallalang, Kabupaten Gianyar",,2019,https://cloud-ng.baliprov.go.id/dpma/2022/02/PERDA-NOMOR-4-TAHUN-2019-TTG-DESA-ADAT-DI-BALI.pdf
Jasan,"Kecamatan Tegallalang, Kabupaten Gianyar",,2019,https://cloud-ng.baliprov.go.id/dpma/2022/02/PERDA-NOMOR-4-TAHUN-2019-TTG-DESA-ADAT-DI-BALI.pdf
Bonjaka,"Kecamatan Tegallalang, Kabupaten Gianyar",,2019,https://cloud-ng.baliprov.go.id/dpma/2022/02/PERDA-NOMOR-4-TAHUN-2019-TTG-DESA-ADAT-DI-BALI.pdf
Jati,"Kecamatan Tegallalang, Kabupaten Gianyar",,2019,https://cloud-ng.baliprov.go.id/dpma/2022/02/PERDA-NOMOR-4-TAHUN-2019-TTG-DESA-ADAT-DI-BALI.pdf
Tegal Suci,"Kecamatan Tegallalang, Kabupaten Gianyar",,2019,https://cloud-ng.baliprov.go.id/dpma/2022/02/PERDA-NOMOR-4-TAHUN-2019-TTG-DESA-ADAT-DI-BALI.pdf
Apuh,"Kecamatan Tegallalang, Kabupaten Gianyar",,2019,https://cloud-ng.baliprov.go.id/dpma/2022/02/PERDA-NOMOR-4-TAHUN-2019-TTG-DESA-ADAT-DI-BALI.pdf
Keliki,"Kecamatan Tegallalang, Kabupaten Gianyar",,2019,https://cloud-ng.baliprov.go.id/dpma/2022/02/PERDA-NOMOR-4-TAHUN-2019-TTG-DESA-ADAT-DI-BALI.pdf
Sebali,"Kecamatan Tegallalang, Kabupaten Gianyar",,2019,https://cloud-ng.baliprov.go.id/dpma/2022/02/PERDA-NOMOR-4-TAHUN-2019-TTG-DESA-ADAT-DI-BALI.pdf
Taro Kaja,"Kecamatan Tegallalang, Kabupaten Gianyar",,2019,https://cloud-ng.baliprov.go.id/dpma/2022/02/PERDA-NOMOR-4-TAHUN-2019-TTG-DESA-ADAT-DI-BALI.pdf
Taro Kelod,"Kecamatan Tegallalang, Kabupaten Gianyar",,2019,https://cloud-ng.baliprov.go.id/dpma/2022/02/PERDA-NOMOR-4-TAHUN-2019-TTG-DESA-ADAT-DI-BALI.pdf
Ked,"Kecamatan Tegallalang, Kabupaten Gianyar",,2019,https://cloud-ng.baliprov.go.id/dpma/2022/02/PERDA-NOMOR-4-TAHUN-2019-TTG-DESA-ADAT-DI-BALI.pdf
Alas Pujung,"Kecamatan Tegallalang, Kabupaten Gianyar",,2019,https://cloud-ng.baliprov.go.id/dpma/2022/02/PERDA-NOMOR-4-TAHUN-2019-TTG-DESA-ADAT-DI-BALI.pdf
Belong,"Kecamatan Tegallalang, Kabupaten Gianyar",,2019,https://cloud-ng.baliprov.go.id/dpma/2022/02/PERDA-NOMOR-4-TAHUN-2019-TTG-DESA-ADAT-DI-BALI.pdf
Patas,"Kecamatan Tegallalang, Kabupaten Gianyar",,2019,https://cloud-ng.baliprov.go.id/dpma/2022/02/PERDA-NOMOR-4-TAHUN-2019-TTG-DESA-ADAT-DI-BALI.pdf
Pisang Kaja,"Kecamatan Tegallalang, Kabupaten Gianyar",,2019,https://cloud-ng.baliprov.go.id/dpma/2022/02/PERDA-NOMOR-4-TAHUN-2019-TTG-DESA-ADAT-DI-BALI.pdf
Pisang Kelod,"Kecamatan Tegallalang, Kabupaten Gianyar",,2019,https://cloud-ng.baliprov.go.id/dpma/2022/02/PERDA-NOMOR-4-TAHUN-2019-TTG-DESA-ADAT-DI-BALI.pdf
Let,"Kecamatan Tegallalang, Kabupaten Gianyar",,2019,https://cloud-ng.baliprov.go.id/dpma/2022/02/PERDA-NOMOR-4-TAHUN-2019-TTG-DESA-ADAT-DI-BALI.pdf
Sengkaduan,"Kecamatan Tegallalang, Kabupaten Gianyar",,2019,https://cloud-ng.baliprov.go.id/dpma/2022/02/PERDA-NOMOR-4-TAHUN-2019-TTG-DESA-ADAT-DI-BALI.pdf
Pakuseba,"Kecamatan Tegallalang, Kabupaten Gianyar",,2019,https://cloud-ng.baliprov.go.id/dpma/2022/02/PERDA-NOMOR-4-TAHUN-2019-TTG-DESA-ADAT-DI-BALI.pdf
Puakan,"Kecamatan Tegallalang, Kabupaten Gianyar",,2019,https://cloud-ng.baliprov.go.id/dpma/2022/02/PERDA-NOMOR-4-TAHUN-2019-TTG-DESA-ADAT-DI-BALI.pdf
Tebuana,"Kecamatan Tegallalang, Kabupaten Gianyar",,2019,https://cloud-ng.baliprov.go.id/dpma/2022/02/PERDA-NOMOR-4-TAHUN-2019-TTG-DESA-ADAT-DI-BALI.pdf
Tatag,"Kecamatan Tegallalang, Kabupaten Gianyar",,2019,https://cloud-ng.baliprov.go.id/dpma/2022/02/PERDA-NOMOR-4-TAHUN-2019-TTG-DESA-ADAT-DI-BALI.pdf
Calo,"Kecamatan Tegallalang, Kabupaten Gianyar",,2019,https://cloud-ng.baliprov.go.id/dpma/2022/02/PERDA-NOMOR-4-TAHUN-2019-TTG-DESA-ADAT-DI-BALI.pdf
Timbul,"Kecamatan Tegallalang, Kabupaten Gianyar",,2019,https://cloud-ng.baliprov.go.id/dpma/2022/02/PERDA-NOMOR-4-TAHUN-2019-TTG-DESA-ADAT-DI-BALI.pdf
Tegal Payang,"Kecamatan Tegallalang, Kabupaten Gianyar",,2019,https://cloud-ng.baliprov.go.id/dpma/2022/02/PERDA-NOMOR-4-TAHUN-2019-TTG-DESA-ADAT-DI-BALI.pdf
Perean,"Kecamatan Tegallalang, Kabupaten Gianyar",,2019,https://cloud-ng.baliprov.go.id/dpma/2022/02/PERDA-NOMOR-4-TAHUN-2019-TTG-DESA-ADAT-DI-BALI.pdf
Pupuan,"Kecamatan Tegallalang, Kabupaten Gianyar",,2019,https://cloud-ng.baliprov.go.id/dpma/2022/02/PERDA-NOMOR-4-TAHUN-2019-TTG-DESA-ADAT-DI-BALI.pdf
Tangkup,"Kecamatan Tegallalang, Kabupaten Gianyar",,2019,https://cloud-ng.baliprov.go.id/dpma/2022/02/PERDA-NOMOR-4-TAHUN-2019-TTG-DESA-ADAT-DI-BALI.pdf
Mumbi,"Kecamatan Tegallalang, Kabupaten Gianyar",,2019,https://cloud-ng.baliprov.go.id/dpma/2022/02/PERDA-NOMOR-4-TAHUN-2019-TTG-DESA-ADAT-DI-BALI.pdf
Kedisan,"Kecamatan Tegallalang, Kabupaten Gianyar",,2019,https://cloud-ng.baliprov.go.id/dpma/2022/02/PERDA-NOMOR-4-TAHUN-2019-TTG-DESA-ADAT-DI-BALI.pdf
Bayad,"Kecamatan Tegallalang, Kabupaten Gianyar",,2019,https://cloud-ng.baliprov.go.id/dpma/2022/02/PERDA-NOMOR-4-TAHUN-2019-TTG-DESA-ADAT-DI-BALI.pdf
Kebon,"Kecamatan Tegallalang, Kabupaten Gianyar",,2019,https://cloud-ng.baliprov.go.id/dpma/2022/02/PERDA-NOMOR-4-TAHUN-2019-TTG-DESA-ADAT-DI-BALI.pdf
Cebok,"Kecamatan Tegallalang, Kabupaten Gianyar",,2019,https://cloud-ng.baliprov.go.id/dpma/2022/02/PERDA-NOMOR-4-TAHUN-2019-TTG-DESA-ADAT-DI-BALI.pdf
Pakudui,"Kecamatan Tegallalang, Kabupaten Gianyar",,2019,https://cloud-ng.baliprov.go.id/dpma/2022/02/PERDA-NOMOR-4-TAHUN-2019-TTG-DESA-ADAT-DI-BALI.pdf
Dlod Blumbang,"Kecamatan Tegallalang, Kabupaten Gianyar",,2019,https://cloud-ng.baliprov.go.id/dpma/2022/02/PERDA-NOMOR-4-TAHUN-2019-TTG-DESA-ADAT-DI-BALI.pdf
Manuaba,"Kecamatan Tegallalang, Kabupaten Gianyar",,2019,https://cloud-ng.baliprov.go.id/dpma/2022/02/PERDA-NOMOR-4-TAHUN-2019-TTG-DESA-ADAT-DI-BALI.pdf
Kenderan,"Kecamatan Tegallalang, Kabupaten Gianyar",,2019,https://cloud-ng.baliprov.go.id/dpma/2022/02/PERDA-NOMOR-4-TAHUN-2019-TTG-DESA-ADAT-DI-BALI.pdf
Pengaji,"Kecamatan Payangan, Kabupaten Gianyar",,2019,https://cloud-ng.baliprov.go.id/dpma/2022/02/PERDA-NOMOR-4-TAHUN-2019-TTG-DESA-ADAT-DI-BALI.pdf
Begawan,"Kecamatan Payangan, Kabupaten Gianyar",,2019,https://cloud-ng.baliprov.go.id/dpma/2022/02/PERDA-NOMOR-4-TAHUN-2019-TTG-DESA-ADAT-DI-BALI.pdf
Tibekauh,"Kecamatan Payangan, Kabupaten Gianyar",,2019,https://cloud-ng.baliprov.go.id/dpma/2022/02/PERDA-NOMOR-4-TAHUN-2019-TTG-DESA-ADAT-DI-BALI.pdf
Bayad,"Kecamatan Payangan, Kabupaten Gianyar",,2019,https://cloud-ng.baliprov.go.id/dpma/2022/02/PERDA-NOMOR-4-TAHUN-2019-TTG-DESA-ADAT-DI-BALI.pdf
Payangan Desa,"Kecamatan Payangan, Kabupaten Gianyar",,2019,https://cloud-ng.baliprov.go.id/dpma/2022/02/PERDA-NOMOR-4-TAHUN-2019-TTG-DESA-ADAT-DI-BALI.pdf
Melinggih,"Kecamatan Payangan, Kabupaten Gianyar",,2019,https://cloud-ng.baliprov.go.id/dpma/2022/02/PERDA-NOMOR-4-TAHUN-2019-TTG-DESA-ADAT-DI-BALI.pdf
Sema,"Kecamatan Payangan, Kabupaten Gianyar",,2019,https://cloud-ng.baliprov.go.id/dpma/2022/02/PERDA-NOMOR-4-TAHUN-2019-TTG-DESA-ADAT-DI-BALI.pdf
Badung,"Kecamatan Payangan, Kabupaten Gianyar",,2019,https://cloud-ng.baliprov.go.id/dpma/2022/02/PERDA-NOMOR-4-TAHUN-2019-TTG-DESA-ADAT-DI-BALI.pdf
Geria,"Kecamatan Payangan, Kabupaten Gianyar",,2019,https://cloud-ng.baliprov.go.id/dpma/2022/02/PERDA-NOMOR-4-TAHUN-2019-TTG-DESA-ADAT-DI-BALI.pdf
Kelusa,"Kecamatan Payangan, Kabupaten Gianyar",,2019,https://cloud-ng.baliprov.go.id/dpma/2022/02/PERDA-NOMOR-4-TAHUN-2019-TTG-DESA-ADAT-DI-BALI.pdf
Keliki Kawan,"Kecamatan Payangan, Kabupaten Gianyar",,2019,https://cloud-ng.baliprov.go.id/dpma/2022/02/PERDA-NOMOR-4-TAHUN-2019-TTG-DESA-ADAT-DI-BALI.pdf
Yeh Tengah,"Kecamatan Payangan, Kabupaten Gianyar",,2019,https://cloud-ng.baliprov.go.id/dpma/2022/02/PERDA-NOMOR-4-TAHUN-2019-TTG-DESA-ADAT-DI-BALI.pdf
Bresela,"Kecamatan Payangan, Kabupaten Gianyar",,2019,https://cloud-ng.baliprov.go.id/dpma/2022/02/PERDA-NOMOR-4-TAHUN-2019-TTG-DESA-ADAT-DI-BALI.pdf
Bukian,"Kecamatan Payangan, Kabupaten Gianyar",,2019,https://cloud-ng.baliprov.go.id/dpma/2022/02/PERDA-NOMOR-4-TAHUN-2019-TTG-DESA-ADAT-DI-BALI.pdf
Subilang,"Kecamatan Payangan, Kabupaten Gianyar",,2019,https://cloud-ng.baliprov.go.id/dpma/2022/02/PERDA-NOMOR-4-TAHUN-2019-TTG-DESA-ADAT-DI-BALI.pdf
Tiyingan,"Kecamatan Payangan, Kabupaten Gianyar",,2019,https://cloud-ng.baliprov.go.id/dpma/2022/02/PERDA-NOMOR-4-TAHUN-2019-TTG-DESA-ADAT-DI-BALI.pdf
Ulapan,"Kecamatan Payangan, Kabupaten Gianyar",,2019,https://cloud-ng.baliprov.go.id/dpma/2022/02/PERDA-NOMOR-4-TAHUN-2019-TTG-DESA-ADAT-DI-BALI.pdf
Amo,"Kecamatan Payangan, Kabupaten Gianyar",,2019,https://cloud-ng.baliprov.go.id/dpma/2022/02/PERDA-NOMOR-4-TAHUN-2019-TTG-DESA-ADAT-DI-BALI.pdf
Dasong,"Kecamatan Payangan, Kabupaten Gianyar",,2019,https://cloud-ng.baliprov.go.id/dpma/2022/02/PERDA-NOMOR-4-TAHUN-2019-TTG-DESA-ADAT-DI-BALI.pdf
Lebah,"Kecamatan Payangan, Kabupaten Gianyar",,2019,https://cloud-ng.baliprov.go.id/dpma/2022/02/PERDA-NOMOR-4-TAHUN-2019-TTG-DESA-ADAT-DI-BALI.pdf
Lebah Buana,"Kecamatan Payangan, Kabupaten Gianyar",,2019,https://cloud-ng.baliprov.go.id/dpma/2022/02/PERDA-NOMOR-4-TAHUN-2019-TTG-DESA-ADAT-DI-BALI.pdf
Kebek,"Kecamatan Payangan, Kabupaten Gianyar",,2019,https://cloud-ng.baliprov.go.id/dpma/2022/02/PERDA-NOMOR-4-TAHUN-2019-TTG-DESA-ADAT-DI-BALI.pdf
Selasih,"Kecamatan Payangan, Kabupaten Gianyar",,2019,https://cloud-ng.baliprov.go.id/dpma/2022/02/PERDA-NOMOR-4-TAHUN-2019-TTG-DESA-ADAT-DI-BALI.pdf
Penginyahan,"Kecamatan Payangan, Kabupaten Gianyar",,2019,https://cloud-ng.baliprov.go.id/dpma/2022/02/PERDA-NOMOR-4-TAHUN-2019-TTG-DESA-ADAT-DI-BALI.pdf
Puhu,"Kecamatan Payangan, Kabupaten Gianyar",,2019,https://cloud-ng.baliprov.go.id/dpma/2022/02/PERDA-NOMOR-4-TAHUN-2019-TTG-DESA-ADAT-DI-BALI.pdf
Semaon,"Kecamatan Payangan, Kabupaten Gianyar",,2019,https://cloud-ng.baliprov.go.id/dpma/2022/02/PERDA-NOMOR-4-TAHUN-2019-TTG-DESA-ADAT-DI-BALI.pdf
Ponggang,"Kecamatan Payangan, Kabupaten Gianyar",,2019,https://cloud-ng.baliprov.go.id/dpma/2022/02/PERDA-NOMOR-4-TAHUN-2019-TTG-DESA-ADAT-DI-BALI.pdf
Satung,"Kecamatan Payangan, Kabupaten Gianyar",,2019,https://cloud-ng.baliprov.go.id/dpma/2022/02/PERDA-NOMOR-4-TAHUN-2019-TTG-DESA-ADAT-DI-BALI.pdf
Susut,"Kecamatan Payangan, Kabupaten Gianyar",,2019,https://cloud-ng.baliprov.go.id/dpma/2022/02/PERDA-NOMOR-4-TAHUN-2019-TTG-DESA-ADAT-DI-BALI.pdf
Buahan,"Kecamatan Payangan, Kabupaten Gianyar",,2019,https://cloud-ng.baliprov.go.id/dpma/2022/02/PERDA-NOMOR-4-TAHUN-2019-TTG-DESA-ADAT-DI-BALI.pdf
Jaang,"Kecamatan Payangan, Kabupaten Gianyar",,2019,https://cloud-ng.baliprov.go.id/dpma/2022/02/PERDA-NOMOR-4-TAHUN-2019-TTG-DESA-ADAT-DI-BALI.pdf
Gambih,"Kecamatan Payangan, Kabupaten Gianyar",,2019,https://cloud-ng.baliprov.go.id/dpma/2022/02/PERDA-NOMOR-4-TAHUN-2019-TTG-DESA-ADAT-DI-BALI.pdf
Sriteja,"Kecamatan Payangan, Kabupaten Gianyar",,2019,https://cloud-ng.baliprov.go.id/dpma/2022/02/PERDA-NOMOR-4-TAHUN-2019-TTG-DESA-ADAT-DI-BALI.pdf
Selat,"Kecamatan Payangan, Kabupaten Gianyar",,2019,https://cloud-ng.baliprov.go.id/dpma/2022/02/PERDA-NOMOR-4-TAHUN-2019-TTG-DESA-ADAT-DI-BALI.pdf
Gata,"Kecamatan Payangan, Kabupaten Gianyar",,2019,https://cloud-ng.baliprov.go.id/dpma/2022/02/PERDA-NOMOR-4-TAHUN-2019-TTG-DESA-ADAT-DI-BALI.pdf
Majangan,"Kecamatan Payangan, Kabupaten Gianyar",,2019,https://cloud-ng.baliprov.go.id/dpma/2022/02/PERDA-NOMOR-4-TAHUN-2019-TTG-DESA-ADAT-DI-BALI.pdf
Tengipis,"Kecamatan Payangan, Kabupaten Gianyar",,2019,https://cloud-ng.baliprov.go.id/dpma/2022/02/PERDA-NOMOR-4-TAHUN-2019-TTG-DESA-ADAT-DI-BALI.pdf
Pausan,"Kecamatan Payangan, Kabupaten Gianyar",,2019,https://cloud-ng.baliprov.go.id/dpma/2022/02/PERDA-NOMOR-4-TAHUN-2019-TTG-DESA-ADAT-DI-BALI.pdf
Singaperang,"Kecamatan Payangan, Kabupaten Gianyar",,2019,https://cloud-ng.baliprov.go.id/dpma/2022/02/PERDA-NOMOR-4-TAHUN-2019-TTG-DESA-ADAT-DI-BALI.pdf
Bada,"Kecamatan Payangan, Kabupaten Gianyar",,2019,https://cloud-ng.baliprov.go.id/dpma/2022/02/PERDA-NOMOR-4-TAHUN-2019-TTG-DESA-ADAT-DI-BALI.pdf
Kerta,"Kecamatan Payangan, Kabupaten Gianyar",,2019,https://cloud-ng.baliprov.go.id/dpma/2022/02/PERDA-NOMOR-4-TAHUN-2019-TTG-DESA-ADAT-DI-BALI.pdf
Marga Tengah,"Kecamatan Payangan, Kabupaten Gianyar",,2019,https://cloud-ng.baliprov.go.id/dpma/2022/02/PERDA-NOMOR-4-TAHUN-2019-TTG-DESA-ADAT-DI-BALI.pdf
Pilan,"Kecamatan Payangan, Kabupaten Gianyar",,2019,https://cloud-ng.baliprov.go.id/dpma/2022/02/PERDA-NOMOR-4-TAHUN-2019-TTG-DESA-ADAT-DI-BALI.pdf
Seming,"Kecamatan Payangan, Kabupaten Gianyar",,2019,https://cloud-ng.baliprov.go.id/dpma/2022/02/PERDA-NOMOR-4-TAHUN-2019-TTG-DESA-ADAT-DI-BALI.pdf
Penyabangan,"Kecamatan Payangan, Kabupaten Gianyar",,2019,https://cloud-ng.baliprov.go.id/dpma/2022/02/PERDA-NOMOR-4-TAHUN-2019-TTG-DESA-ADAT-DI-BALI.pdf
Saren,"Kecamatan Payangan, Kabupaten Gianyar",,2019,https://cloud-ng.baliprov.go.id/dpma/2022/02/PERDA-NOMOR-4-TAHUN-2019-TTG-DESA-ADAT-DI-BALI.pdf
Bunteh,"Kecamatan Payangan, Kabupaten Gianyar",,2019,https://cloud-ng.baliprov.go.id/dpma/2022/02/PERDA-NOMOR-4-TAHUN-2019-TTG-DESA-ADAT-DI-BALI.pdf
Mawang,"Kecamatan Payangan, Kabupaten Gianyar",,2019,https://cloud-ng.baliprov.go.id/dpma/2022/02/PERDA-NOMOR-4-TAHUN-2019-TTG-DESA-ADAT-DI-BALI.pdf
Bantiran,"Kecamatan Pupuan, Kabupaten Tabanan",,2019,https://cloud-ng.baliprov.go.id/dpma/2022/02/PERDA-NOMOR-4-TAHUN-2019-TTG-DESA-ADAT-DI-BALI.pdf
Pupuan,"Kecamatan Pupuan, Kabupaten Tabanan",,2019,https://cloud-ng.baliprov.go.id/dpma/2022/02/PERDA-NOMOR-4-TAHUN-2019-TTG-DESA-ADAT-DI-BALI.pdf
Pajahan,"Kecamatan Pupuan, Kabupaten Tabanan",,2019,https://cloud-ng.baliprov.go.id/dpma/2022/02/PERDA-NOMOR-4-TAHUN-2019-TTG-DESA-ADAT-DI-BALI.pdf
Sai,"Kecamatan Pupuan, Kabupaten Tabanan",,2019,https://cloud-ng.baliprov.go.id/dpma/2022/02/PERDA-NOMOR-4-TAHUN-2019-TTG-DESA-ADAT-DI-BALI.pdf
Munduktemu,"Kecamatan Pupuan, Kabupaten Tabanan",,2019,https://cloud-ng.baliprov.go.id/dpma/2022/02/PERDA-NOMOR-4-TAHUN-2019-TTG-DESA-ADAT-DI-BALI.pdf
Anggasari,"Kecamatan Pupuan, Kabupaten Tabanan",,2019,https://cloud-ng.baliprov.go.id/dpma/2022/02/PERDA-NOMOR-4-TAHUN-2019-TTG-DESA-ADAT-DI-BALI.pdf
Kebonjero,"Kecamatan Pupuan, Kabupaten Tabanan",,2019,https://cloud-ng.baliprov.go.id/dpma/2022/02/PERDA-NOMOR-4-TAHUN-2019-TTG-DESA-ADAT-DI-BALI.pdf
Belatungan,"Kecamatan Pupuan, Kabupaten Tabanan",,2019,https://cloud-ng.baliprov.go.id/dpma/2022/02/PERDA-NOMOR-4-TAHUN-2019-TTG-DESA-ADAT-DI-BALI.pdf
Antap Gawang,"Kecamatan Pupuan, Kabupaten Tabanan",,2019,https://cloud-ng.baliprov.go.id/dpma/2022/02/PERDA-NOMOR-4-TAHUN-2019-TTG-DESA-ADAT-DI-BALI.pdf
Yeh Sibuh,"Kecamatan Pupuan, Kabupaten Tabanan",,2019,https://cloud-ng.baliprov.go.id/dpma/2022/02/PERDA-NOMOR-4-TAHUN-2019-TTG-DESA-ADAT-DI-BALI.pdf
Pujungan,"Kecamatan Pupuan, Kabupaten Tabanan",,2019,https://cloud-ng.baliprov.go.id/dpma/2022/02/PERDA-NOMOR-4-TAHUN-2019-TTG-DESA-ADAT-DI-BALI.pdf
Sanda,"Kecamatan Pupuan, Kabupaten Tabanan",,2019,https://cloud-ng.baliprov.go.id/dpma/2022/02/PERDA-NOMOR-4-TAHUN-2019-TTG-DESA-ADAT-DI-BALI.pdf
Jelijih,"Kecamatan Pupuan, Kabupaten Tabanan",,2019,https://cloud-ng.baliprov.go.id/dpma/2022/02/PERDA-NOMOR-4-TAHUN-2019-TTG-DESA-ADAT-DI-BALI.pdf
Punggang,"Kecamatan Pupuan, Kabupaten Tabanan",,2019,https://cloud-ng.baliprov.go.id/dpma/2022/02/PERDA-NOMOR-4-TAHUN-2019-TTG-DESA-ADAT-DI-BALI.pdf
Penyawa,"Kecamatan Pupuan, Kabupaten Tabanan",,2019,https://cloud-ng.baliprov.go.id/dpma/2022/02/PERDA-NOMOR-4-TAHUN-2019-TTG-DESA-ADAT-DI-BALI.pdf
Padangan,"Kecamatan Pupuan, Kabupaten Tabanan",,2019,https://cloud-ng.baliprov.go.id/dpma/2022/02/PERDA-NOMOR-4-TAHUN-2019-TTG-DESA-ADAT-DI-BALI.pdf
Pempatan,"Kecamatan Pupuan, Kabupaten Tabanan",,2019,https://cloud-ng.baliprov.go.id/dpma/2022/02/PERDA-NOMOR-4-TAHUN-2019-TTG-DESA-ADAT-DI-BALI.pdf
Batungsel,"Kecamatan Pupuan, Kabupaten Tabanan",,2019,https://cloud-ng.baliprov.go.id/dpma/2022/02/PERDA-NOMOR-4-TAHUN-2019-TTG-DESA-ADAT-DI-BALI.pdf
Kebonpadangan,"Kecamatan Pupuan, Kabupaten Tabanan",,2019,https://cloud-ng.baliprov.go.id/dpma/2022/02/PERDA-NOMOR-4-TAHUN-2019-TTG-DESA-ADAT-DI-BALI.pdf
Baletimbang,"Kecamatan Pupuan, Kabupaten Tabanan",,2019,https://cloud-ng.baliprov.go.id/dpma/2022/02/PERDA-NOMOR-4-TAHUN-2019-TTG-DESA-ADAT-DI-BALI.pdf
Galiukir,"Kecamatan Pupuan, Kabupaten Tabanan",,2019,https://cloud-ng.baliprov.go.id/dpma/2022/02/PERDA-NOMOR-4-TAHUN-2019-TTG-DESA-ADAT-DI-BALI.pdf
Karya Sari,"Kecamatan Pupuan, Kabupaten Tabanan",,2019,https://cloud-ng.baliprov.go.id/dpma/2022/02/PERDA-NOMOR-4-TAHUN-2019-TTG-DESA-ADAT-DI-BALI.pdf
Suradadi,"Kecamatan Pupuan, Kabupaten Tabanan",,2019,https://cloud-ng.baliprov.go.id/dpma/2022/02/PERDA-NOMOR-4-TAHUN-2019-TTG-DESA-ADAT-DI-BALI.pdf
Durentaluh,"Kecamatan Pupuan, Kabupaten Tabanan",,2019,https://cloud-ng.baliprov.go.id/dpma/2022/02/PERDA-NOMOR-4-TAHUN-2019-TTG-DESA-ADAT-DI-BALI.pdf
Belimbing,"Kecamatan Pupuan, Kabupaten Tabanan",,2019,https://cloud-ng.baliprov.go.id/dpma/2022/02/PERDA-NOMOR-4-TAHUN-2019-TTG-DESA-ADAT-DI-BALI.pdf
Antosari,"Kecamatan Selemadeg Barat, Kabupaten Tabanan",,2019,https://cloud-ng.baliprov.go.id/dpma/2022/02/PERDA-NOMOR-4-TAHUN-2019-TTG-DESA-ADAT-DI-BALI.pdf
Umaseka,"Kecamatan Selemadeg Barat, Kabupaten Tabanan",,2019,https://cloud-ng.baliprov.go.id/dpma/2022/02/PERDA-NOMOR-4-TAHUN-2019-TTG-DESA-ADAT-DI-BALI.pdf
Petiles,"Kecamatan Selemadeg Barat, Kabupaten Tabanan",,2019,https://cloud-ng.baliprov.go.id/dpma/2022/02/PERDA-NOMOR-4-TAHUN-2019-TTG-DESA-ADAT-DI-BALI.pdf
Banjar Anyar,"Kecamatan Selemadeg Barat, Kabupaten Tabanan",,2019,https://cloud-ng.baliprov.go.id/dpma/2022/02/PERDA-NOMOR-4-TAHUN-2019-TTG-DESA-ADAT-DI-BALI.pdf
Dukuh,"Kecamatan Selemadeg Barat, Kabupaten Tabanan",,2019,https://cloud-ng.baliprov.go.id/dpma/2022/02/PERDA-NOMOR-4-TAHUN-2019-TTG-DESA-ADAT-DI-BALI.pdf
Tiying gading,"Kecamatan Selemadeg Barat, Kabupaten Tabanan",,2019,https://cloud-ng.baliprov.go.id/dpma/2022/02/PERDA-NOMOR-4-TAHUN-2019-TTG-DESA-ADAT-DI-BALI.pdf
Ampadan,"Kecamatan Selemadeg Barat, Kabupaten Tabanan",,2019,https://cloud-ng.baliprov.go.id/dpma/2022/02/PERDA-NOMOR-4-TAHUN-2019-TTG-DESA-ADAT-DI-BALI.pdf
Antagana,"Kecamatan Selemadeg Barat, Kabupaten Tabanan",,2019,https://cloud-ng.baliprov.go.id/dpma/2022/02/PERDA-NOMOR-4-TAHUN-2019-TTG-DESA-ADAT-DI-BALI.pdf
Mundeh,"Kecamatan Selemadeg Barat, Kabupaten Tabanan",,2019,https://cloud-ng.baliprov.go.id/dpma/2022/02/PERDA-NOMOR-4-TAHUN-2019-TTG-DESA-ADAT-DI-BALI.pdf
Pasut,"Kecamatan Selemadeg Barat, Kabupaten Tabanan",,2019,https://cloud-ng.baliprov.go.id/dpma/2022/02/PERDA-NOMOR-4-TAHUN-2019-TTG-DESA-ADAT-DI-BALI.pdf
Gelunggang,"Kecamatan Selemadeg Barat, Kabupaten Tabanan",,2019,https://cloud-ng.baliprov.go.id/dpma/2022/02/PERDA-NOMOR-4-TAHUN-2019-TTG-DESA-ADAT-DI-BALI.pdf
Pancoran,"Kecamatan Selemadeg Barat, Kabupaten Tabanan",,2019,https://cloud-ng.baliprov.go.id/dpma/2022/02/PERDA-NOMOR-4-TAHUN-2019-TTG-DESA-ADAT-DI-BALI.pdf
Nyuhgading,"Kecamatan Selemadeg Barat, Kabupaten Tabanan",,2019,https://cloud-ng.baliprov.go.id/dpma/2022/02/PERDA-NOMOR-4-TAHUN-2019-TTG-DESA-ADAT-DI-BALI.pdf
Pengedan,"Kecamatan Selemadeg Barat, Kabupaten Tabanan",,2019,https://cloud-ng.baliprov.go.id/dpma/2022/02/PERDA-NOMOR-4-TAHUN-2019-TTG-DESA-ADAT-DI-BALI.pdf
Bangal,"Kecamatan Selemadeg Barat, Kabupaten Tabanan",,2019,https://cloud-ng.baliprov.go.id/dpma/2022/02/PERDA-NOMOR-4-TAHUN-2019-TTG-DESA-ADAT-DI-BALI.pdf
Auman,"Kecamatan Selemadeg Barat, Kabupaten Tabanan",,2019,https://cloud-ng.baliprov.go.id/dpma/2022/02/PERDA-NOMOR-4-TAHUN-2019-TTG-DESA-ADAT-DI-BALI.pdf
Penataran,"Kecamatan Selemadeg Barat, Kabupaten Tabanan",,2019,https://cloud-ng.baliprov.go.id/dpma/2022/02/PERDA-NOMOR-4-TAHUN-2019-TTG-DESA-ADAT-DI-BALI.pdf
Yeh Silah,"Kecamatan Selemadeg Barat, Kabupaten Tabanan",,2019,https://cloud-ng.baliprov.go.id/dpma/2022/02/PERDA-NOMOR-4-TAHUN-2019-TTG-DESA-ADAT-DI-BALI.pdf
Delod Ceking,"Kecamatan Selemadeg Barat, Kabupaten Tabanan",,2019,https://cloud-ng.baliprov.go.id/dpma/2022/02/PERDA-NOMOR-4-TAHUN-2019-TTG-DESA-ADAT-DI-BALI.pdf
Nagasari,"Kecamatan Selemadeg Barat, Kabupaten Tabanan",,2019,https://cloud-ng.baliprov.go.id/dpma/2022/02/PERDA-NOMOR-4-TAHUN-2019-TTG-DESA-ADAT-DI-BALI.pdf
Lalanglinggah,"Kecamatan Selemadeg Barat, Kabupaten Tabanan",,2019,https://cloud-ng.baliprov.go.id/dpma/2022/02/PERDA-NOMOR-4-TAHUN-2019-TTG-DESA-ADAT-DI-BALI.pdf
Suraberata,"Kecamatan Selemadeg Barat, Kabupaten Tabanan",,2019,https://cloud-ng.baliprov.go.id/dpma/2022/02/PERDA-NOMOR-4-TAHUN-2019-TTG-DESA-ADAT-DI-BALI.pdf
Yeh Bakung,"Kecamatan Selemadeg Barat, Kabupaten Tabanan",,2019,https://cloud-ng.baliprov.go.id/dpma/2022/02/PERDA-NOMOR-4-TAHUN-2019-TTG-DESA-ADAT-DI-BALI.pdf
Beja,"Kecamatan Selemadeg Barat, Kabupaten Tabanan",,2019,https://cloud-ng.baliprov.go.id/dpma/2022/02/PERDA-NOMOR-4-TAHUN-2019-TTG-DESA-ADAT-DI-BALI.pdf
Bangkiang Jaran,"Kecamatan Selemadeg Barat, Kabupaten Tabanan",,2019,https://cloud-ng.baliprov.go.id/dpma/2022/02/PERDA-NOMOR-4-TAHUN-2019-TTG-DESA-ADAT-DI-BALI.pdf
Bukit Tumpeng,"Kecamatan Selemadeg Barat, Kabupaten Tabanan",,2019,https://cloud-ng.baliprov.go.id/dpma/2022/02/PERDA-NOMOR-4-TAHUN-2019-TTG-DESA-ADAT-DI-BALI.pdf
Lumbung Gede,"Kecamatan Selemadeg Barat, Kabupaten Tabanan",,2019,https://cloud-ng.baliprov.go.id/dpma/2022/02/PERDA-NOMOR-4-TAHUN-2019-TTG-DESA-ADAT-DI-BALI.pdf
Cepaka,"Kecamatan Selemadeg Barat, Kabupaten Tabanan",,2019,https://cloud-ng.baliprov.go.id/dpma/2022/02/PERDA-NOMOR-4-TAHUN-2019-TTG-DESA-ADAT-DI-BALI.pdf
Pengereregan,"Kecamatan Selemadeg Barat, Kabupaten Tabanan",,2019,https://cloud-ng.baliprov.go.id/dpma/2022/02/PERDA-NOMOR-4-TAHUN-2019-TTG-DESA-ADAT-DI-BALI.pdf
Angkah,"Kecamatan Selemadeg Barat, Kabupaten Tabanan",,2019,https://cloud-ng.baliprov.go.id/dpma/2022/02/PERDA-NOMOR-4-TAHUN-2019-TTG-DESA-ADAT-DI-BALI.pdf
Margatelu,"Kecamatan Selemadeg Barat, Kabupaten Tabanan",,2019,https://cloud-ng.baliprov.go.id/dpma/2022/02/PERDA-NOMOR-4-TAHUN-2019-TTG-DESA-ADAT-DI-BALI.pdf
Wanayu,"Kecamatan Selemadeg Barat, Kabupaten Tabanan",,2019,https://cloud-ng.baliprov.go.id/dpma/2022/02/PERDA-NOMOR-4-TAHUN-2019-TTG-DESA-ADAT-DI-BALI.pdf
Samsaman,"Kecamatan Selemadeg Barat, Kabupaten Tabanan",,2019,https://cloud-ng.baliprov.go.id/dpma/2022/02/PERDA-NOMOR-4-TAHUN-2019-TTG-DESA-ADAT-DI-BALI.pdf
Selabih,"Kecamatan Selemadeg Barat, Kabupaten Tabanan",,2019,https://cloud-ng.baliprov.go.id/dpma/2022/02/PERDA-NOMOR-4-TAHUN-2019-TTG-DESA-ADAT-DI-BALI.pdf
Semaja,"Kecamatan Selemadeg Barat, Kabupaten Tabanan",,2019,https://cloud-ng.baliprov.go.id/dpma/2022/02/PERDA-NOMOR-4-TAHUN-2019-TTG-DESA-ADAT-DI-BALI.pdf
Banjar Bengkel,"Kecamatan Selemadeg Barat, Kabupaten Tabanan",,2019,https://cloud-ng.baliprov.go.id/dpma/2022/02/PERDA-NOMOR-4-TAHUN-2019-TTG-DESA-ADAT-DI-BALI.pdf
Labak Suren,"Kecamatan Selemadeg Barat, Kabupaten Tabanan",,2019,https://cloud-ng.baliprov.go.id/dpma/2022/02/PERDA-NOMOR-4-TAHUN-2019-TTG-DESA-ADAT-DI-BALI.pdf
Sarinbuana,"Kecamatan Selemadeg, Kabupaten Tabanan",,2019,https://cloud-ng.baliprov.go.id/dpma/2022/02/PERDA-NOMOR-4-TAHUN-2019-TTG-DESA-ADAT-DI-BALI.pdf
Wanagiri,"Kecamatan Selemadeg, Kabupaten Tabanan",,2019,https://cloud-ng.baliprov.go.id/dpma/2022/02/PERDA-NOMOR-4-TAHUN-2019-TTG-DESA-ADAT-DI-BALI.pdf
Sawah,"Kecamatan Selemadeg, Kabupaten Tabanan",,2019,https://cloud-ng.baliprov.go.id/dpma/2022/02/PERDA-NOMOR-4-TAHUN-2019-TTG-DESA-ADAT-DI-BALI.pdf
Kebon Anyar,"Kecamatan Selemadeg, Kabupaten Tabanan",,2019,https://cloud-ng.baliprov.go.id/dpma/2022/02/PERDA-NOMOR-4-TAHUN-2019-TTG-DESA-ADAT-DI-BALI.pdf
Kebon Tumpalan,"Kecamatan Selemadeg, Kabupaten Tabanan",,2019,https://cloud-ng.baliprov.go.id/dpma/2022/02/PERDA-NOMOR-4-TAHUN-2019-TTG-DESA-ADAT-DI-BALI.pdf
Kebon Bantiran,"Kecamatan Selemadeg, Kabupaten Tabanan",,2019,https://cloud-ng.baliprov.go.id/dpma/2022/02/PERDA-NOMOR-4-TAHUN-2019-TTG-DESA-ADAT-DI-BALI.pdf
Mendek,"Kecamatan Selemadeg, Kabupaten Tabanan",,2019,https://cloud-ng.baliprov.go.id/dpma/2022/02/PERDA-NOMOR-4-TAHUN-2019-TTG-DESA-ADAT-DI-BALI.pdf
Kerta,"Kecamatan Selemadeg, Kabupaten Tabanan",,2019,https://cloud-ng.baliprov.go.id/dpma/2022/02/PERDA-NOMOR-4-TAHUN-2019-TTG-DESA-ADAT-DI-BALI.pdf
Pupuan Sawah,"Kecamatan Selemadeg, Kabupaten Tabanan",,2019,https://cloud-ng.baliprov.go.id/dpma/2022/02/PERDA-NOMOR-4-TAHUN-2019-TTG-DESA-ADAT-DI-BALI.pdf
Cangkup,"Kecamatan Selemadeg, Kabupaten Tabanan",,2019,https://cloud-ng.baliprov.go.id/dpma/2022/02/PERDA-NOMOR-4-TAHUN-2019-TTG-DESA-ADAT-DI-BALI.pdf
Kikian,"Kecamatan Selemadeg, Kabupaten Tabanan",,2019,https://cloud-ng.baliprov.go.id/dpma/2022/02/PERDA-NOMOR-4-TAHUN-2019-TTG-DESA-ADAT-DI-BALI.pdf
Pengesan,"Kecamatan Selemadeg, Kabupaten Tabanan",,2019,https://cloud-ng.baliprov.go.id/dpma/2022/02/PERDA-NOMOR-4-TAHUN-2019-TTG-DESA-ADAT-DI-BALI.pdf
Bajera,"Kecamatan Selemadeg, Kabupaten Tabanan",,2019,https://cloud-ng.baliprov.go.id/dpma/2022/02/PERDA-NOMOR-4-TAHUN-2019-TTG-DESA-ADAT-DI-BALI.pdf
Singin,"Kecamatan Selemadeg, Kabupaten Tabanan",,2019,https://cloud-ng.baliprov.go.id/dpma/2022/02/PERDA-NOMOR-4-TAHUN-2019-TTG-DESA-ADAT-DI-BALI.pdf
Gamongan,"Kecamatan Selemadeg, Kabupaten Tabanan",,2019,https://cloud-ng.baliprov.go.id/dpma/2022/02/PERDA-NOMOR-4-TAHUN-2019-TTG-DESA-ADAT-DI-BALI.pdf
Selemadeg,"Kecamatan Selemadeg, Kabupaten Tabanan",,2019,https://cloud-ng.baliprov.go.id/dpma/2022/02/PERDA-NOMOR-4-TAHUN-2019-TTG-DESA-ADAT-DI-BALI.pdf
Sukawati,"Kecamatan Selemadeg, Kabupaten Tabanan",,2019,https://cloud-ng.baliprov.go.id/dpma/2022/02/PERDA-NOMOR-4-TAHUN-2019-TTG-DESA-ADAT-DI-BALI.pdf
Berembeng,"Kecamatan Selemadeg, Kabupaten Tabanan",,2019,https://cloud-ng.baliprov.go.id/dpma/2022/02/PERDA-NOMOR-4-TAHUN-2019-TTG-DESA-ADAT-DI-BALI.pdf
Gablogan,"Kecamatan Selemadeg, Kabupaten Tabanan",,2019,https://cloud-ng.baliprov.go.id/dpma/2022/02/PERDA-NOMOR-4-TAHUN-2019-TTG-DESA-ADAT-DI-BALI.pdf
Cekik,"Kecamatan Selemadeg, Kabupaten Tabanan",,2019,https://cloud-ng.baliprov.go.id/dpma/2022/02/PERDA-NOMOR-4-TAHUN-2019-TTG-DESA-ADAT-DI-BALI.pdf
Bebali,"Kecamatan Selemadeg, Kabupaten Tabanan",,2019,https://cloud-ng.baliprov.go.id/dpma/2022/02/PERDA-NOMOR-4-TAHUN-2019-TTG-DESA-ADAT-DI-BALI.pdf
Munggu,"Kecamatan Selemadeg, Kabupaten Tabanan",,2019,https://cloud-ng.baliprov.go.id/dpma/2022/02/PERDA-NOMOR-4-TAHUN-2019-TTG-DESA-ADAT-DI-BALI.pdf
Baleagung,"Kecamatan Selemadeg, Kabupaten Tabanan",,2019,https://cloud-ng.baliprov.go.id/dpma/2022/02/PERDA-NOMOR-4-TAHUN-2019-TTG-DESA-ADAT-DI-BALI.pdf
Jembrana,"Kecamatan Selemadeg, Kabupaten Tabanan",,2019,https://cloud-ng.baliprov.go.id/dpma/2022/02/PERDA-NOMOR-4-TAHUN-2019-TTG-DESA-ADAT-DI-BALI.pdf
Antap Kaja,"Kecamatan Selemadeg, Kabupaten Tabanan",,2019,https://cloud-ng.baliprov.go.id/dpma/2022/02/PERDA-NOMOR-4-TAHUN-2019-TTG-DESA-ADAT-DI-BALI.pdf
Antap Delod Sema,"Kecamatan Selemadeg, Kabupaten Tabanan",,2019,https://cloud-ng.baliprov.go.id/dpma/2022/02/PERDA-NOMOR-4-TAHUN-2019-TTG-DESA-ADAT-DI-BALI.pdf
Soka,"Kecamatan Selemadeg, Kabupaten Tabanan",,2019,https://cloud-ng.baliprov.go.id/dpma/2022/02/PERDA-NOMOR-4-TAHUN-2019-TTG-DESA-ADAT-DI-BALI.pdf
Kutuh Paang,"Kecamatan Selemadeg, Kabupaten Tabanan",,2019,https://cloud-ng.baliprov.go.id/dpma/2022/02/PERDA-NOMOR-4-TAHUN-2019-TTG-DESA-ADAT-DI-BALI.pdf
Batulumbang,"Kecamatan Selemadeg, Kabupaten Tabanan",,2019,https://cloud-ng.baliprov.go.id/dpma/2022/02/PERDA-NOMOR-4-TAHUN-2019-TTG-DESA-ADAT-DI-BALI.pdf
Bonian,"Kecamatan Selemadeg, Kabupaten Tabanan",,2019,https://cloud-ng.baliprov.go.id/dpma/2022/02/PERDA-NOMOR-4-TAHUN-2019-TTG-DESA-ADAT-DI-BALI.pdf
Manikyang,"Kecamatan Selemadeg, Kabupaten Tabanan",,2019,https://cloud-ng.baliprov.go.id/dpma/2022/02/PERDA-NOMOR-4-TAHUN-2019-TTG-DESA-ADAT-DI-BALI.pdf
Cibukan,"Kecamatan Selemadeg, Kabupaten Tabanan",,2019,https://cloud-ng.baliprov.go.id/dpma/2022/02/PERDA-NOMOR-4-TAHUN-2019-TTG-DESA-ADAT-DI-BALI.pdf
Menungul,"Kecamatan Selemadeg, Kabupaten Tabanan",,2019,https://cloud-ng.baliprov.go.id/dpma/2022/02/PERDA-NOMOR-4-TAHUN-2019-TTG-DESA-ADAT-DI-BALI.pdf
Munduk,"Kecamatan Selemadeg, Kabupaten Tabanan",,2019,https://cloud-ng.baliprov.go.id/dpma/2022/02/PERDA-NOMOR-4-TAHUN-2019-TTG-DESA-ADAT-DI-BALI.pdf
Taman Yoga,"Kecamatan Selemadeg, Kabupaten Tabanan",,2019,https://cloud-ng.baliprov.go.id/dpma/2022/02/PERDA-NOMOR-4-TAHUN-2019-TTG-DESA-ADAT-DI-BALI.pdf
Kebon Lenganan,"Kecamatan Selemadeg, Kabupaten Tabanan",,2019,https://cloud-ng.baliprov.go.id/dpma/2022/02/PERDA-NOMOR-4-TAHUN-2019-TTG-DESA-ADAT-DI-BALI.pdf
Mambang Gede,"Kecamatan Selemadeg Timur, Kabupaten Tabanan",,2019,https://cloud-ng.baliprov.go.id/dpma/2022/02/PERDA-NOMOR-4-TAHUN-2019-TTG-DESA-ADAT-DI-BALI.pdf
Dukuh Pulu Kaja,"Kecamatan Selemadeg Timur, Kabupaten Tabanan",,2019,https://cloud-ng.baliprov.go.id/dpma/2022/02/PERDA-NOMOR-4-TAHUN-2019-TTG-DESA-ADAT-DI-BALI.pdf
Kelecung,"Kecamatan Selemadeg Timur, Kabupaten Tabanan",,2019,https://cloud-ng.baliprov.go.id/dpma/2022/02/PERDA-NOMOR-4-TAHUN-2019-TTG-DESA-ADAT-DI-BALI.pdf
Bongan,"Kecamatan Selemadeg Timur, Kabupaten Tabanan",,2019,https://cloud-ng.baliprov.go.id/dpma/2022/02/PERDA-NOMOR-4-TAHUN-2019-TTG-DESA-ADAT-DI-BALI.pdf
Munduk Ulan,"Kecamatan Selemadeg Timur, Kabupaten Tabanan",,2019,https://cloud-ng.baliprov.go.id/dpma/2022/02/PERDA-NOMOR-4-TAHUN-2019-TTG-DESA-ADAT-DI-BALI.pdf
Tegal Mengkeb Kelod,"Kecamatan Selemadeg Timur, Kabupaten Tabanan",,2019,https://cloud-ng.baliprov.go.id/dpma/2022/02/PERDA-NOMOR-4-TAHUN-2019-TTG-DESA-ADAT-DI-BALI.pdf
Tegal Mengkeb Kaja,"Kecamatan Selemadeg Timur, Kabupaten Tabanan",,2019,https://cloud-ng.baliprov.go.id/dpma/2022/02/PERDA-NOMOR-4-TAHUN-2019-TTG-DESA-ADAT-DI-BALI.pdf
Gempinis,"Kecamatan Selemadeg Timur, Kabupaten Tabanan",,2019,https://cloud-ng.baliprov.go.id/dpma/2022/02/PERDA-NOMOR-4-TAHUN-2019-TTG-DESA-ADAT-DI-BALI.pdf
Kulkul Batu,"Kecamatan Selemadeg Timur, Kabupaten Tabanan",,2019,https://cloud-ng.baliprov.go.id/dpma/2022/02/PERDA-NOMOR-4-TAHUN-2019-TTG-DESA-ADAT-DI-BALI.pdf
Ketima,"Kecamatan Selemadeg Timur, Kabupaten Tabanan",,2019,https://cloud-ng.baliprov.go.id/dpma/2022/02/PERDA-NOMOR-4-TAHUN-2019-TTG-DESA-ADAT-DI-BALI.pdf
Dalang Pondok,"Kecamatan Selemadeg Timur, Kabupaten Tabanan",,2019,https://cloud-ng.baliprov.go.id/dpma/2022/02/PERDA-NOMOR-4-TAHUN-2019-TTG-DESA-ADAT-DI-BALI.pdf
Dalang,"Kecamatan Selemadeg Timur, Kabupaten Tabanan",,2019,https://cloud-ng.baliprov.go.id/dpma/2022/02/PERDA-NOMOR-4-TAHUN-2019-TTG-DESA-ADAT-DI-BALI.pdf
Tanah Barak,"Kecamatan Selemadeg Timur, Kabupaten Tabanan",,2019,https://cloud-ng.baliprov.go.id/dpma/2022/02/PERDA-NOMOR-4-TAHUN-2019-TTG-DESA-ADAT-DI-BALI.pdf
Serampingan,"Kecamatan Selemadeg Timur, Kabupaten Tabanan",,2019,https://cloud-ng.baliprov.go.id/dpma/2022/02/PERDA-NOMOR-4-TAHUN-2019-TTG-DESA-ADAT-DI-BALI.pdf
Megati Kelod,"Kecamatan Selemadeg Timur, Kabupaten Tabanan",,2019,https://cloud-ng.baliprov.go.id/dpma/2022/02/PERDA-NOMOR-4-TAHUN-2019-TTG-DESA-ADAT-DI-BALI.pdf
Megati Kaja,"Kecamatan Selemadeg Timur, Kabupaten Tabanan",,2019,https://cloud-ng.baliprov.go.id/dpma/2022/02/PERDA-NOMOR-4-TAHUN-2019-TTG-DESA-ADAT-DI-BALI.pdf
Jelijih,"Kecamatan Selemadeg Timur, Kabupaten Tabanan",,2019,https://cloud-ng.baliprov.go.id/dpma/2022/02/PERDA-NOMOR-4-TAHUN-2019-TTG-DESA-ADAT-DI-BALI.pdf
Sesandan,"Kecamatan Selemadeg Timur, Kabupaten Tabanan",,2019,https://cloud-ng.baliprov.go.id/dpma/2022/02/PERDA-NOMOR-4-TAHUN-2019-TTG-DESA-ADAT-DI-BALI.pdf
Gunung Salak,"Kecamatan Selemadeg Timur, Kabupaten Tabanan",,2019,https://cloud-ng.baliprov.go.id/dpma/2022/02/PERDA-NOMOR-4-TAHUN-2019-TTG-DESA-ADAT-DI-BALI.pdf
Bangkiang Sidem,"Kecamatan Selemadeg Timur, Kabupaten Tabanan",,2019,https://cloud-ng.baliprov.go.id/dpma/2022/02/PERDA-NOMOR-4-TAHUN-2019-TTG-DESA-ADAT-DI-BALI.pdf
Apit Yeh,"Kecamatan Selemadeg Timur, Kabupaten Tabanan",,2019,https://cloud-ng.baliprov.go.id/dpma/2022/02/PERDA-NOMOR-4-TAHUN-2019-TTG-DESA-ADAT-DI-BALI.pdf
Kemetug,"Kecamatan Selemadeg Timur, Kabupaten Tabanan",,2019,https://cloud-ng.baliprov.go.id/dpma/2022/02/PERDA-NOMOR-4-TAHUN-2019-TTG-DESA-ADAT-DI-BALI.pdf
Kanciana,"Kecamatan Selemadeg Timur, Kabupaten Tabanan",,2019,https://cloud-ng.baliprov.go.id/dpma/2022/02/PERDA-NOMOR-4-TAHUN-2019-TTG-DESA-ADAT-DI-BALI.pdf
Tangguntiti,"Kecamatan Selemadeg Timur, Kabupaten Tabanan",,2019,https://cloud-ng.baliprov.go.id/dpma/2022/02/PERDA-NOMOR-4-TAHUN-2019-TTG-DESA-ADAT-DI-BALI.pdf
Bantas,"Kecamatan Selemadeg Timur, Kabupaten Tabanan",,2019,https://cloud-ng.baliprov.go.id/dpma/2022/02/PERDA-NOMOR-4-TAHUN-2019-TTG-DESA-ADAT-DI-BALI.pdf
Munduk Malang,"Kecamatan Selemadeg Timur, Kabupaten Tabanan",,2019,https://cloud-ng.baliprov.go.id/dpma/2022/02/PERDA-NOMOR-4-TAHUN-2019-TTG-DESA-ADAT-DI-BALI.pdf
Gadungan,"Kecamatan Selemadeg Timur, Kabupaten Tabanan",,2019,https://cloud-ng.baliprov.go.id/dpma/2022/02/PERDA-NOMOR-4-TAHUN-2019-TTG-DESA-ADAT-DI-BALI.pdf
Pangkung Langkuas,"Kecamatan Selemadeg Timur, Kabupaten Tabanan",,2019,https://cloud-ng.baliprov.go.id/dpma/2022/02/PERDA-NOMOR-4-TAHUN-2019-TTG-DESA-ADAT-DI-BALI.pdf
Munduk Pakel,"Kecamatan Selemadeg Timur, Kabupaten Tabanan",,2019,https://cloud-ng.baliprov.go.id/dpma/2022/02/PERDA-NOMOR-4-TAHUN-2019-TTG-DESA-ADAT-DI-BALI.pdf
Cepaka,"Kecamatan Selemadeg Timur, Kabupaten Tabanan",,2019,https://cloud-ng.baliprov.go.id/dpma/2022/02/PERDA-NOMOR-4-TAHUN-2019-TTG-DESA-ADAT-DI-BALI.pdf
Nyatnyatan,"Kecamatan Selemadeg Timur, Kabupaten Tabanan",,2019,https://cloud-ng.baliprov.go.id/dpma/2022/02/PERDA-NOMOR-4-TAHUN-2019-TTG-DESA-ADAT-DI-BALI.pdf
Beraban,"Kecamatan Selemadeg Timur, Kabupaten Tabanan",,2019,https://cloud-ng.baliprov.go.id/dpma/2022/02/PERDA-NOMOR-4-TAHUN-2019-TTG-DESA-ADAT-DI-BALI.pdf
Kesiut Arca,"Kecamatan Kerambitan, Kabupaten Tabanan",,2019,https://cloud-ng.baliprov.go.id/dpma/2022/02/PERDA-NOMOR-4-TAHUN-2019-TTG-DESA-ADAT-DI-BALI.pdf
Kesiut Tengah,"Kecamatan Kerambitan, Kabupaten Tabanan",,2019,https://cloud-ng.baliprov.go.id/dpma/2022/02/PERDA-NOMOR-4-TAHUN-2019-TTG-DESA-ADAT-DI-BALI.pdf
Timpag,"Kecamatan Kerambitan, Kabupaten Tabanan",,2019,https://cloud-ng.baliprov.go.id/dpma/2022/02/PERDA-NOMOR-4-TAHUN-2019-TTG-DESA-ADAT-DI-BALI.pdf
Sambian,"Kecamatan Kerambitan, Kabupaten Tabanan",,2019,https://cloud-ng.baliprov.go.id/dpma/2022/02/PERDA-NOMOR-4-TAHUN-2019-TTG-DESA-ADAT-DI-BALI.pdf
Telaga Tunjung,"Kecamatan Kerambitan, Kabupaten Tabanan",,2019,https://cloud-ng.baliprov.go.id/dpma/2022/02/PERDA-NOMOR-4-TAHUN-2019-TTG-DESA-ADAT-DI-BALI.pdf
Meliling,"Kecamatan Kerambitan, Kabupaten Tabanan",,2019,https://cloud-ng.baliprov.go.id/dpma/2022/02/PERDA-NOMOR-4-TAHUN-2019-TTG-DESA-ADAT-DI-BALI.pdf
Sembung Gede,"Kecamatan Kerambitan, Kabupaten Tabanan",,2019,https://cloud-ng.baliprov.go.id/dpma/2022/02/PERDA-NOMOR-4-TAHUN-2019-TTG-DESA-ADAT-DI-BALI.pdf
Sarasidi,"Kecamatan Kerambitan, Kabupaten Tabanan",,2019,https://cloud-ng.baliprov.go.id/dpma/2022/02/PERDA-NOMOR-4-TAHUN-2019-TTG-DESA-ADAT-DI-BALI.pdf
Batuaji Kawan,"Kecamatan Kerambitan, Kabupaten Tabanan",,2019,https://cloud-ng.baliprov.go.id/dpma/2022/02/PERDA-NOMOR-4-TAHUN-2019-TTG-DESA-ADAT-DI-BALI.pdf
Dharma Sadhu Mandung,"Kecamatan Kerambitan, Kabupaten Tabanan",,2019,https://cloud-ng.baliprov.go.id/dpma/2022/02/PERDA-NOMOR-4-TAHUN-2019-TTG-DESA-ADAT-DI-BALI.pdf
Batuaji,"Kecamatan Kerambitan, Kabupaten Tabanan",,2019,https://cloud-ng.baliprov.go.id/dpma/2022/02/PERDA-NOMOR-4-TAHUN-2019-TTG-DESA-ADAT-DI-BALI.pdf
Pacung,"Kecamatan Kerambitan, Kabupaten Tabanan",,2019,https://cloud-ng.baliprov.go.id/dpma/2022/02/PERDA-NOMOR-4-TAHUN-2019-TTG-DESA-ADAT-DI-BALI.pdf
Pelem Gede,"Kecamatan Kerambitan, Kabupaten Tabanan",,2019,https://cloud-ng.baliprov.go.id/dpma/2022/02/PERDA-NOMOR-4-TAHUN-2019-TTG-DESA-ADAT-DI-BALI.pdf
Samsam,"Kecamatan Kerambitan, Kabupaten Tabanan",,2019,https://cloud-ng.baliprov.go.id/dpma/2022/02/PERDA-NOMOR-4-TAHUN-2019-TTG-DESA-ADAT-DI-BALI.pdf
Dharma Kesatria Lumajang,"Kecamatan Kerambitan, Kabupaten Tabanan",,2019,https://cloud-ng.baliprov.go.id/dpma/2022/02/PERDA-NOMOR-4-TAHUN-2019-TTG-DESA-ADAT-DI-BALI.pdf
Kutuh Kaja,"Kecamatan Kerambitan, Kabupaten Tabanan",,2019,https://cloud-ng.baliprov.go.id/dpma/2022/02/PERDA-NOMOR-4-TAHUN-2019-TTG-DESA-ADAT-DI-BALI.pdf
Kutuh Kelod,"Kecamatan Kerambitan, Kabupaten Tabanan",,2019,https://cloud-ng.baliprov.go.id/dpma/2022/02/PERDA-NOMOR-4-TAHUN-2019-TTG-DESA-ADAT-DI-BALI.pdf
Eka Cita Penyalin,"Kecamatan Kerambitan, Kabupaten Tabanan",,2019,https://cloud-ng.baliprov.go.id/dpma/2022/02/PERDA-NOMOR-4-TAHUN-2019-TTG-DESA-ADAT-DI-BALI.pdf
Selingsing,"Kecamatan Kerambitan, Kabupaten Tabanan",,2019,https://cloud-ng.baliprov.go.id/dpma/2022/02/PERDA-NOMOR-4-TAHUN-2019-TTG-DESA-ADAT-DI-BALI.pdf
Serongga,"Kecamatan Kerambitan, Kabupaten Tabanan",,2019,https://cloud-ng.baliprov.go.id/dpma/2022/02/PERDA-NOMOR-4-TAHUN-2019-TTG-DESA-ADAT-DI-BALI.pdf
Pangkungkarung Gede,"Kecamatan Kerambitan, Kabupaten Tabanan",,2019,https://cloud-ng.baliprov.go.id/dpma/2022/02/PERDA-NOMOR-4-TAHUN-2019-TTG-DESA-ADAT-DI-BALI.pdf
Samsaman,"Kecamatan Kerambitan, Kabupaten Tabanan",,2019,https://cloud-ng.baliprov.go.id/dpma/2022/02/PERDA-NOMOR-4-TAHUN-2019-TTG-DESA-ADAT-DI-BALI.pdf
Dukuh Belong,"Kecamatan Kerambitan, Kabupaten Tabanan",,2019,https://cloud-ng.baliprov.go.id/dpma/2022/02/PERDA-NOMOR-4-TAHUN-2019-TTG-DESA-ADAT-DI-BALI.pdf
Bale Agung Kerambitan,"Kecamatan Kerambitan, Kabupaten Tabanan",,2019,https://cloud-ng.baliprov.go.id/dpma/2022/02/PERDA-NOMOR-4-TAHUN-2019-TTG-DESA-ADAT-DI-BALI.pdf
Tista,"Kecamatan Kerambitan, Kabupaten Tabanan",,2019,https://cloud-ng.baliprov.go.id/dpma/2022/02/PERDA-NOMOR-4-TAHUN-2019-TTG-DESA-ADAT-DI-BALI.pdf
Belumbang,"Kecamatan Kerambitan, Kabupaten Tabanan",,2019,https://cloud-ng.baliprov.go.id/dpma/2022/02/PERDA-NOMOR-4-TAHUN-2019-TTG-DESA-ADAT-DI-BALI.pdf
Tibubiyu,"Kecamatan Kerambitan, Kabupaten Tabanan",,2019,https://cloud-ng.baliprov.go.id/dpma/2022/02/PERDA-NOMOR-4-TAHUN-2019-TTG-DESA-ADAT-DI-BALI.pdf
Penarukan,"Kecamatan Kerambitan, Kabupaten Tabanan",,2019,https://cloud-ng.baliprov.go.id/dpma/2022/02/PERDA-NOMOR-4-TAHUN-2019-TTG-DESA-ADAT-DI-BALI.pdf
Kelating,"Kecamatan Kerambitan, Kabupaten Tabanan",,2019,https://cloud-ng.baliprov.go.id/dpma/2022/02/PERDA-NOMOR-4-TAHUN-2019-TTG-DESA-ADAT-DI-BALI.pdf
Wangaya Gede,"Kecamatan Penebel, Kabupaten Tabanan",,2019,https://cloud-ng.baliprov.go.id/dpma/2022/02/PERDA-NOMOR-4-TAHUN-2019-TTG-DESA-ADAT-DI-BALI.pdf
Keloncing,"Kecamatan Penebel, Kabupaten Tabanan",,2019,https://cloud-ng.baliprov.go.id/dpma/2022/02/PERDA-NOMOR-4-TAHUN-2019-TTG-DESA-ADAT-DI-BALI.pdf
Batu Kambing,"Kecamatan Penebel, Kabupaten Tabanan",,2019,https://cloud-ng.baliprov.go.id/dpma/2022/02/PERDA-NOMOR-4-TAHUN-2019-TTG-DESA-ADAT-DI-BALI.pdf
Bengkel,"Kecamatan Penebel, Kabupaten Tabanan",,2019,https://cloud-ng.baliprov.go.id/dpma/2022/02/PERDA-NOMOR-4-TAHUN-2019-TTG-DESA-ADAT-DI-BALI.pdf
Amplas,"Kecamatan Penebel, Kabupaten Tabanan",,2019,https://cloud-ng.baliprov.go.id/dpma/2022/02/PERDA-NOMOR-4-TAHUN-2019-TTG-DESA-ADAT-DI-BALI.pdf
Sandan,"Kecamatan Penebel, Kabupaten Tabanan",,2019,https://cloud-ng.baliprov.go.id/dpma/2022/02/PERDA-NOMOR-4-TAHUN-2019-TTG-DESA-ADAT-DI-BALI.pdf
Tengkudak,"Kecamatan Penebel, Kabupaten Tabanan",,2019,https://cloud-ng.baliprov.go.id/dpma/2022/02/PERDA-NOMOR-4-TAHUN-2019-TTG-DESA-ADAT-DI-BALI.pdf
Penganggahan,"Kecamatan Penebel, Kabupaten Tabanan",,2019,https://cloud-ng.baliprov.go.id/dpma/2022/02/PERDA-NOMOR-4-TAHUN-2019-TTG-DESA-ADAT-DI-BALI.pdf
Puluk-Puluk,"Kecamatan Penebel, Kabupaten Tabanan",,2019,https://cloud-ng.baliprov.go.id/dpma/2022/02/PERDA-NOMOR-4-TAHUN-2019-TTG-DESA-ADAT-DI-BALI.pdf
Puakan,"Kecamatan Penebel, Kabupaten Tabanan",,2019,https://cloud-ng.baliprov.go.id/dpma/2022/02/PERDA-NOMOR-4-TAHUN-2019-TTG-DESA-ADAT-DI-BALI.pdf
Tingkih Kerep,"Kecamatan Penebel, Kabupaten Tabanan",,2019,https://cloud-ng.baliprov.go.id/dpma/2022/02/PERDA-NOMOR-4-TAHUN-2019-TTG-DESA-ADAT-DI-BALI.pdf
Penatahan,"Kecamatan Penebel, Kabupaten Tabanan",,2019,https://cloud-ng.baliprov.go.id/dpma/2022/02/PERDA-NOMOR-4-TAHUN-2019-TTG-DESA-ADAT-DI-BALI.pdf
Mongan,"Kecamatan Penebel, Kabupaten Tabanan",,2019,https://cloud-ng.baliprov.go.id/dpma/2022/02/PERDA-NOMOR-4-TAHUN-2019-TTG-DESA-ADAT-DI-BALI.pdf
Tegayang,"Kecamatan Penebel, Kabupaten Tabanan",,2019,https://cloud-ng.baliprov.go.id/dpma/2022/02/PERDA-NOMOR-4-TAHUN-2019-TTG-DESA-ADAT-DI-BALI.pdf
Tegallinggah,"Kecamatan Penebel, Kabupaten Tabanan",,2019,https://cloud-ng.baliprov.go.id/dpma/2022/02/PERDA-NOMOR-4-TAHUN-2019-TTG-DESA-ADAT-DI-BALI.pdf
Sangketan,"Kecamatan Penebel, Kabupaten Tabanan",,2019,https://cloud-ng.baliprov.go.id/dpma/2022/02/PERDA-NOMOR-4-TAHUN-2019-TTG-DESA-ADAT-DI-BALI.pdf
Bongli,"Kecamatan Penebel, Kabupaten Tabanan",,2019,https://cloud-ng.baliprov.go.id/dpma/2022/02/PERDA-NOMOR-4-TAHUN-2019-TTG-DESA-ADAT-DI-BALI.pdf
Puring,"Kecamatan Penebel, Kabupaten Tabanan",,2019,https://cloud-ng.baliprov.go.id/dpma/2022/02/PERDA-NOMOR-4-TAHUN-2019-TTG-DESA-ADAT-DI-BALI.pdf
Banjar Anyar,"Kecamatan Penebel, Kabupaten Tabanan",,2019,https://cloud-ng.baliprov.go.id/dpma/2022/02/PERDA-NOMOR-4-TAHUN-2019-TTG-DESA-ADAT-DI-BALI.pdf
Munduk Dawa,"Kecamatan Penebel, Kabupaten Tabanan",,2019,https://cloud-ng.baliprov.go.id/dpma/2022/02/PERDA-NOMOR-4-TAHUN-2019-TTG-DESA-ADAT-DI-BALI.pdf
Munduk Bun,"Kecamatan Penebel, Kabupaten Tabanan",,2019,https://cloud-ng.baliprov.go.id/dpma/2022/02/PERDA-NOMOR-4-TAHUN-2019-TTG-DESA-ADAT-DI-BALI.pdf
Rejasa,"Kecamatan Penebel, Kabupaten Tabanan",,2019,https://cloud-ng.baliprov.go.id/dpma/2022/02/PERDA-NOMOR-4-TAHUN-2019-TTG-DESA-ADAT-DI-BALI.pdf
Pacut,"Kecamatan Penebel, Kabupaten Tabanan",,2019,https://cloud-ng.baliprov.go.id/dpma/2022/02/PERDA-NOMOR-4-TAHUN-2019-TTG-DESA-ADAT-DI-BALI.pdf
Kelembang,"Kecamatan Penebel, Kabupaten Tabanan",,2019,https://cloud-ng.baliprov.go.id/dpma/2022/02/PERDA-NOMOR-4-TAHUN-2019-TTG-DESA-ADAT-DI-BALI.pdf
Pesagi,"Kecamatan Penebel, Kabupaten Tabanan",,2019,https://cloud-ng.baliprov.go.id/dpma/2022/02/PERDA-NOMOR-4-TAHUN-2019-TTG-DESA-ADAT-DI-BALI.pdf
Cangkup,"Kecamatan Penebel, Kabupaten Tabanan",,2019,https://cloud-ng.baliprov.go.id/dpma/2022/02/PERDA-NOMOR-4-TAHUN-2019-TTG-DESA-ADAT-DI-BALI.pdf
Munduk Juwet,"Kecamatan Penebel, Kabupaten Tabanan",,2019,https://cloud-ng.baliprov.go.id/dpma/2022/02/PERDA-NOMOR-4-TAHUN-2019-TTG-DESA-ADAT-DI-BALI.pdf
Kuumkeladi,"Kecamatan Penebel, Kabupaten Tabanan",,2019,https://cloud-ng.baliprov.go.id/dpma/2022/02/PERDA-NOMOR-4-TAHUN-2019-TTG-DESA-ADAT-DI-BALI.pdf
Pagubugan Kangin,"Kecamatan Penebel, Kabupaten Tabanan",,2019,https://cloud-ng.baliprov.go.id/dpma/2022/02/PERDA-NOMOR-4-TAHUN-2019-TTG-DESA-ADAT-DI-BALI.pdf
Tegal Seka,"Kecamatan Penebel, Kabupaten Tabanan",,2019,https://cloud-ng.baliprov.go.id/dpma/2022/02/PERDA-NOMOR-4-TAHUN-2019-TTG-DESA-ADAT-DI-BALI.pdf
Riang Gede,"Kecamatan Penebel, Kabupaten Tabanan",,2019,https://cloud-ng.baliprov.go.id/dpma/2022/02/PERDA-NOMOR-4-TAHUN-2019-TTG-DESA-ADAT-DI-BALI.pdf
Jegu,"Kecamatan Penebel, Kabupaten Tabanan",,2019,https://cloud-ng.baliprov.go.id/dpma/2022/02/PERDA-NOMOR-4-TAHUN-2019-TTG-DESA-ADAT-DI-BALI.pdf
Ngis,"Kecamatan Penebel, Kabupaten Tabanan",,2019,https://cloud-ng.baliprov.go.id/dpma/2022/02/PERDA-NOMOR-4-TAHUN-2019-TTG-DESA-ADAT-DI-BALI.pdf
Buruan,"Kecamatan Penebel, Kabupaten Tabanan",,2019,https://cloud-ng.baliprov.go.id/dpma/2022/02/PERDA-NOMOR-4-TAHUN-2019-TTG-DESA-ADAT-DI-BALI.pdf
Benana,"Kecamatan Penebel, Kabupaten Tabanan",,2019,https://cloud-ng.baliprov.go.id/dpma/2022/02/PERDA-NOMOR-4-TAHUN-2019-TTG-DESA-ADAT-DI-BALI.pdf
Pitra,"Kecamatan Penebel, Kabupaten Tabanan",,2019,https://cloud-ng.baliprov.go.id/dpma/2022/02/PERDA-NOMOR-4-TAHUN-2019-TTG-DESA-ADAT-DI-BALI.pdf
Pohgending,"Kecamatan Penebel, Kabupaten Tabanan",,2019,https://cloud-ng.baliprov.go.id/dpma/2022/02/PERDA-NOMOR-4-TAHUN-2019-TTG-DESA-ADAT-DI-BALI.pdf
Serason,"Kecamatan Penebel, Kabupaten Tabanan",,2019,https://cloud-ng.baliprov.go.id/dpma/2022/02/PERDA-NOMOR-4-TAHUN-2019-TTG-DESA-ADAT-DI-BALI.pdf
Nyuling,"Kecamatan Penebel, Kabupaten Tabanan",,2019,https://cloud-ng.baliprov.go.id/dpma/2022/02/PERDA-NOMOR-4-TAHUN-2019-TTG-DESA-ADAT-DI-BALI.pdf
Asah,"Kecamatan Penebel, Kabupaten Tabanan",,2019,https://cloud-ng.baliprov.go.id/dpma/2022/02/PERDA-NOMOR-4-TAHUN-2019-TTG-DESA-ADAT-DI-BALI.pdf
Penebel,"Kecamatan Penebel, Kabupaten Tabanan",,2019,https://cloud-ng.baliprov.go.id/dpma/2022/02/PERDA-NOMOR-4-TAHUN-2019-TTG-DESA-ADAT-DI-BALI.pdf
Ubung,"Kecamatan Penebel, Kabupaten Tabanan",,2019,https://cloud-ng.baliprov.go.id/dpma/2022/02/PERDA-NOMOR-4-TAHUN-2019-TTG-DESA-ADAT-DI-BALI.pdf
Karadan,"Kecamatan Penebel, Kabupaten Tabanan",,2019,https://cloud-ng.baliprov.go.id/dpma/2022/02/PERDA-NOMOR-4-TAHUN-2019-TTG-DESA-ADAT-DI-BALI.pdf
Dukuh,"Kecamatan Penebel, Kabupaten Tabanan",,2019,https://cloud-ng.baliprov.go.id/dpma/2022/02/PERDA-NOMOR-4-TAHUN-2019-TTG-DESA-ADAT-DI-BALI.pdf
Sunantaya,"Kecamatan Penebel, Kabupaten Tabanan",,2019,https://cloud-ng.baliprov.go.id/dpma/2022/02/PERDA-NOMOR-4-TAHUN-2019-TTG-DESA-ADAT-DI-BALI.pdf
Gunung,"Kecamatan Penebel, Kabupaten Tabanan",,2019,https://cloud-ng.baliprov.go.id/dpma/2022/02/PERDA-NOMOR-4-TAHUN-2019-TTG-DESA-ADAT-DI-BALI.pdf
Biaung,"Kecamatan Penebel, Kabupaten Tabanan",,2019,https://cloud-ng.baliprov.go.id/dpma/2022/02/PERDA-NOMOR-4-TAHUN-2019-TTG-DESA-ADAT-DI-BALI.pdf
Pumahan,"Kecamatan Penebel, Kabupaten Tabanan",,2019,https://cloud-ng.baliprov.go.id/dpma/2022/02/PERDA-NOMOR-4-TAHUN-2019-TTG-DESA-ADAT-DI-BALI.pdf
Pemanis,"Kecamatan Penebel, Kabupaten Tabanan",,2019,https://cloud-ng.baliprov.go.id/dpma/2022/02/PERDA-NOMOR-4-TAHUN-2019-TTG-DESA-ADAT-DI-BALI.pdf
Cacab Jangkahan,"Kecamatan Penebel, Kabupaten Tabanan",,2019,https://cloud-ng.baliprov.go.id/dpma/2022/02/PERDA-NOMOR-4-TAHUN-2019-TTG-DESA-ADAT-DI-BALI.pdf
Tajen,"Kecamatan Penebel, Kabupaten Tabanan",,2019,https://cloud-ng.baliprov.go.id/dpma/2022/02/PERDA-NOMOR-4-TAHUN-2019-TTG-DESA-ADAT-DI-BALI.pdf
Cepik,"Kecamatan Penebel, Kabupaten Tabanan",,2019,https://cloud-ng.baliprov.go.id/dpma/2022/02/PERDA-NOMOR-4-TAHUN-2019-TTG-DESA-ADAT-DI-BALI.pdf
Babahan,"Kecamatan Penebel, Kabupaten Tabanan",,2019,https://cloud-ng.baliprov.go.id/dpma/2022/02/PERDA-NOMOR-4-TAHUN-2019-TTG-DESA-ADAT-DI-BALI.pdf
Utu,"Kecamatan Penebel, Kabupaten Tabanan",,2019,https://cloud-ng.baliprov.go.id/dpma/2022/02/PERDA-NOMOR-4-TAHUN-2019-TTG-DESA-ADAT-DI-BALI.pdf
Bolangan,"Kecamatan Penebel, Kabupaten Tabanan",,2019,https://cloud-ng.baliprov.go.id/dpma/2022/02/PERDA-NOMOR-4-TAHUN-2019-TTG-DESA-ADAT-DI-BALI.pdf
Dadia,"Kecamatan Penebel, Kabupaten Tabanan",,2019,https://cloud-ng.baliprov.go.id/dpma/2022/02/PERDA-NOMOR-4-TAHUN-2019-TTG-DESA-ADAT-DI-BALI.pdf
Mengesta,"Kecamatan Penebel, Kabupaten Tabanan",,2019,https://cloud-ng.baliprov.go.id/dpma/2022/02/PERDA-NOMOR-4-TAHUN-2019-TTG-DESA-ADAT-DI-BALI.pdf
Piling,"Kecamatan Penebel, Kabupaten Tabanan",,2019,https://cloud-ng.baliprov.go.id/dpma/2022/02/PERDA-NOMOR-4-TAHUN-2019-TTG-DESA-ADAT-DI-BALI.pdf
Kedampal,"Kecamatan Penebel, Kabupaten Tabanan",,2019,https://cloud-ng.baliprov.go.id/dpma/2022/02/PERDA-NOMOR-4-TAHUN-2019-TTG-DESA-ADAT-DI-BALI.pdf
Belulang,"Kecamatan Penebel, Kabupaten Tabanan",,2019,https://cloud-ng.baliprov.go.id/dpma/2022/02/PERDA-NOMOR-4-TAHUN-2019-TTG-DESA-ADAT-DI-BALI.pdf
Wongaya Betan,"Kecamatan Penebel, Kabupaten Tabanan",,2019,https://cloud-ng.baliprov.go.id/dpma/2022/02/PERDA-NOMOR-4-TAHUN-2019-TTG-DESA-ADAT-DI-BALI.pdf
Senganan Kanginan,"Kecamatan Penebel, Kabupaten Tabanan",,2019,https://cloud-ng.baliprov.go.id/dpma/2022/02/PERDA-NOMOR-4-TAHUN-2019-TTG-DESA-ADAT-DI-BALI.pdf
Senganan Kawan,"Kecamatan Penebel, Kabupaten Tabanan",,2019,https://cloud-ng.baliprov.go.id/dpma/2022/02/PERDA-NOMOR-4-TAHUN-2019-TTG-DESA-ADAT-DI-BALI.pdf
Pacung,"Kecamatan Penebel, Kabupaten Tabanan",,2019,https://cloud-ng.baliprov.go.id/dpma/2022/02/PERDA-NOMOR-4-TAHUN-2019-TTG-DESA-ADAT-DI-BALI.pdf
Pagi,"Kecamatan Penebel, Kabupaten Tabanan",,2019,https://cloud-ng.baliprov.go.id/dpma/2022/02/PERDA-NOMOR-4-TAHUN-2019-TTG-DESA-ADAT-DI-BALI.pdf
Munduk Paku,"Kecamatan Penebel, Kabupaten Tabanan",,2019,https://cloud-ng.baliprov.go.id/dpma/2022/02/PERDA-NOMOR-4-TAHUN-2019-TTG-DESA-ADAT-DI-BALI.pdf
Keridan,"Kecamatan Penebel, Kabupaten Tabanan",,2019,https://cloud-ng.baliprov.go.id/dpma/2022/02/PERDA-NOMOR-4-TAHUN-2019-TTG-DESA-ADAT-DI-BALI.pdf
Soka,"Kecamatan Penebel, Kabupaten Tabanan",,2019,https://cloud-ng.baliprov.go.id/dpma/2022/02/PERDA-NOMOR-4-TAHUN-2019-TTG-DESA-ADAT-DI-BALI.pdf
Belatung,"Kecamatan Penebel, Kabupaten Tabanan",,2019,https://cloud-ng.baliprov.go.id/dpma/2022/02/PERDA-NOMOR-4-TAHUN-2019-TTG-DESA-ADAT-DI-BALI.pdf
Bugbugan,"Kecamatan Penebel, Kabupaten Tabanan",,2019,https://cloud-ng.baliprov.go.id/dpma/2022/02/PERDA-NOMOR-4-TAHUN-2019-TTG-DESA-ADAT-DI-BALI.pdf
Jatiluwih,"Kecamatan Penebel, Kabupaten Tabanan",,2019,https://cloud-ng.baliprov.go.id/dpma/2022/02/PERDA-NOMOR-4-TAHUN-2019-TTG-DESA-ADAT-DI-BALI.pdf
Gunung Sari,"Kecamatan Penebel, Kabupaten Tabanan",,2019,https://cloud-ng.baliprov.go.id/dpma/2022/02/PERDA-NOMOR-4-TAHUN-2019-TTG-DESA-ADAT-DI-BALI.pdf
Kembang merta,"Kecamatan Baturiti, Kabupaten Tabanan",,2019,https://cloud-ng.baliprov.go.id/dpma/2022/02/PERDA-NOMOR-4-TAHUN-2019-TTG-DESA-ADAT-DI-BALI.pdf
Pemuteran,"Kecamatan Baturiti, Kabupaten Tabanan",,2019,https://cloud-ng.baliprov.go.id/dpma/2022/02/PERDA-NOMOR-4-TAHUN-2019-TTG-DESA-ADAT-DI-BALI.pdf
Batusesa,"Kecamatan Baturiti, Kabupaten Tabanan",,2019,https://cloud-ng.baliprov.go.id/dpma/2022/02/PERDA-NOMOR-4-TAHUN-2019-TTG-DESA-ADAT-DI-BALI.pdf
Candikuning,"Kecamatan Baturiti, Kabupaten Tabanan",,2019,https://cloud-ng.baliprov.go.id/dpma/2022/02/PERDA-NOMOR-4-TAHUN-2019-TTG-DESA-ADAT-DI-BALI.pdf
Bukitcatu,"Kecamatan Baturiti, Kabupaten Tabanan",,2019,https://cloud-ng.baliprov.go.id/dpma/2022/02/PERDA-NOMOR-4-TAHUN-2019-TTG-DESA-ADAT-DI-BALI.pdf
Batunya,"Kecamatan Baturiti, Kabupaten Tabanan",,2019,https://cloud-ng.baliprov.go.id/dpma/2022/02/PERDA-NOMOR-4-TAHUN-2019-TTG-DESA-ADAT-DI-BALI.pdf
Taman Tanda,"Kecamatan Baturiti, Kabupaten Tabanan",,2019,https://cloud-ng.baliprov.go.id/dpma/2022/02/PERDA-NOMOR-4-TAHUN-2019-TTG-DESA-ADAT-DI-BALI.pdf
Juwuk Legi,"Kecamatan Baturiti, Kabupaten Tabanan",,2019,https://cloud-ng.baliprov.go.id/dpma/2022/02/PERDA-NOMOR-4-TAHUN-2019-TTG-DESA-ADAT-DI-BALI.pdf
Abing,"Kecamatan Baturiti, Kabupaten Tabanan",,2019,https://cloud-ng.baliprov.go.id/dpma/2022/02/PERDA-NOMOR-4-TAHUN-2019-TTG-DESA-ADAT-DI-BALI.pdf
Antapan,"Kecamatan Baturiti, Kabupaten Tabanan",,2019,https://cloud-ng.baliprov.go.id/dpma/2022/02/PERDA-NOMOR-4-TAHUN-2019-TTG-DESA-ADAT-DI-BALI.pdf
Mayungan,"Kecamatan Baturiti, Kabupaten Tabanan",,2019,https://cloud-ng.baliprov.go.id/dpma/2022/02/PERDA-NOMOR-4-TAHUN-2019-TTG-DESA-ADAT-DI-BALI.pdf
Tohjiwa,"Kecamatan Baturiti, Kabupaten Tabanan",,2019,https://cloud-ng.baliprov.go.id/dpma/2022/02/PERDA-NOMOR-4-TAHUN-2019-TTG-DESA-ADAT-DI-BALI.pdf
Gelogor,"Kecamatan Baturiti, Kabupaten Tabanan",,2019,https://cloud-ng.baliprov.go.id/dpma/2022/02/PERDA-NOMOR-4-TAHUN-2019-TTG-DESA-ADAT-DI-BALI.pdf
Angseri,"Kecamatan Baturiti, Kabupaten Tabanan",,2019,https://cloud-ng.baliprov.go.id/dpma/2022/02/PERDA-NOMOR-4-TAHUN-2019-TTG-DESA-ADAT-DI-BALI.pdf
Munduk Lumbang,"Kecamatan Baturiti, Kabupaten Tabanan",,2019,https://cloud-ng.baliprov.go.id/dpma/2022/02/PERDA-NOMOR-4-TAHUN-2019-TTG-DESA-ADAT-DI-BALI.pdf
Tegeh,"Kecamatan Baturiti, Kabupaten Tabanan",,2019,https://cloud-ng.baliprov.go.id/dpma/2022/02/PERDA-NOMOR-4-TAHUN-2019-TTG-DESA-ADAT-DI-BALI.pdf
Apuan,"Kecamatan Baturiti, Kabupaten Tabanan",,2019,https://cloud-ng.baliprov.go.id/dpma/2022/02/PERDA-NOMOR-4-TAHUN-2019-TTG-DESA-ADAT-DI-BALI.pdf
Tinungan,"Kecamatan Baturiti, Kabupaten Tabanan",,2019,https://cloud-ng.baliprov.go.id/dpma/2022/02/PERDA-NOMOR-4-TAHUN-2019-TTG-DESA-ADAT-DI-BALI.pdf
Kambangan,"Kecamatan Baturiti, Kabupaten Tabanan",,2019,https://cloud-ng.baliprov.go.id/dpma/2022/02/PERDA-NOMOR-4-TAHUN-2019-TTG-DESA-ADAT-DI-BALI.pdf
Jelantik,"Kecamatan Baturiti, Kabupaten Tabanan",,2019,https://cloud-ng.baliprov.go.id/dpma/2022/02/PERDA-NOMOR-4-TAHUN-2019-TTG-DESA-ADAT-DI-BALI.pdf
Bangli,"Kecamatan Baturiti, Kabupaten Tabanan",,2019,https://cloud-ng.baliprov.go.id/dpma/2022/02/PERDA-NOMOR-4-TAHUN-2019-TTG-DESA-ADAT-DI-BALI.pdf
Titigalar,"Kecamatan Baturiti, Kabupaten Tabanan",,2019,https://cloud-ng.baliprov.go.id/dpma/2022/02/PERDA-NOMOR-4-TAHUN-2019-TTG-DESA-ADAT-DI-BALI.pdf
Apit Yeh,"Kecamatan Baturiti, Kabupaten Tabanan",,2019,https://cloud-ng.baliprov.go.id/dpma/2022/02/PERDA-NOMOR-4-TAHUN-2019-TTG-DESA-ADAT-DI-BALI.pdf
Umapoh,"Kecamatan Baturiti, Kabupaten Tabanan",,2019,https://cloud-ng.baliprov.go.id/dpma/2022/02/PERDA-NOMOR-4-TAHUN-2019-TTG-DESA-ADAT-DI-BALI.pdf
Sandan,"Kecamatan Baturiti, Kabupaten Tabanan",,2019,https://cloud-ng.baliprov.go.id/dpma/2022/02/PERDA-NOMOR-4-TAHUN-2019-TTG-DESA-ADAT-DI-BALI.pdf
Munduk Andong,"Kecamatan Baturiti, Kabupaten Tabanan",,2019,https://cloud-ng.baliprov.go.id/dpma/2022/02/PERDA-NOMOR-4-TAHUN-2019-TTG-DESA-ADAT-DI-BALI.pdf
Gunung Kangin,"Kecamatan Baturiti, Kabupaten Tabanan",,2019,https://cloud-ng.baliprov.go.id/dpma/2022/02/PERDA-NOMOR-4-TAHUN-2019-TTG-DESA-ADAT-DI-BALI.pdf
Baturiti,"Kecamatan Baturiti, Kabupaten Tabanan",,2019,https://cloud-ng.baliprov.go.id/dpma/2022/02/PERDA-NOMOR-4-TAHUN-2019-TTG-DESA-ADAT-DI-BALI.pdf
Pacung,"Kecamatan Baturiti, Kabupaten Tabanan",,2019,https://cloud-ng.baliprov.go.id/dpma/2022/02/PERDA-NOMOR-4-TAHUN-2019-TTG-DESA-ADAT-DI-BALI.pdf
Bangah,"Kecamatan Baturiti, Kabupaten Tabanan",,2019,https://cloud-ng.baliprov.go.id/dpma/2022/02/PERDA-NOMOR-4-TAHUN-2019-TTG-DESA-ADAT-DI-BALI.pdf
Abang,"Kecamatan Baturiti, Kabupaten Tabanan",,2019,https://cloud-ng.baliprov.go.id/dpma/2022/02/PERDA-NOMOR-4-TAHUN-2019-TTG-DESA-ADAT-DI-BALI.pdf
Mojan,"Kecamatan Baturiti, Kabupaten Tabanan",,2019,https://cloud-ng.baliprov.go.id/dpma/2022/02/PERDA-NOMOR-4-TAHUN-2019-TTG-DESA-ADAT-DI-BALI.pdf
Peneng,"Kecamatan Baturiti, Kabupaten Tabanan",,2019,https://cloud-ng.baliprov.go.id/dpma/2022/02/PERDA-NOMOR-4-TAHUN-2019-TTG-DESA-ADAT-DI-BALI.pdf
Tundak,"Kecamatan Baturiti, Kabupaten Tabanan",,2019,https://cloud-ng.baliprov.go.id/dpma/2022/02/PERDA-NOMOR-4-TAHUN-2019-TTG-DESA-ADAT-DI-BALI.pdf
Temacun,"Kecamatan Baturiti, Kabupaten Tabanan",,2019,https://cloud-ng.baliprov.go.id/dpma/2022/02/PERDA-NOMOR-4-TAHUN-2019-TTG-DESA-ADAT-DI-BALI.pdf
Sekargula,"Kecamatan Baturiti, Kabupaten Tabanan",,2019,https://cloud-ng.baliprov.go.id/dpma/2022/02/PERDA-NOMOR-4-TAHUN-2019-TTG-DESA-ADAT-DI-BALI.pdf
Kerobokan,"Kecamatan Baturiti, Kabupaten Tabanan",,2019,https://cloud-ng.baliprov.go.id/dpma/2022/02/PERDA-NOMOR-4-TAHUN-2019-TTG-DESA-ADAT-DI-BALI.pdf
Luwus,"Kecamatan Baturiti, Kabupaten Tabanan",,2019,https://cloud-ng.baliprov.go.id/dpma/2022/02/PERDA-NOMOR-4-TAHUN-2019-TTG-DESA-ADAT-DI-BALI.pdf
Punjuan,"Kecamatan Baturiti, Kabupaten Tabanan",,2019,https://cloud-ng.baliprov.go.id/dpma/2022/02/PERDA-NOMOR-4-TAHUN-2019-TTG-DESA-ADAT-DI-BALI.pdf
Palian,"Kecamatan Baturiti, Kabupaten Tabanan",,2019,https://cloud-ng.baliprov.go.id/dpma/2022/02/PERDA-NOMOR-4-TAHUN-2019-TTG-DESA-ADAT-DI-BALI.pdf
Poyan,"Kecamatan Baturiti, Kabupaten Tabanan",,2019,https://cloud-ng.baliprov.go.id/dpma/2022/02/PERDA-NOMOR-4-TAHUN-2019-TTG-DESA-ADAT-DI-BALI.pdf
Mandul,"Kecamatan Baturiti, Kabupaten Tabanan",,2019,https://cloud-ng.baliprov.go.id/dpma/2022/02/PERDA-NOMOR-4-TAHUN-2019-TTG-DESA-ADAT-DI-BALI.pdf
Perean,"Kecamatan Baturiti, Kabupaten Tabanan",,2019,https://cloud-ng.baliprov.go.id/dpma/2022/02/PERDA-NOMOR-4-TAHUN-2019-TTG-DESA-ADAT-DI-BALI.pdf
Bunyuh,"Kecamatan Baturiti, Kabupaten Tabanan",,2019,https://cloud-ng.baliprov.go.id/dpma/2022/02/PERDA-NOMOR-4-TAHUN-2019-TTG-DESA-ADAT-DI-BALI.pdf
Puseh,"Kecamatan Baturiti, Kabupaten Tabanan",,2019,https://cloud-ng.baliprov.go.id/dpma/2022/02/PERDA-NOMOR-4-TAHUN-2019-TTG-DESA-ADAT-DI-BALI.pdf
Tuka,"Kecamatan Baturiti, Kabupaten Tabanan",,2019,https://cloud-ng.baliprov.go.id/dpma/2022/02/PERDA-NOMOR-4-TAHUN-2019-TTG-DESA-ADAT-DI-BALI.pdf
Kukub,"Kecamatan Baturiti, Kabupaten Tabanan",,2019,https://cloud-ng.baliprov.go.id/dpma/2022/02/PERDA-NOMOR-4-TAHUN-2019-TTG-DESA-ADAT-DI-BALI.pdf
Berteh,"Kecamatan Baturiti, Kabupaten Tabanan",,2019,https://cloud-ng.baliprov.go.id/dpma/2022/02/PERDA-NOMOR-4-TAHUN-2019-TTG-DESA-ADAT-DI-BALI.pdf
Selat,"Kecamatan Baturiti, Kabupaten Tabanan",,2019,https://cloud-ng.baliprov.go.id/dpma/2022/02/PERDA-NOMOR-4-TAHUN-2019-TTG-DESA-ADAT-DI-BALI.pdf
Basangbe,"Kecamatan Baturiti, Kabupaten Tabanan",,2019,https://cloud-ng.baliprov.go.id/dpma/2022/02/PERDA-NOMOR-4-TAHUN-2019-TTG-DESA-ADAT-DI-BALI.pdf
Piun,"Kecamatan Baturiti, Kabupaten Tabanan",,2019,https://cloud-ng.baliprov.go.id/dpma/2022/02/PERDA-NOMOR-4-TAHUN-2019-TTG-DESA-ADAT-DI-BALI.pdf
Beluangan,"Kecamatan Baturiti, Kabupaten Tabanan",,2019,https://cloud-ng.baliprov.go.id/dpma/2022/02/PERDA-NOMOR-4-TAHUN-2019-TTG-DESA-ADAT-DI-BALI.pdf
Banjar Anyar,"Kecamatan Baturiti, Kabupaten Tabanan",,2019,https://cloud-ng.baliprov.go.id/dpma/2022/02/PERDA-NOMOR-4-TAHUN-2019-TTG-DESA-ADAT-DI-BALI.pdf
Leba,"Kecamatan Baturiti, Kabupaten Tabanan",,2019,https://cloud-ng.baliprov.go.id/dpma/2022/02/PERDA-NOMOR-4-TAHUN-2019-TTG-DESA-ADAT-DI-BALI.pdf
Seribupati,"Kecamatan Marga, Kabupaten Tabanan",,2019,https://cloud-ng.baliprov.go.id/dpma/2022/02/PERDA-NOMOR-4-TAHUN-2019-TTG-DESA-ADAT-DI-BALI.pdf
Cau Belayu,"Kecamatan Marga, Kabupaten Tabanan",,2019,https://cloud-ng.baliprov.go.id/dpma/2022/02/PERDA-NOMOR-4-TAHUN-2019-TTG-DESA-ADAT-DI-BALI.pdf
Kekeran,"Kecamatan Marga, Kabupaten Tabanan",,2019,https://cloud-ng.baliprov.go.id/dpma/2022/02/PERDA-NOMOR-4-TAHUN-2019-TTG-DESA-ADAT-DI-BALI.pdf
Adeng,"Kecamatan Marga, Kabupaten Tabanan",,2019,https://cloud-ng.baliprov.go.id/dpma/2022/02/PERDA-NOMOR-4-TAHUN-2019-TTG-DESA-ADAT-DI-BALI.pdf
Pengembungan,"Kecamatan Marga, Kabupaten Tabanan",,2019,https://cloud-ng.baliprov.go.id/dpma/2022/02/PERDA-NOMOR-4-TAHUN-2019-TTG-DESA-ADAT-DI-BALI.pdf
Tegal Jadi,"Kecamatan Marga, Kabupaten Tabanan",,2019,https://cloud-ng.baliprov.go.id/dpma/2022/02/PERDA-NOMOR-4-TAHUN-2019-TTG-DESA-ADAT-DI-BALI.pdf
Kukuh,"Kecamatan Marga, Kabupaten Tabanan",,2019,https://cloud-ng.baliprov.go.id/dpma/2022/02/PERDA-NOMOR-4-TAHUN-2019-TTG-DESA-ADAT-DI-BALI.pdf
Belayu,"Kecamatan Marga, Kabupaten Tabanan",,2019,https://cloud-ng.baliprov.go.id/dpma/2022/02/PERDA-NOMOR-4-TAHUN-2019-TTG-DESA-ADAT-DI-BALI.pdf
Umabian,"Kecamatan Marga, Kabupaten Tabanan",,2019,https://cloud-ng.baliprov.go.id/dpma/2022/02/PERDA-NOMOR-4-TAHUN-2019-TTG-DESA-ADAT-DI-BALI.pdf
Kuwum Ancak,"Kecamatan Marga, Kabupaten Tabanan",,2019,https://cloud-ng.baliprov.go.id/dpma/2022/02/PERDA-NOMOR-4-TAHUN-2019-TTG-DESA-ADAT-DI-BALI.pdf
Kuwum,"Kecamatan Marga, Kabupaten Tabanan",,2019,https://cloud-ng.baliprov.go.id/dpma/2022/02/PERDA-NOMOR-4-TAHUN-2019-TTG-DESA-ADAT-DI-BALI.pdf
Ole,"Kecamatan Marga, Kabupaten Tabanan",,2019,https://cloud-ng.baliprov.go.id/dpma/2022/02/PERDA-NOMOR-4-TAHUN-2019-TTG-DESA-ADAT-DI-BALI.pdf
Kelaci,"Kecamatan Marga, Kabupaten Tabanan",,2019,https://cloud-ng.baliprov.go.id/dpma/2022/02/PERDA-NOMOR-4-TAHUN-2019-TTG-DESA-ADAT-DI-BALI.pdf
Marga,"Kecamatan Marga, Kabupaten Tabanan",,2019,https://cloud-ng.baliprov.go.id/dpma/2022/02/PERDA-NOMOR-4-TAHUN-2019-TTG-DESA-ADAT-DI-BALI.pdf
Payangan,"Kecamatan Marga, Kabupaten Tabanan",,2019,https://cloud-ng.baliprov.go.id/dpma/2022/02/PERDA-NOMOR-4-TAHUN-2019-TTG-DESA-ADAT-DI-BALI.pdf
Bunutin,"Kecamatan Marga, Kabupaten Tabanan",,2019,https://cloud-ng.baliprov.go.id/dpma/2022/02/PERDA-NOMOR-4-TAHUN-2019-TTG-DESA-ADAT-DI-BALI.pdf
Kalibalang,"Kecamatan Marga, Kabupaten Tabanan",,2019,https://cloud-ng.baliprov.go.id/dpma/2022/02/PERDA-NOMOR-4-TAHUN-2019-TTG-DESA-ADAT-DI-BALI.pdf
Gelagah,"Kecamatan Marga, Kabupaten Tabanan",,2019,https://cloud-ng.baliprov.go.id/dpma/2022/02/PERDA-NOMOR-4-TAHUN-2019-TTG-DESA-ADAT-DI-BALI.pdf
Petiga,"Kecamatan Marga, Kabupaten Tabanan",,2019,https://cloud-ng.baliprov.go.id/dpma/2022/02/PERDA-NOMOR-4-TAHUN-2019-TTG-DESA-ADAT-DI-BALI.pdf
Geluntung,"Kecamatan Marga, Kabupaten Tabanan",,2019,https://cloud-ng.baliprov.go.id/dpma/2022/02/PERDA-NOMOR-4-TAHUN-2019-TTG-DESA-ADAT-DI-BALI.pdf
Cau,"Kecamatan Marga, Kabupaten Tabanan",,2019,https://cloud-ng.baliprov.go.id/dpma/2022/02/PERDA-NOMOR-4-TAHUN-2019-TTG-DESA-ADAT-DI-BALI.pdf
Tua,"Kecamatan Marga, Kabupaten Tabanan",,2019,https://cloud-ng.baliprov.go.id/dpma/2022/02/PERDA-NOMOR-4-TAHUN-2019-TTG-DESA-ADAT-DI-BALI.pdf
Bayan,"Kecamatan Marga, Kabupaten Tabanan",,2019,https://cloud-ng.baliprov.go.id/dpma/2022/02/PERDA-NOMOR-4-TAHUN-2019-TTG-DESA-ADAT-DI-BALI.pdf
Baru,"Kecamatan Marga, Kabupaten Tabanan",,2019,https://cloud-ng.baliprov.go.id/dpma/2022/02/PERDA-NOMOR-4-TAHUN-2019-TTG-DESA-ADAT-DI-BALI.pdf
Pinge,"Kecamatan Marga, Kabupaten Tabanan",,2019,https://cloud-ng.baliprov.go.id/dpma/2022/02/PERDA-NOMOR-4-TAHUN-2019-TTG-DESA-ADAT-DI-BALI.pdf
Susut,"Kecamatan Marga, Kabupaten Tabanan",,2019,https://cloud-ng.baliprov.go.id/dpma/2022/02/PERDA-NOMOR-4-TAHUN-2019-TTG-DESA-ADAT-DI-BALI.pdf
Tengah,"Kecamatan Marga, Kabupaten Tabanan",,2019,https://cloud-ng.baliprov.go.id/dpma/2022/02/PERDA-NOMOR-4-TAHUN-2019-TTG-DESA-ADAT-DI-BALI.pdf
Tengah Kangin,"Kecamatan Marga, Kabupaten Tabanan",,2019,https://cloud-ng.baliprov.go.id/dpma/2022/02/PERDA-NOMOR-4-TAHUN-2019-TTG-DESA-ADAT-DI-BALI.pdf
Abiantuwung,"Kecamatan Kediri, Kabupaten Tabanan",,2019,https://cloud-ng.baliprov.go.id/dpma/2022/02/PERDA-NOMOR-4-TAHUN-2019-TTG-DESA-ADAT-DI-BALI.pdf
Kelaci Kelod,"Kecamatan Kediri, Kabupaten Tabanan",,2019,https://cloud-ng.baliprov.go.id/dpma/2022/02/PERDA-NOMOR-4-TAHUN-2019-TTG-DESA-ADAT-DI-BALI.pdf
Kelaci Kaja,"Kecamatan Kediri, Kabupaten Tabanan",,2019,https://cloud-ng.baliprov.go.id/dpma/2022/02/PERDA-NOMOR-4-TAHUN-2019-TTG-DESA-ADAT-DI-BALI.pdf
Suralaga,"Kecamatan Kediri, Kabupaten Tabanan",,2019,https://cloud-ng.baliprov.go.id/dpma/2022/02/PERDA-NOMOR-4-TAHUN-2019-TTG-DESA-ADAT-DI-BALI.pdf
Dalem yangApi,"Kecamatan Kediri, Kabupaten Tabanan",,2019,https://cloud-ng.baliprov.go.id/dpma/2022/02/PERDA-NOMOR-4-TAHUN-2019-TTG-DESA-ADAT-DI-BALI.pdf
Banjar Anyar,"Kecamatan Kediri, Kabupaten Tabanan",,2019,https://cloud-ng.baliprov.go.id/dpma/2022/02/PERDA-NOMOR-4-TAHUN-2019-TTG-DESA-ADAT-DI-BALI.pdf
Sanggulan,"Kecamatan Kediri, Kabupaten Tabanan",,2019,https://cloud-ng.baliprov.go.id/dpma/2022/02/PERDA-NOMOR-4-TAHUN-2019-TTG-DESA-ADAT-DI-BALI.pdf
Jadi,"Kecamatan Kediri, Kabupaten Tabanan",,2019,https://cloud-ng.baliprov.go.id/dpma/2022/02/PERDA-NOMOR-4-TAHUN-2019-TTG-DESA-ADAT-DI-BALI.pdf
Senapahan,"Kecamatan Kediri, Kabupaten Tabanan",,2019,https://cloud-ng.baliprov.go.id/dpma/2022/02/PERDA-NOMOR-4-TAHUN-2019-TTG-DESA-ADAT-DI-BALI.pdf
Buwit,"Kecamatan Kediri, Kabupaten Tabanan",,2019,https://cloud-ng.baliprov.go.id/dpma/2022/02/PERDA-NOMOR-4-TAHUN-2019-TTG-DESA-ADAT-DI-BALI.pdf
Kedungu,"Kecamatan Kediri, Kabupaten Tabanan",,2019,https://cloud-ng.baliprov.go.id/dpma/2022/02/PERDA-NOMOR-4-TAHUN-2019-TTG-DESA-ADAT-DI-BALI.pdf
Beraban,"Kecamatan Kediri, Kabupaten Tabanan",,2019,https://cloud-ng.baliprov.go.id/dpma/2022/02/PERDA-NOMOR-4-TAHUN-2019-TTG-DESA-ADAT-DI-BALI.pdf
Cepaka,"Kecamatan Kediri, Kabupaten Tabanan",,2019,https://cloud-ng.baliprov.go.id/dpma/2022/02/PERDA-NOMOR-4-TAHUN-2019-TTG-DESA-ADAT-DI-BALI.pdf
Kaba-Kaba,"Kecamatan Kediri, Kabupaten Tabanan",,2019,https://cloud-ng.baliprov.go.id/dpma/2022/02/PERDA-NOMOR-4-TAHUN-2019-TTG-DESA-ADAT-DI-BALI.pdf
Kediri,"Kecamatan Kediri, Kabupaten Tabanan",,2019,https://cloud-ng.baliprov.go.id/dpma/2022/02/PERDA-NOMOR-4-TAHUN-2019-TTG-DESA-ADAT-DI-BALI.pdf
Demung,"Kecamatan Kediri, Kabupaten Tabanan",,2019,https://cloud-ng.baliprov.go.id/dpma/2022/02/PERDA-NOMOR-4-TAHUN-2019-TTG-DESA-ADAT-DI-BALI.pdf
Batan Pole,"Kecamatan Kediri, Kabupaten Tabanan",,2019,https://cloud-ng.baliprov.go.id/dpma/2022/02/PERDA-NOMOR-4-TAHUN-2019-TTG-DESA-ADAT-DI-BALI.pdf
Mundeh,"Kecamatan Kediri, Kabupaten Tabanan",,2019,https://cloud-ng.baliprov.go.id/dpma/2022/02/PERDA-NOMOR-4-TAHUN-2019-TTG-DESA-ADAT-DI-BALI.pdf
Nyitdah,"Kecamatan Kediri, Kabupaten Tabanan",,2019,https://cloud-ng.baliprov.go.id/dpma/2022/02/PERDA-NOMOR-4-TAHUN-2019-TTG-DESA-ADAT-DI-BALI.pdf
Babakan,"Kecamatan Kediri, Kabupaten Tabanan",,2019,https://cloud-ng.baliprov.go.id/dpma/2022/02/PERDA-NOMOR-4-TAHUN-2019-TTG-DESA-ADAT-DI-BALI.pdf
Pandak Bandung,"Kecamatan Kediri, Kabupaten Tabanan",,2019,https://cloud-ng.baliprov.go.id/dpma/2022/02/PERDA-NOMOR-4-TAHUN-2019-TTG-DESA-ADAT-DI-BALI.pdf
Pandak Gede,"Kecamatan Kediri, Kabupaten Tabanan",,2019,https://cloud-ng.baliprov.go.id/dpma/2022/02/PERDA-NOMOR-4-TAHUN-2019-TTG-DESA-ADAT-DI-BALI.pdf
Pejaten,"Kecamatan Kediri, Kabupaten Tabanan",,2019,https://cloud-ng.baliprov.go.id/dpma/2022/02/PERDA-NOMOR-4-TAHUN-2019-TTG-DESA-ADAT-DI-BALI.pdf
Sandan Pondok,"Kecamatan Tabanan, Kabupaten Tabanan",,2019,https://cloud-ng.baliprov.go.id/dpma/2022/02/PERDA-NOMOR-4-TAHUN-2019-TTG-DESA-ADAT-DI-BALI.pdf
Sesandan,"Kecamatan Tabanan, Kabupaten Tabanan",,2019,https://cloud-ng.baliprov.go.id/dpma/2022/02/PERDA-NOMOR-4-TAHUN-2019-TTG-DESA-ADAT-DI-BALI.pdf
Sekartaji,"Kecamatan Tabanan, Kabupaten Tabanan",,2019,https://cloud-ng.baliprov.go.id/dpma/2022/02/PERDA-NOMOR-4-TAHUN-2019-TTG-DESA-ADAT-DI-BALI.pdf
Wanasari,"Kecamatan Tabanan, Kabupaten Tabanan",,2019,https://cloud-ng.baliprov.go.id/dpma/2022/02/PERDA-NOMOR-4-TAHUN-2019-TTG-DESA-ADAT-DI-BALI.pdf
Tunjuk,"Kecamatan Tabanan, Kabupaten Tabanan",,2019,https://cloud-ng.baliprov.go.id/dpma/2022/02/PERDA-NOMOR-4-TAHUN-2019-TTG-DESA-ADAT-DI-BALI.pdf
Buahan,"Kecamatan Tabanan, Kabupaten Tabanan",,2019,https://cloud-ng.baliprov.go.id/dpma/2022/02/PERDA-NOMOR-4-TAHUN-2019-TTG-DESA-ADAT-DI-BALI.pdf
Subamia,"Kecamatan Tabanan, Kabupaten Tabanan",,2019,https://cloud-ng.baliprov.go.id/dpma/2022/02/PERDA-NOMOR-4-TAHUN-2019-TTG-DESA-ADAT-DI-BALI.pdf
Kubontingguh,"Kecamatan Tabanan, Kabupaten Tabanan",,2019,https://cloud-ng.baliprov.go.id/dpma/2022/02/PERDA-NOMOR-4-TAHUN-2019-TTG-DESA-ADAT-DI-BALI.pdf
Dukuh Buahan,"Kecamatan Tabanan, Kabupaten Tabanan",,2019,https://cloud-ng.baliprov.go.id/dpma/2022/02/PERDA-NOMOR-4-TAHUN-2019-TTG-DESA-ADAT-DI-BALI.pdf
Bongan Puseh,"Kecamatan Tabanan, Kabupaten Tabanan",,2019,https://cloud-ng.baliprov.go.id/dpma/2022/02/PERDA-NOMOR-4-TAHUN-2019-TTG-DESA-ADAT-DI-BALI.pdf
Bedha,"Kecamatan Tabanan, Kabupaten Tabanan",,2019,https://cloud-ng.baliprov.go.id/dpma/2022/02/PERDA-NOMOR-4-TAHUN-2019-TTG-DESA-ADAT-DI-BALI.pdf
Yeh Gangga,"Kecamatan Tabanan, Kabupaten Tabanan",,2019,https://cloud-ng.baliprov.go.id/dpma/2022/02/PERDA-NOMOR-4-TAHUN-2019-TTG-DESA-ADAT-DI-BALI.pdf
Kota Tabanan,"Kecamatan Tabanan, Kabupaten Tabanan",,2019,https://cloud-ng.baliprov.go.id/dpma/2022/02/PERDA-NOMOR-4-TAHUN-2019-TTG-DESA-ADAT-DI-BALI.pdf
Tulamben,"Kecamatan Kubu, Kabupaten Karangasem",,2019,https://cloud-ng.baliprov.go.id/dpma/2022/02/PERDA-NOMOR-4-TAHUN-2019-TTG-DESA-ADAT-DI-BALI.pdf
Batudawa,"Kecamatan Kubu, Kabupaten Karangasem",,2019,https://cloud-ng.baliprov.go.id/dpma/2022/02/PERDA-NOMOR-4-TAHUN-2019-TTG-DESA-ADAT-DI-BALI.pdf
Muntig,"Kecamatan Kubu, Kabupaten Karangasem",,2019,https://cloud-ng.baliprov.go.id/dpma/2022/02/PERDA-NOMOR-4-TAHUN-2019-TTG-DESA-ADAT-DI-BALI.pdf
Dukuh,"Kecamatan Kubu, Kabupaten Karangasem",,2019,https://cloud-ng.baliprov.go.id/dpma/2022/02/PERDA-NOMOR-4-TAHUN-2019-TTG-DESA-ADAT-DI-BALI.pdf
Beluhu,"Kecamatan Kubu, Kabupaten Karangasem",,2019,https://cloud-ng.baliprov.go.id/dpma/2022/02/PERDA-NOMOR-4-TAHUN-2019-TTG-DESA-ADAT-DI-BALI.pdf
Kubu Juntal,"Kecamatan Kubu, Kabupaten Karangasem",,2019,https://cloud-ng.baliprov.go.id/dpma/2022/02/PERDA-NOMOR-4-TAHUN-2019-TTG-DESA-ADAT-DI-BALI.pdf
Baturinggit,"Kecamatan Kubu, Kabupaten Karangasem",,2019,https://cloud-ng.baliprov.go.id/dpma/2022/02/PERDA-NOMOR-4-TAHUN-2019-TTG-DESA-ADAT-DI-BALI.pdf
Bantas,"Kecamatan Kubu, Kabupaten Karangasem",,2019,https://cloud-ng.baliprov.go.id/dpma/2022/02/PERDA-NOMOR-4-TAHUN-2019-TTG-DESA-ADAT-DI-BALI.pdf
Kayuaya,"Kecamatan Kubu, Kabupaten Karangasem",,2019,https://cloud-ng.baliprov.go.id/dpma/2022/02/PERDA-NOMOR-4-TAHUN-2019-TTG-DESA-ADAT-DI-BALI.pdf
Bukit,"Kecamatan Kubu, Kabupaten Karangasem",,2019,https://cloud-ng.baliprov.go.id/dpma/2022/02/PERDA-NOMOR-4-TAHUN-2019-TTG-DESA-ADAT-DI-BALI.pdf
Lebah,"Kecamatan Kubu, Kabupaten Karangasem",,2019,https://cloud-ng.baliprov.go.id/dpma/2022/02/PERDA-NOMOR-4-TAHUN-2019-TTG-DESA-ADAT-DI-BALI.pdf
Karangsari,"Kecamatan Kubu, Kabupaten Karangasem",,2019,https://cloud-ng.baliprov.go.id/dpma/2022/02/PERDA-NOMOR-4-TAHUN-2019-TTG-DESA-ADAT-DI-BALI.pdf
Tigaron,"Kecamatan Kubu, Kabupaten Karangasem",,2019,https://cloud-ng.baliprov.go.id/dpma/2022/02/PERDA-NOMOR-4-TAHUN-2019-TTG-DESA-ADAT-DI-BALI.pdf
Nusu,"Kecamatan Kubu, Kabupaten Karangasem",,2019,https://cloud-ng.baliprov.go.id/dpma/2022/02/PERDA-NOMOR-4-TAHUN-2019-TTG-DESA-ADAT-DI-BALI.pdf
Ban,"Kecamatan Kubu, Kabupaten Karangasem",,2019,https://cloud-ng.baliprov.go.id/dpma/2022/02/PERDA-NOMOR-4-TAHUN-2019-TTG-DESA-ADAT-DI-BALI.pdf
Dlundungan,"Kecamatan Kubu, Kabupaten Karangasem",,2019,https://cloud-ng.baliprov.go.id/dpma/2022/02/PERDA-NOMOR-4-TAHUN-2019-TTG-DESA-ADAT-DI-BALI.pdf
Panek,"Kecamatan Kubu, Kabupaten Karangasem",,2019,https://cloud-ng.baliprov.go.id/dpma/2022/02/PERDA-NOMOR-4-TAHUN-2019-TTG-DESA-ADAT-DI-BALI.pdf
Cutcut,"Kecamatan Kubu, Kabupaten Karangasem",,2019,https://cloud-ng.baliprov.go.id/dpma/2022/02/PERDA-NOMOR-4-TAHUN-2019-TTG-DESA-ADAT-DI-BALI.pdf
Manik Aji,"Kecamatan Kubu, Kabupaten Karangasem",,2019,https://cloud-ng.baliprov.go.id/dpma/2022/02/PERDA-NOMOR-4-TAHUN-2019-TTG-DESA-ADAT-DI-BALI.pdf
Kaliaga,"Kecamatan Kubu, Kabupaten Karangasem",,2019,https://cloud-ng.baliprov.go.id/dpma/2022/02/PERDA-NOMOR-4-TAHUN-2019-TTG-DESA-ADAT-DI-BALI.pdf
Temakung,"Kecamatan Kubu, Kabupaten Karangasem",,2019,https://cloud-ng.baliprov.go.id/dpma/2022/02/PERDA-NOMOR-4-TAHUN-2019-TTG-DESA-ADAT-DI-BALI.pdf
Bonyoh,"Kecamatan Kubu, Kabupaten Karangasem",,2019,https://cloud-ng.baliprov.go.id/dpma/2022/02/PERDA-NOMOR-4-TAHUN-2019-TTG-DESA-ADAT-DI-BALI.pdf
Belong Plugon,"Kecamatan Kubu, Kabupaten Karangasem",,2019,https://cloud-ng.baliprov.go.id/dpma/2022/02/PERDA-NOMOR-4-TAHUN-2019-TTG-DESA-ADAT-DI-BALI.pdf
Belong Batu Kau,"Kecamatan Kubu, Kabupaten Karangasem",,2019,https://cloud-ng.baliprov.go.id/dpma/2022/02/PERDA-NOMOR-4-TAHUN-2019-TTG-DESA-ADAT-DI-BALI.pdf
Pucang,"Kecamatan Kubu, Kabupaten Karangasem",,2019,https://cloud-ng.baliprov.go.id/dpma/2022/02/PERDA-NOMOR-4-TAHUN-2019-TTG-DESA-ADAT-DI-BALI.pdf
Daya,"Kecamatan Kubu, Kabupaten Karangasem",,2019,https://cloud-ng.baliprov.go.id/dpma/2022/02/PERDA-NOMOR-4-TAHUN-2019-TTG-DESA-ADAT-DI-BALI.pdf
Jatituhu,"Kecamatan Kubu, Kabupaten Karangasem",,2019,https://cloud-ng.baliprov.go.id/dpma/2022/02/PERDA-NOMOR-4-TAHUN-2019-TTG-DESA-ADAT-DI-BALI.pdf
Cegi,"Kecamatan Kubu, Kabupaten Karangasem",,2019,https://cloud-ng.baliprov.go.id/dpma/2022/02/PERDA-NOMOR-4-TAHUN-2019-TTG-DESA-ADAT-DI-BALI.pdf
Pengalusan,"Kecamatan Kubu, Kabupaten Karangasem",,2019,https://cloud-ng.baliprov.go.id/dpma/2022/02/PERDA-NOMOR-4-TAHUN-2019-TTG-DESA-ADAT-DI-BALI.pdf
Perasan,"Kecamatan Kubu, Kabupaten Karangasem",,2019,https://cloud-ng.baliprov.go.id/dpma/2022/02/PERDA-NOMOR-4-TAHUN-2019-TTG-DESA-ADAT-DI-BALI.pdf
Asti,"Kecamatan Kubu, Kabupaten Karangasem",,2019,https://cloud-ng.baliprov.go.id/dpma/2022/02/PERDA-NOMOR-4-TAHUN-2019-TTG-DESA-ADAT-DI-BALI.pdf
Darmaji,"Kecamatan Kubu, Kabupaten Karangasem",,2019,https://cloud-ng.baliprov.go.id/dpma/2022/02/PERDA-NOMOR-4-TAHUN-2019-TTG-DESA-ADAT-DI-BALI.pdf
Bunga,"Kecamatan Kubu, Kabupaten Karangasem",,2019,https://cloud-ng.baliprov.go.id/dpma/2022/02/PERDA-NOMOR-4-TAHUN-2019-TTG-DESA-ADAT-DI-BALI.pdf
Tianyar,"Kecamatan Kubu, Kabupaten Karangasem",,2019,https://cloud-ng.baliprov.go.id/dpma/2022/02/PERDA-NOMOR-4-TAHUN-2019-TTG-DESA-ADAT-DI-BALI.pdf
Paleg Kelod,"Kecamatan Kubu, Kabupaten Karangasem",,2019,https://cloud-ng.baliprov.go.id/dpma/2022/02/PERDA-NOMOR-4-TAHUN-2019-TTG-DESA-ADAT-DI-BALI.pdf
Paleg Kaja,"Kecamatan Kubu, Kabupaten Karangasem",,2019,https://cloud-ng.baliprov.go.id/dpma/2022/02/PERDA-NOMOR-4-TAHUN-2019-TTG-DESA-ADAT-DI-BALI.pdf
Penginyahan,"Kecamatan Kubu, Kabupaten Karangasem",,2019,https://cloud-ng.baliprov.go.id/dpma/2022/02/PERDA-NOMOR-4-TAHUN-2019-TTG-DESA-ADAT-DI-BALI.pdf
Pedahan Kelod,"Kecamatan Kubu, Kabupaten Karangasem",,2019,https://cloud-ng.baliprov.go.id/dpma/2022/02/PERDA-NOMOR-4-TAHUN-2019-TTG-DESA-ADAT-DI-BALI.pdf
Pedahan Kaja,"Kecamatan Kubu, Kabupaten Karangasem",,2019,https://cloud-ng.baliprov.go.id/dpma/2022/02/PERDA-NOMOR-4-TAHUN-2019-TTG-DESA-ADAT-DI-BALI.pdf
Krebelahan,"Kecamatan Kubu, Kabupaten Karangasem",,2019,https://cloud-ng.baliprov.go.id/dpma/2022/02/PERDA-NOMOR-4-TAHUN-2019-TTG-DESA-ADAT-DI-BALI.pdf
Munti Gunung,"Kecamatan Kubu, Kabupaten Karangasem",,2019,https://cloud-ng.baliprov.go.id/dpma/2022/02/PERDA-NOMOR-4-TAHUN-2019-TTG-DESA-ADAT-DI-BALI.pdf
Ababi,"Kecamatan Abang, Kabupaten Karangasem",,2019,https://cloud-ng.baliprov.go.id/dpma/2022/02/PERDA-NOMOR-4-TAHUN-2019-TTG-DESA-ADAT-DI-BALI.pdf
Tiyingtali,"Kecamatan Abang, Kabupaten Karangasem",,2019,https://cloud-ng.baliprov.go.id/dpma/2022/02/PERDA-NOMOR-4-TAHUN-2019-TTG-DESA-ADAT-DI-BALI.pdf
Tauka,"Kecamatan Abang, Kabupaten Karangasem",,2019,https://cloud-ng.baliprov.go.id/dpma/2022/02/PERDA-NOMOR-4-TAHUN-2019-TTG-DESA-ADAT-DI-BALI.pdf
Tuminggal,"Kecamatan Abang, Kabupaten Karangasem",,2019,https://cloud-ng.baliprov.go.id/dpma/2022/02/PERDA-NOMOR-4-TAHUN-2019-TTG-DESA-ADAT-DI-BALI.pdf
Gamongan,"Kecamatan Abang, Kabupaten Karangasem",,2019,https://cloud-ng.baliprov.go.id/dpma/2022/02/PERDA-NOMOR-4-TAHUN-2019-TTG-DESA-ADAT-DI-BALI.pdf
Tanah Aji,"Kecamatan Abang, Kabupaten Karangasem",,2019,https://cloud-ng.baliprov.go.id/dpma/2022/02/PERDA-NOMOR-4-TAHUN-2019-TTG-DESA-ADAT-DI-BALI.pdf
Kesimpar,"Kecamatan Abang, Kabupaten Karangasem",,2019,https://cloud-ng.baliprov.go.id/dpma/2022/02/PERDA-NOMOR-4-TAHUN-2019-TTG-DESA-ADAT-DI-BALI.pdf
Tista,"Kecamatan Abang, Kabupaten Karangasem",,2019,https://cloud-ng.baliprov.go.id/dpma/2022/02/PERDA-NOMOR-4-TAHUN-2019-TTG-DESA-ADAT-DI-BALI.pdf
Ngis,"Kecamatan Abang, Kabupaten Karangasem",,2019,https://cloud-ng.baliprov.go.id/dpma/2022/02/PERDA-NOMOR-4-TAHUN-2019-TTG-DESA-ADAT-DI-BALI.pdf
Purwayu,"Kecamatan Abang, Kabupaten Karangasem",,2019,https://cloud-ng.baliprov.go.id/dpma/2022/02/PERDA-NOMOR-4-TAHUN-2019-TTG-DESA-ADAT-DI-BALI.pdf
Basangalas,"Kecamatan Abang, Kabupaten Karangasem",,2019,https://cloud-ng.baliprov.go.id/dpma/2022/02/PERDA-NOMOR-4-TAHUN-2019-TTG-DESA-ADAT-DI-BALI.pdf
Linggawana,"Kecamatan Abang, Kabupaten Karangasem",,2019,https://cloud-ng.baliprov.go.id/dpma/2022/02/PERDA-NOMOR-4-TAHUN-2019-TTG-DESA-ADAT-DI-BALI.pdf
Culik,"Kecamatan Abang, Kabupaten Karangasem",,2019,https://cloud-ng.baliprov.go.id/dpma/2022/02/PERDA-NOMOR-4-TAHUN-2019-TTG-DESA-ADAT-DI-BALI.pdf
Bebayu,"Kecamatan Abang, Kabupaten Karangasem",,2019,https://cloud-ng.baliprov.go.id/dpma/2022/02/PERDA-NOMOR-4-TAHUN-2019-TTG-DESA-ADAT-DI-BALI.pdf
Paselatan,"Kecamatan Abang, Kabupaten Karangasem",,2019,https://cloud-ng.baliprov.go.id/dpma/2022/02/PERDA-NOMOR-4-TAHUN-2019-TTG-DESA-ADAT-DI-BALI.pdf
Datah,"Kecamatan Abang, Kabupaten Karangasem",,2019,https://cloud-ng.baliprov.go.id/dpma/2022/02/PERDA-NOMOR-4-TAHUN-2019-TTG-DESA-ADAT-DI-BALI.pdf
Kedampal,"Kecamatan Abang, Kabupaten Karangasem",,2019,https://cloud-ng.baliprov.go.id/dpma/2022/02/PERDA-NOMOR-4-TAHUN-2019-TTG-DESA-ADAT-DI-BALI.pdf
Tukad Besi,"Kecamatan Abang, Kabupaten Karangasem",,2019,https://cloud-ng.baliprov.go.id/dpma/2022/02/PERDA-NOMOR-4-TAHUN-2019-TTG-DESA-ADAT-DI-BALI.pdf
Sega,"Kecamatan Abang, Kabupaten Karangasem",,2019,https://cloud-ng.baliprov.go.id/dpma/2022/02/PERDA-NOMOR-4-TAHUN-2019-TTG-DESA-ADAT-DI-BALI.pdf
Gulinten,"Kecamatan Abang, Kabupaten Karangasem",,2019,https://cloud-ng.baliprov.go.id/dpma/2022/02/PERDA-NOMOR-4-TAHUN-2019-TTG-DESA-ADAT-DI-BALI.pdf
Bubug,"Kecamatan Karangasem, Kabupaten Karangasem",,2019,https://cloud-ng.baliprov.go.id/dpma/2022/02/PERDA-NOMOR-4-TAHUN-2019-TTG-DESA-ADAT-DI-BALI.pdf
Perasi,"Kecamatan Karangasem, Kabupaten Karangasem",,2019,https://cloud-ng.baliprov.go.id/dpma/2022/02/PERDA-NOMOR-4-TAHUN-2019-TTG-DESA-ADAT-DI-BALI.pdf
Asak,"Kecamatan Karangasem, Kabupaten Karangasem",,2019,https://cloud-ng.baliprov.go.id/dpma/2022/02/PERDA-NOMOR-4-TAHUN-2019-TTG-DESA-ADAT-DI-BALI.pdf
Timbrah,"Kecamatan Karangasem, Kabupaten Karangasem",,2019,https://cloud-ng.baliprov.go.id/dpma/2022/02/PERDA-NOMOR-4-TAHUN-2019-TTG-DESA-ADAT-DI-BALI.pdf
Bukit,"Kecamatan Karangasem, Kabupaten Karangasem",,2019,https://cloud-ng.baliprov.go.id/dpma/2022/02/PERDA-NOMOR-4-TAHUN-2019-TTG-DESA-ADAT-DI-BALI.pdf
Jumenang,"Kecamatan Karangasem, Kabupaten Karangasem",,2019,https://cloud-ng.baliprov.go.id/dpma/2022/02/PERDA-NOMOR-4-TAHUN-2019-TTG-DESA-ADAT-DI-BALI.pdf
Sekargunung,"Kecamatan Karangasem, Kabupaten Karangasem",,2019,https://cloud-ng.baliprov.go.id/dpma/2022/02/PERDA-NOMOR-4-TAHUN-2019-TTG-DESA-ADAT-DI-BALI.pdf
Batugunung,"Kecamatan Karangasem, Kabupaten Karangasem",,2019,https://cloud-ng.baliprov.go.id/dpma/2022/02/PERDA-NOMOR-4-TAHUN-2019-TTG-DESA-ADAT-DI-BALI.pdf
Kebon Bukit,"Kecamatan Karangasem, Kabupaten Karangasem",,2019,https://cloud-ng.baliprov.go.id/dpma/2022/02/PERDA-NOMOR-4-TAHUN-2019-TTG-DESA-ADAT-DI-BALI.pdf
Tumbu,"Kecamatan Karangasem, Kabupaten Karangasem",,2019,https://cloud-ng.baliprov.go.id/dpma/2022/02/PERDA-NOMOR-4-TAHUN-2019-TTG-DESA-ADAT-DI-BALI.pdf
Seraya,"Kecamatan Karangasem, Kabupaten Karangasem",,2019,https://cloud-ng.baliprov.go.id/dpma/2022/02/PERDA-NOMOR-4-TAHUN-2019-TTG-DESA-ADAT-DI-BALI.pdf
Karangasem,"Kecamatan Karangasem, Kabupaten Karangasem",,2019,https://cloud-ng.baliprov.go.id/dpma/2022/02/PERDA-NOMOR-4-TAHUN-2019-TTG-DESA-ADAT-DI-BALI.pdf
Ujung Hyang,"Kecamatan Karangasem, Kabupaten Karangasem",,2019,https://cloud-ng.baliprov.go.id/dpma/2022/02/PERDA-NOMOR-4-TAHUN-2019-TTG-DESA-ADAT-DI-BALI.pdf
Susuan,"Kecamatan Karangasem, Kabupaten Karangasem",,2019,https://cloud-ng.baliprov.go.id/dpma/2022/02/PERDA-NOMOR-4-TAHUN-2019-TTG-DESA-ADAT-DI-BALI.pdf
Tampuagan,"Kecamatan Karangasem, Kabupaten Karangasem",,2019,https://cloud-ng.baliprov.go.id/dpma/2022/02/PERDA-NOMOR-4-TAHUN-2019-TTG-DESA-ADAT-DI-BALI.pdf
Dukuh Penaban,"Kecamatan Karangasem, Kabupaten Karangasem",,2019,https://cloud-ng.baliprov.go.id/dpma/2022/02/PERDA-NOMOR-4-TAHUN-2019-TTG-DESA-ADAT-DI-BALI.pdf
Subagan,"Kecamatan Karangasem, Kabupaten Karangasem",,2019,https://cloud-ng.baliprov.go.id/dpma/2022/02/PERDA-NOMOR-4-TAHUN-2019-TTG-DESA-ADAT-DI-BALI.pdf
Jasri,"Kecamatan Karangasem, Kabupaten Karangasem",,2019,https://cloud-ng.baliprov.go.id/dpma/2022/02/PERDA-NOMOR-4-TAHUN-2019-TTG-DESA-ADAT-DI-BALI.pdf
Padangkerta,"Kecamatan Karangasem, Kabupaten Karangasem",,2019,https://cloud-ng.baliprov.go.id/dpma/2022/02/PERDA-NOMOR-4-TAHUN-2019-TTG-DESA-ADAT-DI-BALI.pdf
Kertasari,"Kecamatan Karangasem, Kabupaten Karangasem",,2019,https://cloud-ng.baliprov.go.id/dpma/2022/02/PERDA-NOMOR-4-TAHUN-2019-TTG-DESA-ADAT-DI-BALI.pdf
Dukuh,"Kecamatan Karangasem, Kabupaten Karangasem",,2019,https://cloud-ng.baliprov.go.id/dpma/2022/02/PERDA-NOMOR-4-TAHUN-2019-TTG-DESA-ADAT-DI-BALI.pdf
Temega,"Kecamatan Karangasem, Kabupaten Karangasem",,2019,https://cloud-ng.baliprov.go.id/dpma/2022/02/PERDA-NOMOR-4-TAHUN-2019-TTG-DESA-ADAT-DI-BALI.pdf
Peladung,"Kecamatan Karangasem, Kabupaten Karangasem",,2019,https://cloud-ng.baliprov.go.id/dpma/2022/02/PERDA-NOMOR-4-TAHUN-2019-TTG-DESA-ADAT-DI-BALI.pdf
Sibetan,"Kecamatan Bebandem, Kabupaten Karangasem",,2019,https://cloud-ng.baliprov.go.id/dpma/2022/02/PERDA-NOMOR-4-TAHUN-2019-TTG-DESA-ADAT-DI-BALI.pdf
Macang,"Kecamatan Bebandem, Kabupaten Karangasem",,2019,https://cloud-ng.baliprov.go.id/dpma/2022/02/PERDA-NOMOR-4-TAHUN-2019-TTG-DESA-ADAT-DI-BALI.pdf
Bungaya,"Kecamatan Bebandem, Kabupaten Karangasem",,2019,https://cloud-ng.baliprov.go.id/dpma/2022/02/PERDA-NOMOR-4-TAHUN-2019-TTG-DESA-ADAT-DI-BALI.pdf
Saren,"Kecamatan Bebandem, Kabupaten Karangasem",,2019,https://cloud-ng.baliprov.go.id/dpma/2022/02/PERDA-NOMOR-4-TAHUN-2019-TTG-DESA-ADAT-DI-BALI.pdf
Budakeling,"Kecamatan Bebandem, Kabupaten Karangasem",,2019,https://cloud-ng.baliprov.go.id/dpma/2022/02/PERDA-NOMOR-4-TAHUN-2019-TTG-DESA-ADAT-DI-BALI.pdf
Bebandem,"Kecamatan Bebandem, Kabupaten Karangasem",,2019,https://cloud-ng.baliprov.go.id/dpma/2022/02/PERDA-NOMOR-4-TAHUN-2019-TTG-DESA-ADAT-DI-BALI.pdf
Tohpati,"Kecamatan Bebandem, Kabupaten Karangasem",,2019,https://cloud-ng.baliprov.go.id/dpma/2022/02/PERDA-NOMOR-4-TAHUN-2019-TTG-DESA-ADAT-DI-BALI.pdf
Kastala,"Kecamatan Bebandem, Kabupaten Karangasem",,2019,https://cloud-ng.baliprov.go.id/dpma/2022/02/PERDA-NOMOR-4-TAHUN-2019-TTG-DESA-ADAT-DI-BALI.pdf
Liligundi,"Kecamatan Bebandem, Kabupaten Karangasem",,2019,https://cloud-ng.baliprov.go.id/dpma/2022/02/PERDA-NOMOR-4-TAHUN-2019-TTG-DESA-ADAT-DI-BALI.pdf
Jungsri,"Kecamatan Bebandem, Kabupaten Karangasem",,2019,https://cloud-ng.baliprov.go.id/dpma/2022/02/PERDA-NOMOR-4-TAHUN-2019-TTG-DESA-ADAT-DI-BALI.pdf
Komala,"Kecamatan Bebandem, Kabupaten Karangasem",,2019,https://cloud-ng.baliprov.go.id/dpma/2022/02/PERDA-NOMOR-4-TAHUN-2019-TTG-DESA-ADAT-DI-BALI.pdf
Nangka,"Kecamatan Bebandem, Kabupaten Karangasem",,2019,https://cloud-ng.baliprov.go.id/dpma/2022/02/PERDA-NOMOR-4-TAHUN-2019-TTG-DESA-ADAT-DI-BALI.pdf
Umanyar,"Kecamatan Bebandem, Kabupaten Karangasem",,2019,https://cloud-ng.baliprov.go.id/dpma/2022/02/PERDA-NOMOR-4-TAHUN-2019-TTG-DESA-ADAT-DI-BALI.pdf
Tanah Aron,"Kecamatan Bebandem, Kabupaten Karangasem",,2019,https://cloud-ng.baliprov.go.id/dpma/2022/02/PERDA-NOMOR-4-TAHUN-2019-TTG-DESA-ADAT-DI-BALI.pdf
Poh,"Kecamatan Bebandem, Kabupaten Karangasem",,2019,https://cloud-ng.baliprov.go.id/dpma/2022/02/PERDA-NOMOR-4-TAHUN-2019-TTG-DESA-ADAT-DI-BALI.pdf
Gegelang,"Kecamatan Manggis, Kabupaten Karangasem",,2019,https://cloud-ng.baliprov.go.id/dpma/2022/02/PERDA-NOMOR-4-TAHUN-2019-TTG-DESA-ADAT-DI-BALI.pdf
Angantelu,"Kecamatan Manggis, Kabupaten Karangasem",,2019,https://cloud-ng.baliprov.go.id/dpma/2022/02/PERDA-NOMOR-4-TAHUN-2019-TTG-DESA-ADAT-DI-BALI.pdf
Padangbai,"Kecamatan Manggis, Kabupaten Karangasem",,2019,https://cloud-ng.baliprov.go.id/dpma/2022/02/PERDA-NOMOR-4-TAHUN-2019-TTG-DESA-ADAT-DI-BALI.pdf
Ulakan,"Kecamatan Manggis, Kabupaten Karangasem",,2019,https://cloud-ng.baliprov.go.id/dpma/2022/02/PERDA-NOMOR-4-TAHUN-2019-TTG-DESA-ADAT-DI-BALI.pdf
Tanahampo,"Kecamatan Manggis, Kabupaten Karangasem",,2019,https://cloud-ng.baliprov.go.id/dpma/2022/02/PERDA-NOMOR-4-TAHUN-2019-TTG-DESA-ADAT-DI-BALI.pdf
Manggis,"Kecamatan Manggis, Kabupaten Karangasem",,2019,https://cloud-ng.baliprov.go.id/dpma/2022/02/PERDA-NOMOR-4-TAHUN-2019-TTG-DESA-ADAT-DI-BALI.pdf
Apityeh,"Kecamatan Manggis, Kabupaten Karangasem",,2019,https://cloud-ng.baliprov.go.id/dpma/2022/02/PERDA-NOMOR-4-TAHUN-2019-TTG-DESA-ADAT-DI-BALI.pdf
Yehpoh,"Kecamatan Manggis, Kabupaten Karangasem",,2019,https://cloud-ng.baliprov.go.id/dpma/2022/02/PERDA-NOMOR-4-TAHUN-2019-TTG-DESA-ADAT-DI-BALI.pdf
Buitan,"Kecamatan Manggis, Kabupaten Karangasem",,2019,https://cloud-ng.baliprov.go.id/dpma/2022/02/PERDA-NOMOR-4-TAHUN-2019-TTG-DESA-ADAT-DI-BALI.pdf
Selumbung,"Kecamatan Manggis, Kabupaten Karangasem",,2019,https://cloud-ng.baliprov.go.id/dpma/2022/02/PERDA-NOMOR-4-TAHUN-2019-TTG-DESA-ADAT-DI-BALI.pdf
Bukit Catu,"Kecamatan Manggis, Kabupaten Karangasem",,2019,https://cloud-ng.baliprov.go.id/dpma/2022/02/PERDA-NOMOR-4-TAHUN-2019-TTG-DESA-ADAT-DI-BALI.pdf
Ngis,"Kecamatan Manggis, Kabupaten Karangasem",,2019,https://cloud-ng.baliprov.go.id/dpma/2022/02/PERDA-NOMOR-4-TAHUN-2019-TTG-DESA-ADAT-DI-BALI.pdf
Pekarangan,"Kecamatan Manggis, Kabupaten Karangasem",,2019,https://cloud-ng.baliprov.go.id/dpma/2022/02/PERDA-NOMOR-4-TAHUN-2019-TTG-DESA-ADAT-DI-BALI.pdf
Nyuh Tebel,"Kecamatan Manggis, Kabupaten Karangasem",,2019,https://cloud-ng.baliprov.go.id/dpma/2022/02/PERDA-NOMOR-4-TAHUN-2019-TTG-DESA-ADAT-DI-BALI.pdf
Tenganan Pegringsingan,"Kecamatan Manggis, Kabupaten Karangasem",,2019,https://cloud-ng.baliprov.go.id/dpma/2022/02/PERDA-NOMOR-4-TAHUN-2019-TTG-DESA-ADAT-DI-BALI.pdf
Tenganan Dauh Tukad,"Kecamatan Manggis, Kabupaten Karangasem",,2019,https://cloud-ng.baliprov.go.id/dpma/2022/02/PERDA-NOMOR-4-TAHUN-2019-TTG-DESA-ADAT-DI-BALI.pdf
Gumung,"Kecamatan Manggis, Kabupaten Karangasem",,2019,https://cloud-ng.baliprov.go.id/dpma/2022/02/PERDA-NOMOR-4-TAHUN-2019-TTG-DESA-ADAT-DI-BALI.pdf
Sengkidu,"Kecamatan Manggis, Kabupaten Karangasem",,2019,https://cloud-ng.baliprov.go.id/dpma/2022/02/PERDA-NOMOR-4-TAHUN-2019-TTG-DESA-ADAT-DI-BALI.pdf
Pasedahan,"Kecamatan Manggis, Kabupaten Karangasem",,2019,https://cloud-ng.baliprov.go.id/dpma/2022/02/PERDA-NOMOR-4-TAHUN-2019-TTG-DESA-ADAT-DI-BALI.pdf
Muncan,"Kecamatan Selat, Kabupaten Karangasem",,2019,https://cloud-ng.baliprov.go.id/dpma/2022/02/PERDA-NOMOR-4-TAHUN-2019-TTG-DESA-ADAT-DI-BALI.pdf
Yeha,"Kecamatan Selat, Kabupaten Karangasem",,2019,https://cloud-ng.baliprov.go.id/dpma/2022/02/PERDA-NOMOR-4-TAHUN-2019-TTG-DESA-ADAT-DI-BALI.pdf
Ancut,"Kecamatan Selat, Kabupaten Karangasem",,2019,https://cloud-ng.baliprov.go.id/dpma/2022/02/PERDA-NOMOR-4-TAHUN-2019-TTG-DESA-ADAT-DI-BALI.pdf
Pura,"Kecamatan Selat, Kabupaten Karangasem",,2019,https://cloud-ng.baliprov.go.id/dpma/2022/02/PERDA-NOMOR-4-TAHUN-2019-TTG-DESA-ADAT-DI-BALI.pdf
Lebih,"Kecamatan Selat, Kabupaten Karangasem",,2019,https://cloud-ng.baliprov.go.id/dpma/2022/02/PERDA-NOMOR-4-TAHUN-2019-TTG-DESA-ADAT-DI-BALI.pdf
Telung Buana,"Kecamatan Selat, Kabupaten Karangasem",,2019,https://cloud-ng.baliprov.go.id/dpma/2022/02/PERDA-NOMOR-4-TAHUN-2019-TTG-DESA-ADAT-DI-BALI.pdf
Badeg Tengah,"Kecamatan Selat, Kabupaten Karangasem",,2019,https://cloud-ng.baliprov.go.id/dpma/2022/02/PERDA-NOMOR-4-TAHUN-2019-TTG-DESA-ADAT-DI-BALI.pdf
Badeg Kelodan,"Kecamatan Selat, Kabupaten Karangasem",,2019,https://cloud-ng.baliprov.go.id/dpma/2022/02/PERDA-NOMOR-4-TAHUN-2019-TTG-DESA-ADAT-DI-BALI.pdf
Sogra,"Kecamatan Selat, Kabupaten Karangasem",,2019,https://cloud-ng.baliprov.go.id/dpma/2022/02/PERDA-NOMOR-4-TAHUN-2019-TTG-DESA-ADAT-DI-BALI.pdf
Sebudi,"Kecamatan Selat, Kabupaten Karangasem",,2019,https://cloud-ng.baliprov.go.id/dpma/2022/02/PERDA-NOMOR-4-TAHUN-2019-TTG-DESA-ADAT-DI-BALI.pdf
Bukit Galah,"Kecamatan Selat, Kabupaten Karangasem",,2019,https://cloud-ng.baliprov.go.id/dpma/2022/02/PERDA-NOMOR-4-TAHUN-2019-TTG-DESA-ADAT-DI-BALI.pdf
Sebun,"Kecamatan Selat, Kabupaten Karangasem",,2019,https://cloud-ng.baliprov.go.id/dpma/2022/02/PERDA-NOMOR-4-TAHUN-2019-TTG-DESA-ADAT-DI-BALI.pdf
Taman Darma,"Kecamatan Selat, Kabupaten Karangasem",,2019,https://cloud-ng.baliprov.go.id/dpma/2022/02/PERDA-NOMOR-4-TAHUN-2019-TTG-DESA-ADAT-DI-BALI.pdf
Padangaji,"Kecamatan Selat, Kabupaten Karangasem",,2019,https://cloud-ng.baliprov.go.id/dpma/2022/02/PERDA-NOMOR-4-TAHUN-2019-TTG-DESA-ADAT-DI-BALI.pdf
Umacetra,"Kecamatan Selat, Kabupaten Karangasem",,2019,https://cloud-ng.baliprov.go.id/dpma/2022/02/PERDA-NOMOR-4-TAHUN-2019-TTG-DESA-ADAT-DI-BALI.pdf
Sukaluwih,"Kecamatan Selat, Kabupaten Karangasem",,2019,https://cloud-ng.baliprov.go.id/dpma/2022/02/PERDA-NOMOR-4-TAHUN-2019-TTG-DESA-ADAT-DI-BALI.pdf
Tegeh,"Kecamatan Selat, Kabupaten Karangasem",,2019,https://cloud-ng.baliprov.go.id/dpma/2022/02/PERDA-NOMOR-4-TAHUN-2019-TTG-DESA-ADAT-DI-BALI.pdf
Presana,"Kecamatan Selat, Kabupaten Karangasem",,2019,https://cloud-ng.baliprov.go.id/dpma/2022/02/PERDA-NOMOR-4-TAHUN-2019-TTG-DESA-ADAT-DI-BALI.pdf
Selat,"Kecamatan Selat, Kabupaten Karangasem",,2019,https://cloud-ng.baliprov.go.id/dpma/2022/02/PERDA-NOMOR-4-TAHUN-2019-TTG-DESA-ADAT-DI-BALI.pdf
Santi,"Kecamatan Selat, Kabupaten Karangasem",,2019,https://cloud-ng.baliprov.go.id/dpma/2022/02/PERDA-NOMOR-4-TAHUN-2019-TTG-DESA-ADAT-DI-BALI.pdf
Duda,"Kecamatan Selat, Kabupaten Karangasem",,2019,https://cloud-ng.baliprov.go.id/dpma/2022/02/PERDA-NOMOR-4-TAHUN-2019-TTG-DESA-ADAT-DI-BALI.pdf
Padang Tunggal,"Kecamatan Selat, Kabupaten Karangasem",,2019,https://cloud-ng.baliprov.go.id/dpma/2022/02/PERDA-NOMOR-4-TAHUN-2019-TTG-DESA-ADAT-DI-BALI.pdf
Karangsari,"Kecamatan Selat, Kabupaten Karangasem",,2019,https://cloud-ng.baliprov.go.id/dpma/2022/02/PERDA-NOMOR-4-TAHUN-2019-TTG-DESA-ADAT-DI-BALI.pdf
Geriana Kangin,"Kecamatan Selat, Kabupaten Karangasem",,2019,https://cloud-ng.baliprov.go.id/dpma/2022/02/PERDA-NOMOR-4-TAHUN-2019-TTG-DESA-ADAT-DI-BALI.pdf
Geriana Kauh,"Kecamatan Selat, Kabupaten Karangasem",,2019,https://cloud-ng.baliprov.go.id/dpma/2022/02/PERDA-NOMOR-4-TAHUN-2019-TTG-DESA-ADAT-DI-BALI.pdf
Putung,"Kecamatan Selat, Kabupaten Karangasem",,2019,https://cloud-ng.baliprov.go.id/dpma/2022/02/PERDA-NOMOR-4-TAHUN-2019-TTG-DESA-ADAT-DI-BALI.pdf
Pateh,"Kecamatan Selat, Kabupaten Karangasem",,2019,https://cloud-ng.baliprov.go.id/dpma/2022/02/PERDA-NOMOR-4-TAHUN-2019-TTG-DESA-ADAT-DI-BALI.pdf
Buyan,"Kecamatan Rendang, Kabupaten Karangasem",,2019,https://cloud-ng.baliprov.go.id/dpma/2022/02/PERDA-NOMOR-4-TAHUN-2019-TTG-DESA-ADAT-DI-BALI.pdf
Menanga,"Kecamatan Rendang, Kabupaten Karangasem",,2019,https://cloud-ng.baliprov.go.id/dpma/2022/02/PERDA-NOMOR-4-TAHUN-2019-TTG-DESA-ADAT-DI-BALI.pdf
Suwukan,"Kecamatan Rendang, Kabupaten Karangasem",,2019,https://cloud-ng.baliprov.go.id/dpma/2022/02/PERDA-NOMOR-4-TAHUN-2019-TTG-DESA-ADAT-DI-BALI.pdf
Pejeng,"Kecamatan Rendang, Kabupaten Karangasem",,2019,https://cloud-ng.baliprov.go.id/dpma/2022/02/PERDA-NOMOR-4-TAHUN-2019-TTG-DESA-ADAT-DI-BALI.pdf
Tegenan,"Kecamatan Rendang, Kabupaten Karangasem",,2019,https://cloud-ng.baliprov.go.id/dpma/2022/02/PERDA-NOMOR-4-TAHUN-2019-TTG-DESA-ADAT-DI-BALI.pdf
Batusesa,"Kecamatan Rendang, Kabupaten Karangasem",,2019,https://cloud-ng.baliprov.go.id/dpma/2022/02/PERDA-NOMOR-4-TAHUN-2019-TTG-DESA-ADAT-DI-BALI.pdf
Buk Cabe,"Kecamatan Rendang, Kabupaten Karangasem",,2019,https://cloud-ng.baliprov.go.id/dpma/2022/02/PERDA-NOMOR-4-TAHUN-2019-TTG-DESA-ADAT-DI-BALI.pdf
Pempatan,"Kecamatan Rendang, Kabupaten Karangasem",,2019,https://cloud-ng.baliprov.go.id/dpma/2022/02/PERDA-NOMOR-4-TAHUN-2019-TTG-DESA-ADAT-DI-BALI.pdf
Pemuteran,"Kecamatan Rendang, Kabupaten Karangasem",,2019,https://cloud-ng.baliprov.go.id/dpma/2022/02/PERDA-NOMOR-4-TAHUN-2019-TTG-DESA-ADAT-DI-BALI.pdf
Putung,"Kecamatan Rendang, Kabupaten Karangasem",,2019,https://cloud-ng.baliprov.go.id/dpma/2022/02/PERDA-NOMOR-4-TAHUN-2019-TTG-DESA-ADAT-DI-BALI.pdf
Kubakal,"Kecamatan Rendang, Kabupaten Karangasem",,2019,https://cloud-ng.baliprov.go.id/dpma/2022/02/PERDA-NOMOR-4-TAHUN-2019-TTG-DESA-ADAT-DI-BALI.pdf
Alasngandang,"Kecamatan Rendang, Kabupaten Karangasem",,2019,https://cloud-ng.baliprov.go.id/dpma/2022/02/PERDA-NOMOR-4-TAHUN-2019-TTG-DESA-ADAT-DI-BALI.pdf
Waringin,"Kecamatan Rendang, Kabupaten Karangasem",,2019,https://cloud-ng.baliprov.go.id/dpma/2022/02/PERDA-NOMOR-4-TAHUN-2019-TTG-DESA-ADAT-DI-BALI.pdf
Geliang,"Kecamatan Rendang, Kabupaten Karangasem",,2019,https://cloud-ng.baliprov.go.id/dpma/2022/02/PERDA-NOMOR-4-TAHUN-2019-TTG-DESA-ADAT-DI-BALI.pdf
Pule,"Kecamatan Rendang, Kabupaten Karangasem",,2019,https://cloud-ng.baliprov.go.id/dpma/2022/02/PERDA-NOMOR-4-TAHUN-2019-TTG-DESA-ADAT-DI-BALI.pdf
Teges,"Kecamatan Rendang, Kabupaten Karangasem",,2019,https://cloud-ng.baliprov.go.id/dpma/2022/02/PERDA-NOMOR-4-TAHUN-2019-TTG-DESA-ADAT-DI-BALI.pdf
Besakih,"Kecamatan Rendang, Kabupaten Karangasem",,2019,https://cloud-ng.baliprov.go.id/dpma/2022/02/PERDA-NOMOR-4-TAHUN-2019-TTG-DESA-ADAT-DI-BALI.pdf
Kesimpar,"Kecamatan Rendang, Kabupaten Karangasem",,2019,https://cloud-ng.baliprov.go.id/dpma/2022/02/PERDA-NOMOR-4-TAHUN-2019-TTG-DESA-ADAT-DI-BALI.pdf
Temukus,"Kecamatan Rendang, Kabupaten Karangasem",,2019,https://cloud-ng.baliprov.go.id/dpma/2022/02/PERDA-NOMOR-4-TAHUN-2019-TTG-DESA-ADAT-DI-BALI.pdf
Tarib,"Kecamatan Rendang, Kabupaten Karangasem",,2019,https://cloud-ng.baliprov.go.id/dpma/2022/02/PERDA-NOMOR-4-TAHUN-2019-TTG-DESA-ADAT-DI-BALI.pdf
Tukad Belah,"Kecamatan Rendang, Kabupaten Karangasem",,2019,https://cloud-ng.baliprov.go.id/dpma/2022/02/PERDA-NOMOR-4-TAHUN-2019-TTG-DESA-ADAT-DI-BALI.pdf
Rendang,"Kecamatan Rendang, Kabupaten Karangasem",,2019,https://cloud-ng.baliprov.go.id/dpma/2022/02/PERDA-NOMOR-4-TAHUN-2019-TTG-DESA-ADAT-DI-BALI.pdf
Pedukuhan,"Kecamatan Rendang, Kabupaten Karangasem",,2019,https://cloud-ng.baliprov.go.id/dpma/2022/02/PERDA-NOMOR-4-TAHUN-2019-TTG-DESA-ADAT-DI-BALI.pdf
Nongan,"Kecamatan Rendang, Kabupaten Karangasem",,2019,https://cloud-ng.baliprov.go.id/dpma/2022/02/PERDA-NOMOR-4-TAHUN-2019-TTG-DESA-ADAT-DI-BALI.pdf
Segah,"Kecamatan Rendang, Kabupaten Karangasem",,2019,https://cloud-ng.baliprov.go.id/dpma/2022/02/PERDA-NOMOR-4-TAHUN-2019-TTG-DESA-ADAT-DI-BALI.pdf
Pesaban,"Kecamatan Rendang, Kabupaten Karangasem",,2019,https://cloud-ng.baliprov.go.id/dpma/2022/02/PERDA-NOMOR-4-TAHUN-2019-TTG-DESA-ADAT-DI-BALI.pdf
Iseh,"Kecamatan Sidemen, Kabupaten Karangasem",,2019,https://cloud-ng.baliprov.go.id/dpma/2022/02/PERDA-NOMOR-4-TAHUN-2019-TTG-DESA-ADAT-DI-BALI.pdf
Tebola,"Kecamatan Sidemen, Kabupaten Karangasem",,2019,https://cloud-ng.baliprov.go.id/dpma/2022/02/PERDA-NOMOR-4-TAHUN-2019-TTG-DESA-ADAT-DI-BALI.pdf
Kebung,"Kecamatan Sidemen, Kabupaten Karangasem",,2019,https://cloud-ng.baliprov.go.id/dpma/2022/02/PERDA-NOMOR-4-TAHUN-2019-TTG-DESA-ADAT-DI-BALI.pdf
Telun Wayah,"Kecamatan Sidemen, Kabupaten Karangasem",,2019,https://cloud-ng.baliprov.go.id/dpma/2022/02/PERDA-NOMOR-4-TAHUN-2019-TTG-DESA-ADAT-DI-BALI.pdf
Sukahet,"Kecamatan Sidemen, Kabupaten Karangasem",,2019,https://cloud-ng.baliprov.go.id/dpma/2022/02/PERDA-NOMOR-4-TAHUN-2019-TTG-DESA-ADAT-DI-BALI.pdf
Delod Yeh,"Kecamatan Sidemen, Kabupaten Karangasem",,2019,https://cloud-ng.baliprov.go.id/dpma/2022/02/PERDA-NOMOR-4-TAHUN-2019-TTG-DESA-ADAT-DI-BALI.pdf
Lebu,"Kecamatan Sidemen, Kabupaten Karangasem",,2019,https://cloud-ng.baliprov.go.id/dpma/2022/02/PERDA-NOMOR-4-TAHUN-2019-TTG-DESA-ADAT-DI-BALI.pdf
Toh Jiwa,"Kecamatan Sidemen, Kabupaten Karangasem",,2019,https://cloud-ng.baliprov.go.id/dpma/2022/02/PERDA-NOMOR-4-TAHUN-2019-TTG-DESA-ADAT-DI-BALI.pdf
Wangsean,"Kecamatan Sidemen, Kabupaten Karangasem",,2019,https://cloud-ng.baliprov.go.id/dpma/2022/02/PERDA-NOMOR-4-TAHUN-2019-TTG-DESA-ADAT-DI-BALI.pdf
Klungah,"Kecamatan Sidemen, Kabupaten Karangasem",,2019,https://cloud-ng.baliprov.go.id/dpma/2022/02/PERDA-NOMOR-4-TAHUN-2019-TTG-DESA-ADAT-DI-BALI.pdf
Tangkup Desa,"Kecamatan Sidemen, Kabupaten Karangasem",,2019,https://cloud-ng.baliprov.go.id/dpma/2022/02/PERDA-NOMOR-4-TAHUN-2019-TTG-DESA-ADAT-DI-BALI.pdf
Tangkup Anyar,"Kecamatan Sidemen, Kabupaten Karangasem",,2019,https://cloud-ng.baliprov.go.id/dpma/2022/02/PERDA-NOMOR-4-TAHUN-2019-TTG-DESA-ADAT-DI-BALI.pdf
Tabu,"Kecamatan Sidemen, Kabupaten Karangasem",,2019,https://cloud-ng.baliprov.go.id/dpma/2022/02/PERDA-NOMOR-4-TAHUN-2019-TTG-DESA-ADAT-DI-BALI.pdf
Sangkungan,"Kecamatan Sidemen, Kabupaten Karangasem",,2019,https://cloud-ng.baliprov.go.id/dpma/2022/02/PERDA-NOMOR-4-TAHUN-2019-TTG-DESA-ADAT-DI-BALI.pdf
Sangkan Gunung,"Kecamatan Sidemen, Kabupaten Karangasem",,2019,https://cloud-ng.baliprov.go.id/dpma/2022/02/PERDA-NOMOR-4-TAHUN-2019-TTG-DESA-ADAT-DI-BALI.pdf
Sanggem,"Kecamatan Sidemen, Kabupaten Karangasem",,2019,https://cloud-ng.baliprov.go.id/dpma/2022/02/PERDA-NOMOR-4-TAHUN-2019-TTG-DESA-ADAT-DI-BALI.pdf
Dukuh,"Kecamatan Sidemen, Kabupaten Karangasem",,2019,https://cloud-ng.baliprov.go.id/dpma/2022/02/PERDA-NOMOR-4-TAHUN-2019-TTG-DESA-ADAT-DI-BALI.pdf
Mijil,"Kecamatan Sidemen, Kabupaten Karangasem",,2019,https://cloud-ng.baliprov.go.id/dpma/2022/02/PERDA-NOMOR-4-TAHUN-2019-TTG-DESA-ADAT-DI-BALI.pdf
Ipah,"Kecamatan Sidemen, Kabupaten Karangasem",,2019,https://cloud-ng.baliprov.go.id/dpma/2022/02/PERDA-NOMOR-4-TAHUN-2019-TTG-DESA-ADAT-DI-BALI.pdf
Tohpati,"Kecamatan Banjarangkan, Kabupaten Klungkung",,2019,https://cloud-ng.baliprov.go.id/dpma/2022/02/PERDA-NOMOR-4-TAHUN-2019-TTG-DESA-ADAT-DI-BALI.pdf
Bungbungan,"Kecamatan Banjarangkan, Kabupaten Klungkung",,2019,https://cloud-ng.baliprov.go.id/dpma/2022/02/PERDA-NOMOR-4-TAHUN-2019-TTG-DESA-ADAT-DI-BALI.pdf
Jungut,"Kecamatan Banjarangkan, Kabupaten Klungkung",,2019,https://cloud-ng.baliprov.go.id/dpma/2022/02/PERDA-NOMOR-4-TAHUN-2019-TTG-DESA-ADAT-DI-BALI.pdf
Penarukan,"Kecamatan Banjarangkan, Kabupaten Klungkung",,2019,https://cloud-ng.baliprov.go.id/dpma/2022/02/PERDA-NOMOR-4-TAHUN-2019-TTG-DESA-ADAT-DI-BALI.pdf
Nyalian,"Kecamatan Banjarangkan, Kabupaten Klungkung",,2019,https://cloud-ng.baliprov.go.id/dpma/2022/02/PERDA-NOMOR-4-TAHUN-2019-TTG-DESA-ADAT-DI-BALI.pdf
Pemenang,"Kecamatan Banjarangkan, Kabupaten Klungkung",,2019,https://cloud-ng.baliprov.go.id/dpma/2022/02/PERDA-NOMOR-4-TAHUN-2019-TTG-DESA-ADAT-DI-BALI.pdf
Uma Anyar,"Kecamatan Banjarangkan, Kabupaten Klungkung",,2019,https://cloud-ng.baliprov.go.id/dpma/2022/02/PERDA-NOMOR-4-TAHUN-2019-TTG-DESA-ADAT-DI-BALI.pdf
Tegalwangi,"Kecamatan Banjarangkan, Kabupaten Klungkung",,2019,https://cloud-ng.baliprov.go.id/dpma/2022/02/PERDA-NOMOR-4-TAHUN-2019-TTG-DESA-ADAT-DI-BALI.pdf
Bakas,"Kecamatan Banjarangkan, Kabupaten Klungkung",,2019,https://cloud-ng.baliprov.go.id/dpma/2022/02/PERDA-NOMOR-4-TAHUN-2019-TTG-DESA-ADAT-DI-BALI.pdf
Tusan,"Kecamatan Banjarangkan, Kabupaten Klungkung",,2019,https://cloud-ng.baliprov.go.id/dpma/2022/02/PERDA-NOMOR-4-TAHUN-2019-TTG-DESA-ADAT-DI-BALI.pdf
Griya Budha,"Kecamatan Banjarangkan, Kabupaten Klungkung",,2019,https://cloud-ng.baliprov.go.id/dpma/2022/02/PERDA-NOMOR-4-TAHUN-2019-TTG-DESA-ADAT-DI-BALI.pdf
Sema Agung,"Kecamatan Banjarangkan, Kabupaten Klungkung",,2019,https://cloud-ng.baliprov.go.id/dpma/2022/02/PERDA-NOMOR-4-TAHUN-2019-TTG-DESA-ADAT-DI-BALI.pdf
Banjarangkan,"Kecamatan Banjarangkan, Kabupaten Klungkung",,2019,https://cloud-ng.baliprov.go.id/dpma/2022/02/PERDA-NOMOR-4-TAHUN-2019-TTG-DESA-ADAT-DI-BALI.pdf
Koripan Tengah,"Kecamatan Banjarangkan, Kabupaten Klungkung",,2019,https://cloud-ng.baliprov.go.id/dpma/2022/02/PERDA-NOMOR-4-TAHUN-2019-TTG-DESA-ADAT-DI-BALI.pdf
Negari,"Kecamatan Banjarangkan, Kabupaten Klungkung",,2019,https://cloud-ng.baliprov.go.id/dpma/2022/02/PERDA-NOMOR-4-TAHUN-2019-TTG-DESA-ADAT-DI-BALI.pdf
Sarimertha,"Kecamatan Banjarangkan, Kabupaten Klungkung",,2019,https://cloud-ng.baliprov.go.id/dpma/2022/02/PERDA-NOMOR-4-TAHUN-2019-TTG-DESA-ADAT-DI-BALI.pdf
Takmung,"Kecamatan Banjarangkan, Kabupaten Klungkung",,2019,https://cloud-ng.baliprov.go.id/dpma/2022/02/PERDA-NOMOR-4-TAHUN-2019-TTG-DESA-ADAT-DI-BALI.pdf
Sidayu Tojan,"Kecamatan Banjarangkan, Kabupaten Klungkung",,2019,https://cloud-ng.baliprov.go.id/dpma/2022/02/PERDA-NOMOR-4-TAHUN-2019-TTG-DESA-ADAT-DI-BALI.pdf
Sidayu Nyuhaya,"Kecamatan Banjarangkan, Kabupaten Klungkung",,2019,https://cloud-ng.baliprov.go.id/dpma/2022/02/PERDA-NOMOR-4-TAHUN-2019-TTG-DESA-ADAT-DI-BALI.pdf
Umesalakan,"Kecamatan Banjarangkan, Kabupaten Klungkung",,2019,https://cloud-ng.baliprov.go.id/dpma/2022/02/PERDA-NOMOR-4-TAHUN-2019-TTG-DESA-ADAT-DI-BALI.pdf
Lepang,"Kecamatan Banjarangkan, Kabupaten Klungkung",,2019,https://cloud-ng.baliprov.go.id/dpma/2022/02/PERDA-NOMOR-4-TAHUN-2019-TTG-DESA-ADAT-DI-BALI.pdf
Banda,"Kecamatan Banjarangkan, Kabupaten Klungkung",,2019,https://cloud-ng.baliprov.go.id/dpma/2022/02/PERDA-NOMOR-4-TAHUN-2019-TTG-DESA-ADAT-DI-BALI.pdf
Tihingan,"Kecamatan Banjarangkan, Kabupaten Klungkung",,2019,https://cloud-ng.baliprov.go.id/dpma/2022/02/PERDA-NOMOR-4-TAHUN-2019-TTG-DESA-ADAT-DI-BALI.pdf
Penasan,"Kecamatan Banjarangkan, Kabupaten Klungkung",,2019,https://cloud-ng.baliprov.go.id/dpma/2022/02/PERDA-NOMOR-4-TAHUN-2019-TTG-DESA-ADAT-DI-BALI.pdf
Pau,"Kecamatan Banjarangkan, Kabupaten Klungkung",,2019,https://cloud-ng.baliprov.go.id/dpma/2022/02/PERDA-NOMOR-4-TAHUN-2019-TTG-DESA-ADAT-DI-BALI.pdf
Getakan,"Kecamatan Banjarangkan, Kabupaten Klungkung",,2019,https://cloud-ng.baliprov.go.id/dpma/2022/02/PERDA-NOMOR-4-TAHUN-2019-TTG-DESA-ADAT-DI-BALI.pdf
Anjingan,"Kecamatan Banjarangkan, Kabupaten Klungkung",,2019,https://cloud-ng.baliprov.go.id/dpma/2022/02/PERDA-NOMOR-4-TAHUN-2019-TTG-DESA-ADAT-DI-BALI.pdf
Aan,"Kecamatan Banjarangkan, Kabupaten Klungkung",,2019,https://cloud-ng.baliprov.go.id/dpma/2022/02/PERDA-NOMOR-4-TAHUN-2019-TTG-DESA-ADAT-DI-BALI.pdf
Sengkiding,"Kecamatan Banjarangkan, Kabupaten Klungkung",,2019,https://cloud-ng.baliprov.go.id/dpma/2022/02/PERDA-NOMOR-4-TAHUN-2019-TTG-DESA-ADAT-DI-BALI.pdf
Timuhun,"Kecamatan Banjarangkan, Kabupaten Klungkung",,2019,https://cloud-ng.baliprov.go.id/dpma/2022/02/PERDA-NOMOR-4-TAHUN-2019-TTG-DESA-ADAT-DI-BALI.pdf
Nyanglan,"Kecamatan Banjarangkan, Kabupaten Klungkung",,2019,https://cloud-ng.baliprov.go.id/dpma/2022/02/PERDA-NOMOR-4-TAHUN-2019-TTG-DESA-ADAT-DI-BALI.pdf
Selisihan,"Kecamatan Klungkung, Kabupaten Klungkung",,2019,https://cloud-ng.baliprov.go.id/dpma/2022/02/PERDA-NOMOR-4-TAHUN-2019-TTG-DESA-ADAT-DI-BALI.pdf
Apet,"Kecamatan Klungkung, Kabupaten Klungkung",,2019,https://cloud-ng.baliprov.go.id/dpma/2022/02/PERDA-NOMOR-4-TAHUN-2019-TTG-DESA-ADAT-DI-BALI.pdf
Tabu Banjaraan,"Kecamatan Klungkung, Kabupaten Klungkung",,2019,https://cloud-ng.baliprov.go.id/dpma/2022/02/PERDA-NOMOR-4-TAHUN-2019-TTG-DESA-ADAT-DI-BALI.pdf
Cucukan,"Kecamatan Klungkung, Kabupaten Klungkung",,2019,https://cloud-ng.baliprov.go.id/dpma/2022/02/PERDA-NOMOR-4-TAHUN-2019-TTG-DESA-ADAT-DI-BALI.pdf
Gambalan,"Kecamatan Klungkung, Kabupaten Klungkung",,2019,https://cloud-ng.baliprov.go.id/dpma/2022/02/PERDA-NOMOR-4-TAHUN-2019-TTG-DESA-ADAT-DI-BALI.pdf
Payungan,"Kecamatan Klungkung, Kabupaten Klungkung",,2019,https://cloud-ng.baliprov.go.id/dpma/2022/02/PERDA-NOMOR-4-TAHUN-2019-TTG-DESA-ADAT-DI-BALI.pdf
Takedan,"Kecamatan Klungkung, Kabupaten Klungkung",,2019,https://cloud-ng.baliprov.go.id/dpma/2022/02/PERDA-NOMOR-4-TAHUN-2019-TTG-DESA-ADAT-DI-BALI.pdf
Selat,"Kecamatan Klungkung, Kabupaten Klungkung",,2019,https://cloud-ng.baliprov.go.id/dpma/2022/02/PERDA-NOMOR-4-TAHUN-2019-TTG-DESA-ADAT-DI-BALI.pdf
Jumpai,"Kecamatan Klungkung, Kabupaten Klungkung",,2019,https://cloud-ng.baliprov.go.id/dpma/2022/02/PERDA-NOMOR-4-TAHUN-2019-TTG-DESA-ADAT-DI-BALI.pdf
Akah,"Kecamatan Klungkung, Kabupaten Klungkung",,2019,https://cloud-ng.baliprov.go.id/dpma/2022/02/PERDA-NOMOR-4-TAHUN-2019-TTG-DESA-ADAT-DI-BALI.pdf
Manduang,"Kecamatan Klungkung, Kabupaten Klungkung",,2019,https://cloud-ng.baliprov.go.id/dpma/2022/02/PERDA-NOMOR-4-TAHUN-2019-TTG-DESA-ADAT-DI-BALI.pdf
Tegak,"Kecamatan Klungkung, Kabupaten Klungkung",,2019,https://cloud-ng.baliprov.go.id/dpma/2022/02/PERDA-NOMOR-4-TAHUN-2019-TTG-DESA-ADAT-DI-BALI.pdf
Bajing,"Kecamatan Klungkung, Kabupaten Klungkung",,2019,https://cloud-ng.baliprov.go.id/dpma/2022/02/PERDA-NOMOR-4-TAHUN-2019-TTG-DESA-ADAT-DI-BALI.pdf
Tulang Nyuh,"Kecamatan Klungkung, Kabupaten Klungkung",,2019,https://cloud-ng.baliprov.go.id/dpma/2022/02/PERDA-NOMOR-4-TAHUN-2019-TTG-DESA-ADAT-DI-BALI.pdf
Satra,"Kecamatan Klungkung, Kabupaten Klungkung",,2019,https://cloud-ng.baliprov.go.id/dpma/2022/02/PERDA-NOMOR-4-TAHUN-2019-TTG-DESA-ADAT-DI-BALI.pdf
Tangkas,"Kecamatan Klungkung, Kabupaten Klungkung",,2019,https://cloud-ng.baliprov.go.id/dpma/2022/02/PERDA-NOMOR-4-TAHUN-2019-TTG-DESA-ADAT-DI-BALI.pdf
Gelgel,"Kecamatan Klungkung, Kabupaten Klungkung",,2019,https://cloud-ng.baliprov.go.id/dpma/2022/02/PERDA-NOMOR-4-TAHUN-2019-TTG-DESA-ADAT-DI-BALI.pdf
Sangkanbuana,"Kecamatan Klungkung, Kabupaten Klungkung",,2019,https://cloud-ng.baliprov.go.id/dpma/2022/02/PERDA-NOMOR-4-TAHUN-2019-TTG-DESA-ADAT-DI-BALI.pdf
Budaga,"Kecamatan Klungkung, Kabupaten Klungkung",,2019,https://cloud-ng.baliprov.go.id/dpma/2022/02/PERDA-NOMOR-4-TAHUN-2019-TTG-DESA-ADAT-DI-BALI.pdf
Kemoning,"Kecamatan Klungkung, Kabupaten Klungkung",,2019,https://cloud-ng.baliprov.go.id/dpma/2022/02/PERDA-NOMOR-4-TAHUN-2019-TTG-DESA-ADAT-DI-BALI.pdf
Besang Kangin,"Kecamatan Klungkung, Kabupaten Klungkung",,2019,https://cloud-ng.baliprov.go.id/dpma/2022/02/PERDA-NOMOR-4-TAHUN-2019-TTG-DESA-ADAT-DI-BALI.pdf
Besang Kawan Tohjiwa,"Kecamatan Klungkung, Kabupaten Klungkung",,2019,https://cloud-ng.baliprov.go.id/dpma/2022/02/PERDA-NOMOR-4-TAHUN-2019-TTG-DESA-ADAT-DI-BALI.pdf
Semarapura,"Kecamatan Klungkung, Kabupaten Klungkung",,2019,https://cloud-ng.baliprov.go.id/dpma/2022/02/PERDA-NOMOR-4-TAHUN-2019-TTG-DESA-ADAT-DI-BALI.pdf
Besan,"Kecamatan Dawan, Kabupaten Klungkung",,2019,https://cloud-ng.baliprov.go.id/dpma/2022/02/PERDA-NOMOR-4-TAHUN-2019-TTG-DESA-ADAT-DI-BALI.pdf
Dawan,"Kecamatan Dawan, Kabupaten Klungkung",,2019,https://cloud-ng.baliprov.go.id/dpma/2022/02/PERDA-NOMOR-4-TAHUN-2019-TTG-DESA-ADAT-DI-BALI.pdf
Gelogor,"Kecamatan Dawan, Kabupaten Klungkung",,2019,https://cloud-ng.baliprov.go.id/dpma/2022/02/PERDA-NOMOR-4-TAHUN-2019-TTG-DESA-ADAT-DI-BALI.pdf
Pikat,"Kecamatan Dawan, Kabupaten Klungkung",,2019,https://cloud-ng.baliprov.go.id/dpma/2022/02/PERDA-NOMOR-4-TAHUN-2019-TTG-DESA-ADAT-DI-BALI.pdf
Pangi,"Kecamatan Dawan, Kabupaten Klungkung",,2019,https://cloud-ng.baliprov.go.id/dpma/2022/02/PERDA-NOMOR-4-TAHUN-2019-TTG-DESA-ADAT-DI-BALI.pdf
Pesinggahan,"Kecamatan Dawan, Kabupaten Klungkung",,2019,https://cloud-ng.baliprov.go.id/dpma/2022/02/PERDA-NOMOR-4-TAHUN-2019-TTG-DESA-ADAT-DI-BALI.pdf
Punduk Dawa,"Kecamatan Dawan, Kabupaten Klungkung",,2019,https://cloud-ng.baliprov.go.id/dpma/2022/02/PERDA-NOMOR-4-TAHUN-2019-TTG-DESA-ADAT-DI-BALI.pdf
Gunaksa,"Kecamatan Dawan, Kabupaten Klungkung",,2019,https://cloud-ng.baliprov.go.id/dpma/2022/02/PERDA-NOMOR-4-TAHUN-2019-TTG-DESA-ADAT-DI-BALI.pdf
Sulang,"Kecamatan Dawan, Kabupaten Klungkung",,2019,https://cloud-ng.baliprov.go.id/dpma/2022/02/PERDA-NOMOR-4-TAHUN-2019-TTG-DESA-ADAT-DI-BALI.pdf
Mincidan,"Kecamatan Dawan, Kabupaten Klungkung",,2019,https://cloud-ng.baliprov.go.id/dpma/2022/02/PERDA-NOMOR-4-TAHUN-2019-TTG-DESA-ADAT-DI-BALI.pdf
Gerombong,"Kecamatan Dawan, Kabupaten Klungkung",,2019,https://cloud-ng.baliprov.go.id/dpma/2022/02/PERDA-NOMOR-4-TAHUN-2019-TTG-DESA-ADAT-DI-BALI.pdf
Tribuana,"Kecamatan Dawan, Kabupaten Klungkung",,2019,https://cloud-ng.baliprov.go.id/dpma/2022/02/PERDA-NOMOR-4-TAHUN-2019-TTG-DESA-ADAT-DI-BALI.pdf
Bias,"Kecamatan Dawan, Kabupaten Klungkung",,2019,https://cloud-ng.baliprov.go.id/dpma/2022/02/PERDA-NOMOR-4-TAHUN-2019-TTG-DESA-ADAT-DI-BALI.pdf
Pancingan,"Kecamatan Dawan, Kabupaten Klungkung",,2019,https://cloud-ng.baliprov.go.id/dpma/2022/02/PERDA-NOMOR-4-TAHUN-2019-TTG-DESA-ADAT-DI-BALI.pdf
Kusamba,"Kecamatan Dawan, Kabupaten Klungkung",,2019,https://cloud-ng.baliprov.go.id/dpma/2022/02/PERDA-NOMOR-4-TAHUN-2019-TTG-DESA-ADAT-DI-BALI.pdf
Karangdadi,"Kecamatan Dawan, Kabupaten Klungkung",,2019,https://cloud-ng.baliprov.go.id/dpma/2022/02/PERDA-NOMOR-4-TAHUN-2019-TTG-DESA-ADAT-DI-BALI.pdf
Pasurungan,"Kecamatan Dawan, Kabupaten Klungkung",,2019,https://cloud-ng.baliprov.go.id/dpma/2022/02/PERDA-NOMOR-4-TAHUN-2019-TTG-DESA-ADAT-DI-BALI.pdf
Pande,"Kecamatan Dawan, Kabupaten Klungkung",,2019,https://cloud-ng.baliprov.go.id/dpma/2022/02/PERDA-NOMOR-4-TAHUN-2019-TTG-DESA-ADAT-DI-BALI.pdf
Sangging,"Kecamatan Dawan, Kabupaten Klungkung",,2019,https://cloud-ng.baliprov.go.id/dpma/2022/02/PERDA-NOMOR-4-TAHUN-2019-TTG-DESA-ADAT-DI-BALI.pdf
Sampalan,"Kecamatan Dawan, Kabupaten Klungkung",,2019,https://cloud-ng.baliprov.go.id/dpma/2022/02/PERDA-NOMOR-4-TAHUN-2019-TTG-DESA-ADAT-DI-BALI.pdf
Sekartaji,"Kecamatan Nusa Penida, Kabupaten Klungkung",,2019,https://cloud-ng.baliprov.go.id/dpma/2022/02/PERDA-NOMOR-4-TAHUN-2019-TTG-DESA-ADAT-DI-BALI.pdf
Kertha Parisudha,"Kecamatan Nusa Penida, Kabupaten Klungkung",,2019,https://cloud-ng.baliprov.go.id/dpma/2022/02/PERDA-NOMOR-4-TAHUN-2019-TTG-DESA-ADAT-DI-BALI.pdf
Tri Wahama Eka Winangun,"Kecamatan Nusa Penida, Kabupaten Klungkung",,2019,https://cloud-ng.baliprov.go.id/dpma/2022/02/PERDA-NOMOR-4-TAHUN-2019-TTG-DESA-ADAT-DI-BALI.pdf
Mastulan,"Kecamatan Nusa Penida, Kabupaten Klungkung",,2019,https://cloud-ng.baliprov.go.id/dpma/2022/02/PERDA-NOMOR-4-TAHUN-2019-TTG-DESA-ADAT-DI-BALI.pdf
Panca Buana Santi,"Kecamatan Nusa Penida, Kabupaten Klungkung",,2019,https://cloud-ng.baliprov.go.id/dpma/2022/02/PERDA-NOMOR-4-TAHUN-2019-TTG-DESA-ADAT-DI-BALI.pdf
Tri Wana Giri Mandala,"Kecamatan Nusa Penida, Kabupaten Klungkung",,2019,https://cloud-ng.baliprov.go.id/dpma/2022/02/PERDA-NOMOR-4-TAHUN-2019-TTG-DESA-ADAT-DI-BALI.pdf
Ped,"Kecamatan Nusa Penida, Kabupaten Klungkung",,2019,https://cloud-ng.baliprov.go.id/dpma/2022/02/PERDA-NOMOR-4-TAHUN-2019-TTG-DESA-ADAT-DI-BALI.pdf
Nyuh Kukuh,"Kecamatan Nusa Penida, Kabupaten Klungkung",,2019,https://cloud-ng.baliprov.go.id/dpma/2022/02/PERDA-NOMOR-4-TAHUN-2019-TTG-DESA-ADAT-DI-BALI.pdf
Biaung,"Kecamatan Nusa Penida, Kabupaten Klungkung",,2019,https://cloud-ng.baliprov.go.id/dpma/2022/02/PERDA-NOMOR-4-TAHUN-2019-TTG-DESA-ADAT-DI-BALI.pdf
Sakti,"Kecamatan Nusa Penida, Kabupaten Klungkung",,2019,https://cloud-ng.baliprov.go.id/dpma/2022/02/PERDA-NOMOR-4-TAHUN-2019-TTG-DESA-ADAT-DI-BALI.pdf
Sebunibus,"Kecamatan Nusa Penida, Kabupaten Klungkung",,2019,https://cloud-ng.baliprov.go.id/dpma/2022/02/PERDA-NOMOR-4-TAHUN-2019-TTG-DESA-ADAT-DI-BALI.pdf
Batu Madeg,"Kecamatan Nusa Penida, Kabupaten Klungkung",,2019,https://cloud-ng.baliprov.go.id/dpma/2022/02/PERDA-NOMOR-4-TAHUN-2019-TTG-DESA-ADAT-DI-BALI.pdf
Penutuk,"Kecamatan Nusa Penida, Kabupaten Klungkung",,2019,https://cloud-ng.baliprov.go.id/dpma/2022/02/PERDA-NOMOR-4-TAHUN-2019-TTG-DESA-ADAT-DI-BALI.pdf
Mujaning Tembeling,"Kecamatan Nusa Penida, Kabupaten Klungkung",,2019,https://cloud-ng.baliprov.go.id/dpma/2022/02/PERDA-NOMOR-4-TAHUN-2019-TTG-DESA-ADAT-DI-BALI.pdf
Tri Buana Sekar Sari,"Kecamatan Nusa Penida, Kabupaten Klungkung",,2019,https://cloud-ng.baliprov.go.id/dpma/2022/02/PERDA-NOMOR-4-TAHUN-2019-TTG-DESA-ADAT-DI-BALI.pdf
Klumpu,"Kecamatan Nusa Penida, Kabupaten Klungkung",,2019,https://cloud-ng.baliprov.go.id/dpma/2022/02/PERDA-NOMOR-4-TAHUN-2019-TTG-DESA-ADAT-DI-BALI.pdf
Panca Mekar Sari,"Kecamatan Nusa Penida, Kabupaten Klungkung",,2019,https://cloud-ng.baliprov.go.id/dpma/2022/02/PERDA-NOMOR-4-TAHUN-2019-TTG-DESA-ADAT-DI-BALI.pdf
Panca Madala Gita,"Kecamatan Nusa Penida, Kabupaten Klungkung",,2019,https://cloud-ng.baliprov.go.id/dpma/2022/02/PERDA-NOMOR-4-TAHUN-2019-TTG-DESA-ADAT-DI-BALI.pdf
Sekar Pandan,"Kecamatan Nusa Penida, Kabupaten Klungkung",,2019,https://cloud-ng.baliprov.go.id/dpma/2022/02/PERDA-NOMOR-4-TAHUN-2019-TTG-DESA-ADAT-DI-BALI.pdf
Batukandik,"Kecamatan Nusa Penida, Kabupaten Klungkung",,2019,https://cloud-ng.baliprov.go.id/dpma/2022/02/PERDA-NOMOR-4-TAHUN-2019-TTG-DESA-ADAT-DI-BALI.pdf
Tri Wahana Dharma,"Kecamatan Nusa Penida, Kabupaten Klungkung",,2019,https://cloud-ng.baliprov.go.id/dpma/2022/02/PERDA-NOMOR-4-TAHUN-2019-TTG-DESA-ADAT-DI-BALI.pdf
Kertha Buwana,"Kecamatan Nusa Penida, Kabupaten Klungkung",,2019,https://cloud-ng.baliprov.go.id/dpma/2022/02/PERDA-NOMOR-4-TAHUN-2019-TTG-DESA-ADAT-DI-BALI.pdf
Batununggul,"Kecamatan Nusa Penida, Kabupaten Klungkung",,2019,https://cloud-ng.baliprov.go.id/dpma/2022/02/PERDA-NOMOR-4-TAHUN-2019-TTG-DESA-ADAT-DI-BALI.pdf
Batumulapan,"Kecamatan Nusa Penida, Kabupaten Klungkung",,2019,https://cloud-ng.baliprov.go.id/dpma/2022/02/PERDA-NOMOR-4-TAHUN-2019-TTG-DESA-ADAT-DI-BALI.pdf
Kutapang,"Kecamatan Nusa Penida, Kabupaten Klungkung",,2019,https://cloud-ng.baliprov.go.id/dpma/2022/02/PERDA-NOMOR-4-TAHUN-2019-TTG-DESA-ADAT-DI-BALI.pdf
Tanglad,"Kecamatan Nusa Penida, Kabupaten Klungkung",,2019,https://cloud-ng.baliprov.go.id/dpma/2022/02/PERDA-NOMOR-4-TAHUN-2019-TTG-DESA-ADAT-DI-BALI.pdf
Anta,"Kecamatan Nusa Penida, Kabupaten Klungkung",,2019,https://cloud-ng.baliprov.go.id/dpma/2022/02/PERDA-NOMOR-4-TAHUN-2019-TTG-DESA-ADAT-DI-BALI.pdf
Wates,"Kecamatan Nusa Penida, Kabupaten Klungkung",,2019,https://cloud-ng.baliprov.go.id/dpma/2022/02/PERDA-NOMOR-4-TAHUN-2019-TTG-DESA-ADAT-DI-BALI.pdf
Gepuh,"Kecamatan Nusa Penida, Kabupaten Klungkung",,2019,https://cloud-ng.baliprov.go.id/dpma/2022/02/PERDA-NOMOR-4-TAHUN-2019-TTG-DESA-ADAT-DI-BALI.pdf
Suana,"Kecamatan Nusa Penida, Kabupaten Klungkung",,2019,https://cloud-ng.baliprov.go.id/dpma/2022/02/PERDA-NOMOR-4-TAHUN-2019-TTG-DESA-ADAT-DI-BALI.pdf
Karangsari,"Kecamatan Nusa Penida, Kabupaten Klungkung",,2019,https://cloud-ng.baliprov.go.id/dpma/2022/02/PERDA-NOMOR-4-TAHUN-2019-TTG-DESA-ADAT-DI-BALI.pdf
Semaya,"Kecamatan Nusa Penida, Kabupaten Klungkung",,2019,https://cloud-ng.baliprov.go.id/dpma/2022/02/PERDA-NOMOR-4-TAHUN-2019-TTG-DESA-ADAT-DI-BALI.pdf
Kelemahan,"Kecamatan Nusa Penida, Kabupaten Klungkung",,2019,https://cloud-ng.baliprov.go.id/dpma/2022/02/PERDA-NOMOR-4-TAHUN-2019-TTG-DESA-ADAT-DI-BALI.pdf
Jungutbatu,"Kecamatan Nusa Penida, Kabupaten Klungkung",,2019,https://cloud-ng.baliprov.go.id/dpma/2022/02/PERDA-NOMOR-4-TAHUN-2019-TTG-DESA-ADAT-DI-BALI.pdf
Lembongan,"Kecamatan Nusa Penida, Kabupaten Klungkung",,2019,https://cloud-ng.baliprov.go.id/dpma/2022/02/PERDA-NOMOR-4-TAHUN-2019-TTG-DESA-ADAT-DI-BALI.pdf
Sandhi Bhuana,"Kecamatan Nusa Penida, Kabupaten Klungkung",,2019,https://cloud-ng.baliprov.go.id/dpma/2022/02/PERDA-NOMOR-4-TAHUN-2019-TTG-DESA-ADAT-DI-BALI.pdf
Kutampi,"Kecamatan Nusa Penida, Kabupaten Klungkung",,2019,https://cloud-ng.baliprov.go.id/dpma/2022/02/PERDA-NOMOR-4-TAHUN-2019-TTG-DESA-ADAT-DI-BALI.pdf
Limo,"Kecamatan Nusa Penida, Kabupaten Klungkung",,2019,https://cloud-ng.baliprov.go.id/dpma/2022/02/PERDA-NOMOR-4-TAHUN-2019-TTG-DESA-ADAT-DI-BALI.pdf
Bunga Mekar,"Kecamatan Nusa Penida, Kabupaten Klungkung",,2019,https://cloud-ng.baliprov.go.id/dpma/2022/02/PERDA-NOMOR-4-TAHUN-2019-TTG-DESA-ADAT-DI-BALI.pdf
Sebuluh,"Kecamatan Nusa Penida, Kabupaten Klungkung",,2019,https://cloud-ng.baliprov.go.id/dpma/2022/02/PERDA-NOMOR-4-TAHUN-2019-TTG-DESA-ADAT-DI-BALI.pdf
Pundukaha Kaja,"Kecamatan Nusa Penida, Kabupaten Klungkung",,2019,https://cloud-ng.baliprov.go.id/dpma/2022/02/PERDA-NOMOR-4-TAHUN-2019-TTG-DESA-ADAT-DI-BALI.pdf
Sompang,"Kecamatan Nusa Penida, Kabupaten Klungkung",,2019,https://cloud-ng.baliprov.go.id/dpma/2022/02/PERDA-NOMOR-4-TAHUN-2019-TTG-DESA-ADAT-DI-BALI.pdf
Dwi Kukuh Lestari,"Kecamatan Nusa Penida, Kabupaten Klungkung",,2019,https://cloud-ng.baliprov.go.id/dpma/2022/02/PERDA-NOMOR-4-TAHUN-2019-TTG-DESA-ADAT-DI-BALI.pdf
Pejukutan,"Kecamatan Nusa Penida, Kabupaten Klungkung",,2019,https://cloud-ng.baliprov.go.id/dpma/2022/02/PERDA-NOMOR-4-TAHUN-2019-TTG-DESA-ADAT-DI-BALI.pdf
Pelilit,"Kecamatan Nusa Penida, Kabupaten Klungkung",,2019,https://cloud-ng.baliprov.go.id/dpma/2022/02/PERDA-NOMOR-4-TAHUN-2019-TTG-DESA-ADAT-DI-BALI.pdf
Karang,"Kecamatan Nusa Penida, Kabupaten Klungkung",,2019,https://cloud-ng.baliprov.go.id/dpma/2022/02/PERDA-NOMOR-4-TAHUN-2019-TTG-DESA-ADAT-DI-BALI.pdf
Ampel,"Kecamatan Nusa Penida, Kabupaten Klungkung",,2019,https://cloud-ng.baliprov.go.id/dpma/2022/02/PERDA-NOMOR-4-TAHUN-2019-TTG-DESA-ADAT-DI-BALI.pdf
Panca Sakti,"Kecamatan Nusa Penida, Kabupaten Klungkung",,2019,https://cloud-ng.baliprov.go.id/dpma/2022/02/PERDA-NOMOR-4-TAHUN-2019-TTG-DESA-ADAT-DI-BALI.pdf
Kedua,"Kecamatan Denpasar Utara, Kota Denpasar",,2019,https://cloud-ng.baliprov.go.id/dpma/2022/02/PERDA-NOMOR-4-TAHUN-2019-TTG-DESA-ADAT-DI-BALI.pdf
Peninjoan,"Kecamatan Denpasar Utara, Kota Denpasar",,2019,https://cloud-ng.baliprov.go.id/dpma/2022/02/PERDA-NOMOR-4-TAHUN-2019-TTG-DESA-ADAT-DI-BALI.pdf
Cengkilung,"Kecamatan Denpasar Utara, Kota Denpasar",,2019,https://cloud-ng.baliprov.go.id/dpma/2022/02/PERDA-NOMOR-4-TAHUN-2019-TTG-DESA-ADAT-DI-BALI.pdf
Jenah,"Kecamatan Denpasar Utara, Kota Denpasar",,2019,https://cloud-ng.baliprov.go.id/dpma/2022/02/PERDA-NOMOR-4-TAHUN-2019-TTG-DESA-ADAT-DI-BALI.pdf
Peraupan,"Kecamatan Denpasar Utara, Kota Denpasar",,2019,https://cloud-ng.baliprov.go.id/dpma/2022/02/PERDA-NOMOR-4-TAHUN-2019-TTG-DESA-ADAT-DI-BALI.pdf
Pohgading,"Kecamatan Denpasar Utara, Kota Denpasar",,2019,https://cloud-ng.baliprov.go.id/dpma/2022/02/PERDA-NOMOR-4-TAHUN-2019-TTG-DESA-ADAT-DI-BALI.pdf
Peguyangan,"Kecamatan Denpasar Utara, Kota Denpasar",,2019,https://cloud-ng.baliprov.go.id/dpma/2022/02/PERDA-NOMOR-4-TAHUN-2019-TTG-DESA-ADAT-DI-BALI.pdf
Tonja,"Kecamatan Denpasar Utara, Kota Denpasar",,2019,https://cloud-ng.baliprov.go.id/dpma/2022/02/PERDA-NOMOR-4-TAHUN-2019-TTG-DESA-ADAT-DI-BALI.pdf
Oongan,"Kecamatan Denpasar Utara, Kota Denpasar",,2019,https://cloud-ng.baliprov.go.id/dpma/2022/02/PERDA-NOMOR-4-TAHUN-2019-TTG-DESA-ADAT-DI-BALI.pdf
Ubung,"Kecamatan Denpasar Utara, Kota Denpasar",,2019,https://cloud-ng.baliprov.go.id/dpma/2022/02/PERDA-NOMOR-4-TAHUN-2019-TTG-DESA-ADAT-DI-BALI.pdf
Taman Pohmanis,"Kecamatan Denpasar Timur, Kota Denpasar",,2019,https://cloud-ng.baliprov.go.id/dpma/2022/02/PERDA-NOMOR-4-TAHUN-2019-TTG-DESA-ADAT-DI-BALI.pdf
Laplap,"Kecamatan Denpasar Timur, Kota Denpasar",,2019,https://cloud-ng.baliprov.go.id/dpma/2022/02/PERDA-NOMOR-4-TAHUN-2019-TTG-DESA-ADAT-DI-BALI.pdf
Bekul,"Kecamatan Denpasar Timur, Kota Denpasar",,2019,https://cloud-ng.baliprov.go.id/dpma/2022/02/PERDA-NOMOR-4-TAHUN-2019-TTG-DESA-ADAT-DI-BALI.pdf
Yangbatu,"Kecamatan Denpasar Timur, Kota Denpasar",,2019,https://cloud-ng.baliprov.go.id/dpma/2022/02/PERDA-NOMOR-4-TAHUN-2019-TTG-DESA-ADAT-DI-BALI.pdf
Pagan,"Kecamatan Denpasar Timur, Kota Denpasar",,2019,https://cloud-ng.baliprov.go.id/dpma/2022/02/PERDA-NOMOR-4-TAHUN-2019-TTG-DESA-ADAT-DI-BALI.pdf
Tanjung Bungkak,"Kecamatan Denpasar Timur, Kota Denpasar",,2019,https://cloud-ng.baliprov.go.id/dpma/2022/02/PERDA-NOMOR-4-TAHUN-2019-TTG-DESA-ADAT-DI-BALI.pdf
Kesiman,"Kecamatan Denpasar Timur, Kota Denpasar",,2019,https://cloud-ng.baliprov.go.id/dpma/2022/02/PERDA-NOMOR-4-TAHUN-2019-TTG-DESA-ADAT-DI-BALI.pdf
Penatih,"Kecamatan Denpasar Timur, Kota Denpasar",,2019,https://cloud-ng.baliprov.go.id/dpma/2022/02/PERDA-NOMOR-4-TAHUN-2019-TTG-DESA-ADAT-DI-BALI.pdf
Penatih Puri,"Kecamatan Denpasar Timur, Kota Denpasar",,2019,https://cloud-ng.baliprov.go.id/dpma/2022/02/PERDA-NOMOR-4-TAHUN-2019-TTG-DESA-ADAT-DI-BALI.pdf
Anggabaya,"Kecamatan Denpasar Timur, Kota Denpasar",,2019,https://cloud-ng.baliprov.go.id/dpma/2022/02/PERDA-NOMOR-4-TAHUN-2019-TTG-DESA-ADAT-DI-BALI.pdf
Tambawu,"Kecamatan Denpasar Timur, Kota Denpasar",,2019,https://cloud-ng.baliprov.go.id/dpma/2022/02/PERDA-NOMOR-4-TAHUN-2019-TTG-DESA-ADAT-DI-BALI.pdf
Sumerta,"Kecamatan Denpasar Timur, Kota Denpasar",,2019,https://cloud-ng.baliprov.go.id/dpma/2022/02/PERDA-NOMOR-4-TAHUN-2019-TTG-DESA-ADAT-DI-BALI.pdf
Pemogan,"Kecamatan Denpasar Selatan, Kota Denpasar",,2019,https://cloud-ng.baliprov.go.id/dpma/2022/02/PERDA-NOMOR-4-TAHUN-2019-TTG-DESA-ADAT-DI-BALI.pdf
Kepaon,"Kecamatan Denpasar Selatan, Kota Denpasar",,2019,https://cloud-ng.baliprov.go.id/dpma/2022/02/PERDA-NOMOR-4-TAHUN-2019-TTG-DESA-ADAT-DI-BALI.pdf
Sidakarya,"Kecamatan Denpasar Selatan, Kota Denpasar",,2019,https://cloud-ng.baliprov.go.id/dpma/2022/02/PERDA-NOMOR-4-TAHUN-2019-TTG-DESA-ADAT-DI-BALI.pdf
Penyaringan,"Kecamatan Denpasar Selatan, Kota Denpasar",,2019,https://cloud-ng.baliprov.go.id/dpma/2022/02/PERDA-NOMOR-4-TAHUN-2019-TTG-DESA-ADAT-DI-BALI.pdf
Sanur,"Kecamatan Denpasar Selatan, Kota Denpasar",,2019,https://cloud-ng.baliprov.go.id/dpma/2022/02/PERDA-NOMOR-4-TAHUN-2019-TTG-DESA-ADAT-DI-BALI.pdf
Pedungan,"Kecamatan Denpasar Selatan, Kota Denpasar",,2019,https://cloud-ng.baliprov.go.id/dpma/2022/02/PERDA-NOMOR-4-TAHUN-2019-TTG-DESA-ADAT-DI-BALI.pdf
Sesetan,"Kecamatan Denpasar Selatan, Kota Denpasar",,2019,https://cloud-ng.baliprov.go.id/dpma/2022/02/PERDA-NOMOR-4-TAHUN-2019-TTG-DESA-ADAT-DI-BALI.pdf
Serangan,"Kecamatan Denpasar Selatan, Kota Denpasar",,2019,https://cloud-ng.baliprov.go.id/dpma/2022/02/PERDA-NOMOR-4-TAHUN-2019-TTG-DESA-ADAT-DI-BALI.pdf
Panjer,"Kecamatan Denpasar Selatan, Kota Denpasar",,2019,https://cloud-ng.baliprov.go.id/dpma/2022/02/PERDA-NOMOR-4-TAHUN-2019-TTG-DESA-ADAT-DI-BALI.pdf
Renon,"Kecamatan Denpasar Selatan, Kota Denpasar",,2019,https://cloud-ng.baliprov.go.id/dpma/2022/02/PERDA-NOMOR-4-TAHUN-2019-TTG-DESA-ADAT-DI-BALI.pdf
Intaran,"Kecamatan Denpasar Selatan, Kota Denpasar",,2019,https://cloud-ng.baliprov.go.id/dpma/2022/02/PERDA-NOMOR-4-TAHUN-2019-TTG-DESA-ADAT-DI-BALI.pdf
Denpasar,"Kecamatan Denpasar Barat, Kota Denpasar",,2019,https://cloud-ng.baliprov.go.id/dpma/2022/02/PERDA-NOMOR-4-TAHUN-2019-TTG-DESA-ADAT-DI-BALI.pdf
Padangsambian,"Kecamatan Denpasar Barat, Kota Denpasar",,2019,https://cloud-ng.baliprov.go.id/dpma/2022/02/PERDA-NOMOR-4-TAHUN-2019-TTG-DESA-ADAT-DI-BALI.pdf
