nom,subdivision,surface_km2,annee,source_url
CODOUMA (10-01-376),,50,2007,https://services3.arcgis.com/dwv7XaFMgpPo7FSx/arcgis/rest/services/forets_communautaires/FeatureServer/0
GIC ASSODEJA (08-03-088),,48,2001,https://services3.arcgis.com/dwv7XaFMgpPo7FSx/arcgis/rest/services/forets_communautaires/FeatureServer/0
GIC RUFAFS (11-05-560),,47.29,2014,https://services3.arcgis.com/dwv7XaFMgpPo7FSx/arcgis/rest/services/forets_communautaires/FeatureServer/0
FC NZENG (AMWEDON) (10-03-396),,10.49,2009,https://services3.arcgis.com/dwv7XaFMgpPo7FSx/arcgis/rest/services/forets_communautaires/FeatureServer/0
MOLOBO (10-03-416),,14.02,2009,https://services3.arcgis.com/dwv7XaFMgpPo7FSx/arcgis/rest/services/forets_communautaires/FeatureServer/0
YANGAFOCK II (08-04-129),,50,2001,https://services3.arcgis.com/dwv7XaFMgpPo7FSx/arcgis/rest/services/forets_communautaires/FeatureServer/0
ADEVIMA (09-02-348),,50,2006,https://services3.arcgis.com/dwv7XaFMgpPo7FSx/arcgis/rest/services/forets_communautaires/FeatureServer/0
AFHAN (09-01-150),,10.22,2003,https://services3.arcgis.com/dwv7XaFMgpPo7FSx/arcgis/rest/services/forets_communautaires/FeatureServer/0
CVD AKONO (EBODENKOU) (08-05-329),,41.58,2005,https://services3.arcgis.com/dwv7XaFMgpPo7FSx/arcgis/rest/services/forets_communautaires/FeatureServer/0
GIC LA DYNAMIQUE (08-03-458),,47.73,2010,https://services3.arcgis.com/dwv7XaFMgpPo7FSx/arcgis/rest/services/forets_communautaires/FeatureServer/0
GIC BIWO-NTEM (09-04-433),,29,2010,https://services3.arcgis.com/dwv7XaFMgpPo7FSx/arcgis/rest/services/forets_communautaires/FeatureServer/0
GIC DE NE KIDONG (10-04-466),,50,2013,https://services3.arcgis.com/dwv7XaFMgpPo7FSx/arcgis/rest/services/forets_communautaires/FeatureServer/0
AMICAL DE DJOLEMPOUM/EKOH (ADJEK) (10-02-006),,23,2001,https://services3.arcgis.com/dwv7XaFMgpPo7FSx/arcgis/rest/services/forets_communautaires/FeatureServer/0
VADEVANT (09-02-463),,50,2011,https://services3.arcgis.com/dwv7XaFMgpPo7FSx/arcgis/rest/services/forets_communautaires/FeatureServer/0
LAWNA GOUDA (564),,28.98,2015,https://services3.arcgis.com/dwv7XaFMgpPo7FSx/arcgis/rest/services/forets_communautaires/FeatureServer/0
GICAFOR (08-03-302),,50,2005,https://services3.arcgis.com/dwv7XaFMgpPo7FSx/arcgis/rest/services/forets_communautaires/FeatureServer/0
GIC NGAI (10-04-427),,23.9,2015,https://services3.arcgis.com/dwv7XaFMgpPo7FSx/arcgis/rest/services/forets_communautaires/FeatureServer/0
ESPLANKA (10-02-147),,50,2002,https://services3.arcgis.com/dwv7XaFMgpPo7FSx/arcgis/rest/services/forets_communautaires/FeatureServer/0
NDOKONYAK (07-02-263),,44.1,2003,https://services3.arcgis.com/dwv7XaFMgpPo7FSx/arcgis/rest/services/forets_communautaires/FeatureServer/0
CACAO-CAFE (10-04-426),,36.03,2009,https://services3.arcgis.com/dwv7XaFMgpPo7FSx/arcgis/rest/services/forets_communautaires/FeatureServer/0
ABADBA (010),,,,https://services3.arcgis.com/dwv7XaFMgpPo7FSx/arcgis/rest/services/forets_communautaires/FeatureServer/0
SODENKANG (08-03-130),,20,2001,https://services3.arcgis.com/dwv7XaFMgpPo7FSx/arcgis/rest/services/forets_communautaires/FeatureServer/0
ABENG AYEM MENDJANVOUNI (08-04-100),,50,2000,https://services3.arcgis.com/dwv7XaFMgpPo7FSx/arcgis/rest/services/forets_communautaires/FeatureServer/0
BABBAL (012),,39.62,2016,https://services3.arcgis.com/dwv7XaFMgpPo7FSx/arcgis/rest/services/forets_communautaires/FeatureServer/0
GIC BWOK DE MBETH II (10-02-492),,50,2013,https://services3.arcgis.com/dwv7XaFMgpPo7FSx/arcgis/rest/services/forets_communautaires/FeatureServer/0
GIC DES AGRICULTEURS D'ENDOUM (08-01-065),,50,2000,https://services3.arcgis.com/dwv7XaFMgpPo7FSx/arcgis/rest/services/forets_communautaires/FeatureServer/0
ABBEGONG (08-03-185),,50,2003,https://services3.arcgis.com/dwv7XaFMgpPo7FSx/arcgis/rest/services/forets_communautaires/FeatureServer/0
LEME NGUOAR DE MALEN V (10-02-197),,18.59,2002,https://services3.arcgis.com/dwv7XaFMgpPo7FSx/arcgis/rest/services/forets_communautaires/FeatureServer/0
COVIMOF MELOMBO EKEKAT (08-10-022),,50,1999,https://services3.arcgis.com/dwv7XaFMgpPo7FSx/arcgis/rest/services/forets_communautaires/FeatureServer/0
COVILAM NGOYLA (10-02-056),,6.5,2000,https://services3.arcgis.com/dwv7XaFMgpPo7FSx/arcgis/rest/services/forets_communautaires/FeatureServer/0
GIC DEPAZOMO (09-01-170),,50,2002,https://services3.arcgis.com/dwv7XaFMgpPo7FSx/arcgis/rest/services/forets_communautaires/FeatureServer/0
KOTRABA (477),,48,2011,https://services3.arcgis.com/dwv7XaFMgpPo7FSx/arcgis/rest/services/forets_communautaires/FeatureServer/0
LAN GMBOUANG (08-04-080),,50,2000,https://services3.arcgis.com/dwv7XaFMgpPo7FSx/arcgis/rest/services/forets_communautaires/FeatureServer/0
GIC AFES (10-04-189),,40,2005,https://services3.arcgis.com/dwv7XaFMgpPo7FSx/arcgis/rest/services/forets_communautaires/FeatureServer/0
ADELIBAM (10-02-300),,12,2005,https://services3.arcgis.com/dwv7XaFMgpPo7FSx/arcgis/rest/services/forets_communautaires/FeatureServer/0
DIPANDILONG NKOKOM (07-02-104),,20.4,2001,https://services3.arcgis.com/dwv7XaFMgpPo7FSx/arcgis/rest/services/forets_communautaires/FeatureServer/0
DOIGT VERTS (10-04-546),,43,2015,https://services3.arcgis.com/dwv7XaFMgpPo7FSx/arcgis/rest/services/forets_communautaires/FeatureServer/0
UPPER SHINGA (13-02-146),,15,2002,https://services3.arcgis.com/dwv7XaFMgpPo7FSx/arcgis/rest/services/forets_communautaires/FeatureServer/0
ZOK MO SI TI (10-04-573),,39.78,2014,https://services3.arcgis.com/dwv7XaFMgpPo7FSx/arcgis/rest/services/forets_communautaires/FeatureServer/0
GIC APED (08-04-134),,50,2001,https://services3.arcgis.com/dwv7XaFMgpPo7FSx/arcgis/rest/services/forets_communautaires/FeatureServer/0
COBAMES (10-02-656),,33.1,,https://services3.arcgis.com/dwv7XaFMgpPo7FSx/arcgis/rest/services/forets_communautaires/FeatureServer/0
CRADJAMAL (10-02-516),,24.84,2013,https://services3.arcgis.com/dwv7XaFMgpPo7FSx/arcgis/rest/services/forets_communautaires/FeatureServer/0
DOH DE KOUNDI (10-04-268),,47.38,2004,https://services3.arcgis.com/dwv7XaFMgpPo7FSx/arcgis/rest/services/forets_communautaires/FeatureServer/0
GIC AGROPEN (09-04-452),,16.74,2012,https://services3.arcgis.com/dwv7XaFMgpPo7FSx/arcgis/rest/services/forets_communautaires/FeatureServer/0
ATEM (08-01-318),,38.39,2005,https://services3.arcgis.com/dwv7XaFMgpPo7FSx/arcgis/rest/services/forets_communautaires/FeatureServer/0
GIC AGREM (08-01-117),,50,2001,https://services3.arcgis.com/dwv7XaFMgpPo7FSx/arcgis/rest/services/forets_communautaires/FeatureServer/0
PROSPERITE POUR TOUS (PPT) DE BAGBA HONDOL (08-08-137),,48.48,2002,https://services3.arcgis.com/dwv7XaFMgpPo7FSx/arcgis/rest/services/forets_communautaires/FeatureServer/0
AGRIBE (10-04-246),,50,2004,https://services3.arcgis.com/dwv7XaFMgpPo7FSx/arcgis/rest/services/forets_communautaires/FeatureServer/0
BONS COEURS DE DJOLEMPOUM (10-02-359),,18.28,2007,https://services3.arcgis.com/dwv7XaFMgpPo7FSx/arcgis/rest/services/forets_communautaires/FeatureServer/0
CODEVILAM (10-02-569),,19.87,2015,https://services3.arcgis.com/dwv7XaFMgpPo7FSx/arcgis/rest/services/forets_communautaires/FeatureServer/0
EKA NKONG (08-01-321),,50,,https://services3.arcgis.com/dwv7XaFMgpPo7FSx/arcgis/rest/services/forets_communautaires/FeatureServer/0
ADEFON DE NNEMEYONG (09-03-422),,19.46,2008,https://services3.arcgis.com/dwv7XaFMgpPo7FSx/arcgis/rest/services/forets_communautaires/FeatureServer/0
MBACOF (11-02-406),,31.62,2008,https://services3.arcgis.com/dwv7XaFMgpPo7FSx/arcgis/rest/services/forets_communautaires/FeatureServer/0
POKO-ZOETELE (09-01-036),,4.67,2000,https://services3.arcgis.com/dwv7XaFMgpPo7FSx/arcgis/rest/services/forets_communautaires/FeatureServer/0
CODENVI NGOYLA (10-02-053),,23,2000,https://services3.arcgis.com/dwv7XaFMgpPo7FSx/arcgis/rest/services/forets_communautaires/FeatureServer/0
NTOUMZOK (10-02-365),,17.72,2006,https://services3.arcgis.com/dwv7XaFMgpPo7FSx/arcgis/rest/services/forets_communautaires/FeatureServer/0
CAAD (08-09-125),,45,2003,https://services3.arcgis.com/dwv7XaFMgpPo7FSx/arcgis/rest/services/forets_communautaires/FeatureServer/0
ADIMMN (08-04-353),,18.42,2010,https://services3.arcgis.com/dwv7XaFMgpPo7FSx/arcgis/rest/services/forets_communautaires/FeatureServer/0
ITOC (08-04-160),,50,2002,https://services3.arcgis.com/dwv7XaFMgpPo7FSx/arcgis/rest/services/forets_communautaires/FeatureServer/0
GIC ETINCELLE (10-04-0011),,48.4,,https://services3.arcgis.com/dwv7XaFMgpPo7FSx/arcgis/rest/services/forets_communautaires/FeatureServer/0
OFFOUM (FOREST COM) (08-05-346),,23.97,2007,https://services3.arcgis.com/dwv7XaFMgpPo7FSx/arcgis/rest/services/forets_communautaires/FeatureServer/0
AGELFODEMO (10-01-657),,48.12,2016,https://services3.arcgis.com/dwv7XaFMgpPo7FSx/arcgis/rest/services/forets_communautaires/FeatureServer/0
GIC AMINKO (10-02-206),,30.1,2006,https://services3.arcgis.com/dwv7XaFMgpPo7FSx/arcgis/rest/services/forets_communautaires/FeatureServer/0
GICAF MBANGO (09-03-128),,19.94,2002,https://services3.arcgis.com/dwv7XaFMgpPo7FSx/arcgis/rest/services/forets_communautaires/FeatureServer/0
GIC SER (08-08-536),,46.19,2013,https://services3.arcgis.com/dwv7XaFMgpPo7FSx/arcgis/rest/services/forets_communautaires/FeatureServer/0
GIC LA TERRE NE TROMPE PAS (10-01-512),,50,2018,https://services3.arcgis.com/dwv7XaFMgpPo7FSx/arcgis/rest/services/forets_communautaires/FeatureServer/0
ADNG (08-04-405),,46.9,2007,https://services3.arcgis.com/dwv7XaFMgpPo7FSx/arcgis/rest/services/forets_communautaires/FeatureServer/0
ENTENTE DE NKANG (08-03-131),,25.5,2002,https://services3.arcgis.com/dwv7XaFMgpPo7FSx/arcgis/rest/services/forets_communautaires/FeatureServer/0
ABAPY (09-01-168),,50,2003,https://services3.arcgis.com/dwv7XaFMgpPo7FSx/arcgis/rest/services/forets_communautaires/FeatureServer/0
MINMVAN (09-02-291),,50,2005,https://services3.arcgis.com/dwv7XaFMgpPo7FSx/arcgis/rest/services/forets_communautaires/FeatureServer/0
EFOULANE MEYONG (ENY) (09-02-501),,40,2014,https://services3.arcgis.com/dwv7XaFMgpPo7FSx/arcgis/rest/services/forets_communautaires/FeatureServer/0
FC KAGNOL II (10-03-388),,12.54,2008,https://services3.arcgis.com/dwv7XaFMgpPo7FSx/arcgis/rest/services/forets_communautaires/FeatureServer/0
ACONATA (09-04-453),,25,2012,https://services3.arcgis.com/dwv7XaFMgpPo7FSx/arcgis/rest/services/forets_communautaires/FeatureServer/0
GIC MBADJODI (10-01-506),,46.95,2012,https://services3.arcgis.com/dwv7XaFMgpPo7FSx/arcgis/rest/services/forets_communautaires/FeatureServer/0
PLANTATION NOUVELLES (PNNT) (08-04-277),,50,2008,https://services3.arcgis.com/dwv7XaFMgpPo7FSx/arcgis/rest/services/forets_communautaires/FeatureServer/0
GEFBAFKO (09-01-282),,36.45,2006,https://services3.arcgis.com/dwv7XaFMgpPo7FSx/arcgis/rest/services/forets_communautaires/FeatureServer/0
GIC PODOKO ET MATAL DE KASSA (337),,18,2006,https://services3.arcgis.com/dwv7XaFMgpPo7FSx/arcgis/rest/services/forets_communautaires/FeatureServer/0
GIC DA (09-03-334),,31.58,2005,https://services3.arcgis.com/dwv7XaFMgpPo7FSx/arcgis/rest/services/forets_communautaires/FeatureServer/0
COPAL (08-02-174),,48,2002,https://services3.arcgis.com/dwv7XaFMgpPo7FSx/arcgis/rest/services/forets_communautaires/FeatureServer/0
DAPSBI NTUI (08-04-161),,50,2002,https://services3.arcgis.com/dwv7XaFMgpPo7FSx/arcgis/rest/services/forets_communautaires/FeatureServer/0
ASSOCIATION ZONDJA MIPEND (AZOMI) (10-01-304),,40,2016,https://services3.arcgis.com/dwv7XaFMgpPo7FSx/arcgis/rest/services/forets_communautaires/FeatureServer/0
GIC IPABI (07-03-613),,21.58,2013,https://services3.arcgis.com/dwv7XaFMgpPo7FSx/arcgis/rest/services/forets_communautaires/FeatureServer/0
AGOUOGUINI DE PLANTEURS DENEMPELL (10-01-148),,50,2002,https://services3.arcgis.com/dwv7XaFMgpPo7FSx/arcgis/rest/services/forets_communautaires/FeatureServer/0
GIC NA (10-04-532),,50,2013,https://services3.arcgis.com/dwv7XaFMgpPo7FSx/arcgis/rest/services/forets_communautaires/FeatureServer/0
BUMA BO KPODE (10-02-368),,19.5,2006,https://services3.arcgis.com/dwv7XaFMgpPo7FSx/arcgis/rest/services/forets_communautaires/FeatureServer/0
GIC TANG BALA (10-04-494),,30.21,2013,https://services3.arcgis.com/dwv7XaFMgpPo7FSx/arcgis/rest/services/forets_communautaires/FeatureServer/0
ADEVERING (08-01-274),,47.6,2006,https://services3.arcgis.com/dwv7XaFMgpPo7FSx/arcgis/rest/services/forets_communautaires/FeatureServer/0
GIC PALOBA (10-02-141),,39,2002,https://services3.arcgis.com/dwv7XaFMgpPo7FSx/arcgis/rest/services/forets_communautaires/FeatureServer/0
ADE (08-03-273),,50,2005,https://services3.arcgis.com/dwv7XaFMgpPo7FSx/arcgis/rest/services/forets_communautaires/FeatureServer/0
GIC BEY (10-04-531),,48.46,2013,https://services3.arcgis.com/dwv7XaFMgpPo7FSx/arcgis/rest/services/forets_communautaires/FeatureServer/0
DEVAKOK (10-02-599),,47,2016,https://services3.arcgis.com/dwv7XaFMgpPo7FSx/arcgis/rest/services/forets_communautaires/FeatureServer/0
GIC PA-VELE (470),,49.21,2011,https://services3.arcgis.com/dwv7XaFMgpPo7FSx/arcgis/rest/services/forets_communautaires/FeatureServer/0
GIC DENVER EKOWONG 1 (09-02-544),,20,2014,https://services3.arcgis.com/dwv7XaFMgpPo7FSx/arcgis/rest/services/forets_communautaires/FeatureServer/0
GIC AFES (08-01-189),,50,2005,https://services3.arcgis.com/dwv7XaFMgpPo7FSx/arcgis/rest/services/forets_communautaires/FeatureServer/0
PREFODECAMEROUN (07-01-026),,50,1999,https://services3.arcgis.com/dwv7XaFMgpPo7FSx/arcgis/rest/services/forets_communautaires/FeatureServer/0
COEURS UNIS DE DJAMPIEL (10-03-392),,16.59,2008,https://services3.arcgis.com/dwv7XaFMgpPo7FSx/arcgis/rest/services/forets_communautaires/FeatureServer/0
COLOMBE (09-04-234),,13.93,2005,https://services3.arcgis.com/dwv7XaFMgpPo7FSx/arcgis/rest/services/forets_communautaires/FeatureServer/0
KINIMME (08-04-156),,33,2002,https://services3.arcgis.com/dwv7XaFMgpPo7FSx/arcgis/rest/services/forets_communautaires/FeatureServer/0
ESSINGANG (08-10-285),,33,2005,https://services3.arcgis.com/dwv7XaFMgpPo7FSx/arcgis/rest/services/forets_communautaires/FeatureServer/0
GIC KAOUTAL DO MARRAL LADDE (16-01-371),,46.08,2008,https://services3.arcgis.com/dwv7XaFMgpPo7FSx/arcgis/rest/services/forets_communautaires/FeatureServer/0
GIC APOBA (10-02-140),,49,2002,https://services3.arcgis.com/dwv7XaFMgpPo7FSx/arcgis/rest/services/forets_communautaires/FeatureServer/0
GIC NGOMA (09-02-474),,50,2010,https://services3.arcgis.com/dwv7XaFMgpPo7FSx/arcgis/rest/services/forets_communautaires/FeatureServer/0
CODEVIE NGOYLA (10-02-052),,27.5,2000,https://services3.arcgis.com/dwv7XaFMgpPo7FSx/arcgis/rest/services/forets_communautaires/FeatureServer/0
LABISOMA (10-02-255),,15,2004,https://services3.arcgis.com/dwv7XaFMgpPo7FSx/arcgis/rest/services/forets_communautaires/FeatureServer/0
ADEBIBO (09-03-280),,26.72,2005,https://services3.arcgis.com/dwv7XaFMgpPo7FSx/arcgis/rest/services/forets_communautaires/FeatureServer/0
SOCODEMI (07-02-438),,22.5,2009,https://services3.arcgis.com/dwv7XaFMgpPo7FSx/arcgis/rest/services/forets_communautaires/FeatureServer/0
SOCOPEC (10-04-650),,39.4,2016,https://services3.arcgis.com/dwv7XaFMgpPo7FSx/arcgis/rest/services/forets_communautaires/FeatureServer/0
EDENAM (09-01-568),,45.89,2014,https://services3.arcgis.com/dwv7XaFMgpPo7FSx/arcgis/rest/services/forets_communautaires/FeatureServer/0
NKOBAYEBA (07-03-094),,50,2001,https://services3.arcgis.com/dwv7XaFMgpPo7FSx/arcgis/rest/services/forets_communautaires/FeatureServer/0
PRATUD (10-04-456),,25,2010,https://services3.arcgis.com/dwv7XaFMgpPo7FSx/arcgis/rest/services/forets_communautaires/FeatureServer/0
BENA E BENA (CVD NKONZUH) (10-02-357),,22.7,2009,https://services3.arcgis.com/dwv7XaFMgpPo7FSx/arcgis/rest/services/forets_communautaires/FeatureServer/0
COBA'BANGOYLA (10-02-057),,23,2004,https://services3.arcgis.com/dwv7XaFMgpPo7FSx/arcgis/rest/services/forets_communautaires/FeatureServer/0
AGBER PETTE (16-01-623),,20.95,2015,https://services3.arcgis.com/dwv7XaFMgpPo7FSx/arcgis/rest/services/forets_communautaires/FeatureServer/0
GIC ADEVVAR (520),,11,2013,https://services3.arcgis.com/dwv7XaFMgpPo7FSx/arcgis/rest/services/forets_communautaires/FeatureServer/0
GIC FODJEREM (10-04-480),,36.56,2011,https://services3.arcgis.com/dwv7XaFMgpPo7FSx/arcgis/rest/services/forets_communautaires/FeatureServer/0
GIC ETINDE (11-01-301),,48.06,2006,https://services3.arcgis.com/dwv7XaFMgpPo7FSx/arcgis/rest/services/forets_communautaires/FeatureServer/0
COMM BAKA DE MOANGUE LE BOSQUET (10-02-013),,16.62,1998,https://services3.arcgis.com/dwv7XaFMgpPo7FSx/arcgis/rest/services/forets_communautaires/FeatureServer/0
COMMUNAUTE MBIMBOUE (10-02-001),,39.2,1997,https://services3.arcgis.com/dwv7XaFMgpPo7FSx/arcgis/rest/services/forets_communautaires/FeatureServer/0
MENLA (MELAN) (09-02-327),,50,2005,https://services3.arcgis.com/dwv7XaFMgpPo7FSx/arcgis/rest/services/forets_communautaires/FeatureServer/0
MANOO (09-02-572),,42.09,2014,https://services3.arcgis.com/dwv7XaFMgpPo7FSx/arcgis/rest/services/forets_communautaires/FeatureServer/0
ASMIMI (10-01-306),,26,2005,https://services3.arcgis.com/dwv7XaFMgpPo7FSx/arcgis/rest/services/forets_communautaires/FeatureServer/0
PAG (08-04-276),,50,2005,https://services3.arcgis.com/dwv7XaFMgpPo7FSx/arcgis/rest/services/forets_communautaires/FeatureServer/0
CVD MEKOM (08-05-333),,25.54,2005,https://services3.arcgis.com/dwv7XaFMgpPo7FSx/arcgis/rest/services/forets_communautaires/FeatureServer/0
GIC AJAGRIM (09-01-434),,42.43,2010,https://services3.arcgis.com/dwv7XaFMgpPo7FSx/arcgis/rest/services/forets_communautaires/FeatureServer/0
GIC FRERES UNIS D'ABONIS (10-02-619),,41.76,2016,https://services3.arcgis.com/dwv7XaFMgpPo7FSx/arcgis/rest/services/forets_communautaires/FeatureServer/0
BEMEME (10-02-567),,31.22,2014,https://services3.arcgis.com/dwv7XaFMgpPo7FSx/arcgis/rest/services/forets_communautaires/FeatureServer/0
SDM DE MBOKE (09-03-059),,22.82,2000,https://services3.arcgis.com/dwv7XaFMgpPo7FSx/arcgis/rest/services/forets_communautaires/FeatureServer/0
BIWIEGUI BI MBOYI I (10-01-096),,50,2001,https://services3.arcgis.com/dwv7XaFMgpPo7FSx/arcgis/rest/services/forets_communautaires/FeatureServer/0
GIC BIMA-WO (09-02-490),,30,2012,https://services3.arcgis.com/dwv7XaFMgpPo7FSx/arcgis/rest/services/forets_communautaires/FeatureServer/0
FRATERNITÉ NEMKOK (07-03-541),,9.3,2014,https://services3.arcgis.com/dwv7XaFMgpPo7FSx/arcgis/rest/services/forets_communautaires/FeatureServer/0
GIC DEPOKA (10-04-459),,20.16,2010,https://services3.arcgis.com/dwv7XaFMgpPo7FSx/arcgis/rest/services/forets_communautaires/FeatureServer/0
TEFAHEBA (558),,20.62,2015,https://services3.arcgis.com/dwv7XaFMgpPo7FSx/arcgis/rest/services/forets_communautaires/FeatureServer/0
AMAN (09-04-237),,48.75,2010,https://services3.arcgis.com/dwv7XaFMgpPo7FSx/arcgis/rest/services/forets_communautaires/FeatureServer/0
EYACOF-SCOOPS (11-04-660),,25.18,2016,https://services3.arcgis.com/dwv7XaFMgpPo7FSx/arcgis/rest/services/forets_communautaires/FeatureServer/0
ADIZAN (08-10-091),,49.92,2001,https://services3.arcgis.com/dwv7XaFMgpPo7FSx/arcgis/rest/services/forets_communautaires/FeatureServer/0
NJONO-WO (09-02-460),,50,2010,https://services3.arcgis.com/dwv7XaFMgpPo7FSx/arcgis/rest/services/forets_communautaires/FeatureServer/0
DEFOCEN (09-02-310),,29.41,2005,https://services3.arcgis.com/dwv7XaFMgpPo7FSx/arcgis/rest/services/forets_communautaires/FeatureServer/0
BOGRISOM (10-02-378),,40.48,2008,https://services3.arcgis.com/dwv7XaFMgpPo7FSx/arcgis/rest/services/forets_communautaires/FeatureServer/0
KOMBA I (10-02-366),,11.55,2007,https://services3.arcgis.com/dwv7XaFMgpPo7FSx/arcgis/rest/services/forets_communautaires/FeatureServer/0
SOLIB (08-08-326),,17.42,2008,https://services3.arcgis.com/dwv7XaFMgpPo7FSx/arcgis/rest/services/forets_communautaires/FeatureServer/0
COFONEABA DE MVAGAN (09-02-023),,50,1999,https://services3.arcgis.com/dwv7XaFMgpPo7FSx/arcgis/rest/services/forets_communautaires/FeatureServer/0
NLEM WUA YEMBONG (09-01-297),,10.84,2005,https://services3.arcgis.com/dwv7XaFMgpPo7FSx/arcgis/rest/services/forets_communautaires/FeatureServer/0
MBIALABOT DE MASSEAYOKADOUMA (10-01-067),,50,2000,https://services3.arcgis.com/dwv7XaFMgpPo7FSx/arcgis/rest/services/forets_communautaires/FeatureServer/0
GIC WALA DARALI (472),,49.72,2011,https://services3.arcgis.com/dwv7XaFMgpPo7FSx/arcgis/rest/services/forets_communautaires/FeatureServer/0
GIC APPEL (08-01-215),,50,2004,https://services3.arcgis.com/dwv7XaFMgpPo7FSx/arcgis/rest/services/forets_communautaires/FeatureServer/0
GIC AFED (10-04-457),,49.97,2010,https://services3.arcgis.com/dwv7XaFMgpPo7FSx/arcgis/rest/services/forets_communautaires/FeatureServer/0
LELIGNOOLI (10-01-142),,50,2002,https://services3.arcgis.com/dwv7XaFMgpPo7FSx/arcgis/rest/services/forets_communautaires/FeatureServer/0
GEPFOM (08-04-311),,50,2005,https://services3.arcgis.com/dwv7XaFMgpPo7FSx/arcgis/rest/services/forets_communautaires/FeatureServer/0
GIC MBON-HIMA (08-08-535),,49.32,2013,https://services3.arcgis.com/dwv7XaFMgpPo7FSx/arcgis/rest/services/forets_communautaires/FeatureServer/0
ADEEM (08-01-272),,22.8,2006,https://services3.arcgis.com/dwv7XaFMgpPo7FSx/arcgis/rest/services/forets_communautaires/FeatureServer/0
GIC OYILI NYABITANDE (09-03-499),,22.47,2012,https://services3.arcgis.com/dwv7XaFMgpPo7FSx/arcgis/rest/services/forets_communautaires/FeatureServer/0
GIC KA2 FOREST (10-04-437),,50,2010,https://services3.arcgis.com/dwv7XaFMgpPo7FSx/arcgis/rest/services/forets_communautaires/FeatureServer/0
GESFOCO (09-01-266),,50,2004,https://services3.arcgis.com/dwv7XaFMgpPo7FSx/arcgis/rest/services/forets_communautaires/FeatureServer/0
ANYAJUA (13-01-166),,10.9,2002,https://services3.arcgis.com/dwv7XaFMgpPo7FSx/arcgis/rest/services/forets_communautaires/FeatureServer/0
FOCONYAMZOM (08-03-115),,50,2001,https://services3.arcgis.com/dwv7XaFMgpPo7FSx/arcgis/rest/services/forets_communautaires/FeatureServer/0
GIC WOTEVA COMMUNITY (11-01-344),,43,2008,https://services3.arcgis.com/dwv7XaFMgpPo7FSx/arcgis/rest/services/forets_communautaires/FeatureServer/0
NDOEUGEM (563),,20.5,,https://services3.arcgis.com/dwv7XaFMgpPo7FSx/arcgis/rest/services/forets_communautaires/FeatureServer/0
GIC ALL IN ONE (08-09-373),,3.43,2008,https://services3.arcgis.com/dwv7XaFMgpPo7FSx/arcgis/rest/services/forets_communautaires/FeatureServer/0
10-04,,,,https://services3.arcgis.com/dwv7XaFMgpPo7FSx/arcgis/rest/services/forets_communautaires/FeatureServer/0
AKWEN VILLAGE COMMUNITY (11-04-086),,40,2001,https://services3.arcgis.com/dwv7XaFMgpPo7FSx/arcgis/rest/services/forets_communautaires/FeatureServer/0
MPEMOG BIWALAI (10-01-021),,50,2004,https://services3.arcgis.com/dwv7XaFMgpPo7FSx/arcgis/rest/services/forets_communautaires/FeatureServer/0
DOYANG_2 (013),,16.45,,https://services3.arcgis.com/dwv7XaFMgpPo7FSx/arcgis/rest/services/forets_communautaires/FeatureServer/0
APAN FC D'AKOMNDONG (09-01-190),,12.03,2003,https://services3.arcgis.com/dwv7XaFMgpPo7FSx/arcgis/rest/services/forets_communautaires/FeatureServer/0
AJEI ACUDA (13-06-540),,20.42,2014,https://services3.arcgis.com/dwv7XaFMgpPo7FSx/arcgis/rest/services/forets_communautaires/FeatureServer/0
EDJOUE BOAN BOGNOUL (10-01-375),,18,2007,https://services3.arcgis.com/dwv7XaFMgpPo7FSx/arcgis/rest/services/forets_communautaires/FeatureServer/0
AVENIR DE NKAN (09-01-151),,12.72,2004,https://services3.arcgis.com/dwv7XaFMgpPo7FSx/arcgis/rest/services/forets_communautaires/FeatureServer/0
COMBAKA (COBAKA KARAGWA) (10-02-068),,30,2000,https://services3.arcgis.com/dwv7XaFMgpPo7FSx/arcgis/rest/services/forets_communautaires/FeatureServer/0
APMI (MINTOM) (09-01-179),,50,2003,https://services3.arcgis.com/dwv7XaFMgpPo7FSx/arcgis/rest/services/forets_communautaires/FeatureServer/0
ALKAWAL (562),,18.15,,https://services3.arcgis.com/dwv7XaFMgpPo7FSx/arcgis/rest/services/forets_communautaires/FeatureServer/0
GIC DEBROUILLARDS PLANTEURS (SIAFOUM) (10-02-517),,28.64,2013,https://services3.arcgis.com/dwv7XaFMgpPo7FSx/arcgis/rest/services/forets_communautaires/FeatureServer/0
GIC AES (08-01-202),,50,2002,https://services3.arcgis.com/dwv7XaFMgpPo7FSx/arcgis/rest/services/forets_communautaires/FeatureServer/0
BABA II COIMMUNITY (13-05-251),,0.71,2008,https://services3.arcgis.com/dwv7XaFMgpPo7FSx/arcgis/rest/services/forets_communautaires/FeatureServer/0
BEYEM MAM DE NYABIBAK (09-04-524),,7.2,2013,https://services3.arcgis.com/dwv7XaFMgpPo7FSx/arcgis/rest/services/forets_communautaires/FeatureServer/0
TINTO (11-04-110),,12.95,2001,https://services3.arcgis.com/dwv7XaFMgpPo7FSx/arcgis/rest/services/forets_communautaires/FeatureServer/0
CVD NGAT EDOU (08-05-330),,22.24,2007,https://services3.arcgis.com/dwv7XaFMgpPo7FSx/arcgis/rest/services/forets_communautaires/FeatureServer/0
MUTEFF COMMUNITY (13-01-163),,4.3,2002,https://services3.arcgis.com/dwv7XaFMgpPo7FSx/arcgis/rest/services/forets_communautaires/FeatureServer/0
AMIS ENVIRONNEMENT ET DEVELOPPEMENT D'ENDOUM (08-01-066),,50,2000,https://services3.arcgis.com/dwv7XaFMgpPo7FSx/arcgis/rest/services/forets_communautaires/FeatureServer/0
CODECBOM (10-01-387),,50,2008,https://services3.arcgis.com/dwv7XaFMgpPo7FSx/arcgis/rest/services/forets_communautaires/FeatureServer/0
EFNO (10-02-447),,43.92,2011,https://services3.arcgis.com/dwv7XaFMgpPo7FSx/arcgis/rest/services/forets_communautaires/FeatureServer/0
DEFOCOM (08-03-431),,50,2009,https://services3.arcgis.com/dwv7XaFMgpPo7FSx/arcgis/rest/services/forets_communautaires/FeatureServer/0
GECO (07-03-211),,50,2004,https://services3.arcgis.com/dwv7XaFMgpPo7FSx/arcgis/rest/services/forets_communautaires/FeatureServer/0
JAGRA (10-02-183),,41,2006,https://services3.arcgis.com/dwv7XaFMgpPo7FSx/arcgis/rest/services/forets_communautaires/FeatureServer/0
EVOLUTION DE KAGNOL (10-02-240),,40,2004,https://services3.arcgis.com/dwv7XaFMgpPo7FSx/arcgis/rest/services/forets_communautaires/FeatureServer/0
ABASSIANI (09-01-659),,43.66,2016,https://services3.arcgis.com/dwv7XaFMgpPo7FSx/arcgis/rest/services/forets_communautaires/FeatureServer/0
ADINNBIA (08-10-090),,47.3,2001,https://services3.arcgis.com/dwv7XaFMgpPo7FSx/arcgis/rest/services/forets_communautaires/FeatureServer/0
ALHAMDOULILLAH (16-02-374),,42.16,2008,https://services3.arcgis.com/dwv7XaFMgpPo7FSx/arcgis/rest/services/forets_communautaires/FeatureServer/0
GOUDOUM GOUDOUM (549),,29.25,2014,https://services3.arcgis.com/dwv7XaFMgpPo7FSx/arcgis/rest/services/forets_communautaires/FeatureServer/0
MAMA-NADEGBE-PANDI (10-03-407),,41.66,2009,https://services3.arcgis.com/dwv7XaFMgpPo7FSx/arcgis/rest/services/forets_communautaires/FeatureServer/0
RASSEMBLEMENT DES TRIBUS D'AKOM(EFOULANE MEYONG) (09-01-661),,46.25,2016,https://services3.arcgis.com/dwv7XaFMgpPo7FSx/arcgis/rest/services/forets_communautaires/FeatureServer/0
MPDB (08-04-324),,39.03,2006,https://services3.arcgis.com/dwv7XaFMgpPo7FSx/arcgis/rest/services/forets_communautaires/FeatureServer/0
MFOU-LA (08-04-164),,41.09,2002,https://services3.arcgis.com/dwv7XaFMgpPo7FSx/arcgis/rest/services/forets_communautaires/FeatureServer/0
AJAM (08-04-122),,50,2001,https://services3.arcgis.com/dwv7XaFMgpPo7FSx/arcgis/rest/services/forets_communautaires/FeatureServer/0
NKAT NEKOUOM (10-01-386),,50,2008,https://services3.arcgis.com/dwv7XaFMgpPo7FSx/arcgis/rest/services/forets_communautaires/FeatureServer/0
FC DIMAKO I (SANGWA TEWO) (10-03-393),,17.86,2008,https://services3.arcgis.com/dwv7XaFMgpPo7FSx/arcgis/rest/services/forets_communautaires/FeatureServer/0
GIC ANGONOBO-TYE (09-01-445),,40.89,2011,https://services3.arcgis.com/dwv7XaFMgpPo7FSx/arcgis/rest/services/forets_communautaires/FeatureServer/0
AFCOE2M (09-04-420),,32.86,2008,https://services3.arcgis.com/dwv7XaFMgpPo7FSx/arcgis/rest/services/forets_communautaires/FeatureServer/0
GIC BRING DINGA (471),,46.85,2011,https://services3.arcgis.com/dwv7XaFMgpPo7FSx/arcgis/rest/services/forets_communautaires/FeatureServer/0
RENOVATION DE MALEN II (10-02-356),,11.35,2006,https://services3.arcgis.com/dwv7XaFMgpPo7FSx/arcgis/rest/services/forets_communautaires/FeatureServer/0
FC LA MANGROVE DE MANOKA (07-04-595),,27,,https://services3.arcgis.com/dwv7XaFMgpPo7FSx/arcgis/rest/services/forets_communautaires/FeatureServer/0
BIEMO (10-01-307),,30,2006,https://services3.arcgis.com/dwv7XaFMgpPo7FSx/arcgis/rest/services/forets_communautaires/FeatureServer/0
KEDJEM MAWES (13-02-162),,17.5,2002,https://services3.arcgis.com/dwv7XaFMgpPo7FSx/arcgis/rest/services/forets_communautaires/FeatureServer/0
BACOFMAC (11-01-286),,9.92,,https://services3.arcgis.com/dwv7XaFMgpPo7FSx/arcgis/rest/services/forets_communautaires/FeatureServer/0
FOCOTSONGO (08-03-073),,50,2000,https://services3.arcgis.com/dwv7XaFMgpPo7FSx/arcgis/rest/services/forets_communautaires/FeatureServer/0
GIC ESSAMESSES SOLIDARITE (09-01-495),,44.94,2012,https://services3.arcgis.com/dwv7XaFMgpPo7FSx/arcgis/rest/services/forets_communautaires/FeatureServer/0
SODENGUEN (08-03-083),,50,2003,https://services3.arcgis.com/dwv7XaFMgpPo7FSx/arcgis/rest/services/forets_communautaires/FeatureServer/0
ZIOMAS (10-02-355),,7.32,2006,https://services3.arcgis.com/dwv7XaFMgpPo7FSx/arcgis/rest/services/forets_communautaires/FeatureServer/0
GIPROFOCODJA (08-03-135),,36.8,2002,https://services3.arcgis.com/dwv7XaFMgpPo7FSx/arcgis/rest/services/forets_communautaires/FeatureServer/0
MBEMBESSO-SEINGBOT (10-03-415),,16.55,2008,https://services3.arcgis.com/dwv7XaFMgpPo7FSx/arcgis/rest/services/forets_communautaires/FeatureServer/0
ASS DUUNI KPEKEDE PAYO (10-02-369),,16,2006,https://services3.arcgis.com/dwv7XaFMgpPo7FSx/arcgis/rest/services/forets_communautaires/FeatureServer/0
DOYANG (550),,16.45,2014,https://services3.arcgis.com/dwv7XaFMgpPo7FSx/arcgis/rest/services/forets_communautaires/FeatureServer/0
GIC ECONOME (10-02-208),,42.83,2005,https://services3.arcgis.com/dwv7XaFMgpPo7FSx/arcgis/rest/services/forets_communautaires/FeatureServer/0
GIC PLAPE (10-04-479),,49.2,2011,https://services3.arcgis.com/dwv7XaFMgpPo7FSx/arcgis/rest/services/forets_communautaires/FeatureServer/0
MAD (09-01-293),,23.62,2005,https://services3.arcgis.com/dwv7XaFMgpPo7FSx/arcgis/rest/services/forets_communautaires/FeatureServer/0
ESCHIAMBOR ASSCIATION (10-02-012),,44.9,1998,https://services3.arcgis.com/dwv7XaFMgpPo7FSx/arcgis/rest/services/forets_communautaires/FeatureServer/0
SODELAB (08-04-385),,49.86,2009,https://services3.arcgis.com/dwv7XaFMgpPo7FSx/arcgis/rest/services/forets_communautaires/FeatureServer/0
BEYO E BEYO DE DOUMO (10-02-005),,10,2000,https://services3.arcgis.com/dwv7XaFMgpPo7FSx/arcgis/rest/services/forets_communautaires/FeatureServer/0
BANGONG (DA) (08-03-126),,50,2002,https://services3.arcgis.com/dwv7XaFMgpPo7FSx/arcgis/rest/services/forets_communautaires/FeatureServer/0
GIC DIBENG (07-02-497),,50,2012,https://services3.arcgis.com/dwv7XaFMgpPo7FSx/arcgis/rest/services/forets_communautaires/FeatureServer/0
FC AKOM I (ZEP LADJESSO BOT) (10-03-400),,12.35,2009,https://services3.arcgis.com/dwv7XaFMgpPo7FSx/arcgis/rest/services/forets_communautaires/FeatureServer/0
BITAMYEN (10-03-408),,12.52,2010,https://services3.arcgis.com/dwv7XaFMgpPo7FSx/arcgis/rest/services/forets_communautaires/FeatureServer/0
GIC CADIBA (10-02-143),,50,2006,https://services3.arcgis.com/dwv7XaFMgpPo7FSx/arcgis/rest/services/forets_communautaires/FeatureServer/0
EXFOCOM DE NKOHOM (08-08-133),,50,2002,https://services3.arcgis.com/dwv7XaFMgpPo7FSx/arcgis/rest/services/forets_communautaires/FeatureServer/0
ASS CERRDAM (09-01-180),,50,2003,https://services3.arcgis.com/dwv7XaFMgpPo7FSx/arcgis/rest/services/forets_communautaires/FeatureServer/0
ACOMY (09-01-342),,5.4,2005,https://services3.arcgis.com/dwv7XaFMgpPo7FSx/arcgis/rest/services/forets_communautaires/FeatureServer/0
ADILEM (10-01-441),,50,2009,https://services3.arcgis.com/dwv7XaFMgpPo7FSx/arcgis/rest/services/forets_communautaires/FeatureServer/0
ADVW-TOTOM (07-03-543),,15.9,2014,https://services3.arcgis.com/dwv7XaFMgpPo7FSx/arcgis/rest/services/forets_communautaires/FeatureServer/0
LES FERMIERS REUNIS (08-04-188),,50,2003,https://services3.arcgis.com/dwv7XaFMgpPo7FSx/arcgis/rest/services/forets_communautaires/FeatureServer/0
FC MOULOUNDOU (10-03-423),,16.04,2010,https://services3.arcgis.com/dwv7XaFMgpPo7FSx/arcgis/rest/services/forets_communautaires/FeatureServer/0
CODETA (10-02-523),,25.54,2013,https://services3.arcgis.com/dwv7XaFMgpPo7FSx/arcgis/rest/services/forets_communautaires/FeatureServer/0
LEME NGWAR D'ADJANE (10-02-219),,32.08,2002,https://services3.arcgis.com/dwv7XaFMgpPo7FSx/arcgis/rest/services/forets_communautaires/FeatureServer/0
BOU'O ETI DE BIBOM (10-02-295),,33.78,2007,https://services3.arcgis.com/dwv7XaFMgpPo7FSx/arcgis/rest/services/forets_communautaires/FeatureServer/0
ADEGAS (10-03-653),,33.3,2016,https://services3.arcgis.com/dwv7XaFMgpPo7FSx/arcgis/rest/services/forets_communautaires/FeatureServer/0
HE NKEN MBOUMBOU (FC DONGALI ) (10-03-413),,21.39,2008,https://services3.arcgis.com/dwv7XaFMgpPo7FSx/arcgis/rest/services/forets_communautaires/FeatureServer/0
ASDEFAGBAB (10-04-283),,50,2005,https://services3.arcgis.com/dwv7XaFMgpPo7FSx/arcgis/rest/services/forets_communautaires/FeatureServer/0
FOTRANGO (10-02-218),,9.11,2003,https://services3.arcgis.com/dwv7XaFMgpPo7FSx/arcgis/rest/services/forets_communautaires/FeatureServer/0
GIC AN DE NKOLBAN (09-01-017),,44.34,2007,https://services3.arcgis.com/dwv7XaFMgpPo7FSx/arcgis/rest/services/forets_communautaires/FeatureServer/0
GROPAM (09-01-092),,7.9,2001,https://services3.arcgis.com/dwv7XaFMgpPo7FSx/arcgis/rest/services/forets_communautaires/FeatureServer/0
NGAZA WERI (10-04-651),,50,2016,https://services3.arcgis.com/dwv7XaFMgpPo7FSx/arcgis/rest/services/forets_communautaires/FeatureServer/0
MORIKOUALIYE(MOKOYE) (10-01-194),,50,2004,https://services3.arcgis.com/dwv7XaFMgpPo7FSx/arcgis/rest/services/forets_communautaires/FeatureServer/0
GRAP 1 (10-03-149),,23.65,2007,https://services3.arcgis.com/dwv7XaFMgpPo7FSx/arcgis/rest/services/forets_communautaires/FeatureServer/0
MYLNDEM (07-02-176),,50,2002,https://services3.arcgis.com/dwv7XaFMgpPo7FSx/arcgis/rest/services/forets_communautaires/FeatureServer/0
REPA (11-02-203),,50,2003,https://services3.arcgis.com/dwv7XaFMgpPo7FSx/arcgis/rest/services/forets_communautaires/FeatureServer/0
AVHLEF (421),,18.91,2010,https://services3.arcgis.com/dwv7XaFMgpPo7FSx/arcgis/rest/services/forets_communautaires/FeatureServer/0
GIC NYALODJO'O (10-04-498),,36.77,2013,https://services3.arcgis.com/dwv7XaFMgpPo7FSx/arcgis/rest/services/forets_communautaires/FeatureServer/0
CODEVIR LOMIE (10-02-037),,41,2000,https://services3.arcgis.com/dwv7XaFMgpPo7FSx/arcgis/rest/services/forets_communautaires/FeatureServer/0
GIC DES FRERES NDDAMI (10-02-119),,40,2001,https://services3.arcgis.com/dwv7XaFMgpPo7FSx/arcgis/rest/services/forets_communautaires/FeatureServer/0
GIC AF (10-04-476),,49.9,2011,https://services3.arcgis.com/dwv7XaFMgpPo7FSx/arcgis/rest/services/forets_communautaires/FeatureServer/0
FC DJOUTH II (10-03-394),,12.13,2008,https://services3.arcgis.com/dwv7XaFMgpPo7FSx/arcgis/rest/services/forets_communautaires/FeatureServer/0
CCI (08-03-112),,47,2001,https://services3.arcgis.com/dwv7XaFMgpPo7FSx/arcgis/rest/services/forets_communautaires/FeatureServer/0
GIC MAM (09-01-424),,31.78,,https://services3.arcgis.com/dwv7XaFMgpPo7FSx/arcgis/rest/services/forets_communautaires/FeatureServer/0
COBABA MESSOK (10-02-299),,23,2000,https://services3.arcgis.com/dwv7XaFMgpPo7FSx/arcgis/rest/services/forets_communautaires/FeatureServer/0
MINDIF (553),,9.71,2014,https://services3.arcgis.com/dwv7XaFMgpPo7FSx/arcgis/rest/services/forets_communautaires/FeatureServer/0
SI AFANDAAN (09-03-530),,44.23,2017,https://services3.arcgis.com/dwv7XaFMgpPo7FSx/arcgis/rest/services/forets_communautaires/FeatureServer/0
ADPD DE DJOUZE (09-01-262),,16.55,2004,https://services3.arcgis.com/dwv7XaFMgpPo7FSx/arcgis/rest/services/forets_communautaires/FeatureServer/0
ACTION POUR LE DEVELOPPEMENT DE MINTA (08-01-186),,50,2002,https://services3.arcgis.com/dwv7XaFMgpPo7FSx/arcgis/rest/services/forets_communautaires/FeatureServer/0
MOSONGISELI (11-06-508),,27.39,2013,https://services3.arcgis.com/dwv7XaFMgpPo7FSx/arcgis/rest/services/forets_communautaires/FeatureServer/0
SCOOPSEMS (10-01-588),,16.25,2015,https://services3.arcgis.com/dwv7XaFMgpPo7FSx/arcgis/rest/services/forets_communautaires/FeatureServer/0
GIC RENE (10-02-496),,26,2012,https://services3.arcgis.com/dwv7XaFMgpPo7FSx/arcgis/rest/services/forets_communautaires/FeatureServer/0
CHRISTIAN PHILANTHROPIE & MISSIONS (11-06-144),,50,2004,https://services3.arcgis.com/dwv7XaFMgpPo7FSx/arcgis/rest/services/forets_communautaires/FeatureServer/0
BOPO (07-03-232),,37.5,2004,https://services3.arcgis.com/dwv7XaFMgpPo7FSx/arcgis/rest/services/forets_communautaires/FeatureServer/0
DJOULGOUF (628),,43.17,2016,https://services3.arcgis.com/dwv7XaFMgpPo7FSx/arcgis/rest/services/forets_communautaires/FeatureServer/0
CFB5 DE MEDJO (10-02-082),,50,2005,https://services3.arcgis.com/dwv7XaFMgpPo7FSx/arcgis/rest/services/forets_communautaires/FeatureServer/0
KONG (GAK) (08-04-101),,50,2001,https://services3.arcgis.com/dwv7XaFMgpPo7FSx/arcgis/rest/services/forets_communautaires/FeatureServer/0
GIC ESSAYONS VOIR DE BIKANG (08-01-114),,48,2001,https://services3.arcgis.com/dwv7XaFMgpPo7FSx/arcgis/rest/services/forets_communautaires/FeatureServer/0
ASSODEGAH (08-03-124),,50,2002,https://services3.arcgis.com/dwv7XaFMgpPo7FSx/arcgis/rest/services/forets_communautaires/FeatureServer/0
OYO MOMO (09-01-372),,48.73,2006,https://services3.arcgis.com/dwv7XaFMgpPo7FSx/arcgis/rest/services/forets_communautaires/FeatureServer/0
MPDC DE ZENDE ET ANGOSSAS (10-02-448),,49.8,2010,https://services3.arcgis.com/dwv7XaFMgpPo7FSx/arcgis/rest/services/forets_communautaires/FeatureServer/0
FC MODJIENDJI (10-03-395),,13.45,2008,https://services3.arcgis.com/dwv7XaFMgpPo7FSx/arcgis/rest/services/forets_communautaires/FeatureServer/0
FC NGOULMEKONG (10-03-391),,8.96,2008,https://services3.arcgis.com/dwv7XaFMgpPo7FSx/arcgis/rest/services/forets_communautaires/FeatureServer/0
MPAG'RA (10-02-196),,37,2003,https://services3.arcgis.com/dwv7XaFMgpPo7FSx/arcgis/rest/services/forets_communautaires/FeatureServer/0
FOURMIS DE KABILONE 1 (10-02-004),,25.5,2000,https://services3.arcgis.com/dwv7XaFMgpPo7FSx/arcgis/rest/services/forets_communautaires/FeatureServer/0
ASCOBADJOKA (10-02-270),,48,2004,https://services3.arcgis.com/dwv7XaFMgpPo7FSx/arcgis/rest/services/forets_communautaires/FeatureServer/0
NLORMAC (11-02-288),,25,2004,https://services3.arcgis.com/dwv7XaFMgpPo7FSx/arcgis/rest/services/forets_communautaires/FeatureServer/0
FC MPIEL (10-03-389),,4.24,2008,https://services3.arcgis.com/dwv7XaFMgpPo7FSx/arcgis/rest/services/forets_communautaires/FeatureServer/0
KORRE (548),,42.28,2014,https://services3.arcgis.com/dwv7XaFMgpPo7FSx/arcgis/rest/services/forets_communautaires/FeatureServer/0
GIC AFOCOBABA (10-02-538),,20.98,2013,https://services3.arcgis.com/dwv7XaFMgpPo7FSx/arcgis/rest/services/forets_communautaires/FeatureServer/0
GREENHOUSE (10-04-655),,26,2016,https://services3.arcgis.com/dwv7XaFMgpPo7FSx/arcgis/rest/services/forets_communautaires/FeatureServer/0
COBADI (10-02-107),,9.38,2001,https://services3.arcgis.com/dwv7XaFMgpPo7FSx/arcgis/rest/services/forets_communautaires/FeatureServer/0
COMMUNAUTE NJUAMBUM (13-01-007),,4.24,2000,https://services3.arcgis.com/dwv7XaFMgpPo7FSx/arcgis/rest/services/forets_communautaires/FeatureServer/0
COVINKO NGOYLA (10-02-054),,32.2,2000,https://services3.arcgis.com/dwv7XaFMgpPo7FSx/arcgis/rest/services/forets_communautaires/FeatureServer/0
GIC KIRNAM (10-04-637),,49.74,2016,https://services3.arcgis.com/dwv7XaFMgpPo7FSx/arcgis/rest/services/forets_communautaires/FeatureServer/0
GIC WAZALA (468),,49.02,2011,https://services3.arcgis.com/dwv7XaFMgpPo7FSx/arcgis/rest/services/forets_communautaires/FeatureServer/0
COMMUNAUTE MBOH MBOLEM ILUNG (13-01-010),,4.21,2000,https://services3.arcgis.com/dwv7XaFMgpPo7FSx/arcgis/rest/services/forets_communautaires/FeatureServer/0
AVENIR DES VOISINS (10-04-478),,50,2011,https://services3.arcgis.com/dwv7XaFMgpPo7FSx/arcgis/rest/services/forets_communautaires/FeatureServer/0
OYENGA (08-10-145),,50,2002,https://services3.arcgis.com/dwv7XaFMgpPo7FSx/arcgis/rest/services/forets_communautaires/FeatureServer/0
FC DONGONGO (10-03-399),,12.05,2009,https://services3.arcgis.com/dwv7XaFMgpPo7FSx/arcgis/rest/services/forets_communautaires/FeatureServer/0
PRODEVINDO (08-03-382),,50,2008,https://services3.arcgis.com/dwv7XaFMgpPo7FSx/arcgis/rest/services/forets_communautaires/FeatureServer/0
APM (09-04-214),,25.42,2008,https://services3.arcgis.com/dwv7XaFMgpPo7FSx/arcgis/rest/services/forets_communautaires/FeatureServer/0
ABUH COMMUNITY (13-01-164),,3,2002,https://services3.arcgis.com/dwv7XaFMgpPo7FSx/arcgis/rest/services/forets_communautaires/FeatureServer/0
GIC FOCOFABI II DE BIBA II (10-02-503),,20,2013,https://services3.arcgis.com/dwv7XaFMgpPo7FSx/arcgis/rest/services/forets_communautaires/FeatureServer/0
NDJASSI (ANZASSI) (10-03-412),,9.01,2009,https://services3.arcgis.com/dwv7XaFMgpPo7FSx/arcgis/rest/services/forets_communautaires/FeatureServer/0
GICAN II (09-01-069),,50,2000,https://services3.arcgis.com/dwv7XaFMgpPo7FSx/arcgis/rest/services/forets_communautaires/FeatureServer/0
RECODEMM (10-02-559),,20,2014,https://services3.arcgis.com/dwv7XaFMgpPo7FSx/arcgis/rest/services/forets_communautaires/FeatureServer/0
GIC ONANN (09-02-435),,50,2009,https://services3.arcgis.com/dwv7XaFMgpPo7FSx/arcgis/rest/services/forets_communautaires/FeatureServer/0
CVD KOUKOUNOU (08-05-331),,14.7,2007,https://services3.arcgis.com/dwv7XaFMgpPo7FSx/arcgis/rest/services/forets_communautaires/FeatureServer/0
CHILY (08-04-349),,49.98,2006,https://services3.arcgis.com/dwv7XaFMgpPo7FSx/arcgis/rest/services/forets_communautaires/FeatureServer/0
SAM (08-04-401),,50,2007,https://services3.arcgis.com/dwv7XaFMgpPo7FSx/arcgis/rest/services/forets_communautaires/FeatureServer/0
GIC APRONTI (10-01-254),,50,2005,https://services3.arcgis.com/dwv7XaFMgpPo7FSx/arcgis/rest/services/forets_communautaires/FeatureServer/0
RAPDO DE KRIBI (09-03-038),,40,1999,https://services3.arcgis.com/dwv7XaFMgpPo7FSx/arcgis/rest/services/forets_communautaires/FeatureServer/0
GIC SAN KADINA (10-04-487),,50,2011,https://services3.arcgis.com/dwv7XaFMgpPo7FSx/arcgis/rest/services/forets_communautaires/FeatureServer/0
NGUIMBOCK (07-03-418),,26.82,2008,https://services3.arcgis.com/dwv7XaFMgpPo7FSx/arcgis/rest/services/forets_communautaires/FeatureServer/0
CODEL NGOYLA (10-02-058),,14,2000,https://services3.arcgis.com/dwv7XaFMgpPo7FSx/arcgis/rest/services/forets_communautaires/FeatureServer/0
ADEVIN (09-03-264),,30.05,2004,https://services3.arcgis.com/dwv7XaFMgpPo7FSx/arcgis/rest/services/forets_communautaires/FeatureServer/0
GIC REBEL BAS (07-03-555),,28.36,2014,https://services3.arcgis.com/dwv7XaFMgpPo7FSx/arcgis/rest/services/forets_communautaires/FeatureServer/0
GIC FOCODJOCK (08-03-199),,50,2008,https://services3.arcgis.com/dwv7XaFMgpPo7FSx/arcgis/rest/services/forets_communautaires/FeatureServer/0
MVO'O ESSINDO (09-01-181),,50,2002,https://services3.arcgis.com/dwv7XaFMgpPo7FSx/arcgis/rest/services/forets_communautaires/FeatureServer/0
ASS MEME BOUCHE (08-04-341),,27.91,2008,https://services3.arcgis.com/dwv7XaFMgpPo7FSx/arcgis/rest/services/forets_communautaires/FeatureServer/0
INFOYO (09-01-191),,10.54,2004,https://services3.arcgis.com/dwv7XaFMgpPo7FSx/arcgis/rest/services/forets_communautaires/FeatureServer/0
AGEME (08-01-253),,49.18,2006,https://services3.arcgis.com/dwv7XaFMgpPo7FSx/arcgis/rest/services/forets_communautaires/FeatureServer/0
GABAN (631),,6.62,2015,https://services3.arcgis.com/dwv7XaFMgpPo7FSx/arcgis/rest/services/forets_communautaires/FeatureServer/0
AFA II (09-03-335),,41.82,2005,https://services3.arcgis.com/dwv7XaFMgpPo7FSx/arcgis/rest/services/forets_communautaires/FeatureServer/0
GIC MEMEM (10-02-571),,24,2015,https://services3.arcgis.com/dwv7XaFMgpPo7FSx/arcgis/rest/services/forets_communautaires/FeatureServer/0
FOCONYAK (08-04-087),,30,2004,https://services3.arcgis.com/dwv7XaFMgpPo7FSx/arcgis/rest/services/forets_communautaires/FeatureServer/0
KOLARA (619),,17.17,,https://services3.arcgis.com/dwv7XaFMgpPo7FSx/arcgis/rest/services/forets_communautaires/FeatureServer/0
FC KAGNOL I (AZAK) (10-03-411),,23.1,2010,https://services3.arcgis.com/dwv7XaFMgpPo7FSx/arcgis/rest/services/forets_communautaires/FeatureServer/0
AS ZIID (10-01-303),,50,2012,https://services3.arcgis.com/dwv7XaFMgpPo7FSx/arcgis/rest/services/forets_communautaires/FeatureServer/0
SOCAOFCOBO (08-08-635),,45.94,2015,https://services3.arcgis.com/dwv7XaFMgpPo7FSx/arcgis/rest/services/forets_communautaires/FeatureServer/0
GIC PROFOAPAZO (08-03-127),,48,2001,https://services3.arcgis.com/dwv7XaFMgpPo7FSx/arcgis/rest/services/forets_communautaires/FeatureServer/0
GROMOMA (08-04-084),,50,2000,https://services3.arcgis.com/dwv7XaFMgpPo7FSx/arcgis/rest/services/forets_communautaires/FeatureServer/0
NED'DAKOU (561),,29.62,2016,https://services3.arcgis.com/dwv7XaFMgpPo7FSx/arcgis/rest/services/forets_communautaires/FeatureServer/0
COBAKAM (10-02-258),,24.59,2005,https://services3.arcgis.com/dwv7XaFMgpPo7FSx/arcgis/rest/services/forets_communautaires/FeatureServer/0
FC MIBA ETOMBANG (MEVA MEBOTOU) (08-05-328),,36.96,2005,https://services3.arcgis.com/dwv7XaFMgpPo7FSx/arcgis/rest/services/forets_communautaires/FeatureServer/0
LONGWE NGUIDU (08-04-102),,50,2002,https://services3.arcgis.com/dwv7XaFMgpPo7FSx/arcgis/rest/services/forets_communautaires/FeatureServer/0
ESSAYONS VOIR DE MOPOUO-BIDJOUKI (10-01-812),,46.8,2006,https://services3.arcgis.com/dwv7XaFMgpPo7FSx/arcgis/rest/services/forets_communautaires/FeatureServer/0
ADRGM (08-04-120),,50,2001,https://services3.arcgis.com/dwv7XaFMgpPo7FSx/arcgis/rest/services/forets_communautaires/FeatureServer/0
GBOPABA DE NGOLA ET AGHIP (10-02-016),,42,1998,https://services3.arcgis.com/dwv7XaFMgpPo7FSx/arcgis/rest/services/forets_communautaires/FeatureServer/0
GIC SONG-NDENG (08-08-497),,30.36,2012,https://services3.arcgis.com/dwv7XaFMgpPo7FSx/arcgis/rest/services/forets_communautaires/FeatureServer/0
AVILSO (10-02-259),,36,2004,https://services3.arcgis.com/dwv7XaFMgpPo7FSx/arcgis/rest/services/forets_communautaires/FeatureServer/0
FC AFAN (08-05-347),,20.05,2006,https://services3.arcgis.com/dwv7XaFMgpPo7FSx/arcgis/rest/services/forets_communautaires/FeatureServer/0
CODOUM NGOYLA (10-02-050),,5.5,2000,https://services3.arcgis.com/dwv7XaFMgpPo7FSx/arcgis/rest/services/forets_communautaires/FeatureServer/0
MUCDA (11-02-343),,2.04,2011,https://services3.arcgis.com/dwv7XaFMgpPo7FSx/arcgis/rest/services/forets_communautaires/FeatureServer/0
CADBAP (10-02-139),,29.7,2002,https://services3.arcgis.com/dwv7XaFMgpPo7FSx/arcgis/rest/services/forets_communautaires/FeatureServer/0
ASCOKYB (08-04-284),,44.22,2005,https://services3.arcgis.com/dwv7XaFMgpPo7FSx/arcgis/rest/services/forets_communautaires/FeatureServer/0
GIC BIENVENU DE BEDOUMOU (10-02-486),,34.92,2011,https://services3.arcgis.com/dwv7XaFMgpPo7FSx/arcgis/rest/services/forets_communautaires/FeatureServer/0
BLISKAVA (006),,0.01,,https://services3.arcgis.com/dwv7XaFMgpPo7FSx/arcgis/rest/services/forets_communautaires/FeatureServer/0
HE PAN BOBEBENGUE (FC GBAGBALE) (10-03-409),,15.84,2008,https://services3.arcgis.com/dwv7XaFMgpPo7FSx/arcgis/rest/services/forets_communautaires/FeatureServer/0
WAMVOU (627),,41,2016,https://services3.arcgis.com/dwv7XaFMgpPo7FSx/arcgis/rest/services/forets_communautaires/FeatureServer/0
TOUKI (ESSAYONS DE TOUKI) (10-03-414),,19.31,2009,https://services3.arcgis.com/dwv7XaFMgpPo7FSx/arcgis/rest/services/forets_communautaires/FeatureServer/0
SOCAPE (10-04-648),,35,2016,https://services3.arcgis.com/dwv7XaFMgpPo7FSx/arcgis/rest/services/forets_communautaires/FeatureServer/0
GIC BIA BIA (08-01-085),,50,2000,https://services3.arcgis.com/dwv7XaFMgpPo7FSx/arcgis/rest/services/forets_communautaires/FeatureServer/0
ACODENDO (10-01-442),,50,2009,https://services3.arcgis.com/dwv7XaFMgpPo7FSx/arcgis/rest/services/forets_communautaires/FeatureServer/0
APROK (KOUEN) (10-02-200),,33.41,2008,https://services3.arcgis.com/dwv7XaFMgpPo7FSx/arcgis/rest/services/forets_communautaires/FeatureServer/0
GIC AFEN (10-04-454),,49.76,2010,https://services3.arcgis.com/dwv7XaFMgpPo7FSx/arcgis/rest/services/forets_communautaires/FeatureServer/0
COBADEM (10-02-338),,29.12,2005,https://services3.arcgis.com/dwv7XaFMgpPo7FSx/arcgis/rest/services/forets_communautaires/FeatureServer/0
GJAM (08-04-187),,47.22,2003,https://services3.arcgis.com/dwv7XaFMgpPo7FSx/arcgis/rest/services/forets_communautaires/FeatureServer/0
NKOVICO (11-02-533),,11.5,2013,https://services3.arcgis.com/dwv7XaFMgpPo7FSx/arcgis/rest/services/forets_communautaires/FeatureServer/0
GIC MIREBE'E (10-01-138),,50,2002,https://services3.arcgis.com/dwv7XaFMgpPo7FSx/arcgis/rest/services/forets_communautaires/FeatureServer/0
ASTEDOU DOUMZOK (10-02-370),,34.25,2011,https://services3.arcgis.com/dwv7XaFMgpPo7FSx/arcgis/rest/services/forets_communautaires/FeatureServer/0
DRIL DE LAMBI (09-03-323),,28.74,2005,https://services3.arcgis.com/dwv7XaFMgpPo7FSx/arcgis/rest/services/forets_communautaires/FeatureServer/0
KOPONGO (07-03-229),,15.5,2010,https://services3.arcgis.com/dwv7XaFMgpPo7FSx/arcgis/rest/services/forets_communautaires/FeatureServer/0
MPEWANG DE PAYA (10-01-075),,50,2000,https://services3.arcgis.com/dwv7XaFMgpPo7FSx/arcgis/rest/services/forets_communautaires/FeatureServer/0
FOREST COM (09-03-095),,33.4,2001,https://services3.arcgis.com/dwv7XaFMgpPo7FSx/arcgis/rest/services/forets_communautaires/FeatureServer/0
ASS DDM (08-09-278),,50,2006,https://services3.arcgis.com/dwv7XaFMgpPo7FSx/arcgis/rest/services/forets_communautaires/FeatureServer/0
GIC LAWAN MALIKI (16-01-367),,52.48,2008,https://services3.arcgis.com/dwv7XaFMgpPo7FSx/arcgis/rest/services/forets_communautaires/FeatureServer/0
GESFOTEK (09-01-267),,41,2004,https://services3.arcgis.com/dwv7XaFMgpPo7FSx/arcgis/rest/services/forets_communautaires/FeatureServer/0
GIC MEBOUGBAN ME TSOUNG AMANDE (10-02-034),,50,2000,https://services3.arcgis.com/dwv7XaFMgpPo7FSx/arcgis/rest/services/forets_communautaires/FeatureServer/0
ADAF (10-01-443),,50,2009,https://services3.arcgis.com/dwv7XaFMgpPo7FSx/arcgis/rest/services/forets_communautaires/FeatureServer/0
SIPAME (10-02-613),,47.6,2015,https://services3.arcgis.com/dwv7XaFMgpPo7FSx/arcgis/rest/services/forets_communautaires/FeatureServer/0
BALDA (625),,39.62,2015,https://services3.arcgis.com/dwv7XaFMgpPo7FSx/arcgis/rest/services/forets_communautaires/FeatureServer/0
NKO MBOGUE (08-01-315),,25,2005,https://services3.arcgis.com/dwv7XaFMgpPo7FSx/arcgis/rest/services/forets_communautaires/FeatureServer/0
MKOMBLA DE NZEMBELE (10-03-645),,28,2016,https://services3.arcgis.com/dwv7XaFMgpPo7FSx/arcgis/rest/services/forets_communautaires/FeatureServer/0
ASDEL (09-02-689),,49.62,2016,https://services3.arcgis.com/dwv7XaFMgpPo7FSx/arcgis/rest/services/forets_communautaires/FeatureServer/0
AVODAB (FC BOKENDJA) (10-03-417),,16.64,2008,https://services3.arcgis.com/dwv7XaFMgpPo7FSx/arcgis/rest/services/forets_communautaires/FeatureServer/0
AGEN (10-02-590),,39.26,2015,https://services3.arcgis.com/dwv7XaFMgpPo7FSx/arcgis/rest/services/forets_communautaires/FeatureServer/0
COVEM II (10-02-521),,36.8,2013,https://services3.arcgis.com/dwv7XaFMgpPo7FSx/arcgis/rest/services/forets_communautaires/FeatureServer/0
GIC WOUSSE TA PA BOBE (10-04-636),,37.16,2016,https://services3.arcgis.com/dwv7XaFMgpPo7FSx/arcgis/rest/services/forets_communautaires/FeatureServer/0
CODANTI (08-04-136),,50,2001,https://services3.arcgis.com/dwv7XaFMgpPo7FSx/arcgis/rest/services/forets_communautaires/FeatureServer/0
FC P3E (10-04-245),,50,2004,https://services3.arcgis.com/dwv7XaFMgpPo7FSx/arcgis/rest/services/forets_communautaires/FeatureServer/0
SPREFOGMA (12-08-025),,33.2,1996,https://services3.arcgis.com/dwv7XaFMgpPo7FSx/arcgis/rest/services/forets_communautaires/FeatureServer/0
KAFOSEL (626),,40.64,2016,https://services3.arcgis.com/dwv7XaFMgpPo7FSx/arcgis/rest/services/forets_communautaires/FeatureServer/0
RDFCAB (09-03-248),,21.57,2005,https://services3.arcgis.com/dwv7XaFMgpPo7FSx/arcgis/rest/services/forets_communautaires/FeatureServer/0
GIC AFEYE (10-04-475),,50,2011,https://services3.arcgis.com/dwv7XaFMgpPo7FSx/arcgis/rest/services/forets_communautaires/FeatureServer/0
ASCOBA DE BIBA I (10-02-502),,31,2013,https://services3.arcgis.com/dwv7XaFMgpPo7FSx/arcgis/rest/services/forets_communautaires/FeatureServer/0
DUNLAM (MESSAMA-BINDEM) (09-04-236),,13.16,2004,https://services3.arcgis.com/dwv7XaFMgpPo7FSx/arcgis/rest/services/forets_communautaires/FeatureServer/0
ASS ABOKO (FC KOSSO) (10-03-410),,12.42,2008,https://services3.arcgis.com/dwv7XaFMgpPo7FSx/arcgis/rest/services/forets_communautaires/FeatureServer/0
ASDEBYM (10-01-351),,49.52,2006,https://services3.arcgis.com/dwv7XaFMgpPo7FSx/arcgis/rest/services/forets_communautaires/FeatureServer/0
GIC EBOLO MBAMA DE MIMBIAM (08-01-099),,50,2001,https://services3.arcgis.com/dwv7XaFMgpPo7FSx/arcgis/rest/services/forets_communautaires/FeatureServer/0
CVD ODOU (08-05-332),,23.66,2007,https://services3.arcgis.com/dwv7XaFMgpPo7FSx/arcgis/rest/services/forets_communautaires/FeatureServer/0
BIKOV (13-02-061),,20.4,2000,https://services3.arcgis.com/dwv7XaFMgpPo7FSx/arcgis/rest/services/forets_communautaires/FeatureServer/0
LENESMA (10-02-364),,25.91,2007,https://services3.arcgis.com/dwv7XaFMgpPo7FSx/arcgis/rest/services/forets_communautaires/FeatureServer/0
AFUA/DJICHAMI (13-01-165),,12,2002,https://services3.arcgis.com/dwv7XaFMgpPo7FSx/arcgis/rest/services/forets_communautaires/FeatureServer/0
GIC AFCOMM (08-04-483),,22.2,2011,https://services3.arcgis.com/dwv7XaFMgpPo7FSx/arcgis/rest/services/forets_communautaires/FeatureServer/0
DABA WAS BURI DAWAE (469),,37.83,2011,https://services3.arcgis.com/dwv7XaFMgpPo7FSx/arcgis/rest/services/forets_communautaires/FeatureServer/0
GIC BP FOREST (10-03-528),,41,2013,https://services3.arcgis.com/dwv7XaFMgpPo7FSx/arcgis/rest/services/forets_communautaires/FeatureServer/0
FC MOKOLO (10-03-398),,6.44,2009,https://services3.arcgis.com/dwv7XaFMgpPo7FSx/arcgis/rest/services/forets_communautaires/FeatureServer/0
MPAN (10-02-362),,12.51,2006,https://services3.arcgis.com/dwv7XaFMgpPo7FSx/arcgis/rest/services/forets_communautaires/FeatureServer/0
COBBO'NTAM (10-02-336),,22.91,2006,https://services3.arcgis.com/dwv7XaFMgpPo7FSx/arcgis/rest/services/forets_communautaires/FeatureServer/0
ASBAD (10-02-363),,32.05,2006,https://services3.arcgis.com/dwv7XaFMgpPo7FSx/arcgis/rest/services/forets_communautaires/FeatureServer/0
AMOTA (09-01-111),,40,2001,https://services3.arcgis.com/dwv7XaFMgpPo7FSx/arcgis/rest/services/forets_communautaires/FeatureServer/0
BARKA LADE GADJIA DARAM (551),,49.32,2015,https://services3.arcgis.com/dwv7XaFMgpPo7FSx/arcgis/rest/services/forets_communautaires/FeatureServer/0
GIC PAM (10-04-481),,40.5,2011,https://services3.arcgis.com/dwv7XaFMgpPo7FSx/arcgis/rest/services/forets_communautaires/FeatureServer/0
GAGADJE (596),,11.03,,https://services3.arcgis.com/dwv7XaFMgpPo7FSx/arcgis/rest/services/forets_communautaires/FeatureServer/0
AFSONO (09-04-249),,18.74,2006,https://services3.arcgis.com/dwv7XaFMgpPo7FSx/arcgis/rest/services/forets_communautaires/FeatureServer/0
COMAN (09-04-238),,15.58,2005,https://services3.arcgis.com/dwv7XaFMgpPo7FSx/arcgis/rest/services/forets_communautaires/FeatureServer/0
COFAYETBENGBIS (09-01-002),,50,1997,https://services3.arcgis.com/dwv7XaFMgpPo7FSx/arcgis/rest/services/forets_communautaires/FeatureServer/0
TRAN (10-02-193),,20.07,2002,https://services3.arcgis.com/dwv7XaFMgpPo7FSx/arcgis/rest/services/forets_communautaires/FeatureServer/0
NDECUDA (11-02-113),,50,2001,https://services3.arcgis.com/dwv7XaFMgpPo7FSx/arcgis/rest/services/forets_communautaires/FeatureServer/0
FC GAZANO (10-02-570),,45.19,2014,https://services3.arcgis.com/dwv7XaFMgpPo7FSx/arcgis/rest/services/forets_communautaires/FeatureServer/0
FC AVIBANBO (10-02-257),,37.95,2005,https://services3.arcgis.com/dwv7XaFMgpPo7FSx/arcgis/rest/services/forets_communautaires/FeatureServer/0
DIMEJ 1 & 2 (09-02-275),,35,2005,https://services3.arcgis.com/dwv7XaFMgpPo7FSx/arcgis/rest/services/forets_communautaires/FeatureServer/0
ABAKO (578),,20.5,2015,https://services3.arcgis.com/dwv7XaFMgpPo7FSx/arcgis/rest/services/forets_communautaires/FeatureServer/0
NGARGONG (08-04-103),,50,2001,https://services3.arcgis.com/dwv7XaFMgpPo7FSx/arcgis/rest/services/forets_communautaires/FeatureServer/0
KONGO ASSOCIATION (10-02-014),,30,1998,https://services3.arcgis.com/dwv7XaFMgpPo7FSx/arcgis/rest/services/forets_communautaires/FeatureServer/0
GIC LILMPEME (10-02-209),,13.85,2003,https://services3.arcgis.com/dwv7XaFMgpPo7FSx/arcgis/rest/services/forets_communautaires/FeatureServer/0
CODEM-NGOYLA (10-02-051),,13,2000,https://services3.arcgis.com/dwv7XaFMgpPo7FSx/arcgis/rest/services/forets_communautaires/FeatureServer/0
ASFRADO (08-10-287),,37,2005,https://services3.arcgis.com/dwv7XaFMgpPo7FSx/arcgis/rest/services/forets_communautaires/FeatureServer/0
GIC FOVYVE (08-01-123),,50,2001,https://services3.arcgis.com/dwv7XaFMgpPo7FSx/arcgis/rest/services/forets_communautaires/FeatureServer/0
UCFA (09-03-316),,34.5,2005,https://services3.arcgis.com/dwv7XaFMgpPo7FSx/arcgis/rest/services/forets_communautaires/FeatureServer/0
GIC KOMBO YOYO (10-04-644),,35.68,2016,https://services3.arcgis.com/dwv7XaFMgpPo7FSx/arcgis/rest/services/forets_communautaires/FeatureServer/0
NJABILOBE (OTONON) (09-03-262),,35.05,2006,https://services3.arcgis.com/dwv7XaFMgpPo7FSx/arcgis/rest/services/forets_communautaires/FeatureServer/0
NCHIIY (13-02-071),,9.74,2000,https://services3.arcgis.com/dwv7XaFMgpPo7FSx/arcgis/rest/services/forets_communautaires/FeatureServer/0
ZIMIL (ZIENGA MILEME DE KOMPIA) (10-02-003),,16,2000,https://services3.arcgis.com/dwv7XaFMgpPo7FSx/arcgis/rest/services/forets_communautaires/FeatureServer/0
COVINKO (10-02-076),,50,2000,https://services3.arcgis.com/dwv7XaFMgpPo7FSx/arcgis/rest/services/forets_communautaires/FeatureServer/0
FRERES REUNIS (10-04-547),,45,2015,https://services3.arcgis.com/dwv7XaFMgpPo7FSx/arcgis/rest/services/forets_communautaires/FeatureServer/0
AFRM (MINTOM) (09-01-169),,50,2002,https://services3.arcgis.com/dwv7XaFMgpPo7FSx/arcgis/rest/services/forets_communautaires/FeatureServer/0
COMITÉ DE DEVELOPPEMENT DE DENGORO (10-03-646),,20,2016,https://services3.arcgis.com/dwv7XaFMgpPo7FSx/arcgis/rest/services/forets_communautaires/FeatureServer/0
COMMUNAUTE LAIKOM (13-01-009),,13.35,2000,https://services3.arcgis.com/dwv7XaFMgpPo7FSx/arcgis/rest/services/forets_communautaires/FeatureServer/0
ASSOCIATION KOUNGOULOU (10-02-015),,31.8,1998,https://services3.arcgis.com/dwv7XaFMgpPo7FSx/arcgis/rest/services/forets_communautaires/FeatureServer/0
ADRENKO (08-01-237),,26.15,2010,https://services3.arcgis.com/dwv7XaFMgpPo7FSx/arcgis/rest/services/forets_communautaires/FeatureServer/0
GIC NDJING MGBARE (08-04-309),,50,2006,https://services3.arcgis.com/dwv7XaFMgpPo7FSx/arcgis/rest/services/forets_communautaires/FeatureServer/0
GIC PAFM (10-04-455),,32.89,2010,https://services3.arcgis.com/dwv7XaFMgpPo7FSx/arcgis/rest/services/forets_communautaires/FeatureServer/0
BIMBIA BONADIKOMBO COMMUNITY (11-01-077),,37.35,2001,https://services3.arcgis.com/dwv7XaFMgpPo7FSx/arcgis/rest/services/forets_communautaires/FeatureServer/0
COMMUNAUTE YANG TINIFOINBIMULOIN (13-01-008),,13.01,2000,https://services3.arcgis.com/dwv7XaFMgpPo7FSx/arcgis/rest/services/forets_communautaires/FeatureServer/0
MINABADJEULAKA (10-01-379),,50,2007,https://services3.arcgis.com/dwv7XaFMgpPo7FSx/arcgis/rest/services/forets_communautaires/FeatureServer/0
PAYSANNE DE BILANGA KOMBE (08-04-060),,50,2000,https://services3.arcgis.com/dwv7XaFMgpPo7FSx/arcgis/rest/services/forets_communautaires/FeatureServer/0
GIC AVAB (10-02-534),,12.27,2013,https://services3.arcgis.com/dwv7XaFMgpPo7FSx/arcgis/rest/services/forets_communautaires/FeatureServer/0
GIC MBASSE (10-04-491),,22.37,2012,https://services3.arcgis.com/dwv7XaFMgpPo7FSx/arcgis/rest/services/forets_communautaires/FeatureServer/0
GIC IROKO (08-03-439),,50,2009,https://services3.arcgis.com/dwv7XaFMgpPo7FSx/arcgis/rest/services/forets_communautaires/FeatureServer/0
ACODELEMIT (10-01-444),,50,2009,https://services3.arcgis.com/dwv7XaFMgpPo7FSx/arcgis/rest/services/forets_communautaires/FeatureServer/0
GIC PROFOCOBO (08-03-173),,50,2002,https://services3.arcgis.com/dwv7XaFMgpPo7FSx/arcgis/rest/services/forets_communautaires/FeatureServer/0
GIJPMAN (09-01-240),,41,2003,https://services3.arcgis.com/dwv7XaFMgpPo7FSx/arcgis/rest/services/forets_communautaires/FeatureServer/0
APEJ (08-03-440),,50,2009,https://services3.arcgis.com/dwv7XaFMgpPo7FSx/arcgis/rest/services/forets_communautaires/FeatureServer/0
COMMUNAUTE DE NTANG (08-04-279),,50,2005,https://services3.arcgis.com/dwv7XaFMgpPo7FSx/arcgis/rest/services/forets_communautaires/FeatureServer/0
GIC AFEB (10-04-446),,44,2009,https://services3.arcgis.com/dwv7XaFMgpPo7FSx/arcgis/rest/services/forets_communautaires/FeatureServer/0
AJUNG COMMUNAUTE (13-01-011),,12.25,2000,https://services3.arcgis.com/dwv7XaFMgpPo7FSx/arcgis/rest/services/forets_communautaires/FeatureServer/0
AMBIS (08-10-239),,25,2004,https://services3.arcgis.com/dwv7XaFMgpPo7FSx/arcgis/rest/services/forets_communautaires/FeatureServer/0
ALCOBA (10-02-256),,27.71,2005,https://services3.arcgis.com/dwv7XaFMgpPo7FSx/arcgis/rest/services/forets_communautaires/FeatureServer/0
ALMA (09-04-247),,23.61,2004,https://services3.arcgis.com/dwv7XaFMgpPo7FSx/arcgis/rest/services/forets_communautaires/FeatureServer/0
COBAMNGOYLA (10-02-055),,35,2000,https://services3.arcgis.com/dwv7XaFMgpPo7FSx/arcgis/rest/services/forets_communautaires/FeatureServer/0
GIC DES AGROFORESTIERS D'ENDOUM (08-01-064),,50,2000,https://services3.arcgis.com/dwv7XaFMgpPo7FSx/arcgis/rest/services/forets_communautaires/FeatureServer/0
AFCAMBI (09-04-213),,12.5,2004,https://services3.arcgis.com/dwv7XaFMgpPo7FSx/arcgis/rest/services/forets_communautaires/FeatureServer/0
DECOMI (08-04-192),,50,2004,https://services3.arcgis.com/dwv7XaFMgpPo7FSx/arcgis/rest/services/forets_communautaires/FeatureServer/0
GIC LIEMGOUOTH ATTSIECK (10-03-522),,26,2013,https://services3.arcgis.com/dwv7XaFMgpPo7FSx/arcgis/rest/services/forets_communautaires/FeatureServer/0
GIC COMEEA (10-02-485),,21,2011,https://services3.arcgis.com/dwv7XaFMgpPo7FSx/arcgis/rest/services/forets_communautaires/FeatureServer/0
RASCOBA (10-02-314),,35.6,2003,https://services3.arcgis.com/dwv7XaFMgpPo7FSx/arcgis/rest/services/forets_communautaires/FeatureServer/0
AJAM de Mboutokong (09-01-663),,49.28,2016,https://services3.arcgis.com/dwv7XaFMgpPo7FSx/arcgis/rest/services/forets_communautaires/FeatureServer/0
AFFOD (FC DJOUTH I) (10-03-390),,8.95,2008,https://services3.arcgis.com/dwv7XaFMgpPo7FSx/arcgis/rest/services/forets_communautaires/FeatureServer/0
GIC BOUZA ZIDER (467),,45.91,2011,https://services3.arcgis.com/dwv7XaFMgpPo7FSx/arcgis/rest/services/forets_communautaires/FeatureServer/0
SOLIDARITE (09-01-172),,50,2002,https://services3.arcgis.com/dwv7XaFMgpPo7FSx/arcgis/rest/services/forets_communautaires/FeatureServer/0
GIC KAMBO LEPPI DE TIKONDI (10-03-647),,37.32,2016,https://services3.arcgis.com/dwv7XaFMgpPo7FSx/arcgis/rest/services/forets_communautaires/FeatureServer/0
APDD (08-04-121),,48,2001,https://services3.arcgis.com/dwv7XaFMgpPo7FSx/arcgis/rest/services/forets_communautaires/FeatureServer/0
GIC JAN (08-04-157),,50,2002,https://services3.arcgis.com/dwv7XaFMgpPo7FSx/arcgis/rest/services/forets_communautaires/FeatureServer/0
ASPAMIMA (10-02-358),,12.65,2006,https://services3.arcgis.com/dwv7XaFMgpPo7FSx/arcgis/rest/services/forets_communautaires/FeatureServer/0
AGROF-SAK (10-01-658),,50,2016,https://services3.arcgis.com/dwv7XaFMgpPo7FSx/arcgis/rest/services/forets_communautaires/FeatureServer/0
PERSEVERANCE (675),,50,2016,https://services3.arcgis.com/dwv7XaFMgpPo7FSx/arcgis/rest/services/forets_communautaires/FeatureServer/0
AFCVB DE BEHONDO (09-03-380),,45.21,2016,https://services3.arcgis.com/dwv7XaFMgpPo7FSx/arcgis/rest/services/forets_communautaires/FeatureServer/0
AGRICULTEURS DE BIFOUM (09-03-680),,22.85,2017,https://services3.arcgis.com/dwv7XaFMgpPo7FSx/arcgis/rest/services/forets_communautaires/FeatureServer/0
EABC (10-04-465),,49.71,2015,https://services3.arcgis.com/dwv7XaFMgpPo7FSx/arcgis/rest/services/forets_communautaires/FeatureServer/0
KOMOKOSO (10-04-652),,50,2016,https://services3.arcgis.com/dwv7XaFMgpPo7FSx/arcgis/rest/services/forets_communautaires/FeatureServer/0
AKONETYE-SAKE CODAS (09-01-662),,50,2016,https://services3.arcgis.com/dwv7XaFMgpPo7FSx/arcgis/rest/services/forets_communautaires/FeatureServer/0
COBISSAD (10-02-642),,37.94,2016,https://services3.arcgis.com/dwv7XaFMgpPo7FSx/arcgis/rest/services/forets_communautaires/FeatureServer/0
ADECOMAN (10-02-640),,48.35,2016,https://services3.arcgis.com/dwv7XaFMgpPo7FSx/arcgis/rest/services/forets_communautaires/FeatureServer/0
NYANGO KOATO (10-02-638),,35.4,2016,https://services3.arcgis.com/dwv7XaFMgpPo7FSx/arcgis/rest/services/forets_communautaires/FeatureServer/0
COZANE (10-02-608),,17.24,2015,https://services3.arcgis.com/dwv7XaFMgpPo7FSx/arcgis/rest/services/forets_communautaires/FeatureServer/0
NDJAMBE AHANGAYA (09-01-594),,49.83,2016,https://services3.arcgis.com/dwv7XaFMgpPo7FSx/arcgis/rest/services/forets_communautaires/FeatureServer/0
MOTNEBIAN (10-04-607),,36.05,2015,https://services3.arcgis.com/dwv7XaFMgpPo7FSx/arcgis/rest/services/forets_communautaires/FeatureServer/0
MADOUMA (10-02-582),,38.9,2015,https://services3.arcgis.com/dwv7XaFMgpPo7FSx/arcgis/rest/services/forets_communautaires/FeatureServer/0
ZONDJOGNOUL DE BIENEMAMA-ANCIEN (09-01-620),,50,2015,https://services3.arcgis.com/dwv7XaFMgpPo7FSx/arcgis/rest/services/forets_communautaires/FeatureServer/0
COMMUNAUTES VILLAGEOISES RIVERIANES (08-01-597),,23.76,,https://services3.arcgis.com/dwv7XaFMgpPo7FSx/arcgis/rest/services/forets_communautaires/FeatureServer/0
REBACBI (09-01-614),,50,2015,https://services3.arcgis.com/dwv7XaFMgpPo7FSx/arcgis/rest/services/forets_communautaires/FeatureServer/0
ASCONNED (10-02-604),,14.2,2015,https://services3.arcgis.com/dwv7XaFMgpPo7FSx/arcgis/rest/services/forets_communautaires/FeatureServer/0
KABIYEN (09-02-591),,47.75,2015,https://services3.arcgis.com/dwv7XaFMgpPo7FSx/arcgis/rest/services/forets_communautaires/FeatureServer/0
BILIK (09-04-589),,30.8,2016,https://services3.arcgis.com/dwv7XaFMgpPo7FSx/arcgis/rest/services/forets_communautaires/FeatureServer/0
PLANTEURS DE LESSOU (10-02-618),,41.5,2015,https://services3.arcgis.com/dwv7XaFMgpPo7FSx/arcgis/rest/services/forets_communautaires/FeatureServer/0
DING NKOUOM (10-04-585),,31,2015,https://services3.arcgis.com/dwv7XaFMgpPo7FSx/arcgis/rest/services/forets_communautaires/FeatureServer/0
SERDUFCON (08-08-601),,13.2,2015,https://services3.arcgis.com/dwv7XaFMgpPo7FSx/arcgis/rest/services/forets_communautaires/FeatureServer/0
JPVB (08-08-322),,3.15,2005,https://services3.arcgis.com/dwv7XaFMgpPo7FSx/arcgis/rest/services/forets_communautaires/FeatureServer/0
ZANGANA-FO (10-04-575),,50,2015,https://services3.arcgis.com/dwv7XaFMgpPo7FSx/arcgis/rest/services/forets_communautaires/FeatureServer/0
ONYONG DE MBESSELBOT (10-03-586),,26.46,2015,https://services3.arcgis.com/dwv7XaFMgpPo7FSx/arcgis/rest/services/forets_communautaires/FeatureServer/0
KBNRMC (11-05-617),,14.2,2015,https://services3.arcgis.com/dwv7XaFMgpPo7FSx/arcgis/rest/services/forets_communautaires/FeatureServer/0
MALOUM (10-04-602),,49.88,2015,https://services3.arcgis.com/dwv7XaFMgpPo7FSx/arcgis/rest/services/forets_communautaires/FeatureServer/0
GIC KOMBO-TANA (10-04-576),,50,2014,https://services3.arcgis.com/dwv7XaFMgpPo7FSx/arcgis/rest/services/forets_communautaires/FeatureServer/0
ESSOUOM DE DJOKNEPOUM (10-03-610),,20,2015,https://services3.arcgis.com/dwv7XaFMgpPo7FSx/arcgis/rest/services/forets_communautaires/FeatureServer/0
APHODYM DE MAMPANG (10-02-592),,38.67,2016,https://services3.arcgis.com/dwv7XaFMgpPo7FSx/arcgis/rest/services/forets_communautaires/FeatureServer/0
LA GRACE DE DIEU (10-03-587),,42.21,2015,https://services3.arcgis.com/dwv7XaFMgpPo7FSx/arcgis/rest/services/forets_communautaires/FeatureServer/0
BILIK-EKOUMDOUM (AFCOBIK) (09-02-603),,26,2015,https://services3.arcgis.com/dwv7XaFMgpPo7FSx/arcgis/rest/services/forets_communautaires/FeatureServer/0
NKOULZEMB (09-01-583),,49.9,2015,https://services3.arcgis.com/dwv7XaFMgpPo7FSx/arcgis/rest/services/forets_communautaires/FeatureServer/0
GIC FABE (10-02-593),,22.53,2016,https://services3.arcgis.com/dwv7XaFMgpPo7FSx/arcgis/rest/services/forets_communautaires/FeatureServer/0
MBGARGUEL (10-04-667),,50,2016,https://services3.arcgis.com/dwv7XaFMgpPo7FSx/arcgis/rest/services/forets_communautaires/FeatureServer/0
COBAYAN (10-02-670),,47.74,2016,https://services3.arcgis.com/dwv7XaFMgpPo7FSx/arcgis/rest/services/forets_communautaires/FeatureServer/0
ADESCEN (08-01-674),,48.55,2016,https://services3.arcgis.com/dwv7XaFMgpPo7FSx/arcgis/rest/services/forets_communautaires/FeatureServer/0
BONANDO (SCOOPS/CODE AJB) (10-02-675),,18.61,2016,https://services3.arcgis.com/dwv7XaFMgpPo7FSx/arcgis/rest/services/forets_communautaires/FeatureServer/0
CAMFFA (10-04-676),,32,2016,https://services3.arcgis.com/dwv7XaFMgpPo7FSx/arcgis/rest/services/forets_communautaires/FeatureServer/0
AFENN-DIMAKO (10-02-677),,37.98,2016,https://services3.arcgis.com/dwv7XaFMgpPo7FSx/arcgis/rest/services/forets_communautaires/FeatureServer/0
LES BOUGEURS DE SAMBE (ABS) (10-03-678),,32.63,2016,https://services3.arcgis.com/dwv7XaFMgpPo7FSx/arcgis/rest/services/forets_communautaires/FeatureServer/0
TRAPEN DE NSOLA (09-03-679),,48.68,2016,https://services3.arcgis.com/dwv7XaFMgpPo7FSx/arcgis/rest/services/forets_communautaires/FeatureServer/0
CODAT (09-03-682),,33.78,2016,https://services3.arcgis.com/dwv7XaFMgpPo7FSx/arcgis/rest/services/forets_communautaires/FeatureServer/0
OH NE OH (10-01-683),,46.74,2017,https://services3.arcgis.com/dwv7XaFMgpPo7FSx/arcgis/rest/services/forets_communautaires/FeatureServer/0
EMERGENCE DE PATER (10-03-685),,30,2016,https://services3.arcgis.com/dwv7XaFMgpPo7FSx/arcgis/rest/services/forets_communautaires/FeatureServer/0
AGRICULTEURS DE DIMBAM/HOROH (10-04-686),,50,2016,https://services3.arcgis.com/dwv7XaFMgpPo7FSx/arcgis/rest/services/forets_communautaires/FeatureServer/0
SCOOPS/COVITE (10-04-687),,49.84,2016,https://services3.arcgis.com/dwv7XaFMgpPo7FSx/arcgis/rest/services/forets_communautaires/FeatureServer/0
MBO`O NGWAT WA PIC DUM (10-01-688),,46.43,2017,https://services3.arcgis.com/dwv7XaFMgpPo7FSx/arcgis/rest/services/forets_communautaires/FeatureServer/0
GAJERMA (08-08-671),,49.3,2016,https://services3.arcgis.com/dwv7XaFMgpPo7FSx/arcgis/rest/services/forets_communautaires/FeatureServer/0
DJOKO (10-02-669),,48.59,2016,https://services3.arcgis.com/dwv7XaFMgpPo7FSx/arcgis/rest/services/forets_communautaires/FeatureServer/0
AGRICULTEURS MODERNE DE MAMBE-INSHA ALLAH (08-04-672),,46,2016,https://services3.arcgis.com/dwv7XaFMgpPo7FSx/arcgis/rest/services/forets_communautaires/FeatureServer/0
MANGBETE (10-04-664),,40,2016,https://services3.arcgis.com/dwv7XaFMgpPo7FSx/arcgis/rest/services/forets_communautaires/FeatureServer/0
ACOMIME (09-04),,41.18,,https://services3.arcgis.com/dwv7XaFMgpPo7FSx/arcgis/rest/services/forets_communautaires/FeatureServer/0
TAMBA-GAREH (08-01-580),,50,2015,https://services3.arcgis.com/dwv7XaFMgpPo7FSx/arcgis/rest/services/forets_communautaires/FeatureServer/0
ASSAGRIMEN (08-01),,45.26,,https://services3.arcgis.com/dwv7XaFMgpPo7FSx/arcgis/rest/services/forets_communautaires/FeatureServer/0
ACJAB (08-01-581),,38.5,2015,https://services3.arcgis.com/dwv7XaFMgpPo7FSx/arcgis/rest/services/forets_communautaires/FeatureServer/0
FEMMES ET DEVELOPPEMENT D'ESSANGMVOUT (09-01-526),,26.39,2017,https://services3.arcgis.com/dwv7XaFMgpPo7FSx/arcgis/rest/services/forets_communautaires/FeatureServer/0
NLEM WUA D'EMVIENG II (09-01-525),,34.21,2017,https://services3.arcgis.com/dwv7XaFMgpPo7FSx/arcgis/rest/services/forets_communautaires/FeatureServer/0
GBENMO (10-04-673),,48.62,2017,https://services3.arcgis.com/dwv7XaFMgpPo7FSx/arcgis/rest/services/forets_communautaires/FeatureServer/0
SE'EKAMILIEM BIWALA I (10-01-221),,50,2017,https://services3.arcgis.com/dwv7XaFMgpPo7FSx/arcgis/rest/services/forets_communautaires/FeatureServer/0
ASKWAMO (09-01-666),,43.22,2017,https://services3.arcgis.com/dwv7XaFMgpPo7FSx/arcgis/rest/services/forets_communautaires/FeatureServer/0
KO'OMO (10-04-529),,49.18,2017,https://services3.arcgis.com/dwv7XaFMgpPo7FSx/arcgis/rest/services/forets_communautaires/FeatureServer/0
EMEN (09-01-609),,32.37,2015,https://services3.arcgis.com/dwv7XaFMgpPo7FSx/arcgis/rest/services/forets_communautaires/FeatureServer/0
NOSAFCAM (10-04-693),,50,2017,https://services3.arcgis.com/dwv7XaFMgpPo7FSx/arcgis/rest/services/forets_communautaires/FeatureServer/0
APGEN (10-01-711),,50,2018,https://services3.arcgis.com/dwv7XaFMgpPo7FSx/arcgis/rest/services/forets_communautaires/FeatureServer/0
AGROFORESTIER D'OULDIK (10-02-696),,20.58,2017,https://services3.arcgis.com/dwv7XaFMgpPo7FSx/arcgis/rest/services/forets_communautaires/FeatureServer/0
AMIS DE MBALENGUE (10-02-692),,34.13,2017,https://services3.arcgis.com/dwv7XaFMgpPo7FSx/arcgis/rest/services/forets_communautaires/FeatureServer/0
FOSTENG (10-04-694),,27.28,2017,https://services3.arcgis.com/dwv7XaFMgpPo7FSx/arcgis/rest/services/forets_communautaires/FeatureServer/0
SCOOP-CA/SEL (10-04-690),,50,2017,https://services3.arcgis.com/dwv7XaFMgpPo7FSx/arcgis/rest/services/forets_communautaires/FeatureServer/0
BANCK (11-04-697),,48.74,2018,https://services3.arcgis.com/dwv7XaFMgpPo7FSx/arcgis/rest/services/forets_communautaires/FeatureServer/0
AGRICULTEURS D'AKOABAS (505),,49.94,,https://services3.arcgis.com/dwv7XaFMgpPo7FSx/arcgis/rest/services/forets_communautaires/FeatureServer/0
10-03,,,,https://services3.arcgis.com/dwv7XaFMgpPo7FSx/arcgis/rest/services/forets_communautaires/FeatureServer/0
MOSSE (07-02-529),,18.5,,https://services3.arcgis.com/dwv7XaFMgpPo7FSx/arcgis/rest/services/forets_communautaires/FeatureServer/0
AGRAFES (10-04-566),,35,2016,https://services3.arcgis.com/dwv7XaFMgpPo7FSx/arcgis/rest/services/forets_communautaires/FeatureServer/0
MEBANG (504),,45,,https://services3.arcgis.com/dwv7XaFMgpPo7FSx/arcgis/rest/services/forets_communautaires/FeatureServer/0
TOKPASI (0003),,32.7,,https://services3.arcgis.com/dwv7XaFMgpPo7FSx/arcgis/rest/services/forets_communautaires/FeatureServer/0
ESSANGMVOUT (PNUD) (09-01-526),,14.23,,https://services3.arcgis.com/dwv7XaFMgpPo7FSx/arcgis/rest/services/forets_communautaires/FeatureServer/0
GIC AFE (09-03-486),,30,2012,https://services3.arcgis.com/dwv7XaFMgpPo7FSx/arcgis/rest/services/forets_communautaires/FeatureServer/0
S'AA YO (10-01-519),,47.62,2018,https://services3.arcgis.com/dwv7XaFMgpPo7FSx/arcgis/rest/services/forets_communautaires/FeatureServer/0
KONGA (10-03-705),,50,2017,https://services3.arcgis.com/dwv7XaFMgpPo7FSx/arcgis/rest/services/forets_communautaires/FeatureServer/0
APEP (10-02-632),,17.43,2017,https://services3.arcgis.com/dwv7XaFMgpPo7FSx/arcgis/rest/services/forets_communautaires/FeatureServer/0
CHAMPS VERTS DE MOAMPACK (10-01-703),,42.5,2017,https://services3.arcgis.com/dwv7XaFMgpPo7FSx/arcgis/rest/services/forets_communautaires/FeatureServer/0
LDD (0017),,24.02,,https://services3.arcgis.com/dwv7XaFMgpPo7FSx/arcgis/rest/services/forets_communautaires/FeatureServer/0
SEZOBOTH DE PEPO-ESSENGBOT (10-03-701),,27.7,2017,https://services3.arcgis.com/dwv7XaFMgpPo7FSx/arcgis/rest/services/forets_communautaires/FeatureServer/0
GIC SANGULU (09-03-700),,14.65,2017,https://services3.arcgis.com/dwv7XaFMgpPo7FSx/arcgis/rest/services/forets_communautaires/FeatureServer/0
AFERE (10-03-684),,32,2017,https://services3.arcgis.com/dwv7XaFMgpPo7FSx/arcgis/rest/services/forets_communautaires/FeatureServer/0
SCOOPS COVIM (10-04-702),,48.1,2017,https://services3.arcgis.com/dwv7XaFMgpPo7FSx/arcgis/rest/services/forets_communautaires/FeatureServer/0
LA PETITE FORESTIERE (704),,48.89,2017,https://services3.arcgis.com/dwv7XaFMgpPo7FSx/arcgis/rest/services/forets_communautaires/FeatureServer/0
WADJA DE WOUTCHABA (10-04-691),,50,2017,https://services3.arcgis.com/dwv7XaFMgpPo7FSx/arcgis/rest/services/forets_communautaires/FeatureServer/0
AVANCONS-NOUS DE BANDEKOK (10-01-706),,47.93,2017,https://services3.arcgis.com/dwv7XaFMgpPo7FSx/arcgis/rest/services/forets_communautaires/FeatureServer/0
MBENGA DE NIMISS (10-03-606),,20.6,2017,https://services3.arcgis.com/dwv7XaFMgpPo7FSx/arcgis/rest/services/forets_communautaires/FeatureServer/0
AKAK OYILI (GICACA) (09-03-039),,50,2000,https://services3.arcgis.com/dwv7XaFMgpPo7FSx/arcgis/rest/services/forets_communautaires/FeatureServer/0
EMERDI 17,,50,,https://services3.arcgis.com/dwv7XaFMgpPo7FSx/arcgis/rest/services/forets_communautaires/FeatureServer/0
ZEP LADJESSA DE MOMBEL I (10-03-712),,15.15,2017,https://services3.arcgis.com/dwv7XaFMgpPo7FSx/arcgis/rest/services/forets_communautaires/FeatureServer/0
DEMO PINOU DE MBITOM (10-04-709),,47.42,2017,https://services3.arcgis.com/dwv7XaFMgpPo7FSx/arcgis/rest/services/forets_communautaires/FeatureServer/0
ASKOMEMKA (10-02-713),,28.1,2017,https://services3.arcgis.com/dwv7XaFMgpPo7FSx/arcgis/rest/services/forets_communautaires/FeatureServer/0
SOUEKA MENGUEL (10-01-714),,49,2017,https://services3.arcgis.com/dwv7XaFMgpPo7FSx/arcgis/rest/services/forets_communautaires/FeatureServer/0
ASGENTEM (719),,35.38,2017,https://services3.arcgis.com/dwv7XaFMgpPo7FSx/arcgis/rest/services/forets_communautaires/FeatureServer/0
ASUDEPM (09-01-718),,50,2017,https://services3.arcgis.com/dwv7XaFMgpPo7FSx/arcgis/rest/services/forets_communautaires/FeatureServer/0
LA CHANCE (10-04-524),,34.04,2018,https://services3.arcgis.com/dwv7XaFMgpPo7FSx/arcgis/rest/services/forets_communautaires/FeatureServer/0
BESSAYE de Mboukou,,50,2018,https://services3.arcgis.com/dwv7XaFMgpPo7FSx/arcgis/rest/services/forets_communautaires/FeatureServer/0
APENGO-120 (10-01-721),,50,2018,https://services3.arcgis.com/dwv7XaFMgpPo7FSx/arcgis/rest/services/forets_communautaires/FeatureServer/0
FOIZERKO (10-04-726),,48.92,2018,https://services3.arcgis.com/dwv7XaFMgpPo7FSx/arcgis/rest/services/forets_communautaires/FeatureServer/0
Essayons Voir de Mbitom (734),,48.84,2018,https://services3.arcgis.com/dwv7XaFMgpPo7FSx/arcgis/rest/services/forets_communautaires/FeatureServer/0
BELKO'O (FOCAB) (725),,49.89,2018,https://services3.arcgis.com/dwv7XaFMgpPo7FSx/arcgis/rest/services/forets_communautaires/FeatureServer/0
MAWAMBI HILS (733),,45.58,2018,https://services3.arcgis.com/dwv7XaFMgpPo7FSx/arcgis/rest/services/forets_communautaires/FeatureServer/0
FOCACULTE (729),,49.67,2018,https://services3.arcgis.com/dwv7XaFMgpPo7FSx/arcgis/rest/services/forets_communautaires/FeatureServer/0
BIPEN (730),,50,2018,https://services3.arcgis.com/dwv7XaFMgpPo7FSx/arcgis/rest/services/forets_communautaires/FeatureServer/0
KOSSA-YOSSIO (732),,40,2018,https://services3.arcgis.com/dwv7XaFMgpPo7FSx/arcgis/rest/services/forets_communautaires/FeatureServer/0
ASFOCOME (09-04-711),,50,2018,https://services3.arcgis.com/dwv7XaFMgpPo7FSx/arcgis/rest/services/forets_communautaires/FeatureServer/0
SELABO (738),,45.09,2018,https://services3.arcgis.com/dwv7XaFMgpPo7FSx/arcgis/rest/services/forets_communautaires/FeatureServer/0
HMS (0009),,32.2,,https://services3.arcgis.com/dwv7XaFMgpPo7FSx/arcgis/rest/services/forets_communautaires/FeatureServer/0
0021,,,,https://services3.arcgis.com/dwv7XaFMgpPo7FSx/arcgis/rest/services/forets_communautaires/FeatureServer/0
EE-DE (739),,50,2018,https://services3.arcgis.com/dwv7XaFMgpPo7FSx/arcgis/rest/services/forets_communautaires/FeatureServer/0
TERRE NEUVE DE NGOAMBANG (731),,27.29,2018,https://services3.arcgis.com/dwv7XaFMgpPo7FSx/arcgis/rest/services/forets_communautaires/FeatureServer/0
BOUFEK (753),,13.5,2018,https://services3.arcgis.com/dwv7XaFMgpPo7FSx/arcgis/rest/services/forets_communautaires/FeatureServer/0
SOUHE (0025),,38.96,2018,https://services3.arcgis.com/dwv7XaFMgpPo7FSx/arcgis/rest/services/forets_communautaires/FeatureServer/0
AAFED (716),,25.2,2018,https://services3.arcgis.com/dwv7XaFMgpPo7FSx/arcgis/rest/services/forets_communautaires/FeatureServer/0
ADBAM (751),,50,2018,https://services3.arcgis.com/dwv7XaFMgpPo7FSx/arcgis/rest/services/forets_communautaires/FeatureServer/0
GIC FOFFA DE KANDA (10-02-493),,47.12,2013,https://services3.arcgis.com/dwv7XaFMgpPo7FSx/arcgis/rest/services/forets_communautaires/FeatureServer/0
PAYIGA BAYONG (10-02-312),,50,2005,https://services3.arcgis.com/dwv7XaFMgpPo7FSx/arcgis/rest/services/forets_communautaires/FeatureServer/0
RINTEL (10-02-488),,50,,https://services3.arcgis.com/dwv7XaFMgpPo7FSx/arcgis/rest/services/forets_communautaires/FeatureServer/0
PLACAVI de KPWA (08-08-681),,36.25,2016,https://services3.arcgis.com/dwv7XaFMgpPo7FSx/arcgis/rest/services/forets_communautaires/FeatureServer/0
AFOUA NNAM (09-03-221),,29.73,2017,https://services3.arcgis.com/dwv7XaFMgpPo7FSx/arcgis/rest/services/forets_communautaires/FeatureServer/0
BEET COMMUNITY,,32.01,2018,https://services3.arcgis.com/dwv7XaFMgpPo7FSx/arcgis/rest/services/forets_communautaires/FeatureServer/0
COMDEVMI (720),,47.36,,https://services3.arcgis.com/dwv7XaFMgpPo7FSx/arcgis/rest/services/forets_communautaires/FeatureServer/0
PROKAK (724),,30.78,2018,https://services3.arcgis.com/dwv7XaFMgpPo7FSx/arcgis/rest/services/forets_communautaires/FeatureServer/0
CODEKOUM (728),,50,2018,https://services3.arcgis.com/dwv7XaFMgpPo7FSx/arcgis/rest/services/forets_communautaires/FeatureServer/0
VICOMAN (0008),,38.8,,https://services3.arcgis.com/dwv7XaFMgpPo7FSx/arcgis/rest/services/forets_communautaires/FeatureServer/0
ADH M2 03 (0005),,37.7,,https://services3.arcgis.com/dwv7XaFMgpPo7FSx/arcgis/rest/services/forets_communautaires/FeatureServer/0
CHARITE (0015),,27.67,,https://services3.arcgis.com/dwv7XaFMgpPo7FSx/arcgis/rest/services/forets_communautaires/FeatureServer/0
KEB COMMUNTY FROEST (KEB CF CIG) (754),,47.77,2018,https://services3.arcgis.com/dwv7XaFMgpPo7FSx/arcgis/rest/services/forets_communautaires/FeatureServer/0
MOO-OI-TOM (756),,44.5,2019,https://services3.arcgis.com/dwv7XaFMgpPo7FSx/arcgis/rest/services/forets_communautaires/FeatureServer/0
DETI (757),,42,2018,https://services3.arcgis.com/dwv7XaFMgpPo7FSx/arcgis/rest/services/forets_communautaires/FeatureServer/0
BE-BOULI (0016),,50,,https://services3.arcgis.com/dwv7XaFMgpPo7FSx/arcgis/rest/services/forets_communautaires/FeatureServer/0
MBENAM (722),,39.82,2018,https://services3.arcgis.com/dwv7XaFMgpPo7FSx/arcgis/rest/services/forets_communautaires/FeatureServer/0
NUTO WENNA (745),,41.41,2018,https://services3.arcgis.com/dwv7XaFMgpPo7FSx/arcgis/rest/services/forets_communautaires/FeatureServer/0
DJUACKA (749),,24.27,2019,https://services3.arcgis.com/dwv7XaFMgpPo7FSx/arcgis/rest/services/forets_communautaires/FeatureServer/0
KAME (10-02-615),,23,2015,https://services3.arcgis.com/dwv7XaFMgpPo7FSx/arcgis/rest/services/forets_communautaires/FeatureServer/0
TCHILA DE MENDIM (10-02-508),,23.98,2017,https://services3.arcgis.com/dwv7XaFMgpPo7FSx/arcgis/rest/services/forets_communautaires/FeatureServer/0
CHOU-CHOU TSIC-TSIC de Djende II (10-02-612),,28.1,2015,https://services3.arcgis.com/dwv7XaFMgpPo7FSx/arcgis/rest/services/forets_communautaires/FeatureServer/0
WALEGOU DE DAIGUENE (10-04-787),,31.97,2018,https://services3.arcgis.com/dwv7XaFMgpPo7FSx/arcgis/rest/services/forets_communautaires/FeatureServer/0
BEGOLA (727),,44.76,2018,https://services3.arcgis.com/dwv7XaFMgpPo7FSx/arcgis/rest/services/forets_communautaires/FeatureServer/0
AKWONDOK,,23,,https://services3.arcgis.com/dwv7XaFMgpPo7FSx/arcgis/rest/services/forets_communautaires/FeatureServer/0
WAWA (765),,48.5,2019,https://services3.arcgis.com/dwv7XaFMgpPo7FSx/arcgis/rest/services/forets_communautaires/FeatureServer/0
HORIZON VERT DE KONTCHA (779),,31.5,2011,https://services3.arcgis.com/dwv7XaFMgpPo7FSx/arcgis/rest/services/forets_communautaires/FeatureServer/0
PROADER (10-04-789),,42.27,2019,https://services3.arcgis.com/dwv7XaFMgpPo7FSx/arcgis/rest/services/forets_communautaires/FeatureServer/0
DAA-BONA (767),,50,,https://services3.arcgis.com/dwv7XaFMgpPo7FSx/arcgis/rest/services/forets_communautaires/FeatureServer/0
VIVONS ENSEMBLE DE BANGUE (773),,49.06,2019,https://services3.arcgis.com/dwv7XaFMgpPo7FSx/arcgis/rest/services/forets_communautaires/FeatureServer/0
ASSOCIATION NOUVELLE GENERATION (781),,39.08,2019,https://services3.arcgis.com/dwv7XaFMgpPo7FSx/arcgis/rest/services/forets_communautaires/FeatureServer/0
HORIZON 2035 (780),,23.75,2019,https://services3.arcgis.com/dwv7XaFMgpPo7FSx/arcgis/rest/services/forets_communautaires/FeatureServer/0
KOUALA SANY (771),,39.6,2019,https://services3.arcgis.com/dwv7XaFMgpPo7FSx/arcgis/rest/services/forets_communautaires/FeatureServer/0
SCOOP-YOYO (747),,48.65,2019,https://services3.arcgis.com/dwv7XaFMgpPo7FSx/arcgis/rest/services/forets_communautaires/FeatureServer/0
SCOOP MOUNYAL (737),,48.5,2019,https://services3.arcgis.com/dwv7XaFMgpPo7FSx/arcgis/rest/services/forets_communautaires/FeatureServer/0
SCOOP LINGIUM (736),,50,2019,https://services3.arcgis.com/dwv7XaFMgpPo7FSx/arcgis/rest/services/forets_communautaires/FeatureServer/0
BENASSAGA YENA DE KELEMBA (772),,35.3,2019,https://services3.arcgis.com/dwv7XaFMgpPo7FSx/arcgis/rest/services/forets_communautaires/FeatureServer/0
SOCOOPROMAN-COOPA (770),,50,2019,https://services3.arcgis.com/dwv7XaFMgpPo7FSx/arcgis/rest/services/forets_communautaires/FeatureServer/0
SOLIDARITE_KPASSA_TAMO_MONAI (777),,48.19,2019,https://services3.arcgis.com/dwv7XaFMgpPo7FSx/arcgis/rest/services/forets_communautaires/FeatureServer/0
ZIPABOUEL de Bembouta (778),,26.88,2019,https://services3.arcgis.com/dwv7XaFMgpPo7FSx/arcgis/rest/services/forets_communautaires/FeatureServer/0
BIWIEGUI_DE_PAYA1_ET_MBIALIMINTOM (782),,47.97,2019,https://services3.arcgis.com/dwv7XaFMgpPo7FSx/arcgis/rest/services/forets_communautaires/FeatureServer/0
SCOOPS MONDJEPOUM (10-01-786),,32.23,2019,https://services3.arcgis.com/dwv7XaFMgpPo7FSx/arcgis/rest/services/forets_communautaires/FeatureServer/0
BO NE BO LA MAIN DANS LA MAIN (10-03-784),,42.05,2019,https://services3.arcgis.com/dwv7XaFMgpPo7FSx/arcgis/rest/services/forets_communautaires/FeatureServer/0
TEMO WETE (09-01-783),,43.55,2019,https://services3.arcgis.com/dwv7XaFMgpPo7FSx/arcgis/rest/services/forets_communautaires/FeatureServer/0
KENAM-NAM (785),,49.6,2019,https://services3.arcgis.com/dwv7XaFMgpPo7FSx/arcgis/rest/services/forets_communautaires/FeatureServer/0
NGAIKADA (790),,50,2019,https://services3.arcgis.com/dwv7XaFMgpPo7FSx/arcgis/rest/services/forets_communautaires/FeatureServer/0
ENTENTE DE DJOUYAYA (10-02-788),,19.82,2019,https://services3.arcgis.com/dwv7XaFMgpPo7FSx/arcgis/rest/services/forets_communautaires/FeatureServer/0
LA GRACE DE ZINGUI,,2.3,,https://services3.arcgis.com/dwv7XaFMgpPo7FSx/arcgis/rest/services/forets_communautaires/FeatureServer/0
PLANNET BUSNESS DE NDANGA DENGUE (10-04-798),,34.83,2019,https://services3.arcgis.com/dwv7XaFMgpPo7FSx/arcgis/rest/services/forets_communautaires/FeatureServer/0
CODIMOV,,,,https://services3.arcgis.com/dwv7XaFMgpPo7FSx/arcgis/rest/services/forets_communautaires/FeatureServer/0
GIC VERT (08-01),,45,,https://services3.arcgis.com/dwv7XaFMgpPo7FSx/arcgis/rest/services/forets_communautaires/FeatureServer/0
GIC NSO NGON (08-01-815),,41.5,2019,https://services3.arcgis.com/dwv7XaFMgpPo7FSx/arcgis/rest/services/forets_communautaires/FeatureServer/0
GIC AFROSA (08-01-797),,50,2019,https://services3.arcgis.com/dwv7XaFMgpPo7FSx/arcgis/rest/services/forets_communautaires/FeatureServer/0
ASS TRANSFO,,50,,https://services3.arcgis.com/dwv7XaFMgpPo7FSx/arcgis/rest/services/forets_communautaires/FeatureServer/0
ASS PLAN SANAGA (08-01-794),,39.6,2019,https://services3.arcgis.com/dwv7XaFMgpPo7FSx/arcgis/rest/services/forets_communautaires/FeatureServer/0
APANE (08-01-793),,39.1,2019,https://services3.arcgis.com/dwv7XaFMgpPo7FSx/arcgis/rest/services/forets_communautaires/FeatureServer/0
AGREF (08-01-795),,42.75,2019,https://services3.arcgis.com/dwv7XaFMgpPo7FSx/arcgis/rest/services/forets_communautaires/FeatureServer/0
KO A DJANG KO (791),,41.33,2019,https://services3.arcgis.com/dwv7XaFMgpPo7FSx/arcgis/rest/services/forets_communautaires/FeatureServer/0
SODA DE SARANG (806),,30.05,2019,https://services3.arcgis.com/dwv7XaFMgpPo7FSx/arcgis/rest/services/forets_communautaires/FeatureServer/0
RASSEMBLEUR (769),,25.04,2019,https://services3.arcgis.com/dwv7XaFMgpPo7FSx/arcgis/rest/services/forets_communautaires/FeatureServer/0
GIC_AGROPASTORAL_GBASARA_DE_DIR (803),,50,2019,https://services3.arcgis.com/dwv7XaFMgpPo7FSx/arcgis/rest/services/forets_communautaires/FeatureServer/0
GIC_GBADAM_DE_DIR (802),,50,2019,https://services3.arcgis.com/dwv7XaFMgpPo7FSx/arcgis/rest/services/forets_communautaires/FeatureServer/0
GIC_MOIMA_A_PANGAR_DE_DIR,,50,2019,https://services3.arcgis.com/dwv7XaFMgpPo7FSx/arcgis/rest/services/forets_communautaires/FeatureServer/0
GIC LENA DADI (800),,48.53,2019,https://services3.arcgis.com/dwv7XaFMgpPo7FSx/arcgis/rest/services/forets_communautaires/FeatureServer/0
LEUJIE COMMUNITY FOREST (11-04-810),,25.45,2019,https://services3.arcgis.com/dwv7XaFMgpPo7FSx/arcgis/rest/services/forets_communautaires/FeatureServer/0
GIC MEKEL METOMBA (10-01-805),,46.92,2019,https://services3.arcgis.com/dwv7XaFMgpPo7FSx/arcgis/rest/services/forets_communautaires/FeatureServer/0
GIC MAMANG (804),,45.97,2019,https://services3.arcgis.com/dwv7XaFMgpPo7FSx/arcgis/rest/services/forets_communautaires/FeatureServer/0
GIC SEPONGO (809),,50,2019,https://services3.arcgis.com/dwv7XaFMgpPo7FSx/arcgis/rest/services/forets_communautaires/FeatureServer/0
APAM 3 YEM (766),,21.2,2019,https://services3.arcgis.com/dwv7XaFMgpPo7FSx/arcgis/rest/services/forets_communautaires/FeatureServer/0
GIC APS ALPHA (10-04-807),,50,2019,https://services3.arcgis.com/dwv7XaFMgpPo7FSx/arcgis/rest/services/forets_communautaires/FeatureServer/0
GIC NDOYAMA DOKA (10-04-796),,19.45,2019,https://services3.arcgis.com/dwv7XaFMgpPo7FSx/arcgis/rest/services/forets_communautaires/FeatureServer/0
DJANKORA (10-01-019),,47,1999,https://services3.arcgis.com/dwv7XaFMgpPo7FSx/arcgis/rest/services/forets_communautaires/FeatureServer/0
AFOSA (811),,49.82,2019,https://services3.arcgis.com/dwv7XaFMgpPo7FSx/arcgis/rest/services/forets_communautaires/FeatureServer/0
CODEMO,,48.14,,https://services3.arcgis.com/dwv7XaFMgpPo7FSx/arcgis/rest/services/forets_communautaires/FeatureServer/0
FODEM,,46.6,,https://services3.arcgis.com/dwv7XaFMgpPo7FSx/arcgis/rest/services/forets_communautaires/FeatureServer/0
GIC GEFCM,,,,https://services3.arcgis.com/dwv7XaFMgpPo7FSx/arcgis/rest/services/forets_communautaires/FeatureServer/0
GIC HEVECAM (10-04-027),,50,2020,https://services3.arcgis.com/dwv7XaFMgpPo7FSx/arcgis/rest/services/forets_communautaires/FeatureServer/0
AFEAK (750),,46.8,2020,https://services3.arcgis.com/dwv7XaFMgpPo7FSx/arcgis/rest/services/forets_communautaires/FeatureServer/0
ANDJENG_MVOM,,,,https://services3.arcgis.com/dwv7XaFMgpPo7FSx/arcgis/rest/services/forets_communautaires/FeatureServer/0
ZILAM (629),,41.35,2020,https://services3.arcgis.com/dwv7XaFMgpPo7FSx/arcgis/rest/services/forets_communautaires/FeatureServer/0
YONG NE ER MA'A (599),,50,2020,https://services3.arcgis.com/dwv7XaFMgpPo7FSx/arcgis/rest/services/forets_communautaires/FeatureServer/0
MEKOMEGONA 2 (760),,16.65,,https://services3.arcgis.com/dwv7XaFMgpPo7FSx/arcgis/rest/services/forets_communautaires/FeatureServer/0
GIC_NLEM_DASSOCK_II,,15.67,,https://services3.arcgis.com/dwv7XaFMgpPo7FSx/arcgis/rest/services/forets_communautaires/FeatureServer/0
AJDP,,46.6,,https://services3.arcgis.com/dwv7XaFMgpPo7FSx/arcgis/rest/services/forets_communautaires/FeatureServer/0
APEM,,22,,https://services3.arcgis.com/dwv7XaFMgpPo7FSx/arcgis/rest/services/forets_communautaires/FeatureServer/0
GBO-BIRO,,40.52,,https://services3.arcgis.com/dwv7XaFMgpPo7FSx/arcgis/rest/services/forets_communautaires/FeatureServer/0
CADEA,,10.9,,https://services3.arcgis.com/dwv7XaFMgpPo7FSx/arcgis/rest/services/forets_communautaires/FeatureServer/0
TASSONA DE MBITOM,,5,,https://services3.arcgis.com/dwv7XaFMgpPo7FSx/arcgis/rest/services/forets_communautaires/FeatureServer/0
TSOUM BA GOUAK DE MROUN DOU,,46.04,,https://services3.arcgis.com/dwv7XaFMgpPo7FSx/arcgis/rest/services/forets_communautaires/FeatureServer/0
FC NEMEYONG (10-02-432),,41.67,2009,https://services3.arcgis.com/dwv7XaFMgpPo7FSx/arcgis/rest/services/forets_communautaires/FeatureServer/0
15 SUR DE NDEMBO ET GONGA,,15,,https://services3.arcgis.com/dwv7XaFMgpPo7FSx/arcgis/rest/services/forets_communautaires/FeatureServer/0
TEMO WETE DE Nyamsambo,,19.34,,https://services3.arcgis.com/dwv7XaFMgpPo7FSx/arcgis/rest/services/forets_communautaires/FeatureServer/0
NDEMBO NDI DE NDJASSI,,10,,https://services3.arcgis.com/dwv7XaFMgpPo7FSx/arcgis/rest/services/forets_communautaires/FeatureServer/0
NZAMBIE GNANGOETE DE BADONGOUE,,20.4,2023,https://services3.arcgis.com/dwv7XaFMgpPo7FSx/arcgis/rest/services/forets_communautaires/FeatureServer/0
GIC HEKEL DE MELAMBO ET NYAMTIMNI,,14.89,,https://services3.arcgis.com/dwv7XaFMgpPo7FSx/arcgis/rest/services/forets_communautaires/FeatureServer/0
NOL ESPOIR,,24.35,,https://services3.arcgis.com/dwv7XaFMgpPo7FSx/arcgis/rest/services/forets_communautaires/FeatureServer/0
FC SCOOPS PRAG-AMPAH,,,,https://services3.arcgis.com/dwv7XaFMgpPo7FSx/arcgis/rest/services/forets_communautaires/FeatureServer/0
GIC NGAINE-ER DU VILLAGE LAMOU,,49.2,,https://services3.arcgis.com/dwv7XaFMgpPo7FSx/arcgis/rest/services/forets_communautaires/FeatureServer/0
GIC AVENIR DU VILLAGE LAMOU,,49.9,,https://services3.arcgis.com/dwv7XaFMgpPo7FSx/arcgis/rest/services/forets_communautaires/FeatureServer/0
GIC NGAINE-ER DU VILLAGE LAMOU1,,49.5,,https://services3.arcgis.com/dwv7XaFMgpPo7FSx/arcgis/rest/services/forets_communautaires/FeatureServer/0
KOMBA I (10-02-366),,12.01,2011,https://services3.arcgis.com/dwv7XaFMgpPo7FSx/arcgis/rest/services/forets_communautaires/FeatureServer/0
APDK NLEDE-DIBE (436),,24.32,,https://services3.arcgis.com/dwv7XaFMgpPo7FSx/arcgis/rest/services/forets_communautaires/FeatureServer/0
SANGALE,,,,https://services3.arcgis.com/dwv7XaFMgpPo7FSx/arcgis/rest/services/forets_communautaires/FeatureServer/0
BENASSAGA,,,,https://services3.arcgis.com/dwv7XaFMgpPo7FSx/arcgis/rest/services/forets_communautaires/FeatureServer/0
MONAH,,14.15,,https://services3.arcgis.com/dwv7XaFMgpPo7FSx/arcgis/rest/services/forets_communautaires/FeatureServer/0
WHCS NAMBELE,,,,https://services3.arcgis.com/dwv7XaFMgpPo7FSx/arcgis/rest/services/forets_communautaires/FeatureServer/0
KAMBO MEBONE,,,,https://services3.arcgis.com/dwv7XaFMgpPo7FSx/arcgis/rest/services/forets_communautaires/FeatureServer/0
GIC PROFOREST,,43.2,2020,https://services3.arcgis.com/dwv7XaFMgpPo7FSx/arcgis/rest/services/forets_communautaires/FeatureServer/0
GIC DE LA COMMUNAUTE VILLAGEOISE DE WOUE,,49.55,,https://services3.arcgis.com/dwv7XaFMgpPo7FSx/arcgis/rest/services/forets_communautaires/FeatureServer/0
GIC DE LA COMMUNAUTE VILLAGEOISE DE WOUE,,49.35,,https://services3.arcgis.com/dwv7XaFMgpPo7FSx/arcgis/rest/services/forets_communautaires/FeatureServer/0
GIC DES JEUNES FORESTIERS DE WOUE,,49.46,,https://services3.arcgis.com/dwv7XaFMgpPo7FSx/arcgis/rest/services/forets_communautaires/FeatureServer/0
GIC DES JEUNES FORESTIERS DE WOUE,,49.9,,https://services3.arcgis.com/dwv7XaFMgpPo7FSx/arcgis/rest/services/forets_communautaires/FeatureServer/0
GFC KEBO,,,,https://services3.arcgis.com/dwv7XaFMgpPo7FSx/arcgis/rest/services/forets_communautaires/FeatureServer/0
GIC DECO,,43.94,,https://services3.arcgis.com/dwv7XaFMgpPo7FSx/arcgis/rest/services/forets_communautaires/FeatureServer/0
AGROFOM,,50,,https://services3.arcgis.com/dwv7XaFMgpPo7FSx/arcgis/rest/services/forets_communautaires/FeatureServer/0
GFC KEPOL,,24.06,,https://services3.arcgis.com/dwv7XaFMgpPo7FSx/arcgis/rest/services/forets_communautaires/FeatureServer/0
KOUMDEL DE BITWALA I,,22.2,2022,https://services3.arcgis.com/dwv7XaFMgpPo7FSx/arcgis/rest/services/forets_communautaires/FeatureServer/0
METE MADE,,,,https://services3.arcgis.com/dwv7XaFMgpPo7FSx/arcgis/rest/services/forets_communautaires/FeatureServer/0
MBIRIBUA (ASS),,44.12,2022,https://services3.arcgis.com/dwv7XaFMgpPo7FSx/arcgis/rest/services/forets_communautaires/FeatureServer/0
ABAFUM (ASS),,47.56,2022,https://services3.arcgis.com/dwv7XaFMgpPo7FSx/arcgis/rest/services/forets_communautaires/FeatureServer/0
JEVI (ASS),,43.86,2022,https://services3.arcgis.com/dwv7XaFMgpPo7FSx/arcgis/rest/services/forets_communautaires/FeatureServer/0
SCOOPS DIEU MERCI DE WACK,,47.19,,https://services3.arcgis.com/dwv7XaFMgpPo7FSx/arcgis/rest/services/forets_communautaires/FeatureServer/0
NDAKA,,50,2022,https://services3.arcgis.com/dwv7XaFMgpPo7FSx/arcgis/rest/services/forets_communautaires/FeatureServer/0
GERM,,,,https://services3.arcgis.com/dwv7XaFMgpPo7FSx/arcgis/rest/services/forets_communautaires/FeatureServer/0
BERABE (ASS),,46.08,2022,https://services3.arcgis.com/dwv7XaFMgpPo7FSx/arcgis/rest/services/forets_communautaires/FeatureServer/0
"BUKU (AYE,MARA,AKWANCHA) (ASS)",,25,2022,https://services3.arcgis.com/dwv7XaFMgpPo7FSx/arcgis/rest/services/forets_communautaires/FeatureServer/0
Communauté_de_nguila,,,,https://services3.arcgis.com/dwv7XaFMgpPo7FSx/arcgis/rest/services/forets_communautaires/FeatureServer/0
Buku (ASS),,,,https://services3.arcgis.com/dwv7XaFMgpPo7FSx/arcgis/rest/services/forets_communautaires/FeatureServer/0
AKAKRIMA (ASS),,47.59,2022,https://services3.arcgis.com/dwv7XaFMgpPo7FSx/arcgis/rest/services/forets_communautaires/FeatureServer/0
ABONSHE COMMUNITY FOREST,,28,,https://services3.arcgis.com/dwv7XaFMgpPo7FSx/arcgis/rest/services/forets_communautaires/FeatureServer/0
HORIZON VERT,,50,2022,https://services3.arcgis.com/dwv7XaFMgpPo7FSx/arcgis/rest/services/forets_communautaires/FeatureServer/0
ASSA COMMUNTY FOREST,,32.73,2022,https://services3.arcgis.com/dwv7XaFMgpPo7FSx/arcgis/rest/services/forets_communautaires/FeatureServer/0
ASS MINASSAKANGUIOH,,43.55,2023,https://services3.arcgis.com/dwv7XaFMgpPo7FSx/arcgis/rest/services/forets_communautaires/FeatureServer/0
GIC MBOUSSA DE MEKPOLO,,38,2023,https://services3.arcgis.com/dwv7XaFMgpPo7FSx/arcgis/rest/services/forets_communautaires/FeatureServer/0
ABEF,,13.34,2023,https://services3.arcgis.com/dwv7XaFMgpPo7FSx/arcgis/rest/services/forets_communautaires/FeatureServer/0
Ass des Planteurs et Eleveurs de Gbole Gbole,,49.02,2023,https://services3.arcgis.com/dwv7XaFMgpPo7FSx/arcgis/rest/services/forets_communautaires/FeatureServer/0
GIC BENGOTE,,50,2023,https://services3.arcgis.com/dwv7XaFMgpPo7FSx/arcgis/rest/services/forets_communautaires/FeatureServer/0
GIC BONIBO,,21.88,2023,https://services3.arcgis.com/dwv7XaFMgpPo7FSx/arcgis/rest/services/forets_communautaires/FeatureServer/0
PRESERVATION BOIS ET FORET DE NDOYONG ZOCK SORA,,47.94,2024,https://services3.arcgis.com/dwv7XaFMgpPo7FSx/arcgis/rest/services/forets_communautaires/FeatureServer/0
ASSOCIATION NDA BOT DE NSELAN,,29.17,2024,https://services3.arcgis.com/dwv7XaFMgpPo7FSx/arcgis/rest/services/forets_communautaires/FeatureServer/0
PRESERVATION BOIS ET FORET DE TAPAWA MBALE,,47.31,2024,https://services3.arcgis.com/dwv7XaFMgpPo7FSx/arcgis/rest/services/forets_communautaires/FeatureServer/0
GIC DE BANANE PLANTAIN DE SAMBA NGOURA,,50,2023,https://services3.arcgis.com/dwv7XaFMgpPo7FSx/arcgis/rest/services/forets_communautaires/FeatureServer/0
ASSOCIATION VISION VERT de WASSANDE-MAMA,,49.77,2024,https://services3.arcgis.com/dwv7XaFMgpPo7FSx/arcgis/rest/services/forets_communautaires/FeatureServer/0
GIC HASSA DE GRIBI,,28.93,2023,https://services3.arcgis.com/dwv7XaFMgpPo7FSx/arcgis/rest/services/forets_communautaires/FeatureServer/0
SCOOPS-MANDONG,,48.55,2015,https://services3.arcgis.com/dwv7XaFMgpPo7FSx/arcgis/rest/services/forets_communautaires/FeatureServer/0
GIC REVOLUTION VERTE,,48.63,2023,https://services3.arcgis.com/dwv7XaFMgpPo7FSx/arcgis/rest/services/forets_communautaires/FeatureServer/0
SCOOPS AGROPASTORALE DU LAMIDAT DE KALALDI,,49.96,2024,https://services3.arcgis.com/dwv7XaFMgpPo7FSx/arcgis/rest/services/forets_communautaires/FeatureServer/0
GIC BENADUIGALOUGO DE NKAMEKO'O,,49.09,2023,https://services3.arcgis.com/dwv7XaFMgpPo7FSx/arcgis/rest/services/forets_communautaires/FeatureServer/0
ASS EMERGENCE DE MIMBO,,39.91,2024,https://services3.arcgis.com/dwv7XaFMgpPo7FSx/arcgis/rest/services/forets_communautaires/FeatureServer/0
GIC NLEM WUA,,42.23,2024,https://services3.arcgis.com/dwv7XaFMgpPo7FSx/arcgis/rest/services/forets_communautaires/FeatureServer/0
GIC KINEKO,,43.43,2024,https://services3.arcgis.com/dwv7XaFMgpPo7FSx/arcgis/rest/services/forets_communautaires/FeatureServer/0
Ass Espoir Mbengue Dikoume,,33.98,2024,https://services3.arcgis.com/dwv7XaFMgpPo7FSx/arcgis/rest/services/forets_communautaires/FeatureServer/0
ASS LIGUM-VILLAGE,,49.38,2024,https://services3.arcgis.com/dwv7XaFMgpPo7FSx/arcgis/rest/services/forets_communautaires/FeatureServer/0
GIC des Agroforestiers NKUL-EKANG,,41,2024,https://services3.arcgis.com/dwv7XaFMgpPo7FSx/arcgis/rest/services/forets_communautaires/FeatureServer/0
GIC KE-NAM-NA DE BOULI,,48.82,2024,https://services3.arcgis.com/dwv7XaFMgpPo7FSx/arcgis/rest/services/forets_communautaires/FeatureServer/0
NGAIKADA DE TETE D'ELEPHANT,,50,2024,https://services3.arcgis.com/dwv7XaFMgpPo7FSx/arcgis/rest/services/forets_communautaires/FeatureServer/0
GIC TOUM NEKO'O,,49.06,2024,https://services3.arcgis.com/dwv7XaFMgpPo7FSx/arcgis/rest/services/forets_communautaires/FeatureServer/0
GIC BOUMAKOBO,,48.98,2024,https://services3.arcgis.com/dwv7XaFMgpPo7FSx/arcgis/rest/services/forets_communautaires/FeatureServer/0
BIBIOKI DE PARNY,,30.37,2025,https://services3.arcgis.com/dwv7XaFMgpPo7FSx/arcgis/rest/services/forets_communautaires/FeatureServer/0
ESSAYONS DE MINTOM,,29.5,2025,https://services3.arcgis.com/dwv7XaFMgpPo7FSx/arcgis/rest/services/forets_communautaires/FeatureServer/0
DOULO-MAGDEME,,48,2003,https://services3.arcgis.com/dwv7XaFMgpPo7FSx/arcgis/rest/services/forets_communautaires/FeatureServer/0
AFFABID,,36.81,2015,https://services3.arcgis.com/dwv7XaFMgpPo7FSx/arcgis/rest/services/forets_communautaires/FeatureServer/0
AGFCOBB,,50,2006,https://services3.arcgis.com/dwv7XaFMgpPo7FSx/arcgis/rest/services/forets_communautaires/FeatureServer/0
BCFA,,13.64,,https://services3.arcgis.com/dwv7XaFMgpPo7FSx/arcgis/rest/services/forets_communautaires/FeatureServer/0
CARD,,50,2015,https://services3.arcgis.com/dwv7XaFMgpPo7FSx/arcgis/rest/services/forets_communautaires/FeatureServer/0
COBAMES,,33.1,2016,https://services3.arcgis.com/dwv7XaFMgpPo7FSx/arcgis/rest/services/forets_communautaires/FeatureServer/0
CODAR,,50,2016,https://services3.arcgis.com/dwv7XaFMgpPo7FSx/arcgis/rest/services/forets_communautaires/FeatureServer/0
CODEMAB,,28.49,2016,https://services3.arcgis.com/dwv7XaFMgpPo7FSx/arcgis/rest/services/forets_communautaires/FeatureServer/0
CODEMBA 1,,13.46,2015,https://services3.arcgis.com/dwv7XaFMgpPo7FSx/arcgis/rest/services/forets_communautaires/FeatureServer/0
CONDONG-NKO,,30.83,2016,https://services3.arcgis.com/dwv7XaFMgpPo7FSx/arcgis/rest/services/forets_communautaires/FeatureServer/0
COMITE COORD ACTIVITES DEVELOPPEMENT VILLAGE EDOU,,50,2005,https://services3.arcgis.com/dwv7XaFMgpPo7FSx/arcgis/rest/services/forets_communautaires/FeatureServer/0
AF NDO-YEM,,40,2017,https://services3.arcgis.com/dwv7XaFMgpPo7FSx/arcgis/rest/services/forets_communautaires/FeatureServer/0
FEDERATION DES GICS DE TOKOMBERE,,6,,https://services3.arcgis.com/dwv7XaFMgpPo7FSx/arcgis/rest/services/forets_communautaires/FeatureServer/0
ASKAM,,42.08,2017,https://services3.arcgis.com/dwv7XaFMgpPo7FSx/arcgis/rest/services/forets_communautaires/FeatureServer/0
ASSEN,,49.75,2025,https://services3.arcgis.com/dwv7XaFMgpPo7FSx/arcgis/rest/services/forets_communautaires/FeatureServer/0
DAPAC,,50,2017,https://services3.arcgis.com/dwv7XaFMgpPo7FSx/arcgis/rest/services/forets_communautaires/FeatureServer/0
GJAM,,47.22,2003,https://services3.arcgis.com/dwv7XaFMgpPo7FSx/arcgis/rest/services/forets_communautaires/FeatureServer/0
JEPDYKA,,50,2025,https://services3.arcgis.com/dwv7XaFMgpPo7FSx/arcgis/rest/services/forets_communautaires/FeatureServer/0
KODEKONG,,28.69,2025,https://services3.arcgis.com/dwv7XaFMgpPo7FSx/arcgis/rest/services/forets_communautaires/FeatureServer/0
TOUNA-TAMO,,50,2025,https://services3.arcgis.com/dwv7XaFMgpPo7FSx/arcgis/rest/services/forets_communautaires/FeatureServer/0
IJIM FOREST MANAGEMENT INSTITUTION,,6,2002,https://services3.arcgis.com/dwv7XaFMgpPo7FSx/arcgis/rest/services/forets_communautaires/FeatureServer/0
GICAM,,33,2004,https://services3.arcgis.com/dwv7XaFMgpPo7FSx/arcgis/rest/services/forets_communautaires/FeatureServer/0
BIBIOKI DE PARNY,,30.37,2025,https://services3.arcgis.com/dwv7XaFMgpPo7FSx/arcgis/rest/services/forets_communautaires/FeatureServer/0
GONGOTOUA,,50,,https://services3.arcgis.com/dwv7XaFMgpPo7FSx/arcgis/rest/services/forets_communautaires/FeatureServer/0
JAKO,,50,2004,https://services3.arcgis.com/dwv7XaFMgpPo7FSx/arcgis/rest/services/forets_communautaires/FeatureServer/0
