nom,subdivision,surface_km2,annee,source_url
ALEXANDER NO 134,Alberta,,,https://clss.nrcan-rncan.gc.ca/data-donnees/sgb_datasets/AB
ALLISON BAY NO 219,Alberta,,,https://clss.nrcan-rncan.gc.ca/data-donnees/sgb_datasets/AB
AMBER RIVER NO 211,Alberta,,,https://clss.nrcan-rncan.gc.ca/data-donnees/sgb_datasets/AB
ASSINEAU RIVER NO 150F,Alberta,,,https://clss.nrcan-rncan.gc.ca/data-donnees/sgb_datasets/AB
BEAVER LAKE NO 131,Alberta,,,https://clss.nrcan-rncan.gc.ca/data-donnees/sgb_datasets/AB
BEAVER RANCH NO 163,Alberta,,,https://clss.nrcan-rncan.gc.ca/data-donnees/sgb_datasets/AB
BIG HORN NO 144A,Alberta,,,https://clss.nrcan-rncan.gc.ca/data-donnees/sgb_datasets/AB
BISON LAKE,Alberta,,,https://clss.nrcan-rncan.gc.ca/data-donnees/sgb_datasets/AB
BISTCHO LAKE NO 213,Alberta,,,https://clss.nrcan-rncan.gc.ca/data-donnees/sgb_datasets/AB
BLOOD NO 148,Alberta,,,https://clss.nrcan-rncan.gc.ca/data-donnees/sgb_datasets/AB
BLOOD NO 148A,Alberta,,,https://clss.nrcan-rncan.gc.ca/data-donnees/sgb_datasets/AB
BOYER NO 164,Alberta,,,https://clss.nrcan-rncan.gc.ca/data-donnees/sgb_datasets/AB
BUCK LAKE NO 133C,Alberta,,,https://clss.nrcan-rncan.gc.ca/data-donnees/sgb_datasets/AB
BUSHE RIVER NO 207,Alberta,,,https://clss.nrcan-rncan.gc.ca/data-donnees/sgb_datasets/AB
CHARLES LAKE NO 225,Alberta,,,https://clss.nrcan-rncan.gc.ca/data-donnees/sgb_datasets/AB
CHILD LAKE NO 164A,Alberta,,,https://clss.nrcan-rncan.gc.ca/data-donnees/sgb_datasets/AB
CHIP LAKE IR 166E,Alberta,,,https://clss.nrcan-rncan.gc.ca/data-donnees/sgb_datasets/AB
CHIPEWYAN NO 201,Alberta,,,https://clss.nrcan-rncan.gc.ca/data-donnees/sgb_datasets/AB
CHIPEWYAN NO 201A,Alberta,,,https://clss.nrcan-rncan.gc.ca/data-donnees/sgb_datasets/AB
CHIPEWYAN NO 201B,Alberta,,,https://clss.nrcan-rncan.gc.ca/data-donnees/sgb_datasets/AB
CHIPEWYAN NO 201C,Alberta,,,https://clss.nrcan-rncan.gc.ca/data-donnees/sgb_datasets/AB
CHIPEWYAN NO 201D,Alberta,,,https://clss.nrcan-rncan.gc.ca/data-donnees/sgb_datasets/AB
CHIPEWYAN NO 201E,Alberta,,,https://clss.nrcan-rncan.gc.ca/data-donnees/sgb_datasets/AB
CHIPEWYAN NO 201F,Alberta,,,https://clss.nrcan-rncan.gc.ca/data-donnees/sgb_datasets/AB
CHIPEWYAN NO 201G,Alberta,,,https://clss.nrcan-rncan.gc.ca/data-donnees/sgb_datasets/AB
CLEAR HILLS NO 152C,Alberta,,,https://clss.nrcan-rncan.gc.ca/data-donnees/sgb_datasets/AB
CLEARWATER NO 175,Alberta,,,https://clss.nrcan-rncan.gc.ca/data-donnees/sgb_datasets/AB
COLD LAKE NO 149,Alberta,,,https://clss.nrcan-rncan.gc.ca/data-donnees/sgb_datasets/AB
COLD LAKE NO 149A,Alberta,,,https://clss.nrcan-rncan.gc.ca/data-donnees/sgb_datasets/AB
COLD LAKE NO 149B,Alberta,,,https://clss.nrcan-rncan.gc.ca/data-donnees/sgb_datasets/AB
COLLIN LAKE NO 223,Alberta,,,https://clss.nrcan-rncan.gc.ca/data-donnees/sgb_datasets/AB
CORNWALL LAKE NO 224,Alberta,,,https://clss.nrcan-rncan.gc.ca/data-donnees/sgb_datasets/AB
DEVIL'S GATE NO 220,Alberta,,,https://clss.nrcan-rncan.gc.ca/data-donnees/sgb_datasets/AB
DOG HEAD NO 218,Alberta,,,https://clss.nrcan-rncan.gc.ca/data-donnees/sgb_datasets/AB
DRIFT PILE RIVER NO 150,Alberta,,,https://clss.nrcan-rncan.gc.ca/data-donnees/sgb_datasets/AB
DUNCANS NO 151A,Alberta,,,https://clss.nrcan-rncan.gc.ca/data-donnees/sgb_datasets/AB
EDEN VALLEY NO 216,Alberta,,,https://clss.nrcan-rncan.gc.ca/data-donnees/sgb_datasets/AB
ENOCH CREE NATION NO 135,Alberta,,,https://clss.nrcan-rncan.gc.ca/data-donnees/sgb_datasets/AB
ENOCH CREE NATION NO 135A,Alberta,,,https://clss.nrcan-rncan.gc.ca/data-donnees/sgb_datasets/AB
ERMINESKIN NO 138,Alberta,,,https://clss.nrcan-rncan.gc.ca/data-donnees/sgb_datasets/AB
FORT MCKAY NO 174,Alberta,,,https://clss.nrcan-rncan.gc.ca/data-donnees/sgb_datasets/AB
FOX LAKE NO 162,Alberta,,,https://clss.nrcan-rncan.gc.ca/data-donnees/sgb_datasets/AB
FOX LAKE NO 162A,Alberta,,,https://clss.nrcan-rncan.gc.ca/data-donnees/sgb_datasets/AB
GODS LAKE INDIAN RESERVE NO. 238A,Alberta,,,https://clss.nrcan-rncan.gc.ca/data-donnees/sgb_datasets/AB
GREGOIRE LAKE NO 176,Alberta,,,https://clss.nrcan-rncan.gc.ca/data-donnees/sgb_datasets/AB
GREGOIRE LAKE NO 176A,Alberta,,,https://clss.nrcan-rncan.gc.ca/data-donnees/sgb_datasets/AB
GREGOIRE LAKE NO 176B,Alberta,,,https://clss.nrcan-rncan.gc.ca/data-donnees/sgb_datasets/AB
HAIG LAKE,Alberta,,,https://clss.nrcan-rncan.gc.ca/data-donnees/sgb_datasets/AB
HAY LAKE NO 209,Alberta,,,https://clss.nrcan-rncan.gc.ca/data-donnees/sgb_datasets/AB
HEART LAKE NO 167,Alberta,,,https://clss.nrcan-rncan.gc.ca/data-donnees/sgb_datasets/AB
HORSE LAKES NO 152B,Alberta,,,https://clss.nrcan-rncan.gc.ca/data-donnees/sgb_datasets/AB
HOUSE RIVER INDIAN CEMETERY NO 178,Alberta,,,https://clss.nrcan-rncan.gc.ca/data-donnees/sgb_datasets/AB
JACKFISH POINT NO 214,Alberta,,,https://clss.nrcan-rncan.gc.ca/data-donnees/sgb_datasets/AB
JANVIER NO 194,Alberta,,,https://clss.nrcan-rncan.gc.ca/data-donnees/sgb_datasets/AB
JEAN BAPTISTE GAMBLER IR 183A,Alberta,,,https://clss.nrcan-rncan.gc.ca/data-donnees/sgb_datasets/AB
JEAN BAPTISTE GAMBLER IR 183B,Alberta,,,https://clss.nrcan-rncan.gc.ca/data-donnees/sgb_datasets/AB
JEAN BAPTISTE GAMBLER IR 183C,Alberta,,,https://clss.nrcan-rncan.gc.ca/data-donnees/sgb_datasets/AB
JEAN BAPTISTE GAMBLER NO 183,Alberta,,,https://clss.nrcan-rncan.gc.ca/data-donnees/sgb_datasets/AB
JOHN D’OR PRAIRIE INDIAN RESERVE NO. 215,Alberta,,,https://clss.nrcan-rncan.gc.ca/data-donnees/sgb_datasets/AB
KAPAWE'NO FIRST NATION NO 150B,Alberta,,,https://clss.nrcan-rncan.gc.ca/data-donnees/sgb_datasets/AB
KAPAWE'NO FIRST NATION NO 150C,Alberta,,,https://clss.nrcan-rncan.gc.ca/data-donnees/sgb_datasets/AB
KAPAWE'NO FIRST NATION NO 150D,Alberta,,,https://clss.nrcan-rncan.gc.ca/data-donnees/sgb_datasets/AB
KAPAWE'NO FIRST NATION NO 229,Alberta,,,https://clss.nrcan-rncan.gc.ca/data-donnees/sgb_datasets/AB
KAPAWE'NO FIRST NATION NO 230,Alberta,,,https://clss.nrcan-rncan.gc.ca/data-donnees/sgb_datasets/AB
KAPAWE'NO FIRST NATION NO 231,Alberta,,,https://clss.nrcan-rncan.gc.ca/data-donnees/sgb_datasets/AB
KEHEWIN NO 123,Alberta,,,https://clss.nrcan-rncan.gc.ca/data-donnees/sgb_datasets/AB
LITTLE BUFFALO LOTS,Alberta,,,https://clss.nrcan-rncan.gc.ca/data-donnees/sgb_datasets/AB
LOUIS BULL NO 138B,Alberta,,,https://clss.nrcan-rncan.gc.ca/data-donnees/sgb_datasets/AB
LUBICON LAKE,Alberta,,,https://clss.nrcan-rncan.gc.ca/data-donnees/sgb_datasets/AB
MAKAOO NO 120,Alberta,,,https://clss.nrcan-rncan.gc.ca/data-donnees/sgb_datasets/AB
MARTEN RIVER,Alberta,,,https://clss.nrcan-rncan.gc.ca/data-donnees/sgb_datasets/AB
MONTANA NO 139,Alberta,,,https://clss.nrcan-rncan.gc.ca/data-donnees/sgb_datasets/AB
NAMUR LAKE NO 174B,Alberta,,,https://clss.nrcan-rncan.gc.ca/data-donnees/sgb_datasets/AB
NAMUR RIVER NO 174A,Alberta,,,https://clss.nrcan-rncan.gc.ca/data-donnees/sgb_datasets/AB
O'CHIESE CEMETERY NO 203A,Alberta,,,https://clss.nrcan-rncan.gc.ca/data-donnees/sgb_datasets/AB
O'CHIESE NO 203,Alberta,,,https://clss.nrcan-rncan.gc.ca/data-donnees/sgb_datasets/AB
OLD FORT NO 217,Alberta,,,https://clss.nrcan-rncan.gc.ca/data-donnees/sgb_datasets/AB
PEERLESS MEADOWS INDIAN RESERVE NO. 238C,Alberta,,,https://clss.nrcan-rncan.gc.ca/data-donnees/sgb_datasets/AB
PEERLESS TROUT INDIAN RESERVE NO. 238,Alberta,,,https://clss.nrcan-rncan.gc.ca/data-donnees/sgb_datasets/AB
"PEIGAN TIMBER LIMIT ""B""",Alberta,,,https://clss.nrcan-rncan.gc.ca/data-donnees/sgb_datasets/AB
PIGEON LAKE NO 138A,Alberta,,,https://clss.nrcan-rncan.gc.ca/data-donnees/sgb_datasets/AB
PUSKIAKIWENIN NO 122,Alberta,,,https://clss.nrcan-rncan.gc.ca/data-donnees/sgb_datasets/AB
RÉSERVE INDIENNE ALEXANDER NO 134A,Alberta,,,https://clss.nrcan-rncan.gc.ca/data-donnees/sgb_datasets/AB
RÉSERVE INDIENNE ALEXANDER NO 134B,Alberta,,,https://clss.nrcan-rncan.gc.ca/data-donnees/sgb_datasets/AB
RÉSERVE INDIENNE ALEXIS CARDINAL RIVER NO 234,Alberta,,,https://clss.nrcan-rncan.gc.ca/data-donnees/sgb_datasets/AB
RÉSERVE INDIENNE ALEXIS ELK RIVER NO 233,Alberta,,,https://clss.nrcan-rncan.gc.ca/data-donnees/sgb_datasets/AB
RÉSERVE INDIENNE ALEXIS NO 133,Alberta,,,https://clss.nrcan-rncan.gc.ca/data-donnees/sgb_datasets/AB
RÉSERVE INDIENNE ALEXIS WHITECOURT NO 232,Alberta,,,https://clss.nrcan-rncan.gc.ca/data-donnees/sgb_datasets/AB
RÉSERVE INDIENNE BEAVER RANCH NO 163A,Alberta,,,https://clss.nrcan-rncan.gc.ca/data-donnees/sgb_datasets/AB
RÉSERVE INDIENNE BEAVER RANCH NO 163B,Alberta,,,https://clss.nrcan-rncan.gc.ca/data-donnees/sgb_datasets/AB
RÉSERVE INDIENNE COLD LAKE Nº 149C,Alberta,,,https://clss.nrcan-rncan.gc.ca/data-donnees/sgb_datasets/AB
RÉSERVE INDIENNE COWPER LAKE NO 194A,Alberta,,,https://clss.nrcan-rncan.gc.ca/data-donnees/sgb_datasets/AB
RÉSERVE INDIENNE DE FORT MCKAY NO 174C,Alberta,,,https://clss.nrcan-rncan.gc.ca/data-donnees/sgb_datasets/AB
RÉSERVE INDIENNE DE FORT VERMILION Nº 173B,Alberta,,,https://clss.nrcan-rncan.gc.ca/data-donnees/sgb_datasets/AB
RÉSERVE INDIENNE DE LA PREMIÈRE NATION BLUE QUILLS,Alberta,,,https://clss.nrcan-rncan.gc.ca/data-donnees/sgb_datasets/AB
RÉSERVE INDIENNE FORT MCKAY NO 174D,Alberta,,,https://clss.nrcan-rncan.gc.ca/data-donnees/sgb_datasets/AB
RÉSERVE INDIENNE HEART LAKE NO 167A,Alberta,,,https://clss.nrcan-rncan.gc.ca/data-donnees/sgb_datasets/AB
RÉSERVE INDIENNE HOKEDHE TÚE Nº 196E,Alberta,,,https://clss.nrcan-rncan.gc.ca/data-donnees/sgb_datasets/AB
RÉSERVE INDIENNE K'I TÚE Nº 196D,Alberta,,,https://clss.nrcan-rncan.gc.ca/data-donnees/sgb_datasets/AB
RÉSERVE INDIENNE LI DEZÉ Nº 196C,Alberta,,,https://clss.nrcan-rncan.gc.ca/data-donnees/sgb_datasets/AB
RÉSERVE INDIENNE LOON LAKE NO 235,Alberta,,,https://clss.nrcan-rncan.gc.ca/data-donnees/sgb_datasets/AB
RÉSERVE INDIENNE LOON PRAIRIE NO 237,Alberta,,,https://clss.nrcan-rncan.gc.ca/data-donnees/sgb_datasets/AB
RÉSERVE INDIENNE NO 222 DE PEACE POINT,Alberta,,,https://clss.nrcan-rncan.gc.ca/data-donnees/sgb_datasets/AB
RÉSERVE INDIENNE PEIGAN,Alberta,,,https://clss.nrcan-rncan.gc.ca/data-donnees/sgb_datasets/AB
RÉSERVE INDIENNE SIKSIKA Nº 146,Alberta,,,https://clss.nrcan-rncan.gc.ca/data-donnees/sgb_datasets/AB
RÉSERVE INDIENNE SWAMPY LAKE NO 236,Alberta,,,https://clss.nrcan-rncan.gc.ca/data-donnees/sgb_datasets/AB
RÉSERVE INDIENNE THABACHA NÁRE NO 196A,Alberta,,,https://clss.nrcan-rncan.gc.ca/data-donnees/sgb_datasets/AB
RÉSERVE INDIENNE THEBATHI Nº 196,Alberta,,,https://clss.nrcan-rncan.gc.ca/data-donnees/sgb_datasets/AB
RÉSERVE INDIENNE TSU K'ADHE TÚE Nº 196F,Alberta,,,https://clss.nrcan-rncan.gc.ca/data-donnees/sgb_datasets/AB
RÉSERVE INDIENNE TSU TÚE Nº 196G,Alberta,,,https://clss.nrcan-rncan.gc.ca/data-donnees/sgb_datasets/AB
RÉSERVE INDIENNE TSUU T'INA NATION NO 145,Alberta,,,https://clss.nrcan-rncan.gc.ca/data-donnees/sgb_datasets/AB
RÉSERVE INDIENNE TTHE JERE GHAILI Nº 196B,Alberta,,,https://clss.nrcan-rncan.gc.ca/data-donnees/sgb_datasets/AB
RÉSERVE INDIENNE WADLIN LAKE NO 173C,Alberta,,,https://clss.nrcan-rncan.gc.ca/data-donnees/sgb_datasets/AB
RÉSERVE INDIENNE WINEFRED LAKE NO 194B,Alberta,,,https://clss.nrcan-rncan.gc.ca/data-donnees/sgb_datasets/AB
RÉSERVE INDIENNE WOODLAND CREE NO 226,Alberta,,,https://clss.nrcan-rncan.gc.ca/data-donnees/sgb_datasets/AB
RÉSERVE INDIENNE WOODLAND CREE NO 227,Alberta,,,https://clss.nrcan-rncan.gc.ca/data-donnees/sgb_datasets/AB
RÉSERVE INDIENNE WOODLAND CREE NO 228,Alberta,,,https://clss.nrcan-rncan.gc.ca/data-donnees/sgb_datasets/AB
RÉSERVE INDIENNE ɁEJERE K'ELNI KŲE Nº 196I,Alberta,,,https://clss.nrcan-rncan.gc.ca/data-donnees/sgb_datasets/AB
SADDLE LAKE NO 125,Alberta,,,https://clss.nrcan-rncan.gc.ca/data-donnees/sgb_datasets/AB
SAMSON NO 137,Alberta,,,https://clss.nrcan-rncan.gc.ca/data-donnees/sgb_datasets/AB
SAMSON NO 137A,Alberta,,,https://clss.nrcan-rncan.gc.ca/data-donnees/sgb_datasets/AB
SANDY POINT NO 221,Alberta,,,https://clss.nrcan-rncan.gc.ca/data-donnees/sgb_datasets/AB
SAWRIDGE NO 150H,Alberta,,,https://clss.nrcan-rncan.gc.ca/data-donnees/sgb_datasets/AB
SAWRIDGE NO 150G,Alberta,,,https://clss.nrcan-rncan.gc.ca/data-donnees/sgb_datasets/AB
STONEY NO 142-143-144,Alberta,,,https://clss.nrcan-rncan.gc.ca/data-donnees/sgb_datasets/AB
STONEY NO 142B,Alberta,,,https://clss.nrcan-rncan.gc.ca/data-donnees/sgb_datasets/AB
STURGEON LAKE NO 154,Alberta,,,https://clss.nrcan-rncan.gc.ca/data-donnees/sgb_datasets/AB
STURGEON LAKE NO 154A,Alberta,,,https://clss.nrcan-rncan.gc.ca/data-donnees/sgb_datasets/AB
STURGEON LAKE NO 154B,Alberta,,,https://clss.nrcan-rncan.gc.ca/data-donnees/sgb_datasets/AB
SUCKER CREEK NO 150A,Alberta,,,https://clss.nrcan-rncan.gc.ca/data-donnees/sgb_datasets/AB
SUNCHILD NO 202,Alberta,,,https://clss.nrcan-rncan.gc.ca/data-donnees/sgb_datasets/AB
SWAN RIVER NO 150E,Alberta,,,https://clss.nrcan-rncan.gc.ca/data-donnees/sgb_datasets/AB
TALL CREE NO 173,Alberta,,,https://clss.nrcan-rncan.gc.ca/data-donnees/sgb_datasets/AB
TALL CREE NO 173A,Alberta,,,https://clss.nrcan-rncan.gc.ca/data-donnees/sgb_datasets/AB
TSU NEDEHE TUE 196H,Alberta,,,https://clss.nrcan-rncan.gc.ca/data-donnees/sgb_datasets/AB
TWIN LAKES INDIAN RESERVE NO. 238B,Alberta,,,https://clss.nrcan-rncan.gc.ca/data-donnees/sgb_datasets/AB
UNIPOUHEOS NO 121,Alberta,,,https://clss.nrcan-rncan.gc.ca/data-donnees/sgb_datasets/AB
UPPER HAY RIVER NO 212,Alberta,,,https://clss.nrcan-rncan.gc.ca/data-donnees/sgb_datasets/AB
UTIKOOMAK LAKE NO 155,Alberta,,,https://clss.nrcan-rncan.gc.ca/data-donnees/sgb_datasets/AB
UTIKOOMAK LAKE NO 155A,Alberta,,,https://clss.nrcan-rncan.gc.ca/data-donnees/sgb_datasets/AB
UTIKOOMAK LAKE NO 155B,Alberta,,,https://clss.nrcan-rncan.gc.ca/data-donnees/sgb_datasets/AB
WABAMUN NO 133A,Alberta,,,https://clss.nrcan-rncan.gc.ca/data-donnees/sgb_datasets/AB
WABAMUN NO 133B,Alberta,,,https://clss.nrcan-rncan.gc.ca/data-donnees/sgb_datasets/AB
WABASCA NO 166,Alberta,,,https://clss.nrcan-rncan.gc.ca/data-donnees/sgb_datasets/AB
WABASCA NO 166A,Alberta,,,https://clss.nrcan-rncan.gc.ca/data-donnees/sgb_datasets/AB
WABASCA NO 166C,Alberta,,,https://clss.nrcan-rncan.gc.ca/data-donnees/sgb_datasets/AB
WABASCA NO 166D,Alberta,,,https://clss.nrcan-rncan.gc.ca/data-donnees/sgb_datasets/AB
WABASCA NO 166B,Alberta,,,https://clss.nrcan-rncan.gc.ca/data-donnees/sgb_datasets/AB
WEASEL LAKE,Alberta,,,https://clss.nrcan-rncan.gc.ca/data-donnees/sgb_datasets/AB
WHITE FISH LAKE NO 128,Alberta,,,https://clss.nrcan-rncan.gc.ca/data-donnees/sgb_datasets/AB
WILLIAM MCKENZIE NO 151K,Alberta,,,https://clss.nrcan-rncan.gc.ca/data-donnees/sgb_datasets/AB
ZAMA LAKE NO 210,Alberta,,,https://clss.nrcan-rncan.gc.ca/data-donnees/sgb_datasets/AB
(DEADMAN'S) HALKETT ISLAND NO. 2,Colombie-Britannique,,,https://clss.nrcan-rncan.gc.ca/data-donnees/sgb_datasets/BC
105 MILE POST NO 2,Colombie-Britannique,,,https://clss.nrcan-rncan.gc.ca/data-donnees/sgb_datasets/BC
4 1/2 MILE NO 2,Colombie-Britannique,,,https://clss.nrcan-rncan.gc.ca/data-donnees/sgb_datasets/BC
AASS NO 3,Colombie-Britannique,,,https://clss.nrcan-rncan.gc.ca/data-donnees/sgb_datasets/BC
ABUNTLET LAKE NO 4,Colombie-Britannique,,,https://clss.nrcan-rncan.gc.ca/data-donnees/sgb_datasets/BC
AGATS MEADOW NO 8,Colombie-Britannique,,,https://clss.nrcan-rncan.gc.ca/data-donnees/sgb_datasets/BC
AGLAKUMNA NO 4A,Colombie-Britannique,,,https://clss.nrcan-rncan.gc.ca/data-donnees/sgb_datasets/BC
AGLAKUMNA-LA NO 2,Colombie-Britannique,,,https://clss.nrcan-rncan.gc.ca/data-donnees/sgb_datasets/BC
AGWEDIN NO 3,Colombie-Britannique,,,https://clss.nrcan-rncan.gc.ca/data-donnees/sgb_datasets/BC
AH-WE-CHA-OL-TO NO 16,Colombie-Britannique,,,https://clss.nrcan-rncan.gc.ca/data-donnees/sgb_datasets/BC
AHAHSWINIS NO 1,Colombie-Britannique,,,https://clss.nrcan-rncan.gc.ca/data-donnees/sgb_datasets/BC
AHAMINAQUUS NO 12,Colombie-Britannique,,,https://clss.nrcan-rncan.gc.ca/data-donnees/sgb_datasets/BC
AHMITSA NO 5,Colombie-Britannique,,,https://clss.nrcan-rncan.gc.ca/data-donnees/sgb_datasets/BC
AHNUHATI NO 6,Colombie-Britannique,,,https://clss.nrcan-rncan.gc.ca/data-donnees/sgb_datasets/BC
AHOUS NO 16,Colombie-Britannique,,,https://clss.nrcan-rncan.gc.ca/data-donnees/sgb_datasets/BC
AHPOKUM NO 9,Colombie-Britannique,,,https://clss.nrcan-rncan.gc.ca/data-donnees/sgb_datasets/BC
AHPUKTO NO 3,Colombie-Britannique,,,https://clss.nrcan-rncan.gc.ca/data-donnees/sgb_datasets/BC
AHTA NO 3,Colombie-Britannique,,,https://clss.nrcan-rncan.gc.ca/data-donnees/sgb_datasets/BC
AHUK NO 1,Colombie-Britannique,,,https://clss.nrcan-rncan.gc.ca/data-donnees/sgb_datasets/BC
AIKWUCKS NO 15,Colombie-Britannique,,,https://clss.nrcan-rncan.gc.ca/data-donnees/sgb_datasets/BC
AIN NO 6,Colombie-Britannique,,,https://clss.nrcan-rncan.gc.ca/data-donnees/sgb_datasets/BC
AITCHELITCH NO 9,Colombie-Britannique,,,https://clss.nrcan-rncan.gc.ca/data-donnees/sgb_datasets/BC
AJE? SALAA DEH,Colombie-Britannique,,,https://clss.nrcan-rncan.gc.ca/data-donnees/sgb_datasets/BC
ALALCO NO 8,Colombie-Britannique,,,https://clss.nrcan-rncan.gc.ca/data-donnees/sgb_datasets/BC
ALASTAIR NO 80,Colombie-Britannique,,,https://clss.nrcan-rncan.gc.ca/data-donnees/sgb_datasets/BC
ALASTAIR NO 81,Colombie-Britannique,,,https://clss.nrcan-rncan.gc.ca/data-donnees/sgb_datasets/BC
ALASTAIR NO 82,Colombie-Britannique,,,https://clss.nrcan-rncan.gc.ca/data-donnees/sgb_datasets/BC
ALBERNI NO 2,Colombie-Britannique,,,https://clss.nrcan-rncan.gc.ca/data-donnees/sgb_datasets/BC
ALBERT FLAT NO 5,Colombie-Britannique,,,https://clss.nrcan-rncan.gc.ca/data-donnees/sgb_datasets/BC
ALDER CREEK NO 70,Colombie-Britannique,,,https://clss.nrcan-rncan.gc.ca/data-donnees/sgb_datasets/BC
ALERT BAY NO 1,Colombie-Britannique,,,https://clss.nrcan-rncan.gc.ca/data-donnees/sgb_datasets/BC
ALERT BAY NO 1A,Colombie-Britannique,,,https://clss.nrcan-rncan.gc.ca/data-donnees/sgb_datasets/BC
ALEXANDRIA NO 1,Colombie-Britannique,,,https://clss.nrcan-rncan.gc.ca/data-donnees/sgb_datasets/BC
ALEXANDRIA NO 10,Colombie-Britannique,,,https://clss.nrcan-rncan.gc.ca/data-donnees/sgb_datasets/BC
ALEXANDRIA NO 11,Colombie-Britannique,,,https://clss.nrcan-rncan.gc.ca/data-donnees/sgb_datasets/BC
ALEXANDRIA NO 12,Colombie-Britannique,,,https://clss.nrcan-rncan.gc.ca/data-donnees/sgb_datasets/BC
ALEXANDRIA NO 1A,Colombie-Britannique,,,https://clss.nrcan-rncan.gc.ca/data-donnees/sgb_datasets/BC
ALEXANDRIA NO 3,Colombie-Britannique,,,https://clss.nrcan-rncan.gc.ca/data-donnees/sgb_datasets/BC
ALEXANDRIA NO 3A,Colombie-Britannique,,,https://clss.nrcan-rncan.gc.ca/data-donnees/sgb_datasets/BC
ALEXIS CREEK NO 12,Colombie-Britannique,,,https://clss.nrcan-rncan.gc.ca/data-donnees/sgb_datasets/BC
ALEXIS CREEK NO 13,Colombie-Britannique,,,https://clss.nrcan-rncan.gc.ca/data-donnees/sgb_datasets/BC
ALEXIS CREEK NO 14,Colombie-Britannique,,,https://clss.nrcan-rncan.gc.ca/data-donnees/sgb_datasets/BC
ALEXIS CREEK NO 15,Colombie-Britannique,,,https://clss.nrcan-rncan.gc.ca/data-donnees/sgb_datasets/BC
ALEXIS CREEK NO 16,Colombie-Britannique,,,https://clss.nrcan-rncan.gc.ca/data-donnees/sgb_datasets/BC
ALEXIS CREEK NO 18,Colombie-Britannique,,,https://clss.nrcan-rncan.gc.ca/data-donnees/sgb_datasets/BC
ALEXIS CREEK NO 20,Colombie-Britannique,,,https://clss.nrcan-rncan.gc.ca/data-donnees/sgb_datasets/BC
ALEXIS CREEK NO 21,Colombie-Britannique,,,https://clss.nrcan-rncan.gc.ca/data-donnees/sgb_datasets/BC
ALEXIS CREEK NO 22,Colombie-Britannique,,,https://clss.nrcan-rncan.gc.ca/data-donnees/sgb_datasets/BC
ALEXIS CREEK NO 23,Colombie-Britannique,,,https://clss.nrcan-rncan.gc.ca/data-donnees/sgb_datasets/BC
ALEXIS CREEK NO 24,Colombie-Britannique,,,https://clss.nrcan-rncan.gc.ca/data-donnees/sgb_datasets/BC
ALEXIS CREEK NO 25,Colombie-Britannique,,,https://clss.nrcan-rncan.gc.ca/data-donnees/sgb_datasets/BC
ALEXIS CREEK NO 26,Colombie-Britannique,,,https://clss.nrcan-rncan.gc.ca/data-donnees/sgb_datasets/BC
ALEXIS CREEK NO 28,Colombie-Britannique,,,https://clss.nrcan-rncan.gc.ca/data-donnees/sgb_datasets/BC
ALEXIS CREEK NO 29,Colombie-Britannique,,,https://clss.nrcan-rncan.gc.ca/data-donnees/sgb_datasets/BC
ALEXIS CREEK NO 30,Colombie-Britannique,,,https://clss.nrcan-rncan.gc.ca/data-donnees/sgb_datasets/BC
ALEXIS CREEK NO 31,Colombie-Britannique,,,https://clss.nrcan-rncan.gc.ca/data-donnees/sgb_datasets/BC
ALEXIS CREEK NO 32,Colombie-Britannique,,,https://clss.nrcan-rncan.gc.ca/data-donnees/sgb_datasets/BC
ALEXIS CREEK NO 33,Colombie-Britannique,,,https://clss.nrcan-rncan.gc.ca/data-donnees/sgb_datasets/BC
ALEXIS CREEK NO 34,Colombie-Britannique,,,https://clss.nrcan-rncan.gc.ca/data-donnees/sgb_datasets/BC
ALEXIS CREEK NO 35,Colombie-Britannique,,,https://clss.nrcan-rncan.gc.ca/data-donnees/sgb_datasets/BC
ALEXIS CREEK NO 6,Colombie-Britannique,,,https://clss.nrcan-rncan.gc.ca/data-donnees/sgb_datasets/BC
ALEXIS CREEK NO 17,Colombie-Britannique,,,https://clss.nrcan-rncan.gc.ca/data-donnees/sgb_datasets/BC
ALEXIS CREEK NO 27,Colombie-Britannique,,,https://clss.nrcan-rncan.gc.ca/data-donnees/sgb_datasets/BC
ALEXIS NO 9,Colombie-Britannique,,,https://clss.nrcan-rncan.gc.ca/data-donnees/sgb_datasets/BC
ALEXIS THOMAS NO 1A,Colombie-Britannique,,,https://clss.nrcan-rncan.gc.ca/data-donnees/sgb_datasets/BC
ALIXTON NO 5,Colombie-Britannique,,,https://clss.nrcan-rncan.gc.ca/data-donnees/sgb_datasets/BC
ALKALI LAKE NO 1,Colombie-Britannique,,,https://clss.nrcan-rncan.gc.ca/data-donnees/sgb_datasets/BC
ALKALI LAKE NO 4A,Colombie-Britannique,,,https://clss.nrcan-rncan.gc.ca/data-donnees/sgb_datasets/BC
ALKHILI NO 2,Colombie-Britannique,,,https://clss.nrcan-rncan.gc.ca/data-donnees/sgb_datasets/BC
ALPHONSE TOMMY NO 7,Colombie-Britannique,,,https://clss.nrcan-rncan.gc.ca/data-donnees/sgb_datasets/BC
ANAHIM NO 11,Colombie-Britannique,,,https://clss.nrcan-rncan.gc.ca/data-donnees/sgb_datasets/BC
ANAHIM NO 14,Colombie-Britannique,,,https://clss.nrcan-rncan.gc.ca/data-donnees/sgb_datasets/BC
ANAHIM NO 15,Colombie-Britannique,,,https://clss.nrcan-rncan.gc.ca/data-donnees/sgb_datasets/BC
ANAHIM NO 16,Colombie-Britannique,,,https://clss.nrcan-rncan.gc.ca/data-donnees/sgb_datasets/BC
ANAHIM NO 17,Colombie-Britannique,,,https://clss.nrcan-rncan.gc.ca/data-donnees/sgb_datasets/BC
ANAHIM NO 18,Colombie-Britannique,,,https://clss.nrcan-rncan.gc.ca/data-donnees/sgb_datasets/BC
ANAHIM NO 3,Colombie-Britannique,,,https://clss.nrcan-rncan.gc.ca/data-donnees/sgb_datasets/BC
ANAHIM NO 4,Colombie-Britannique,,,https://clss.nrcan-rncan.gc.ca/data-donnees/sgb_datasets/BC
ANAHIM NO 5,Colombie-Britannique,,,https://clss.nrcan-rncan.gc.ca/data-donnees/sgb_datasets/BC
ANAHIM NO 6,Colombie-Britannique,,,https://clss.nrcan-rncan.gc.ca/data-donnees/sgb_datasets/BC
ANAHIM NO 7,Colombie-Britannique,,,https://clss.nrcan-rncan.gc.ca/data-donnees/sgb_datasets/BC
ANAHIM NO 8,Colombie-Britannique,,,https://clss.nrcan-rncan.gc.ca/data-donnees/sgb_datasets/BC
ANAHIM NO 9,Colombie-Britannique,,,https://clss.nrcan-rncan.gc.ca/data-donnees/sgb_datasets/BC
ANAHIM NO 10,Colombie-Britannique,,,https://clss.nrcan-rncan.gc.ca/data-donnees/sgb_datasets/BC
ANAHIM NO 12,Colombie-Britannique,,,https://clss.nrcan-rncan.gc.ca/data-donnees/sgb_datasets/BC
ANAHIM NO 13,Colombie-Britannique,,,https://clss.nrcan-rncan.gc.ca/data-donnees/sgb_datasets/BC
ANAHIM'S FLAT NO 1,Colombie-Britannique,,,https://clss.nrcan-rncan.gc.ca/data-donnees/sgb_datasets/BC
ANAHIM'S MEADOW NO 2,Colombie-Britannique,,,https://clss.nrcan-rncan.gc.ca/data-donnees/sgb_datasets/BC
ANAHIM'S MEADOW NO 2A,Colombie-Britannique,,,https://clss.nrcan-rncan.gc.ca/data-donnees/sgb_datasets/BC
ANDAK NO 9,Colombie-Britannique,,,https://clss.nrcan-rncan.gc.ca/data-donnees/sgb_datasets/BC
ANDERSON LAKE NO 5,Colombie-Britannique,,,https://clss.nrcan-rncan.gc.ca/data-donnees/sgb_datasets/BC
ANDIMAUL NO 1,Colombie-Britannique,,,https://clss.nrcan-rncan.gc.ca/data-donnees/sgb_datasets/BC
ANDY CAHOOSE MEADOW NO 16,Colombie-Britannique,,,https://clss.nrcan-rncan.gc.ca/data-donnees/sgb_datasets/BC
ANLAW NO 4,Colombie-Britannique,,,https://clss.nrcan-rncan.gc.ca/data-donnees/sgb_datasets/BC
ANN ISLAND NO 7,Colombie-Britannique,,,https://clss.nrcan-rncan.gc.ca/data-donnees/sgb_datasets/BC
APSAGAYU NO 1A,Colombie-Britannique,,,https://clss.nrcan-rncan.gc.ca/data-donnees/sgb_datasets/BC
AR-CE-WY-EE NO 4,Colombie-Britannique,,,https://clss.nrcan-rncan.gc.ca/data-donnees/sgb_datasets/BC
ASAHAL LAKE NO 2,Colombie-Britannique,,,https://clss.nrcan-rncan.gc.ca/data-donnees/sgb_datasets/BC
ASHCROFT NO 4,Colombie-Britannique,,,https://clss.nrcan-rncan.gc.ca/data-donnees/sgb_datasets/BC
ASHNOLA NO 10,Colombie-Britannique,,,https://clss.nrcan-rncan.gc.ca/data-donnees/sgb_datasets/BC
ATLIN-TESLIN INDIAN CEMETERY NO 4,Colombie-Britannique,,,https://clss.nrcan-rncan.gc.ca/data-donnees/sgb_datasets/BC
AUGIER LAKE NO 22,Colombie-Britannique,,,https://clss.nrcan-rncan.gc.ca/data-donnees/sgb_datasets/BC
AUPE NO 6,Colombie-Britannique,,,https://clss.nrcan-rncan.gc.ca/data-donnees/sgb_datasets/BC
AUPE NO 6A,Colombie-Britannique,,,https://clss.nrcan-rncan.gc.ca/data-donnees/sgb_datasets/BC
AUSTIN'S FLAT NO 3,Colombie-Britannique,,,https://clss.nrcan-rncan.gc.ca/data-donnees/sgb_datasets/BC
AVERY ISLAND NO 92,Colombie-Britannique,,,https://clss.nrcan-rncan.gc.ca/data-donnees/sgb_datasets/BC
AYLECHOOTLOOK NO 5,Colombie-Britannique,,,https://clss.nrcan-rncan.gc.ca/data-donnees/sgb_datasets/BC
AYWAWWIS NO 15,Colombie-Britannique,,,https://clss.nrcan-rncan.gc.ca/data-donnees/sgb_datasets/BC
BABINE LAKE NO 20,Colombie-Britannique,,,https://clss.nrcan-rncan.gc.ca/data-donnees/sgb_datasets/BC
BABINE LAKE NO 21B,Colombie-Britannique,,,https://clss.nrcan-rncan.gc.ca/data-donnees/sgb_datasets/BC
BABINE NO 16,Colombie-Britannique,,,https://clss.nrcan-rncan.gc.ca/data-donnees/sgb_datasets/BC
BABINE NO 17,Colombie-Britannique,,,https://clss.nrcan-rncan.gc.ca/data-donnees/sgb_datasets/BC
BABINE NO 18,Colombie-Britannique,,,https://clss.nrcan-rncan.gc.ca/data-donnees/sgb_datasets/BC
BABINE NO 25,Colombie-Britannique,,,https://clss.nrcan-rncan.gc.ca/data-donnees/sgb_datasets/BC
BABINE NO 26,Colombie-Britannique,,,https://clss.nrcan-rncan.gc.ca/data-donnees/sgb_datasets/BC
BABINE NO 6,Colombie-Britannique,,,https://clss.nrcan-rncan.gc.ca/data-donnees/sgb_datasets/BC
BABINE RIVER NO 21,Colombie-Britannique,,,https://clss.nrcan-rncan.gc.ca/data-donnees/sgb_datasets/BC
BABINE RIVER NO 21A,Colombie-Britannique,,,https://clss.nrcan-rncan.gc.ca/data-donnees/sgb_datasets/BC
BAEZAEKO RIVER NO 25,Colombie-Britannique,,,https://clss.nrcan-rncan.gc.ca/data-donnees/sgb_datasets/BC
BAEZAEKO RIVER NO 26,Colombie-Britannique,,,https://clss.nrcan-rncan.gc.ca/data-donnees/sgb_datasets/BC
BAEZAEKO RIVER NO 27,Colombie-Britannique,,,https://clss.nrcan-rncan.gc.ca/data-donnees/sgb_datasets/BC
BAPTISTE LOUIS NO 8,Colombie-Britannique,,,https://clss.nrcan-rncan.gc.ca/data-donnees/sgb_datasets/BC
BAPTISTE MEADOW NO 2,Colombie-Britannique,,,https://clss.nrcan-rncan.gc.ca/data-donnees/sgb_datasets/BC
BARE ISLAND NO 9,Colombie-Britannique,,,https://clss.nrcan-rncan.gc.ca/data-donnees/sgb_datasets/BC
BARNSTON ISLAND NO 3,Colombie-Britannique,,,https://clss.nrcan-rncan.gc.ca/data-donnees/sgb_datasets/BC
BARRIERE RIVER NO 3A,Colombie-Britannique,,,https://clss.nrcan-rncan.gc.ca/data-donnees/sgb_datasets/BC
BARTLETT ISLAND NO 32,Colombie-Britannique,,,https://clss.nrcan-rncan.gc.ca/data-donnees/sgb_datasets/BC
BARTLETT ISLAND NO 7,Colombie-Britannique,,,https://clss.nrcan-rncan.gc.ca/data-donnees/sgb_datasets/BC
BASQUE NO 18,Colombie-Britannique,,,https://clss.nrcan-rncan.gc.ca/data-donnees/sgb_datasets/BC
BAT-L-KI NO 3,Colombie-Britannique,,,https://clss.nrcan-rncan.gc.ca/data-donnees/sgb_datasets/BC
BEAR BAY NO 8,Colombie-Britannique,,,https://clss.nrcan-rncan.gc.ca/data-donnees/sgb_datasets/BC
BEAR LAKE (FORT CONNELLY) NO 4,Colombie-Britannique,,,https://clss.nrcan-rncan.gc.ca/data-donnees/sgb_datasets/BC
BEAR LAKE (TSAYTUT BAY) NO 1B,Colombie-Britannique,,,https://clss.nrcan-rncan.gc.ca/data-donnees/sgb_datasets/BC
BEAR RIVER (SUSTUT RIVER) NO 3,Colombie-Britannique,,,https://clss.nrcan-rncan.gc.ca/data-donnees/sgb_datasets/BC
BEATON RIVER NO 204 (SOUTH HALF),Colombie-Britannique,,,https://clss.nrcan-rncan.gc.ca/data-donnees/sgb_datasets/BC
BEATON RIVER NO 204,Colombie-Britannique,,,https://clss.nrcan-rncan.gc.ca/data-donnees/sgb_datasets/BC
BEAVER ISLANDS NO 8,Colombie-Britannique,,,https://clss.nrcan-rncan.gc.ca/data-donnees/sgb_datasets/BC
BECHER BAY NO 1,Colombie-Britannique,,,https://clss.nrcan-rncan.gc.ca/data-donnees/sgb_datasets/BC
BECHER BAY NO 2,Colombie-Britannique,,,https://clss.nrcan-rncan.gc.ca/data-donnees/sgb_datasets/BC
BEES NO 6,Colombie-Britannique,,,https://clss.nrcan-rncan.gc.ca/data-donnees/sgb_datasets/BC
BELLA BELLA NO 1,Colombie-Britannique,,,https://clss.nrcan-rncan.gc.ca/data-donnees/sgb_datasets/BC
BELLA COOLA NO 1,Colombie-Britannique,,,https://clss.nrcan-rncan.gc.ca/data-donnees/sgb_datasets/BC
BETTY CREEK NO 18,Colombie-Britannique,,,https://clss.nrcan-rncan.gc.ca/data-donnees/sgb_datasets/BC
BIG JOE'S MEADOW NO 7,Colombie-Britannique,,,https://clss.nrcan-rncan.gc.ca/data-donnees/sgb_datasets/BC
BIHL' K'A CHAH NO 20,Colombie-Britannique,,,https://clss.nrcan-rncan.gc.ca/data-donnees/sgb_datasets/BC
BIHL' K'A NO 18,Colombie-Britannique,,,https://clss.nrcan-rncan.gc.ca/data-donnees/sgb_datasets/BC
BIHLK'A NO 6,Colombie-Britannique,,,https://clss.nrcan-rncan.gc.ca/data-donnees/sgb_datasets/BC
BILL LAKE NO 37,Colombie-Britannique,,,https://clss.nrcan-rncan.gc.ca/data-donnees/sgb_datasets/BC
BINCHE BUN NO 7,Colombie-Britannique,,,https://clss.nrcan-rncan.gc.ca/data-donnees/sgb_datasets/BC
BINCHE NO 10,Colombie-Britannique,,,https://clss.nrcan-rncan.gc.ca/data-donnees/sgb_datasets/BC
BINCHE NO 12,Colombie-Britannique,,,https://clss.nrcan-rncan.gc.ca/data-donnees/sgb_datasets/BC
BINCHE NO 2,Colombie-Britannique,,,https://clss.nrcan-rncan.gc.ca/data-donnees/sgb_datasets/BC
BINTA LAKE NO 2,Colombie-Britannique,,,https://clss.nrcan-rncan.gc.ca/data-donnees/sgb_datasets/BC
BIRNIE ISLAND NO 18,Colombie-Britannique,,,https://clss.nrcan-rncan.gc.ca/data-donnees/sgb_datasets/BC
BISHOP BLUFFS NO 10,Colombie-Britannique,,,https://clss.nrcan-rncan.gc.ca/data-donnees/sgb_datasets/BC
BISHOP BLUFFS NO 5,Colombie-Britannique,,,https://clss.nrcan-rncan.gc.ca/data-donnees/sgb_datasets/BC
BISHOP BLUFFS NO 6,Colombie-Britannique,,,https://clss.nrcan-rncan.gc.ca/data-donnees/sgb_datasets/BC
BLACK SLATE NO 11,Colombie-Britannique,,,https://clss.nrcan-rncan.gc.ca/data-donnees/sgb_datasets/BC
BLACKWATER MEADOW NO 11,Colombie-Britannique,,,https://clss.nrcan-rncan.gc.ca/data-donnees/sgb_datasets/BC
BLUE RIVER NO 1,Colombie-Britannique,,,https://clss.nrcan-rncan.gc.ca/data-donnees/sgb_datasets/BC
BLUEBERRY RIVER NO 205,Colombie-Britannique,,,https://clss.nrcan-rncan.gc.ca/data-donnees/sgb_datasets/BC
BONAPARTE NO 3,Colombie-Britannique,,,https://clss.nrcan-rncan.gc.ca/data-donnees/sgb_datasets/BC
BOOTAHNIE NO 15,Colombie-Britannique,,,https://clss.nrcan-rncan.gc.ca/data-donnees/sgb_datasets/BC
BOOTHROYD NO 13,Colombie-Britannique,,,https://clss.nrcan-rncan.gc.ca/data-donnees/sgb_datasets/BC
BOOTHROYD NO 5A,Colombie-Britannique,,,https://clss.nrcan-rncan.gc.ca/data-donnees/sgb_datasets/BC
BOOTHROYD NO 5B,Colombie-Britannique,,,https://clss.nrcan-rncan.gc.ca/data-donnees/sgb_datasets/BC
BOOTHROYD NO 5C,Colombie-Britannique,,,https://clss.nrcan-rncan.gc.ca/data-donnees/sgb_datasets/BC
BOOTHROYD NO 6A,Colombie-Britannique,,,https://clss.nrcan-rncan.gc.ca/data-donnees/sgb_datasets/BC
BOOTHROYD NO 6B,Colombie-Britannique,,,https://clss.nrcan-rncan.gc.ca/data-donnees/sgb_datasets/BC
BOOTHROYD NO 8A,Colombie-Britannique,,,https://clss.nrcan-rncan.gc.ca/data-donnees/sgb_datasets/BC
BOSTON BAR NO 10,Colombie-Britannique,,,https://clss.nrcan-rncan.gc.ca/data-donnees/sgb_datasets/BC
BOSTON BAR NO 11,Colombie-Britannique,,,https://clss.nrcan-rncan.gc.ca/data-donnees/sgb_datasets/BC
BOSTON BAR NO 1A,Colombie-Britannique,,,https://clss.nrcan-rncan.gc.ca/data-donnees/sgb_datasets/BC
BOSTON BAR NO 8,Colombie-Britannique,,,https://clss.nrcan-rncan.gc.ca/data-donnees/sgb_datasets/BC
BOSTON BAR NO 9,Colombie-Britannique,,,https://clss.nrcan-rncan.gc.ca/data-donnees/sgb_datasets/BC
BOULDER CREEK NO 5,Colombie-Britannique,,,https://clss.nrcan-rncan.gc.ca/data-donnees/sgb_datasets/BC
BRIDGE RIVER NO 1,Colombie-Britannique,,,https://clss.nrcan-rncan.gc.ca/data-donnees/sgb_datasets/BC
BRIDGE RIVER NO 2,Colombie-Britannique,,,https://clss.nrcan-rncan.gc.ca/data-donnees/sgb_datasets/BC
BRIGHAM CREEK NO 3,Colombie-Britannique,,,https://clss.nrcan-rncan.gc.ca/data-donnees/sgb_datasets/BC
BUCKTUM NO 4,Colombie-Britannique,,,https://clss.nrcan-rncan.gc.ca/data-donnees/sgb_datasets/BC
BULKLEY NO 1,Colombie-Britannique,,,https://clss.nrcan-rncan.gc.ca/data-donnees/sgb_datasets/BC
BULKLEY RIVER NO 19,Colombie-Britannique,,,https://clss.nrcan-rncan.gc.ca/data-donnees/sgb_datasets/BC
BUMMERS FLAT NO 6,Colombie-Britannique,,,https://clss.nrcan-rncan.gc.ca/data-donnees/sgb_datasets/BC
BURNS LAKE NO 18,Colombie-Britannique,,,https://clss.nrcan-rncan.gc.ca/data-donnees/sgb_datasets/BC
BURNT CLIFF ISLANDS NO 20,Colombie-Britannique,,,https://clss.nrcan-rncan.gc.ca/data-donnees/sgb_datasets/BC
BURRARD INLET NO 3,Colombie-Britannique,,,https://clss.nrcan-rncan.gc.ca/data-donnees/sgb_datasets/BC
CAHOOSE NO 10,Colombie-Britannique,,,https://clss.nrcan-rncan.gc.ca/data-donnees/sgb_datasets/BC
CAHOOSE NO 12,Colombie-Britannique,,,https://clss.nrcan-rncan.gc.ca/data-donnees/sgb_datasets/BC
CAHOOSE NO 8,Colombie-Britannique,,,https://clss.nrcan-rncan.gc.ca/data-donnees/sgb_datasets/BC
CAMERON BAR NO 13,Colombie-Britannique,,,https://clss.nrcan-rncan.gc.ca/data-donnees/sgb_datasets/BC
CAMPBELL RIVER INDIAN RESERVE NO 13,Colombie-Britannique,,,https://clss.nrcan-rncan.gc.ca/data-donnees/sgb_datasets/BC
CAMPBELL RIVER INDIAN RESERVE NO. 11,Colombie-Britannique,,,https://clss.nrcan-rncan.gc.ca/data-donnees/sgb_datasets/BC
CAMSELL LAKE NO 30,Colombie-Britannique,,,https://clss.nrcan-rncan.gc.ca/data-donnees/sgb_datasets/BC
CANIM LAKE NO 2,Colombie-Britannique,,,https://clss.nrcan-rncan.gc.ca/data-donnees/sgb_datasets/BC
CANIM LAKE NO 3,Colombie-Britannique,,,https://clss.nrcan-rncan.gc.ca/data-donnees/sgb_datasets/BC
CANIM LAKE NO 4,Colombie-Britannique,,,https://clss.nrcan-rncan.gc.ca/data-donnees/sgb_datasets/BC
CANIM LAKE NO 5,Colombie-Britannique,,,https://clss.nrcan-rncan.gc.ca/data-donnees/sgb_datasets/BC
CANIM LAKE NO 6,Colombie-Britannique,,,https://clss.nrcan-rncan.gc.ca/data-donnees/sgb_datasets/BC
CANOE CREEK NO 1,Colombie-Britannique,,,https://clss.nrcan-rncan.gc.ca/data-donnees/sgb_datasets/BC
CANOE CREEK NO 2,Colombie-Britannique,,,https://clss.nrcan-rncan.gc.ca/data-donnees/sgb_datasets/BC
CANOE CREEK NO 3,Colombie-Britannique,,,https://clss.nrcan-rncan.gc.ca/data-donnees/sgb_datasets/BC
CANOONA NO 2,Colombie-Britannique,,,https://clss.nrcan-rncan.gc.ca/data-donnees/sgb_datasets/BC
CANYON LAKE (ORMONDE LAKE) NO 7,Colombie-Britannique,,,https://clss.nrcan-rncan.gc.ca/data-donnees/sgb_datasets/BC
CAPE MUDGE NO 10,Colombie-Britannique,,,https://clss.nrcan-rncan.gc.ca/data-donnees/sgb_datasets/BC
CAPILANO NO 5,Colombie-Britannique,,,https://clss.nrcan-rncan.gc.ca/data-donnees/sgb_datasets/BC
CARM CREEK NO 38,Colombie-Britannique,,,https://clss.nrcan-rncan.gc.ca/data-donnees/sgb_datasets/BC
CARMANAH NO 6,Colombie-Britannique,,,https://clss.nrcan-rncan.gc.ca/data-donnees/sgb_datasets/BC
CARP LAKE NO 3,Colombie-Britannique,,,https://clss.nrcan-rncan.gc.ca/data-donnees/sgb_datasets/BC
CARPENTER MOUNTAIN NO 15,Colombie-Britannique,,,https://clss.nrcan-rncan.gc.ca/data-donnees/sgb_datasets/BC
CARRIER LAKE NO 15,Colombie-Britannique,,,https://clss.nrcan-rncan.gc.ca/data-donnees/sgb_datasets/BC
CARSOOSAT NO 17,Colombie-Britannique,,,https://clss.nrcan-rncan.gc.ca/data-donnees/sgb_datasets/BC
CASDEDED NO 8,Colombie-Britannique,,,https://clss.nrcan-rncan.gc.ca/data-donnees/sgb_datasets/BC
CASIMIEL MEADOWS NO 15A,Colombie-Britannique,,,https://clss.nrcan-rncan.gc.ca/data-donnees/sgb_datasets/BC
CASSIMAYOOKS (MAYOOK) NO 5,Colombie-Britannique,,,https://clss.nrcan-rncan.gc.ca/data-donnees/sgb_datasets/BC
CAYILTH NO 5,Colombie-Britannique,,,https://clss.nrcan-rncan.gc.ca/data-donnees/sgb_datasets/BC
CAYOOSH CREEK NO 1,Colombie-Britannique,,,https://clss.nrcan-rncan.gc.ca/data-donnees/sgb_datasets/BC
CAYUSE NO 6,Colombie-Britannique,,,https://clss.nrcan-rncan.gc.ca/data-donnees/sgb_datasets/BC
CHALLETKOHUM NO 5,Colombie-Britannique,,,https://clss.nrcan-rncan.gc.ca/data-donnees/sgb_datasets/BC
CHALLETKOHUM NO 9,Colombie-Britannique,,,https://clss.nrcan-rncan.gc.ca/data-donnees/sgb_datasets/BC
CHANNEL ISLANDS NO 33,Colombie-Britannique,,,https://clss.nrcan-rncan.gc.ca/data-donnees/sgb_datasets/BC
CHANOODANDIDALCH NO 14,Colombie-Britannique,,,https://clss.nrcan-rncan.gc.ca/data-donnees/sgb_datasets/BC
CHAPEL PARK NO 28,Colombie-Britannique,,,https://clss.nrcan-rncan.gc.ca/data-donnees/sgb_datasets/BC
CHAPMAN'S BAR NO 10,Colombie-Britannique,,,https://clss.nrcan-rncan.gc.ca/data-donnees/sgb_datasets/BC
CHAPPERON CREEK NO 6,Colombie-Britannique,,,https://clss.nrcan-rncan.gc.ca/data-donnees/sgb_datasets/BC
CHAPPERON LAKE NO 5,Colombie-Britannique,,,https://clss.nrcan-rncan.gc.ca/data-donnees/sgb_datasets/BC
CHARLES CREEK NO 2,Colombie-Britannique,,,https://clss.nrcan-rncan.gc.ca/data-donnees/sgb_datasets/BC
CHARLEY BOY'S MEADOW NO 3,Colombie-Britannique,,,https://clss.nrcan-rncan.gc.ca/data-donnees/sgb_datasets/BC
CHARLIE LAKE,Colombie-Britannique,,,https://clss.nrcan-rncan.gc.ca/data-donnees/sgb_datasets/BC
CHATHAM ISLANDS NO 4,Colombie-Britannique,,,https://clss.nrcan-rncan.gc.ca/data-donnees/sgb_datasets/BC
CHATSCAH NO 2,Colombie-Britannique,,,https://clss.nrcan-rncan.gc.ca/data-donnees/sgb_datasets/BC
CHAUMOX NO 11,Colombie-Britannique,,,https://clss.nrcan-rncan.gc.ca/data-donnees/sgb_datasets/BC
CHAWATHIL NO 4,Colombie-Britannique,,,https://clss.nrcan-rncan.gc.ca/data-donnees/sgb_datasets/BC
CHE? TL'UK DEH,Colombie-Britannique,,,https://clss.nrcan-rncan.gc.ca/data-donnees/sgb_datasets/BC
CHEAKAMUS NO 11,Colombie-Britannique,,,https://clss.nrcan-rncan.gc.ca/data-donnees/sgb_datasets/BC
CHEAM NO 1,Colombie-Britannique,,,https://clss.nrcan-rncan.gc.ca/data-donnees/sgb_datasets/BC
CHEESISH NO 15,Colombie-Britannique,,,https://clss.nrcan-rncan.gc.ca/data-donnees/sgb_datasets/BC
CHEETSUM'S FARM NO 1,Colombie-Britannique,,,https://clss.nrcan-rncan.gc.ca/data-donnees/sgb_datasets/BC
CHEEWAT NO 4A,Colombie-Britannique,,,https://clss.nrcan-rncan.gc.ca/data-donnees/sgb_datasets/BC
CHEHALIS NO 5,Colombie-Britannique,,,https://clss.nrcan-rncan.gc.ca/data-donnees/sgb_datasets/BC
CHEHALIS NO 6,Colombie-Britannique,,,https://clss.nrcan-rncan.gc.ca/data-donnees/sgb_datasets/BC
CHEKWELP NO 26,Colombie-Britannique,,,https://clss.nrcan-rncan.gc.ca/data-donnees/sgb_datasets/BC
CHEKWELP NO 26A,Colombie-Britannique,,,https://clss.nrcan-rncan.gc.ca/data-donnees/sgb_datasets/BC
CHEMAINUS NO 13,Colombie-Britannique,,,https://clss.nrcan-rncan.gc.ca/data-donnees/sgb_datasets/BC
CHENAHKINT NO 12,Colombie-Britannique,,,https://clss.nrcan-rncan.gc.ca/data-donnees/sgb_datasets/BC
CHES-LA-KEE NO 3,Colombie-Britannique,,,https://clss.nrcan-rncan.gc.ca/data-donnees/sgb_datasets/BC
CHESLATTA NO 1,Colombie-Britannique,,,https://clss.nrcan-rncan.gc.ca/data-donnees/sgb_datasets/BC
CHETARPE NO 17,Colombie-Britannique,,,https://clss.nrcan-rncan.gc.ca/data-donnees/sgb_datasets/BC
CHEZACUT CEMETERY NO 5,Colombie-Britannique,,,https://clss.nrcan-rncan.gc.ca/data-donnees/sgb_datasets/BC
CHEZTAINYA LAKE NO 11,Colombie-Britannique,,,https://clss.nrcan-rncan.gc.ca/data-donnees/sgb_datasets/BC
CHIEF MORRIS NO 13,Colombie-Britannique,,,https://clss.nrcan-rncan.gc.ca/data-donnees/sgb_datasets/BC
CHIG-IN-KAHT NO 8,Colombie-Britannique,,,https://clss.nrcan-rncan.gc.ca/data-donnees/sgb_datasets/BC
CHILCO LAKE NO 1,Colombie-Britannique,,,https://clss.nrcan-rncan.gc.ca/data-donnees/sgb_datasets/BC
CHILCO LAKE NO 1A,Colombie-Britannique,,,https://clss.nrcan-rncan.gc.ca/data-donnees/sgb_datasets/BC
CHILHIL NO 6,Colombie-Britannique,,,https://clss.nrcan-rncan.gc.ca/data-donnees/sgb_datasets/BC
CHIMDIMASH NO 2,Colombie-Britannique,,,https://clss.nrcan-rncan.gc.ca/data-donnees/sgb_datasets/BC
CHIMDIMASH NO 2A,Colombie-Britannique,,,https://clss.nrcan-rncan.gc.ca/data-donnees/sgb_datasets/BC
CHIMNEY CREEK NO 5,Colombie-Britannique,,,https://clss.nrcan-rncan.gc.ca/data-donnees/sgb_datasets/BC
CHISEUQUIS NO 9,Colombie-Britannique,,,https://clss.nrcan-rncan.gc.ca/data-donnees/sgb_datasets/BC
CHOPAKA NO 7 & 8,Colombie-Britannique,,,https://clss.nrcan-rncan.gc.ca/data-donnees/sgb_datasets/BC
CHUCHAKACOOK NO 4,Colombie-Britannique,,,https://clss.nrcan-rncan.gc.ca/data-donnees/sgb_datasets/BC
CHUCHHRIASCHIN NO 5,Colombie-Britannique,,,https://clss.nrcan-rncan.gc.ca/data-donnees/sgb_datasets/BC
CHUCHHRIASCHIN NO 5A,Colombie-Britannique,,,https://clss.nrcan-rncan.gc.ca/data-donnees/sgb_datasets/BC
CHUCHUMMISAPO NO 15,Colombie-Britannique,,,https://clss.nrcan-rncan.gc.ca/data-donnees/sgb_datasets/BC
CHUCHUWAYHA NO 2,Colombie-Britannique,,,https://clss.nrcan-rncan.gc.ca/data-donnees/sgb_datasets/BC
CHUCHUWAYHA NO 2C,Colombie-Britannique,,,https://clss.nrcan-rncan.gc.ca/data-donnees/sgb_datasets/BC
CHUCKCHUCK NO 8,Colombie-Britannique,,,https://clss.nrcan-rncan.gc.ca/data-donnees/sgb_datasets/BC
CHUKCHEETSO NO 7,Colombie-Britannique,,,https://clss.nrcan-rncan.gc.ca/data-donnees/sgb_datasets/BC
CHUM CREEK NO 2,Colombie-Britannique,,,https://clss.nrcan-rncan.gc.ca/data-donnees/sgb_datasets/BC
CHUNDOO LH'TAN LA NO 45,Colombie-Britannique,,,https://clss.nrcan-rncan.gc.ca/data-donnees/sgb_datasets/BC
CHUZ GHUN NO 8,Colombie-Britannique,,,https://clss.nrcan-rncan.gc.ca/data-donnees/sgb_datasets/BC
CHUZ TEESLEE NO 41,Colombie-Britannique,,,https://clss.nrcan-rncan.gc.ca/data-donnees/sgb_datasets/BC
CITEYATS NO 9,Colombie-Britannique,,,https://clss.nrcan-rncan.gc.ca/data-donnees/sgb_datasets/BC
CLAOOSE NO 4,Colombie-Britannique,,,https://clss.nrcan-rncan.gc.ca/data-donnees/sgb_datasets/BC
CLASSY CREEK NO 8,Colombie-Britannique,,,https://clss.nrcan-rncan.gc.ca/data-donnees/sgb_datasets/BC
CLATSE NO 5,Colombie-Britannique,,,https://clss.nrcan-rncan.gc.ca/data-donnees/sgb_datasets/BC
CLATUX NO 9,Colombie-Britannique,,,https://clss.nrcan-rncan.gc.ca/data-donnees/sgb_datasets/BC
CLAYOQUA NO 6,Colombie-Britannique,,,https://clss.nrcan-rncan.gc.ca/data-donnees/sgb_datasets/BC
CLEHO NO 6,Colombie-Britannique,,,https://clss.nrcan-rncan.gc.ca/data-donnees/sgb_datasets/BC
CLESBAONEECHECK NO 3,Colombie-Britannique,,,https://clss.nrcan-rncan.gc.ca/data-donnees/sgb_datasets/BC
CLIENNA NO 14,Colombie-Britannique,,,https://clss.nrcan-rncan.gc.ca/data-donnees/sgb_datasets/BC
CLINTON NO. 1,Colombie-Britannique,,,https://clss.nrcan-rncan.gc.ca/data-donnees/sgb_datasets/BC
CLOOLTHPICH NO 12,Colombie-Britannique,,,https://clss.nrcan-rncan.gc.ca/data-donnees/sgb_datasets/BC
CLOTALAIRQUOT NO 4,Colombie-Britannique,,,https://clss.nrcan-rncan.gc.ca/data-donnees/sgb_datasets/BC
CLOWEL NO 13,Colombie-Britannique,,,https://clss.nrcan-rncan.gc.ca/data-donnees/sgb_datasets/BC
CLUCHUTA LAKE NO 10A,Colombie-Britannique,,,https://clss.nrcan-rncan.gc.ca/data-donnees/sgb_datasets/BC
CLUCHUTA LAKE NO 10B,Colombie-Britannique,,,https://clss.nrcan-rncan.gc.ca/data-donnees/sgb_datasets/BC
CLUDOLICUM NO 9,Colombie-Britannique,,,https://clss.nrcan-rncan.gc.ca/data-donnees/sgb_datasets/BC
CLUDOLICUM NO 9A,Colombie-Britannique,,,https://clss.nrcan-rncan.gc.ca/data-donnees/sgb_datasets/BC
CLUSTALACH NO 5,Colombie-Britannique,,,https://clss.nrcan-rncan.gc.ca/data-donnees/sgb_datasets/BC
COCKMI NO 3,Colombie-Britannique,,,https://clss.nrcan-rncan.gc.ca/data-donnees/sgb_datasets/BC
COFFIN ISLAND NO 3,Colombie-Britannique,,,https://clss.nrcan-rncan.gc.ca/data-donnees/sgb_datasets/BC
COGLISTIKO RIVER NO 29,Colombie-Britannique,,,https://clss.nrcan-rncan.gc.ca/data-donnees/sgb_datasets/BC
COHOE POINT NO 20,Colombie-Britannique,,,https://clss.nrcan-rncan.gc.ca/data-donnees/sgb_datasets/BC
COLDWATER NO 1,Colombie-Britannique,,,https://clss.nrcan-rncan.gc.ca/data-donnees/sgb_datasets/BC
COLE BAY NO 3,Colombie-Britannique,,,https://clss.nrcan-rncan.gc.ca/data-donnees/sgb_datasets/BC
COLUMBIA LAKE NO 3,Colombie-Britannique,,,https://clss.nrcan-rncan.gc.ca/data-donnees/sgb_datasets/BC
COMOX NO 1,Colombie-Britannique,,,https://clss.nrcan-rncan.gc.ca/data-donnees/sgb_datasets/BC
COMPTON ISLAND NO 6,Colombie-Britannique,,,https://clss.nrcan-rncan.gc.ca/data-donnees/sgb_datasets/BC
COOPTE NO 9,Colombie-Britannique,,,https://clss.nrcan-rncan.gc.ca/data-donnees/sgb_datasets/BC
COPPER JOHNNY MEADOW NO 8,Colombie-Britannique,,,https://clss.nrcan-rncan.gc.ca/data-donnees/sgb_datasets/BC
COQUALEETZA,Colombie-Britannique,,,https://clss.nrcan-rncan.gc.ca/data-donnees/sgb_datasets/BC
COQUITLAM NO 1,Colombie-Britannique,,,https://clss.nrcan-rncan.gc.ca/data-donnees/sgb_datasets/BC
COQUITLAM NO 2,Colombie-Britannique,,,https://clss.nrcan-rncan.gc.ca/data-donnees/sgb_datasets/BC
CORKSCREW CREEK NO 10,Colombie-Britannique,,,https://clss.nrcan-rncan.gc.ca/data-donnees/sgb_datasets/BC
CORKSCREW CREEK NO 9,Colombie-Britannique,,,https://clss.nrcan-rncan.gc.ca/data-donnees/sgb_datasets/BC
CORYATSAQUA (MORICETOWN) NO 2,Colombie-Britannique,,,https://clss.nrcan-rncan.gc.ca/data-donnees/sgb_datasets/BC
COUS NO 3,Colombie-Britannique,,,https://clss.nrcan-rncan.gc.ca/data-donnees/sgb_datasets/BC
COWICHAN LAKE,Colombie-Britannique,,,https://clss.nrcan-rncan.gc.ca/data-donnees/sgb_datasets/BC
COWICHAN NO 1,Colombie-Britannique,,,https://clss.nrcan-rncan.gc.ca/data-donnees/sgb_datasets/BC
COWICHAN NO 9,Colombie-Britannique,,,https://clss.nrcan-rncan.gc.ca/data-donnees/sgb_datasets/BC
CRAB RIVER (CRAB HARBOUR) NO 18,Colombie-Britannique,,,https://clss.nrcan-rncan.gc.ca/data-donnees/sgb_datasets/BC
CRESTON NO 1,Colombie-Britannique,,,https://clss.nrcan-rncan.gc.ca/data-donnees/sgb_datasets/BC
CULLITE NO 3,Colombie-Britannique,,,https://clss.nrcan-rncan.gc.ca/data-donnees/sgb_datasets/BC
CUMSHEWAS NO 7,Colombie-Britannique,,,https://clss.nrcan-rncan.gc.ca/data-donnees/sgb_datasets/BC
DAKIULIS NO 7,Colombie-Britannique,,,https://clss.nrcan-rncan.gc.ca/data-donnees/sgb_datasets/BC
DALK-KA-GILA-QUOEUX NO 2,Colombie-Britannique,,,https://clss.nrcan-rncan.gc.ca/data-donnees/sgb_datasets/BC
DANINGAY NO 12,Colombie-Britannique,,,https://clss.nrcan-rncan.gc.ca/data-donnees/sgb_datasets/BC
DASHKEN NO 22,Colombie-Britannique,,,https://clss.nrcan-rncan.gc.ca/data-donnees/sgb_datasets/BC
DEAD POINT NO 5,Colombie-Britannique,,,https://clss.nrcan-rncan.gc.ca/data-donnees/sgb_datasets/BC
DEASE LAKE NO 9,Colombie-Britannique,,,https://clss.nrcan-rncan.gc.ca/data-donnees/sgb_datasets/BC
DEDAGAUS NO 8,Colombie-Britannique,,,https://clss.nrcan-rncan.gc.ca/data-donnees/sgb_datasets/BC
DEENA NO 3,Colombie-Britannique,,,https://clss.nrcan-rncan.gc.ca/data-donnees/sgb_datasets/BC
DEEP CREEK NO 5,Colombie-Britannique,,,https://clss.nrcan-rncan.gc.ca/data-donnees/sgb_datasets/BC
DEEP CREEK NO 2,Colombie-Britannique,,,https://clss.nrcan-rncan.gc.ca/data-donnees/sgb_datasets/BC
DEEP VALLEY NO 5,Colombie-Britannique,,,https://clss.nrcan-rncan.gc.ca/data-donnees/sgb_datasets/BC
DEFENCE ISLAND NO 28,Colombie-Britannique,,,https://clss.nrcan-rncan.gc.ca/data-donnees/sgb_datasets/BC
DIL-MA-SOW NO 5,Colombie-Britannique,,,https://clss.nrcan-rncan.gc.ca/data-donnees/sgb_datasets/BC
DISCOVERY ISLAND NO 3,Colombie-Britannique,,,https://clss.nrcan-rncan.gc.ca/data-donnees/sgb_datasets/BC
DLAH KOH NO 31,Colombie-Britannique,,,https://clss.nrcan-rncan.gc.ca/data-donnees/sgb_datasets/BC
DOG CREEK NO 1,Colombie-Britannique,,,https://clss.nrcan-rncan.gc.ca/data-donnees/sgb_datasets/BC
DOG CREEK NO 2,Colombie-Britannique,,,https://clss.nrcan-rncan.gc.ca/data-donnees/sgb_datasets/BC
DOG CREEK NO 3,Colombie-Britannique,,,https://clss.nrcan-rncan.gc.ca/data-donnees/sgb_datasets/BC
DOG CREEK NO 4,Colombie-Britannique,,,https://clss.nrcan-rncan.gc.ca/data-donnees/sgb_datasets/BC
DOIG RIVER NO 206,Colombie-Britannique,,,https://clss.nrcan-rncan.gc.ca/data-donnees/sgb_datasets/BC
DOLPHIN ISLAND NO 1,Colombie-Britannique,,,https://clss.nrcan-rncan.gc.ca/data-donnees/sgb_datasets/BC
DOOBAH NO 10,Colombie-Britannique,,,https://clss.nrcan-rncan.gc.ca/data-donnees/sgb_datasets/BC
DOUGLAS LAKE NO 3,Colombie-Britannique,,,https://clss.nrcan-rncan.gc.ca/data-donnees/sgb_datasets/BC
DOUGLAS NO 8,Colombie-Britannique,,,https://clss.nrcan-rncan.gc.ca/data-donnees/sgb_datasets/BC
DOVE ISLAND NO 12,Colombie-Britannique,,,https://clss.nrcan-rncan.gc.ca/data-donnees/sgb_datasets/BC
DRAGON LAKE NO 3,Colombie-Britannique,,,https://clss.nrcan-rncan.gc.ca/data-donnees/sgb_datasets/BC
DREW HARBOUR NO 9,Colombie-Britannique,,,https://clss.nrcan-rncan.gc.ca/data-donnees/sgb_datasets/BC
DRY SALMON NO 7,Colombie-Britannique,,,https://clss.nrcan-rncan.gc.ca/data-donnees/sgb_datasets/BC
DUCK LAKE NO 7,Colombie-Britannique,,,https://clss.nrcan-rncan.gc.ca/data-donnees/sgb_datasets/BC
DUFFERIN NO 10,Colombie-Britannique,,,https://clss.nrcan-rncan.gc.ca/data-donnees/sgb_datasets/BC
DUG-DA-MYSE NO 12,Colombie-Britannique,,,https://clss.nrcan-rncan.gc.ca/data-donnees/sgb_datasets/BC
DUNCAN LAKE NO 2,Colombie-Britannique,,,https://clss.nrcan-rncan.gc.ca/data-donnees/sgb_datasets/BC
DUNDAS ISLAND NO 32B,Colombie-Britannique,,,https://clss.nrcan-rncan.gc.ca/data-donnees/sgb_datasets/BC
DZAGAYAP NO 73,Colombie-Britannique,,,https://clss.nrcan-rncan.gc.ca/data-donnees/sgb_datasets/BC
DZAGAYAP NO 74,Colombie-Britannique,,,https://clss.nrcan-rncan.gc.ca/data-donnees/sgb_datasets/BC
DZIN TL'AT NO 46,Colombie-Britannique,,,https://clss.nrcan-rncan.gc.ca/data-donnees/sgb_datasets/BC
DZITLINE LEE NO 9,Colombie-Britannique,,,https://clss.nrcan-rncan.gc.ca/data-donnees/sgb_datasets/BC
EAST MOBERLY LAKE NO 169,Colombie-Britannique,,,https://clss.nrcan-rncan.gc.ca/data-donnees/sgb_datasets/BC
EAST SAANICH NO 2,Colombie-Britannique,,,https://clss.nrcan-rncan.gc.ca/data-donnees/sgb_datasets/BC
EASTERN ISLAND NO 13,Colombie-Britannique,,,https://clss.nrcan-rncan.gc.ca/data-donnees/sgb_datasets/BC
ECHACHIS NO 2,Colombie-Britannique,,,https://clss.nrcan-rncan.gc.ca/data-donnees/sgb_datasets/BC
EDYE NO 93,Colombie-Britannique,,,https://clss.nrcan-rncan.gc.ca/data-donnees/sgb_datasets/BC
EELSEUKLIS NO 10,Colombie-Britannique,,,https://clss.nrcan-rncan.gc.ca/data-donnees/sgb_datasets/BC
EGERIA BAY NO 19,Colombie-Britannique,,,https://clss.nrcan-rncan.gc.ca/data-donnees/sgb_datasets/BC
EHATIS NO 11,Colombie-Britannique,,,https://clss.nrcan-rncan.gc.ca/data-donnees/sgb_datasets/BC
ELCHO NO 6,Colombie-Britannique,,,https://clss.nrcan-rncan.gc.ca/data-donnees/sgb_datasets/BC
ENDERBY NO 2,Colombie-Britannique,,,https://clss.nrcan-rncan.gc.ca/data-donnees/sgb_datasets/BC
ENHALT NO 11,Colombie-Britannique,,,https://clss.nrcan-rncan.gc.ca/data-donnees/sgb_datasets/BC
ENSHESHESE NO 13,Colombie-Britannique,,,https://clss.nrcan-rncan.gc.ca/data-donnees/sgb_datasets/BC
ENSHESHESE NO 53,Colombie-Britannique,,,https://clss.nrcan-rncan.gc.ca/data-donnees/sgb_datasets/BC
ENTLQWEKKINH NO 19,Colombie-Britannique,,,https://clss.nrcan-rncan.gc.ca/data-donnees/sgb_datasets/BC
EQUIS NO 8,Colombie-Britannique,,,https://clss.nrcan-rncan.gc.ca/data-donnees/sgb_datasets/BC
ESOWISTA NO 3,Colombie-Britannique,,,https://clss.nrcan-rncan.gc.ca/data-donnees/sgb_datasets/BC
ESQUIMALT,Colombie-Britannique,,,https://clss.nrcan-rncan.gc.ca/data-donnees/sgb_datasets/BC
EST-PATROLAS NO 4,Colombie-Britannique,,,https://clss.nrcan-rncan.gc.ca/data-donnees/sgb_datasets/BC
ETSEKIN NO 1,Colombie-Britannique,,,https://clss.nrcan-rncan.gc.ca/data-donnees/sgb_datasets/BC
EUCHINICO CREEK NO 17,Colombie-Britannique,,,https://clss.nrcan-rncan.gc.ca/data-donnees/sgb_datasets/BC
EUCHINICO CREEK NO 18,Colombie-Britannique,,,https://clss.nrcan-rncan.gc.ca/data-donnees/sgb_datasets/BC
EUCHINICO CREEK NO 19,Colombie-Britannique,,,https://clss.nrcan-rncan.gc.ca/data-donnees/sgb_datasets/BC
FAR WEST POINT NO 34,Colombie-Britannique,,,https://clss.nrcan-rncan.gc.ca/data-donnees/sgb_datasets/BC
FELIX GEORGE NO 7,Colombie-Britannique,,,https://clss.nrcan-rncan.gc.ca/data-donnees/sgb_datasets/BC
FINLAYSON ISLAND NO 19,Colombie-Britannique,,,https://clss.nrcan-rncan.gc.ca/data-donnees/sgb_datasets/BC
FISH LAKE NO 5,Colombie-Britannique,,,https://clss.nrcan-rncan.gc.ca/data-donnees/sgb_datasets/BC
FISH LAKE NO 7,Colombie-Britannique,,,https://clss.nrcan-rncan.gc.ca/data-donnees/sgb_datasets/BC
FISHPOT LAKE NO 24,Colombie-Britannique,,,https://clss.nrcan-rncan.gc.ca/data-donnees/sgb_datasets/BC
FISHTRAP NO 19,Colombie-Britannique,,,https://clss.nrcan-rncan.gc.ca/data-donnees/sgb_datasets/BC
FIVE MILE NO 3,Colombie-Britannique,,,https://clss.nrcan-rncan.gc.ca/data-donnees/sgb_datasets/BC
FIVE MILE POINT NO 3,Colombie-Britannique,,,https://clss.nrcan-rncan.gc.ca/data-donnees/sgb_datasets/BC
FONDEUR NO 9,Colombie-Britannique,,,https://clss.nrcan-rncan.gc.ca/data-donnees/sgb_datasets/BC
FONTAS NO 1,Colombie-Britannique,,,https://clss.nrcan-rncan.gc.ca/data-donnees/sgb_datasets/BC
FORT GEORGE (SHELLEY) NO 2,Colombie-Britannique,,,https://clss.nrcan-rncan.gc.ca/data-donnees/sgb_datasets/BC
FORT GEORGE CEMETERY NO 1A,Colombie-Britannique,,,https://clss.nrcan-rncan.gc.ca/data-donnees/sgb_datasets/BC
FORT NELSON NO 2,Colombie-Britannique,,,https://clss.nrcan-rncan.gc.ca/data-donnees/sgb_datasets/BC
FORT RUPERT NO 1,Colombie-Britannique,,,https://clss.nrcan-rncan.gc.ca/data-donnees/sgb_datasets/BC
FORT WARE NO 1,Colombie-Britannique,,,https://clss.nrcan-rncan.gc.ca/data-donnees/sgb_datasets/BC
FOUNTAIN CREEK NO 8,Colombie-Britannique,,,https://clss.nrcan-rncan.gc.ca/data-donnees/sgb_datasets/BC
FOUNTAIN NO 1,Colombie-Britannique,,,https://clss.nrcan-rncan.gc.ca/data-donnees/sgb_datasets/BC
FOUNTAIN NO 10,Colombie-Britannique,,,https://clss.nrcan-rncan.gc.ca/data-donnees/sgb_datasets/BC
FOUNTAIN NO 12,Colombie-Britannique,,,https://clss.nrcan-rncan.gc.ca/data-donnees/sgb_datasets/BC
FOUNTAIN NO 1A,Colombie-Britannique,,,https://clss.nrcan-rncan.gc.ca/data-donnees/sgb_datasets/BC
FOUNTAIN NO 1B,Colombie-Britannique,,,https://clss.nrcan-rncan.gc.ca/data-donnees/sgb_datasets/BC
FOUNTAIN NO 1C,Colombie-Britannique,,,https://clss.nrcan-rncan.gc.ca/data-donnees/sgb_datasets/BC
FOUNTAIN NO 1D,Colombie-Britannique,,,https://clss.nrcan-rncan.gc.ca/data-donnees/sgb_datasets/BC
FOUNTAIN NO 2,Colombie-Britannique,,,https://clss.nrcan-rncan.gc.ca/data-donnees/sgb_datasets/BC
FOUNTAIN NO 3,Colombie-Britannique,,,https://clss.nrcan-rncan.gc.ca/data-donnees/sgb_datasets/BC
FOUNTAIN NO 3A,Colombie-Britannique,,,https://clss.nrcan-rncan.gc.ca/data-donnees/sgb_datasets/BC
FOUNTAIN NO 4,Colombie-Britannique,,,https://clss.nrcan-rncan.gc.ca/data-donnees/sgb_datasets/BC
FOUNTAIN NO 9,Colombie-Britannique,,,https://clss.nrcan-rncan.gc.ca/data-donnees/sgb_datasets/BC
FOUNTAIN NO 11,Colombie-Britannique,,,https://clss.nrcan-rncan.gc.ca/data-donnees/sgb_datasets/BC
FOXY CREEK NO 6,Colombie-Britannique,,,https://clss.nrcan-rncan.gc.ca/data-donnees/sgb_datasets/BC
FRANCOIS LAKE NO 7,Colombie-Britannique,,,https://clss.nrcan-rncan.gc.ca/data-donnees/sgb_datasets/BC
FRANKS NO 10,Colombie-Britannique,,,https://clss.nrcan-rncan.gc.ca/data-donnees/sgb_datasets/BC
FRASER ISLAND NO 6,Colombie-Britannique,,,https://clss.nrcan-rncan.gc.ca/data-donnees/sgb_datasets/BC
FRASER LAKE NO 2,Colombie-Britannique,,,https://clss.nrcan-rncan.gc.ca/data-donnees/sgb_datasets/BC
FREDA POINT NO 4,Colombie-Britannique,,,https://clss.nrcan-rncan.gc.ca/data-donnees/sgb_datasets/BC
FREDDIE CHARLEY BOY NO 7,Colombie-Britannique,,,https://clss.nrcan-rncan.gc.ca/data-donnees/sgb_datasets/BC
FREDDIE'S MEADOW NO 8,Colombie-Britannique,,,https://clss.nrcan-rncan.gc.ca/data-donnees/sgb_datasets/BC
FULFORD HARBOUR NO 5,Colombie-Britannique,,,https://clss.nrcan-rncan.gc.ca/data-donnees/sgb_datasets/BC
GABRIOLA ISLAND NO 5,Colombie-Britannique,,,https://clss.nrcan-rncan.gc.ca/data-donnees/sgb_datasets/BC
GAICHBIN NO 8,Colombie-Britannique,,,https://clss.nrcan-rncan.gc.ca/data-donnees/sgb_datasets/BC
GALIANO ISLAND NO 9,Colombie-Britannique,,,https://clss.nrcan-rncan.gc.ca/data-donnees/sgb_datasets/BC
GANDER ISLAND NO 14,Colombie-Britannique,,,https://clss.nrcan-rncan.gc.ca/data-donnees/sgb_datasets/BC
GARDEN NO 2,Colombie-Britannique,,,https://clss.nrcan-rncan.gc.ca/data-donnees/sgb_datasets/BC
GARDEN NO 2A,Colombie-Britannique,,,https://clss.nrcan-rncan.gc.ca/data-donnees/sgb_datasets/BC
GAT TAH KWĄ,Colombie-Britannique,,,https://clss.nrcan-rncan.gc.ca/data-donnees/sgb_datasets/BC
GILL ISLAND NO 2,Colombie-Britannique,,,https://clss.nrcan-rncan.gc.ca/data-donnees/sgb_datasets/BC
GILTOYEES NO 13,Colombie-Britannique,,,https://clss.nrcan-rncan.gc.ca/data-donnees/sgb_datasets/BC
GITANDOIKS NO 75,Colombie-Britannique,,,https://clss.nrcan-rncan.gc.ca/data-donnees/sgb_datasets/BC
GITANDOIKS NO 76,Colombie-Britannique,,,https://clss.nrcan-rncan.gc.ca/data-donnees/sgb_datasets/BC
GITANMAAX NO 1,Colombie-Britannique,,,https://clss.nrcan-rncan.gc.ca/data-donnees/sgb_datasets/BC
GITANYOW NO 1,Colombie-Britannique,,,https://clss.nrcan-rncan.gc.ca/data-donnees/sgb_datasets/BC
GITANYOW NO 2,Colombie-Britannique,,,https://clss.nrcan-rncan.gc.ca/data-donnees/sgb_datasets/BC
GITANYOW NO 3A,Colombie-Britannique,,,https://clss.nrcan-rncan.gc.ca/data-donnees/sgb_datasets/BC
GITSEGUKLA LOGGING NO 3,Colombie-Britannique,,,https://clss.nrcan-rncan.gc.ca/data-donnees/sgb_datasets/BC
GITSEGUKLA NO 1,Colombie-Britannique,,,https://clss.nrcan-rncan.gc.ca/data-donnees/sgb_datasets/BC
GITWANGAK NO 1,Colombie-Britannique,,,https://clss.nrcan-rncan.gc.ca/data-donnees/sgb_datasets/BC
GITWANGAK NO 2,Colombie-Britannique,,,https://clss.nrcan-rncan.gc.ca/data-donnees/sgb_datasets/BC
GLAZIER CREEK NO 12,Colombie-Britannique,,,https://clss.nrcan-rncan.gc.ca/data-donnees/sgb_datasets/BC
GLEN-GLA-OUCH NO 5,Colombie-Britannique,,,https://clss.nrcan-rncan.gc.ca/data-donnees/sgb_datasets/BC
GLEYKA NO 6,Colombie-Britannique,,,https://clss.nrcan-rncan.gc.ca/data-donnees/sgb_datasets/BC
GOLDSTREAM NO 13,Colombie-Britannique,,,https://clss.nrcan-rncan.gc.ca/data-donnees/sgb_datasets/BC
GOO-EWE NO 8,Colombie-Britannique,,,https://clss.nrcan-rncan.gc.ca/data-donnees/sgb_datasets/BC
GOOSE SPIT NO 3,Colombie-Britannique,,,https://clss.nrcan-rncan.gc.ca/data-donnees/sgb_datasets/BC
GORDON RIVER NO 2,Colombie-Britannique,,,https://clss.nrcan-rncan.gc.ca/data-donnees/sgb_datasets/BC
GRASS NO 15,Colombie-Britannique,,,https://clss.nrcan-rncan.gc.ca/data-donnees/sgb_datasets/BC
GRASS POINT NO 13,Colombie-Britannique,,,https://clss.nrcan-rncan.gc.ca/data-donnees/sgb_datasets/BC
GRASSLANDS NO 7,Colombie-Britannique,,,https://clss.nrcan-rncan.gc.ca/data-donnees/sgb_datasets/BC
GRASSY ISLAND NO 17,Colombie-Britannique,,,https://clss.nrcan-rncan.gc.ca/data-donnees/sgb_datasets/BC
GRASSY ISLET NO 2,Colombie-Britannique,,,https://clss.nrcan-rncan.gc.ca/data-donnees/sgb_datasets/BC
GRAVEYARD NO 5,Colombie-Britannique,,,https://clss.nrcan-rncan.gc.ca/data-donnees/sgb_datasets/BC
GREAT BEAR LAKE NO 16,Colombie-Britannique,,,https://clss.nrcan-rncan.gc.ca/data-donnees/sgb_datasets/BC
GREENWOOD ISLAND NO 3,Colombie-Britannique,,,https://clss.nrcan-rncan.gc.ca/data-donnees/sgb_datasets/BC
GRIBBLE ISLAND NO 10,Colombie-Britannique,,,https://clss.nrcan-rncan.gc.ca/data-donnees/sgb_datasets/BC
GRIEF ISLAND NO 2,Colombie-Britannique,,,https://clss.nrcan-rncan.gc.ca/data-donnees/sgb_datasets/BC
GUHTHE TAH NO 12,Colombie-Britannique,,,https://clss.nrcan-rncan.gc.ca/data-donnees/sgb_datasets/BC
GUL-MAK NO 8,Colombie-Britannique,,,https://clss.nrcan-rncan.gc.ca/data-donnees/sgb_datasets/BC
GULADA NO 3A,Colombie-Britannique,,,https://clss.nrcan-rncan.gc.ca/data-donnees/sgb_datasets/BC
GUN-A-CHAL NO 5,Colombie-Britannique,,,https://clss.nrcan-rncan.gc.ca/data-donnees/sgb_datasets/BC
GUOYSKUN NO 22,Colombie-Britannique,,,https://clss.nrcan-rncan.gc.ca/data-donnees/sgb_datasets/BC
GWAYASDUMS NO 1,Colombie-Britannique,,,https://clss.nrcan-rncan.gc.ca/data-donnees/sgb_datasets/BC
GWEN LAKE NO 3,Colombie-Britannique,,,https://clss.nrcan-rncan.gc.ca/data-donnees/sgb_datasets/BC
HAGWILGET NO 1,Colombie-Britannique,,,https://clss.nrcan-rncan.gc.ca/data-donnees/sgb_datasets/BC
HALALT ISLAND NO 1,Colombie-Britannique,,,https://clss.nrcan-rncan.gc.ca/data-donnees/sgb_datasets/BC
HALALT NO 2,Colombie-Britannique,,,https://clss.nrcan-rncan.gc.ca/data-donnees/sgb_datasets/BC
HALFWAY RIVER NO 168,Colombie-Britannique,,,https://clss.nrcan-rncan.gc.ca/data-donnees/sgb_datasets/BC
HALHALAEDEN NO 14,Colombie-Britannique,,,https://clss.nrcan-rncan.gc.ca/data-donnees/sgb_datasets/BC
HALHALAEDEN NO 14A,Colombie-Britannique,,,https://clss.nrcan-rncan.gc.ca/data-donnees/sgb_datasets/BC
HALOWIS NO 5,Colombie-Britannique,,,https://clss.nrcan-rncan.gc.ca/data-donnees/sgb_datasets/BC
HAMILTON CREEK NO 2,Colombie-Britannique,,,https://clss.nrcan-rncan.gc.ca/data-donnees/sgb_datasets/BC
HAMILTON CREEK NO 7,Colombie-Britannique,,,https://clss.nrcan-rncan.gc.ca/data-donnees/sgb_datasets/BC
HANATSA NO 6,Colombie-Britannique,,,https://clss.nrcan-rncan.gc.ca/data-donnees/sgb_datasets/BC
HARRIS NO 3,Colombie-Britannique,,,https://clss.nrcan-rncan.gc.ca/data-donnees/sgb_datasets/BC
HATCH POINT NO 12,Colombie-Britannique,,,https://clss.nrcan-rncan.gc.ca/data-donnees/sgb_datasets/BC
HAY MEADOW NO 1,Colombie-Britannique,,,https://clss.nrcan-rncan.gc.ca/data-donnees/sgb_datasets/BC
HAY RANCH NO 2,Colombie-Britannique,,,https://clss.nrcan-rncan.gc.ca/data-donnees/sgb_datasets/BC
HAYLAHTE NO 3,Colombie-Britannique,,,https://clss.nrcan-rncan.gc.ca/data-donnees/sgb_datasets/BC
HECATE NO 17,Colombie-Britannique,,,https://clss.nrcan-rncan.gc.ca/data-donnees/sgb_datasets/BC
HENDERSON'S RANCH NO 11,Colombie-Britannique,,,https://clss.nrcan-rncan.gc.ca/data-donnees/sgb_datasets/BC
HESQUIAT NO 1,Colombie-Britannique,,,https://clss.nrcan-rncan.gc.ca/data-donnees/sgb_datasets/BC
HESQUIS NO 10A,Colombie-Britannique,,,https://clss.nrcan-rncan.gc.ca/data-donnees/sgb_datasets/BC
HIELLEN NO 2,Colombie-Britannique,,,https://clss.nrcan-rncan.gc.ca/data-donnees/sgb_datasets/BC
HIGH BAR NO 1,Colombie-Britannique,,,https://clss.nrcan-rncan.gc.ca/data-donnees/sgb_datasets/BC
HIGH BAR NO 1A,Colombie-Britannique,,,https://clss.nrcan-rncan.gc.ca/data-donnees/sgb_datasets/BC
HIGH BAR NO 2,Colombie-Britannique,,,https://clss.nrcan-rncan.gc.ca/data-donnees/sgb_datasets/BC
HIHIUM LAKE NO 6,Colombie-Britannique,,,https://clss.nrcan-rncan.gc.ca/data-donnees/sgb_datasets/BC
HIHIUM LAKE NO 6A,Colombie-Britannique,,,https://clss.nrcan-rncan.gc.ca/data-donnees/sgb_datasets/BC
HIHIUM LAKE NO 6B,Colombie-Britannique,,,https://clss.nrcan-rncan.gc.ca/data-donnees/sgb_datasets/BC
HISNIT FISHERY NO 34,Colombie-Britannique,,,https://clss.nrcan-rncan.gc.ca/data-donnees/sgb_datasets/BC
HISNIT NO 7,Colombie-Britannique,,,https://clss.nrcan-rncan.gc.ca/data-donnees/sgb_datasets/BC
HIUSTA'S MEADOW NO 2,Colombie-Britannique,,,https://clss.nrcan-rncan.gc.ca/data-donnees/sgb_datasets/BC
HLEEPTE NO 14,Colombie-Britannique,,,https://clss.nrcan-rncan.gc.ca/data-donnees/sgb_datasets/BC
HOISS NO 8,Colombie-Britannique,,,https://clss.nrcan-rncan.gc.ca/data-donnees/sgb_datasets/BC
HOKE POINT NO 10B,Colombie-Britannique,,,https://clss.nrcan-rncan.gc.ca/data-donnees/sgb_datasets/BC
HOLACHTEN NO 8,Colombie-Britannique,,,https://clss.nrcan-rncan.gc.ca/data-donnees/sgb_datasets/BC
HOLY CROSS LAKE NO 3,Colombie-Britannique,,,https://clss.nrcan-rncan.gc.ca/data-donnees/sgb_datasets/BC
HOMAIS NO 2,Colombie-Britannique,,,https://clss.nrcan-rncan.gc.ca/data-donnees/sgb_datasets/BC
HOMALCO NO 1,Colombie-Britannique,,,https://clss.nrcan-rncan.gc.ca/data-donnees/sgb_datasets/BC
HOMALCO NO 2,Colombie-Britannique,,,https://clss.nrcan-rncan.gc.ca/data-donnees/sgb_datasets/BC
HOMALCO NO 2A,Colombie-Britannique,,,https://clss.nrcan-rncan.gc.ca/data-donnees/sgb_datasets/BC
HOMALCO NO 9,Colombie-Britannique,,,https://clss.nrcan-rncan.gc.ca/data-donnees/sgb_datasets/BC
HOMAYNO NO 2,Colombie-Britannique,,,https://clss.nrcan-rncan.gc.ca/data-donnees/sgb_datasets/BC
HOMITAN NO 8,Colombie-Britannique,,,https://clss.nrcan-rncan.gc.ca/data-donnees/sgb_datasets/BC
HOONEES NO 2,Colombie-Britannique,,,https://clss.nrcan-rncan.gc.ca/data-donnees/sgb_datasets/BC
HOPE ISLAND NO 1,Colombie-Britannique,,,https://clss.nrcan-rncan.gc.ca/data-donnees/sgb_datasets/BC
HOPE NO. 1,Colombie-Britannique,,,https://clss.nrcan-rncan.gc.ca/data-donnees/sgb_datasets/BC
HOPETOWN NO 10A,Colombie-Britannique,,,https://clss.nrcan-rncan.gc.ca/data-donnees/sgb_datasets/BC
HORSE RANCH PASS NO 4,Colombie-Britannique,,,https://clss.nrcan-rncan.gc.ca/data-donnees/sgb_datasets/BC
HOWEET NO 8,Colombie-Britannique,,,https://clss.nrcan-rncan.gc.ca/data-donnees/sgb_datasets/BC
HUMHAMPT NO 6,Colombie-Britannique,,,https://clss.nrcan-rncan.gc.ca/data-donnees/sgb_datasets/BC
HUMHAMPT NO 6A,Colombie-Britannique,,,https://clss.nrcan-rncan.gc.ca/data-donnees/sgb_datasets/BC
HUSTALEN NO 1,Colombie-Britannique,,,https://clss.nrcan-rncan.gc.ca/data-donnees/sgb_datasets/BC
IAKGWAS NO 69,Colombie-Britannique,,,https://clss.nrcan-rncan.gc.ca/data-donnees/sgb_datasets/BC
IAKVAS NO 68,Colombie-Britannique,,,https://clss.nrcan-rncan.gc.ca/data-donnees/sgb_datasets/BC
IAKWULGYIYAPS NO 78,Colombie-Britannique,,,https://clss.nrcan-rncan.gc.ca/data-donnees/sgb_datasets/BC
IHCH'AZ UZ TA TSOH NO 44,Colombie-Britannique,,,https://clss.nrcan-rncan.gc.ca/data-donnees/sgb_datasets/BC
IKSHENIGWOLK NO 3,Colombie-Britannique,,,https://clss.nrcan-rncan.gc.ca/data-donnees/sgb_datasets/BC
IKTUKSASUK NO 7,Colombie-Britannique,,,https://clss.nrcan-rncan.gc.ca/data-donnees/sgb_datasets/BC
ILCLO NO 12,Colombie-Britannique,,,https://clss.nrcan-rncan.gc.ca/data-donnees/sgb_datasets/BC
ILTHPAYA NO 8,Colombie-Britannique,,,https://clss.nrcan-rncan.gc.ca/data-donnees/sgb_datasets/BC
IMKUSIYAN NO 65,Colombie-Britannique,,,https://clss.nrcan-rncan.gc.ca/data-donnees/sgb_datasets/BC
INDIAN ISLAND NO 30,Colombie-Britannique,,,https://clss.nrcan-rncan.gc.ca/data-donnees/sgb_datasets/BC
INKAHTSAPH NO 6,Colombie-Britannique,,,https://clss.nrcan-rncan.gc.ca/data-donnees/sgb_datasets/BC
INKLUCKCHEEN NO 21,Colombie-Britannique,,,https://clss.nrcan-rncan.gc.ca/data-donnees/sgb_datasets/BC
INKLUCKCHEEN NO 21B,Colombie-Britannique,,,https://clss.nrcan-rncan.gc.ca/data-donnees/sgb_datasets/BC
INKLYUHKINATKO NO 2,Colombie-Britannique,,,https://clss.nrcan-rncan.gc.ca/data-donnees/sgb_datasets/BC
INLAILAWATASH NO 4,Colombie-Britannique,,,https://clss.nrcan-rncan.gc.ca/data-donnees/sgb_datasets/BC
INLAILAWATASH NO 4A,Colombie-Britannique,,,https://clss.nrcan-rncan.gc.ca/data-donnees/sgb_datasets/BC
INZANA LAKE NO 12,Colombie-Britannique,,,https://clss.nrcan-rncan.gc.ca/data-donnees/sgb_datasets/BC
ISAAC (GALE LAKE) NO 8,Colombie-Britannique,,,https://clss.nrcan-rncan.gc.ca/data-donnees/sgb_datasets/BC
ISADORE HARRY NO 12,Colombie-Britannique,,,https://clss.nrcan-rncan.gc.ca/data-donnees/sgb_datasets/BC
ISIDORE'S RANCH NO 4,Colombie-Britannique,,,https://clss.nrcan-rncan.gc.ca/data-donnees/sgb_datasets/BC
ISKUT NO 6,Colombie-Britannique,,,https://clss.nrcan-rncan.gc.ca/data-donnees/sgb_datasets/BC
ISLAND NO 14A,Colombie-Britannique,,,https://clss.nrcan-rncan.gc.ca/data-donnees/sgb_datasets/BC
JA WE YAH'S NO 99,Colombie-Britannique,,,https://clss.nrcan-rncan.gc.ca/data-donnees/sgb_datasets/BC
JALUN NO 14,Colombie-Britannique,,,https://clss.nrcan-rncan.gc.ca/data-donnees/sgb_datasets/BC
JAMES LOUIE NO 3A,Colombie-Britannique,,,https://clss.nrcan-rncan.gc.ca/data-donnees/sgb_datasets/BC
JE ẔEẔULLH ẔEH HĘ DĘ,Colombie-Britannique,,,https://clss.nrcan-rncan.gc.ca/data-donnees/sgb_datasets/BC
JEAN BAPTISTE NO 28,Colombie-Britannique,,,https://clss.nrcan-rncan.gc.ca/data-donnees/sgb_datasets/BC
JENNINGS RIVER NO 8,Colombie-Britannique,,,https://clss.nrcan-rncan.gc.ca/data-donnees/sgb_datasets/BC
JOEYASKA NO 2,Colombie-Britannique,,,https://clss.nrcan-rncan.gc.ca/data-donnees/sgb_datasets/BC
JOHNY STICKS NO 2,Colombie-Britannique,,,https://clss.nrcan-rncan.gc.ca/data-donnees/sgb_datasets/BC
JUGWEES (MINETTE BAY) INDIAN RESERVE NO. 5,Colombie-Britannique,,,https://clss.nrcan-rncan.gc.ca/data-donnees/sgb_datasets/BC
JUS K'AY TL'OH NO 32,Colombie-Britannique,,,https://clss.nrcan-rncan.gc.ca/data-donnees/sgb_datasets/BC
K'AY NOO NO 47,Colombie-Britannique,,,https://clss.nrcan-rncan.gc.ca/data-donnees/sgb_datasets/BC
KADIS NO 11,Colombie-Britannique,,,https://clss.nrcan-rncan.gc.ca/data-donnees/sgb_datasets/BC
KAHAS NO 7,Colombie-Britannique,,,https://clss.nrcan-rncan.gc.ca/data-donnees/sgb_datasets/BC
KAHMOOSE NO 4,Colombie-Britannique,,,https://clss.nrcan-rncan.gc.ca/data-donnees/sgb_datasets/BC
KAHNTAH NO 3,Colombie-Britannique,,,https://clss.nrcan-rncan.gc.ca/data-donnees/sgb_datasets/BC
KAI-TOO-KWIS NO 15,Colombie-Britannique,,,https://clss.nrcan-rncan.gc.ca/data-donnees/sgb_datasets/BC
KAIKALAHUN NO 25,Colombie-Britannique,,,https://clss.nrcan-rncan.gc.ca/data-donnees/sgb_datasets/BC
KAJUSTUS NO 10,Colombie-Britannique,,,https://clss.nrcan-rncan.gc.ca/data-donnees/sgb_datasets/BC
KAKALATZA NO 6,Colombie-Britannique,,,https://clss.nrcan-rncan.gc.ca/data-donnees/sgb_datasets/BC
KAKWEKEN NO 4,Colombie-Britannique,,,https://clss.nrcan-rncan.gc.ca/data-donnees/sgb_datasets/BC
KAMLOOPS NO 4,Colombie-Britannique,,,https://clss.nrcan-rncan.gc.ca/data-donnees/sgb_datasets/BC
KAMLOOPS NO 5,Colombie-Britannique,,,https://clss.nrcan-rncan.gc.ca/data-donnees/sgb_datasets/BC
KAMLOOPS NO 1,Colombie-Britannique,,,https://clss.nrcan-rncan.gc.ca/data-donnees/sgb_datasets/BC
KAMLOOPS NO 2,Colombie-Britannique,,,https://clss.nrcan-rncan.gc.ca/data-donnees/sgb_datasets/BC
KAMLOOPS NO 3,Colombie-Britannique,,,https://clss.nrcan-rncan.gc.ca/data-donnees/sgb_datasets/BC
KANAKA BAR NO 1A,Colombie-Britannique,,,https://clss.nrcan-rncan.gc.ca/data-donnees/sgb_datasets/BC
KANAKA BAR NO 2,Colombie-Britannique,,,https://clss.nrcan-rncan.gc.ca/data-donnees/sgb_datasets/BC
KARLUKWEES NO 1,Colombie-Britannique,,,https://clss.nrcan-rncan.gc.ca/data-donnees/sgb_datasets/BC
KASIKA NO 36,Colombie-Britannique,,,https://clss.nrcan-rncan.gc.ca/data-donnees/sgb_datasets/BC
KASIKA NO 71,Colombie-Britannique,,,https://clss.nrcan-rncan.gc.ca/data-donnees/sgb_datasets/BC
KASIKA NO 72,Colombie-Britannique,,,https://clss.nrcan-rncan.gc.ca/data-donnees/sgb_datasets/BC
KASIKS RIVER NO 29,Colombie-Britannique,,,https://clss.nrcan-rncan.gc.ca/data-donnees/sgb_datasets/BC
KASTE NO 6,Colombie-Britannique,,,https://clss.nrcan-rncan.gc.ca/data-donnees/sgb_datasets/BC
KATEEN RIVER NO 39,Colombie-Britannique,,,https://clss.nrcan-rncan.gc.ca/data-donnees/sgb_datasets/BC
KATIT NO 1,Colombie-Britannique,,,https://clss.nrcan-rncan.gc.ca/data-donnees/sgb_datasets/BC
KATZIE NO 2,Colombie-Britannique,,,https://clss.nrcan-rncan.gc.ca/data-donnees/sgb_datasets/BC
KATZIE NO 1,Colombie-Britannique,,,https://clss.nrcan-rncan.gc.ca/data-donnees/sgb_datasets/BC
KAWAGES NO 4,Colombie-Britannique,,,https://clss.nrcan-rncan.gc.ca/data-donnees/sgb_datasets/BC
KAWKAWA LAKE NO 16,Colombie-Britannique,,,https://clss.nrcan-rncan.gc.ca/data-donnees/sgb_datasets/BC
KAYEL NO 8,Colombie-Britannique,,,https://clss.nrcan-rncan.gc.ca/data-donnees/sgb_datasets/BC
KAYKAIP NO 7,Colombie-Britannique,,,https://clss.nrcan-rncan.gc.ca/data-donnees/sgb_datasets/BC
KDAD-EESH NO 4,Colombie-Britannique,,,https://clss.nrcan-rncan.gc.ca/data-donnees/sgb_datasets/BC
KEECEKILTUM NO 2,Colombie-Britannique,,,https://clss.nrcan-rncan.gc.ca/data-donnees/sgb_datasets/BC
KEECHA NO 11,Colombie-Britannique,,,https://clss.nrcan-rncan.gc.ca/data-donnees/sgb_datasets/BC
KEITH ISLAND NO 7,Colombie-Britannique,,,https://clss.nrcan-rncan.gc.ca/data-donnees/sgb_datasets/BC
KELLY CREEK NO 3,Colombie-Britannique,,,https://clss.nrcan-rncan.gc.ca/data-donnees/sgb_datasets/BC
KEMANO NO 17,Colombie-Britannique,,,https://clss.nrcan-rncan.gc.ca/data-donnees/sgb_datasets/BC
KEMSQUIT NO 1,Colombie-Britannique,,,https://clss.nrcan-rncan.gc.ca/data-donnees/sgb_datasets/BC
KEOGH NO 2,Colombie-Britannique,,,https://clss.nrcan-rncan.gc.ca/data-donnees/sgb_datasets/BC
KEOGH NO 3,Colombie-Britannique,,,https://clss.nrcan-rncan.gc.ca/data-donnees/sgb_datasets/BC
KEOGH NO 6,Colombie-Britannique,,,https://clss.nrcan-rncan.gc.ca/data-donnees/sgb_datasets/BC
KEOM CHO NO 38,Colombie-Britannique,,,https://clss.nrcan-rncan.gc.ca/data-donnees/sgb_datasets/BC
KEQUESTA NO 1,Colombie-Britannique,,,https://clss.nrcan-rncan.gc.ca/data-donnees/sgb_datasets/BC
KEREMEOS FORKS NO 12 & 12A,Colombie-Britannique,,,https://clss.nrcan-rncan.gc.ca/data-donnees/sgb_datasets/BC
KESWAR NO 16,Colombie-Britannique,,,https://clss.nrcan-rncan.gc.ca/data-donnees/sgb_datasets/BC
KETAI NO 28,Colombie-Britannique,,,https://clss.nrcan-rncan.gc.ca/data-donnees/sgb_datasets/BC
KETONEDA NO 7,Colombie-Britannique,,,https://clss.nrcan-rncan.gc.ca/data-donnees/sgb_datasets/BC
KEYARKA NO 17,Colombie-Britannique,,,https://clss.nrcan-rncan.gc.ca/data-donnees/sgb_datasets/BC
KHAZISELA NO 7,Colombie-Britannique,,,https://clss.nrcan-rncan.gc.ca/data-donnees/sgb_datasets/BC
KHRANA NO 4,Colombie-Britannique,,,https://clss.nrcan-rncan.gc.ca/data-donnees/sgb_datasets/BC
KHTAHDA NO 10,Colombie-Britannique,,,https://clss.nrcan-rncan.gc.ca/data-donnees/sgb_datasets/BC
KHUTZEMATEEN NO 49,Colombie-Britannique,,,https://clss.nrcan-rncan.gc.ca/data-donnees/sgb_datasets/BC
KHYEX NO 8,Colombie-Britannique,,,https://clss.nrcan-rncan.gc.ca/data-donnees/sgb_datasets/BC
KIL-PAH-LAS NO 3,Colombie-Britannique,,,https://clss.nrcan-rncan.gc.ca/data-donnees/sgb_datasets/BC
KILCHULT NO 3,Colombie-Britannique,,,https://clss.nrcan-rncan.gc.ca/data-donnees/sgb_datasets/BC
KILDALA RIVER (THALA) NO 10,Colombie-Britannique,,,https://clss.nrcan-rncan.gc.ca/data-donnees/sgb_datasets/BC
KILTALA NO 2,Colombie-Britannique,,,https://clss.nrcan-rncan.gc.ca/data-donnees/sgb_datasets/BC
KINMAKANKSK NO 6,Colombie-Britannique,,,https://clss.nrcan-rncan.gc.ca/data-donnees/sgb_datasets/BC
KIOOSTA NO 15,Colombie-Britannique,,,https://clss.nrcan-rncan.gc.ca/data-donnees/sgb_datasets/BC
KIPPASE NO 2,Colombie-Britannique,,,https://clss.nrcan-rncan.gc.ca/data-donnees/sgb_datasets/BC
KIS-AN-USKO NO 7,Colombie-Britannique,,,https://clss.nrcan-rncan.gc.ca/data-donnees/sgb_datasets/BC
KISAMEET NO 7,Colombie-Britannique,,,https://clss.nrcan-rncan.gc.ca/data-donnees/sgb_datasets/BC
KISGEGAS,Colombie-Britannique,,,https://clss.nrcan-rncan.gc.ca/data-donnees/sgb_datasets/BC
KISHNACOUS NO 29,Colombie-Britannique,,,https://clss.nrcan-rncan.gc.ca/data-donnees/sgb_datasets/BC
KISPIOX NO 1,Colombie-Britannique,,,https://clss.nrcan-rncan.gc.ca/data-donnees/sgb_datasets/BC
KITAMAAT 1,Colombie-Britannique,,,https://clss.nrcan-rncan.gc.ca/data-donnees/sgb_datasets/BC
KITAMAAT INDIAN RESERVE NO. 2,Colombie-Britannique,,,https://clss.nrcan-rncan.gc.ca/data-donnees/sgb_datasets/BC
KITASA NO 7,Colombie-Britannique,,,https://clss.nrcan-rncan.gc.ca/data-donnees/sgb_datasets/BC
KITASOO NO 1,Colombie-Britannique,,,https://clss.nrcan-rncan.gc.ca/data-donnees/sgb_datasets/BC
KITKAHTA NO 1,Colombie-Britannique,,,https://clss.nrcan-rncan.gc.ca/data-donnees/sgb_datasets/BC
KITLAWAOO NO 10,Colombie-Britannique,,,https://clss.nrcan-rncan.gc.ca/data-donnees/sgb_datasets/BC
KITLOPE NO 16,Colombie-Britannique,,,https://clss.nrcan-rncan.gc.ca/data-donnees/sgb_datasets/BC
KITS-KA-HAWS NO 6,Colombie-Britannique,,,https://clss.nrcan-rncan.gc.ca/data-donnees/sgb_datasets/BC
KITSELAS NO 1,Colombie-Britannique,,,https://clss.nrcan-rncan.gc.ca/data-donnees/sgb_datasets/BC
KITSEMENLAGAN NO 19,Colombie-Britannique,,,https://clss.nrcan-rncan.gc.ca/data-donnees/sgb_datasets/BC
KITSEMENLAGAN NO 19A,Colombie-Britannique,,,https://clss.nrcan-rncan.gc.ca/data-donnees/sgb_datasets/BC
KITSILANO NO. 6,Colombie-Britannique,,,https://clss.nrcan-rncan.gc.ca/data-donnees/sgb_datasets/BC
KITSUMKAYLUM NO 1,Colombie-Britannique,,,https://clss.nrcan-rncan.gc.ca/data-donnees/sgb_datasets/BC
KITZOWIT NO 20,Colombie-Britannique,,,https://clss.nrcan-rncan.gc.ca/data-donnees/sgb_datasets/BC
KLAGOOKCHEW NO 9,Colombie-Britannique,,,https://clss.nrcan-rncan.gc.ca/data-donnees/sgb_datasets/BC
KLAHKAMICH NO 17,Colombie-Britannique,,,https://clss.nrcan-rncan.gc.ca/data-donnees/sgb_datasets/BC
KLAHKOWIT NO 5,Colombie-Britannique,,,https://clss.nrcan-rncan.gc.ca/data-donnees/sgb_datasets/BC
KLAHOOSE NO 1,Colombie-Britannique,,,https://clss.nrcan-rncan.gc.ca/data-donnees/sgb_datasets/BC
KLAKELSE NO 86,Colombie-Britannique,,,https://clss.nrcan-rncan.gc.ca/data-donnees/sgb_datasets/BC
KLAKLACUM NO 12,Colombie-Britannique,,,https://clss.nrcan-rncan.gc.ca/data-donnees/sgb_datasets/BC
KLAPTHLON NO 5,Colombie-Britannique,,,https://clss.nrcan-rncan.gc.ca/data-donnees/sgb_datasets/BC
KLAPTHLON NO 5A,Colombie-Britannique,,,https://clss.nrcan-rncan.gc.ca/data-donnees/sgb_datasets/BC
KLASKISH NO 3,Colombie-Britannique,,,https://clss.nrcan-rncan.gc.ca/data-donnees/sgb_datasets/BC
KLEETLEKUT NO 22,Colombie-Britannique,,,https://clss.nrcan-rncan.gc.ca/data-donnees/sgb_datasets/BC
KLEETLEKUT NO 22A,Colombie-Britannique,,,https://clss.nrcan-rncan.gc.ca/data-donnees/sgb_datasets/BC
KLEHKOOT NO 2,Colombie-Britannique,,,https://clss.nrcan-rncan.gc.ca/data-donnees/sgb_datasets/BC
KLEWADUSKA (CATARACT) NO 6,Colombie-Britannique,,,https://clss.nrcan-rncan.gc.ca/data-donnees/sgb_datasets/BC
KLICKKUMCHEEN NO 18,Colombie-Britannique,,,https://clss.nrcan-rncan.gc.ca/data-donnees/sgb_datasets/BC
KLICKSEEWY NO 7,Colombie-Britannique,,,https://clss.nrcan-rncan.gc.ca/data-donnees/sgb_datasets/BC
KLITSIS NO 16,Colombie-Britannique,,,https://clss.nrcan-rncan.gc.ca/data-donnees/sgb_datasets/BC
KLOKLOWUCK NO 7,Colombie-Britannique,,,https://clss.nrcan-rncan.gc.ca/data-donnees/sgb_datasets/BC
KLOYADINGLI NO 2,Colombie-Britannique,,,https://clss.nrcan-rncan.gc.ca/data-donnees/sgb_datasets/BC
KLUACHON LAKE NO 1,Colombie-Britannique,,,https://clss.nrcan-rncan.gc.ca/data-donnees/sgb_datasets/BC
KLUEMT INDIAN RESERVE NO 15,Colombie-Britannique,,,https://clss.nrcan-rncan.gc.ca/data-donnees/sgb_datasets/BC
KLUSKUS NO 1,Colombie-Britannique,,,https://clss.nrcan-rncan.gc.ca/data-donnees/sgb_datasets/BC
KLUSKUS NO 14,Colombie-Britannique,,,https://clss.nrcan-rncan.gc.ca/data-donnees/sgb_datasets/BC
KNAMADEEK NO 52,Colombie-Britannique,,,https://clss.nrcan-rncan.gc.ca/data-donnees/sgb_datasets/BC
KNAMES NO 45,Colombie-Britannique,,,https://clss.nrcan-rncan.gc.ca/data-donnees/sgb_datasets/BC
KNAMES NO 46,Colombie-Britannique,,,https://clss.nrcan-rncan.gc.ca/data-donnees/sgb_datasets/BC
KNAPP LAKE NO 6,Colombie-Britannique,,,https://clss.nrcan-rncan.gc.ca/data-donnees/sgb_datasets/BC
KNOKMOLKS NO 67,Colombie-Britannique,,,https://clss.nrcan-rncan.gc.ca/data-donnees/sgb_datasets/BC
KO-KWI-ISS NO 14,Colombie-Britannique,,,https://clss.nrcan-rncan.gc.ca/data-donnees/sgb_datasets/BC
KOKYET NO 1,Colombie-Britannique,,,https://clss.nrcan-rncan.gc.ca/data-donnees/sgb_datasets/BC
KOONWATS NO 7,Colombie-Britannique,,,https://clss.nrcan-rncan.gc.ca/data-donnees/sgb_datasets/BC
KOORYET NO 12,Colombie-Britannique,,,https://clss.nrcan-rncan.gc.ca/data-donnees/sgb_datasets/BC
KOOTENAY NO 1,Colombie-Britannique,,,https://clss.nrcan-rncan.gc.ca/data-donnees/sgb_datasets/BC
KOOTOWIS NO 4,Colombie-Britannique,,,https://clss.nrcan-rncan.gc.ca/data-donnees/sgb_datasets/BC
KOPCHITCHIN NO 2,Colombie-Britannique,,,https://clss.nrcan-rncan.gc.ca/data-donnees/sgb_datasets/BC
KOQUI NO 6,Colombie-Britannique,,,https://clss.nrcan-rncan.gc.ca/data-donnees/sgb_datasets/BC
KOSE NO 9,Colombie-Britannique,,,https://clss.nrcan-rncan.gc.ca/data-donnees/sgb_datasets/BC
KOTSINE (SKUTSIL) NO 2,Colombie-Britannique,,,https://clss.nrcan-rncan.gc.ca/data-donnees/sgb_datasets/BC
KOWTAIN NO 17,Colombie-Britannique,,,https://clss.nrcan-rncan.gc.ca/data-donnees/sgb_datasets/BC
KSABASN NO 50,Colombie-Britannique,,,https://clss.nrcan-rncan.gc.ca/data-donnees/sgb_datasets/BC
KSADAGAMKS NO 43,Colombie-Britannique,,,https://clss.nrcan-rncan.gc.ca/data-donnees/sgb_datasets/BC
KSADSKS NO 44,Colombie-Britannique,,,https://clss.nrcan-rncan.gc.ca/data-donnees/sgb_datasets/BC
KSAGWISGWAS NO 62,Colombie-Britannique,,,https://clss.nrcan-rncan.gc.ca/data-donnees/sgb_datasets/BC
KSAGWISGWAS NO 63,Colombie-Britannique,,,https://clss.nrcan-rncan.gc.ca/data-donnees/sgb_datasets/BC
KSAMES NO 85,Colombie-Britannique,,,https://clss.nrcan-rncan.gc.ca/data-donnees/sgb_datasets/BC
KSHAOOM NO 23,Colombie-Britannique,,,https://clss.nrcan-rncan.gc.ca/data-donnees/sgb_datasets/BC
KSHISH NO 4,Colombie-Britannique,,,https://clss.nrcan-rncan.gc.ca/data-donnees/sgb_datasets/BC
KSHISH NO 4B,Colombie-Britannique,,,https://clss.nrcan-rncan.gc.ca/data-donnees/sgb_datasets/BC
KSOO-GUN-YA NO 2A,Colombie-Britannique,,,https://clss.nrcan-rncan.gc.ca/data-donnees/sgb_datasets/BC
KSTUS NO 83,Colombie-Britannique,,,https://clss.nrcan-rncan.gc.ca/data-donnees/sgb_datasets/BC
KSTUS NO 84,Colombie-Britannique,,,https://clss.nrcan-rncan.gc.ca/data-donnees/sgb_datasets/BC
KSUI-LA-DAS NO 6,Colombie-Britannique,,,https://clss.nrcan-rncan.gc.ca/data-donnees/sgb_datasets/BC
KTAMGAODZEN NO 51,Colombie-Britannique,,,https://clss.nrcan-rncan.gc.ca/data-donnees/sgb_datasets/BC
KUKWAPA NO 5,Colombie-Britannique,,,https://clss.nrcan-rncan.gc.ca/data-donnees/sgb_datasets/BC
KUL NO 18,Colombie-Britannique,,,https://clss.nrcan-rncan.gc.ca/data-donnees/sgb_datasets/BC
KULDEKDUMA NO 7,Colombie-Britannique,,,https://clss.nrcan-rncan.gc.ca/data-donnees/sgb_datasets/BC
KULDOE NO 1,Colombie-Britannique,,,https://clss.nrcan-rncan.gc.ca/data-donnees/sgb_datasets/BC
KULKAYU (HARTLEY BAY) NO 4,Colombie-Britannique,,,https://clss.nrcan-rncan.gc.ca/data-donnees/sgb_datasets/BC
KULKAYU (HARTLEY BAY) NO 4A,Colombie-Britannique,,,https://clss.nrcan-rncan.gc.ca/data-donnees/sgb_datasets/BC
KULSPAI NO 6,Colombie-Britannique,,,https://clss.nrcan-rncan.gc.ca/data-donnees/sgb_datasets/BC
KULTAH NO 4,Colombie-Britannique,,,https://clss.nrcan-rncan.gc.ca/data-donnees/sgb_datasets/BC
KUMCHEEN NO 1,Colombie-Britannique,,,https://clss.nrcan-rncan.gc.ca/data-donnees/sgb_datasets/BC
KUMOWDAH NO 3,Colombie-Britannique,,,https://clss.nrcan-rncan.gc.ca/data-donnees/sgb_datasets/BC
KUNG NO 11,Colombie-Britannique,,,https://clss.nrcan-rncan.gc.ca/data-donnees/sgb_datasets/BC
KUNHUNOAN NO 13,Colombie-Britannique,,,https://clss.nrcan-rncan.gc.ca/data-donnees/sgb_datasets/BC
KUNSOOT NO 9,Colombie-Britannique,,,https://clss.nrcan-rncan.gc.ca/data-donnees/sgb_datasets/BC
KUNSTAMIS NO 2,Colombie-Britannique,,,https://clss.nrcan-rncan.gc.ca/data-donnees/sgb_datasets/BC
KUNSTAMIS NO 2A,Colombie-Britannique,,,https://clss.nrcan-rncan.gc.ca/data-donnees/sgb_datasets/BC
KUPCHYNALTH NO 1,Colombie-Britannique,,,https://clss.nrcan-rncan.gc.ca/data-donnees/sgb_datasets/BC
KUPCHYNALTH NO 2,Colombie-Britannique,,,https://clss.nrcan-rncan.gc.ca/data-donnees/sgb_datasets/BC
KUSHYA CREEK NO 12,Colombie-Britannique,,,https://clss.nrcan-rncan.gc.ca/data-donnees/sgb_datasets/BC
KUSHYA CREEK NO 7,Colombie-Britannique,,,https://clss.nrcan-rncan.gc.ca/data-donnees/sgb_datasets/BC
KUTCOUS POINT NO 33,Colombie-Britannique,,,https://clss.nrcan-rncan.gc.ca/data-donnees/sgb_datasets/BC
KUTHLALTH NO 3,Colombie-Britannique,,,https://clss.nrcan-rncan.gc.ca/data-donnees/sgb_datasets/BC
KUTHLO NO 18,Colombie-Britannique,,,https://clss.nrcan-rncan.gc.ca/data-donnees/sgb_datasets/BC
KUZ CHE NO 5,Colombie-Britannique,,,https://clss.nrcan-rncan.gc.ca/data-donnees/sgb_datasets/BC
KWA-TSA-LIX NO 4,Colombie-Britannique,,,https://clss.nrcan-rncan.gc.ca/data-donnees/sgb_datasets/BC
KWATLENA NO 4,Colombie-Britannique,,,https://clss.nrcan-rncan.gc.ca/data-donnees/sgb_datasets/BC
KWATSE NO 3,Colombie-Britannique,,,https://clss.nrcan-rncan.gc.ca/data-donnees/sgb_datasets/BC
KWAWKWAWAPILT NO 6,Colombie-Britannique,,,https://clss.nrcan-rncan.gc.ca/data-donnees/sgb_datasets/BC
KWETAHKIS NO 9,Colombie-Britannique,,,https://clss.nrcan-rncan.gc.ca/data-donnees/sgb_datasets/BC
KWUM KWUM,Colombie-Britannique,,,https://clss.nrcan-rncan.gc.ca/data-donnees/sgb_datasets/BC
KYARTI NO 3,Colombie-Britannique,,,https://clss.nrcan-rncan.gc.ca/data-donnees/sgb_datasets/BC
KYE-YAA-LA NO 1,Colombie-Britannique,,,https://clss.nrcan-rncan.gc.ca/data-donnees/sgb_datasets/BC
KYEX NO 64,Colombie-Britannique,,,https://clss.nrcan-rncan.gc.ca/data-donnees/sgb_datasets/BC
KYIDAGWIS NO 2,Colombie-Britannique,,,https://clss.nrcan-rncan.gc.ca/data-donnees/sgb_datasets/BC
KYIMLA NO 11,Colombie-Britannique,,,https://clss.nrcan-rncan.gc.ca/data-donnees/sgb_datasets/BC
KYKINALKO NO 2,Colombie-Britannique,,,https://clss.nrcan-rncan.gc.ca/data-donnees/sgb_datasets/BC
K’IT TSAḎẔE,Colombie-Britannique,,,https://clss.nrcan-rncan.gc.ca/data-donnees/sgb_datasets/BC
K’IT TSAḎẔE Ę NǪ CHE,Colombie-Britannique,,,https://clss.nrcan-rncan.gc.ca/data-donnees/sgb_datasets/BC
LA RÉSERVE INDIENNE ILTCOOLA NO 7,Colombie-Britannique,,,https://clss.nrcan-rncan.gc.ca/data-donnees/sgb_datasets/BC
LA RÉSERVE INDIENNE NENAGWAS NO 12,Colombie-Britannique,,,https://clss.nrcan-rncan.gc.ca/data-donnees/sgb_datasets/BC
LA TSE CHO DIZ I NO 33,Colombie-Britannique,,,https://clss.nrcan-rncan.gc.ca/data-donnees/sgb_datasets/BC
LACHKUL-JEETS NO 6,Colombie-Britannique,,,https://clss.nrcan-rncan.gc.ca/data-donnees/sgb_datasets/BC
LACHMACH NO 16,Colombie-Britannique,,,https://clss.nrcan-rncan.gc.ca/data-donnees/sgb_datasets/BC
LACKAWAY NO 2,Colombie-Britannique,,,https://clss.nrcan-rncan.gc.ca/data-donnees/sgb_datasets/BC
LACKZUSWADDA NO 9,Colombie-Britannique,,,https://clss.nrcan-rncan.gc.ca/data-donnees/sgb_datasets/BC
LAGINS NO 5,Colombie-Britannique,,,https://clss.nrcan-rncan.gc.ca/data-donnees/sgb_datasets/BC
LAKAHAHMEN NO 11,Colombie-Britannique,,,https://clss.nrcan-rncan.gc.ca/data-donnees/sgb_datasets/BC
LAKELSE NO 25,Colombie-Britannique,,,https://clss.nrcan-rncan.gc.ca/data-donnees/sgb_datasets/BC
LAKETOWN NO 3,Colombie-Britannique,,,https://clss.nrcan-rncan.gc.ca/data-donnees/sgb_datasets/BC
LAKGEAS NO 87,Colombie-Britannique,,,https://clss.nrcan-rncan.gc.ca/data-donnees/sgb_datasets/BC
LAKWAY CEMETERY NO 3,Colombie-Britannique,,,https://clss.nrcan-rncan.gc.ca/data-donnees/sgb_datasets/BC
LAMB ISLAND NO 5,Colombie-Britannique,,,https://clss.nrcan-rncan.gc.ca/data-donnees/sgb_datasets/BC
LANAS NO 4,Colombie-Britannique,,,https://clss.nrcan-rncan.gc.ca/data-donnees/sgb_datasets/BC
LANGLEY NO 2,Colombie-Britannique,,,https://clss.nrcan-rncan.gc.ca/data-donnees/sgb_datasets/BC
LANGLEY NO 3,Colombie-Britannique,,,https://clss.nrcan-rncan.gc.ca/data-donnees/sgb_datasets/BC
LANGLEY NO 4,Colombie-Britannique,,,https://clss.nrcan-rncan.gc.ca/data-donnees/sgb_datasets/BC
LANGLEY NO 5,Colombie-Britannique,,,https://clss.nrcan-rncan.gc.ca/data-donnees/sgb_datasets/BC
LATTKALOUP NO 9,Colombie-Britannique,,,https://clss.nrcan-rncan.gc.ca/data-donnees/sgb_datasets/BC
LAWANTH NO 5,Colombie-Britannique,,,https://clss.nrcan-rncan.gc.ca/data-donnees/sgb_datasets/BC
LAX KW'ALAAMS NO 1,Colombie-Britannique,,,https://clss.nrcan-rncan.gc.ca/data-donnees/sgb_datasets/BC
LELACHEN NO 6,Colombie-Britannique,,,https://clss.nrcan-rncan.gc.ca/data-donnees/sgb_datasets/BC
LEON CREEK NO 2,Colombie-Britannique,,,https://clss.nrcan-rncan.gc.ca/data-donnees/sgb_datasets/BC
LEON CREEK NO 2A,Colombie-Britannique,,,https://clss.nrcan-rncan.gc.ca/data-donnees/sgb_datasets/BC
LEON NO 14,Colombie-Britannique,,,https://clss.nrcan-rncan.gc.ca/data-donnees/sgb_datasets/BC
LEZBYE NO 6,Colombie-Britannique,,,https://clss.nrcan-rncan.gc.ca/data-donnees/sgb_datasets/BC
LHOH CHO NO 29,Colombie-Britannique,,,https://clss.nrcan-rncan.gc.ca/data-donnees/sgb_datasets/BC
LIARD RIVER NO 3,Colombie-Britannique,,,https://clss.nrcan-rncan.gc.ca/data-donnees/sgb_datasets/BC
LILLOOET NO 1,Colombie-Britannique,,,https://clss.nrcan-rncan.gc.ca/data-donnees/sgb_datasets/BC
LILLOOET NO 1A,Colombie-Britannique,,,https://clss.nrcan-rncan.gc.ca/data-donnees/sgb_datasets/BC
LISH-LEESH-TUM NO 17,Colombie-Britannique,,,https://clss.nrcan-rncan.gc.ca/data-donnees/sgb_datasets/BC
LITTLE SPRINGS NO 18,Colombie-Britannique,,,https://clss.nrcan-rncan.gc.ca/data-donnees/sgb_datasets/BC
LITTLE SPRINGS NO 8,Colombie-Britannique,,,https://clss.nrcan-rncan.gc.ca/data-donnees/sgb_datasets/BC
LOGAN'S NO 6,Colombie-Britannique,,,https://clss.nrcan-rncan.gc.ca/data-donnees/sgb_datasets/BC
LOHBIEE NO 3,Colombie-Britannique,,,https://clss.nrcan-rncan.gc.ca/data-donnees/sgb_datasets/BC
LOKLA NO 4,Colombie-Britannique,,,https://clss.nrcan-rncan.gc.ca/data-donnees/sgb_datasets/BC
LONG NECK ISLAND NO 9,Colombie-Britannique,,,https://clss.nrcan-rncan.gc.ca/data-donnees/sgb_datasets/BC
LONG TUNNEL NO 5,Colombie-Britannique,,,https://clss.nrcan-rncan.gc.ca/data-donnees/sgb_datasets/BC
LONG TUNNEL NO 5A,Colombie-Britannique,,,https://clss.nrcan-rncan.gc.ca/data-donnees/sgb_datasets/BC
LOON LAKE NO 10,Colombie-Britannique,,,https://clss.nrcan-rncan.gc.ca/data-donnees/sgb_datasets/BC
LOON LAKE NO 4,Colombie-Britannique,,,https://clss.nrcan-rncan.gc.ca/data-donnees/sgb_datasets/BC
LORIN MEADOW NO 9,Colombie-Britannique,,,https://clss.nrcan-rncan.gc.ca/data-donnees/sgb_datasets/BC
LOUGHBOROUGH NO 3,Colombie-Britannique,,,https://clss.nrcan-rncan.gc.ca/data-donnees/sgb_datasets/BC
LOUIS CREEK NO 4,Colombie-Britannique,,,https://clss.nrcan-rncan.gc.ca/data-donnees/sgb_datasets/BC
LOUIS SQUINAS RANCH NO 14,Colombie-Britannique,,,https://clss.nrcan-rncan.gc.ca/data-donnees/sgb_datasets/BC
LOWER FISHPOT LAKE NO 24A,Colombie-Britannique,,,https://clss.nrcan-rncan.gc.ca/data-donnees/sgb_datasets/BC
LOWER HAT CREEK NO 2,Colombie-Britannique,,,https://clss.nrcan-rncan.gc.ca/data-donnees/sgb_datasets/BC
LOWER KOOTENAY NO 1A,Colombie-Britannique,,,https://clss.nrcan-rncan.gc.ca/data-donnees/sgb_datasets/BC
LOWER KOOTENAY NO 1B,Colombie-Britannique,,,https://clss.nrcan-rncan.gc.ca/data-donnees/sgb_datasets/BC
LOWER KOOTENAY NO 1C,Colombie-Britannique,,,https://clss.nrcan-rncan.gc.ca/data-donnees/sgb_datasets/BC
LOWER KOOTENAY NO 2,Colombie-Britannique,,,https://clss.nrcan-rncan.gc.ca/data-donnees/sgb_datasets/BC
LOWER KOOTENAY NO 3,Colombie-Britannique,,,https://clss.nrcan-rncan.gc.ca/data-donnees/sgb_datasets/BC
LOWER KOOTENAY NO 5,Colombie-Britannique,,,https://clss.nrcan-rncan.gc.ca/data-donnees/sgb_datasets/BC
LOWER KOOTENAY NO. 4,Colombie-Britannique,,,https://clss.nrcan-rncan.gc.ca/data-donnees/sgb_datasets/BC
LOWER SHAWNIKEN NO 4A,Colombie-Britannique,,,https://clss.nrcan-rncan.gc.ca/data-donnees/sgb_datasets/BC
LOWER SIMILKAMEEN NO 2,Colombie-Britannique,,,https://clss.nrcan-rncan.gc.ca/data-donnees/sgb_datasets/BC
LUKSEETSISSUM NO 9,Colombie-Britannique,,,https://clss.nrcan-rncan.gc.ca/data-donnees/sgb_datasets/BC
LULU NO 5,Colombie-Britannique,,,https://clss.nrcan-rncan.gc.ca/data-donnees/sgb_datasets/BC
LYACKSUN NO 3,Colombie-Britannique,,,https://clss.nrcan-rncan.gc.ca/data-donnees/sgb_datasets/BC
LYTTON NO 13A,Colombie-Britannique,,,https://clss.nrcan-rncan.gc.ca/data-donnees/sgb_datasets/BC
LYTTON NO 21A,Colombie-Britannique,,,https://clss.nrcan-rncan.gc.ca/data-donnees/sgb_datasets/BC
LYTTON NO 26A,Colombie-Britannique,,,https://clss.nrcan-rncan.gc.ca/data-donnees/sgb_datasets/BC
LYTTON NO 31,Colombie-Britannique,,,https://clss.nrcan-rncan.gc.ca/data-donnees/sgb_datasets/BC
LYTTON NO 32,Colombie-Britannique,,,https://clss.nrcan-rncan.gc.ca/data-donnees/sgb_datasets/BC
LYTTON NO 33,Colombie-Britannique,,,https://clss.nrcan-rncan.gc.ca/data-donnees/sgb_datasets/BC
LYTTON NO 3A,Colombie-Britannique,,,https://clss.nrcan-rncan.gc.ca/data-donnees/sgb_datasets/BC
LYTTON NO 4A,Colombie-Britannique,,,https://clss.nrcan-rncan.gc.ca/data-donnees/sgb_datasets/BC
LYTTON NO 4B,Colombie-Britannique,,,https://clss.nrcan-rncan.gc.ca/data-donnees/sgb_datasets/BC
LYTTON NO 4C,Colombie-Britannique,,,https://clss.nrcan-rncan.gc.ca/data-donnees/sgb_datasets/BC
LYTTON NO 4D,Colombie-Britannique,,,https://clss.nrcan-rncan.gc.ca/data-donnees/sgb_datasets/BC
LYTTON NO 4E,Colombie-Britannique,,,https://clss.nrcan-rncan.gc.ca/data-donnees/sgb_datasets/BC
LYTTON NO 4F,Colombie-Britannique,,,https://clss.nrcan-rncan.gc.ca/data-donnees/sgb_datasets/BC
LYTTON NO 5A,Colombie-Britannique,,,https://clss.nrcan-rncan.gc.ca/data-donnees/sgb_datasets/BC
LYTTON NO 9A,Colombie-Britannique,,,https://clss.nrcan-rncan.gc.ca/data-donnees/sgb_datasets/BC
LYTTON NO 9B,Colombie-Britannique,,,https://clss.nrcan-rncan.gc.ca/data-donnees/sgb_datasets/BC
LYTTON NO. 27B,Colombie-Britannique,,,https://clss.nrcan-rncan.gc.ca/data-donnees/sgb_datasets/BC
MA-GUALA NO 6,Colombie-Britannique,,,https://clss.nrcan-rncan.gc.ca/data-donnees/sgb_datasets/BC
MAAHPE NO 4,Colombie-Britannique,,,https://clss.nrcan-rncan.gc.ca/data-donnees/sgb_datasets/BC
MAGANKTOON NO 56,Colombie-Britannique,,,https://clss.nrcan-rncan.gc.ca/data-donnees/sgb_datasets/BC
MAGWEKSTALA NO 10,Colombie-Britannique,,,https://clss.nrcan-rncan.gc.ca/data-donnees/sgb_datasets/BC
MAH-TE-NICHT NO 8,Colombie-Britannique,,,https://clss.nrcan-rncan.gc.ca/data-donnees/sgb_datasets/BC
MAHMALILLIKULLAH NO 1,Colombie-Britannique,,,https://clss.nrcan-rncan.gc.ca/data-donnees/sgb_datasets/BC
MAHPAHKUM NO 4,Colombie-Britannique,,,https://clss.nrcan-rncan.gc.ca/data-donnees/sgb_datasets/BC
MAKA NO 8,Colombie-Britannique,,,https://clss.nrcan-rncan.gc.ca/data-donnees/sgb_datasets/BC
MAKLAKSADAGMAKS NO 41,Colombie-Britannique,,,https://clss.nrcan-rncan.gc.ca/data-donnees/sgb_datasets/BC
MAKLAKSADAGMAKS NO 42,Colombie-Britannique,,,https://clss.nrcan-rncan.gc.ca/data-donnees/sgb_datasets/BC
MALACHAN NO 11,Colombie-Britannique,,,https://clss.nrcan-rncan.gc.ca/data-donnees/sgb_datasets/BC
MALAHAT NO 11,Colombie-Britannique,,,https://clss.nrcan-rncan.gc.ca/data-donnees/sgb_datasets/BC
MALCOLM ISLAND NO 8,Colombie-Britannique,,,https://clss.nrcan-rncan.gc.ca/data-donnees/sgb_datasets/BC
MAMMIN RIVER NO 25,Colombie-Britannique,,,https://clss.nrcan-rncan.gc.ca/data-donnees/sgb_datasets/BC
MAPLE POINT NO 11,Colombie-Britannique,,,https://clss.nrcan-rncan.gc.ca/data-donnees/sgb_datasets/BC
MAQUAZNEECHT ISLAND NO 17,Colombie-Britannique,,,https://clss.nrcan-rncan.gc.ca/data-donnees/sgb_datasets/BC
MARBLE CANYON NO 3,Colombie-Britannique,,,https://clss.nrcan-rncan.gc.ca/data-donnees/sgb_datasets/BC
MARKTOSIS NO 15,Colombie-Britannique,,,https://clss.nrcan-rncan.gc.ca/data-donnees/sgb_datasets/BC
MARY COVE NO 12,Colombie-Britannique,,,https://clss.nrcan-rncan.gc.ca/data-donnees/sgb_datasets/BC
MASSET NO 1,Colombie-Britannique,,,https://clss.nrcan-rncan.gc.ca/data-donnees/sgb_datasets/BC
MATCHLEE NO 13,Colombie-Britannique,,,https://clss.nrcan-rncan.gc.ca/data-donnees/sgb_datasets/BC
MATLATEN NO 4,Colombie-Britannique,,,https://clss.nrcan-rncan.gc.ca/data-donnees/sgb_datasets/BC
MATSAYNO NO 5,Colombie-Britannique,,,https://clss.nrcan-rncan.gc.ca/data-donnees/sgb_datasets/BC
MATSQUI MAIN NO 2,Colombie-Britannique,,,https://clss.nrcan-rncan.gc.ca/data-donnees/sgb_datasets/BC
MATSQUI NO 4,Colombie-Britannique,,,https://clss.nrcan-rncan.gc.ca/data-donnees/sgb_datasets/BC
MAUVAIS ROCHER NO 5,Colombie-Britannique,,,https://clss.nrcan-rncan.gc.ca/data-donnees/sgb_datasets/BC
MAXAN CREEK NO 5,Colombie-Britannique,,,https://clss.nrcan-rncan.gc.ca/data-donnees/sgb_datasets/BC
MAXAN LAKE NO 3,Colombie-Britannique,,,https://clss.nrcan-rncan.gc.ca/data-donnees/sgb_datasets/BC
MAXAN LAKE NO 4,Colombie-Britannique,,,https://clss.nrcan-rncan.gc.ca/data-donnees/sgb_datasets/BC
MAYNE ISLAND NO 6,Colombie-Britannique,,,https://clss.nrcan-rncan.gc.ca/data-donnees/sgb_datasets/BC
MCCARTNEY'S FLAT NO 4,Colombie-Britannique,,,https://clss.nrcan-rncan.gc.ca/data-donnees/sgb_datasets/BC
MCDAMES CREEK NO 2,Colombie-Britannique,,,https://clss.nrcan-rncan.gc.ca/data-donnees/sgb_datasets/BC
MCDONALD LAKE NO 1,Colombie-Britannique,,,https://clss.nrcan-rncan.gc.ca/data-donnees/sgb_datasets/BC
MCKAY MEADOW NO 4,Colombie-Britannique,,,https://clss.nrcan-rncan.gc.ca/data-donnees/sgb_datasets/BC
MCLEAN'S LAKE NO 3,Colombie-Britannique,,,https://clss.nrcan-rncan.gc.ca/data-donnees/sgb_datasets/BC
MCLEOD LAKE NO 5,Colombie-Britannique,,,https://clss.nrcan-rncan.gc.ca/data-donnees/sgb_datasets/BC
MCLEOD LAKE NO 1,Colombie-Britannique,,,https://clss.nrcan-rncan.gc.ca/data-donnees/sgb_datasets/BC
MCMILLAN ISLAND NO 6,Colombie-Britannique,,,https://clss.nrcan-rncan.gc.ca/data-donnees/sgb_datasets/BC
ME-YAN-LAW NO 47,Colombie-Britannique,,,https://clss.nrcan-rncan.gc.ca/data-donnees/sgb_datasets/BC
MEADOW CREEK NO 3,Colombie-Britannique,,,https://clss.nrcan-rncan.gc.ca/data-donnees/sgb_datasets/BC
MEAGWAN NO 8,Colombie-Britannique,,,https://clss.nrcan-rncan.gc.ca/data-donnees/sgb_datasets/BC
MEANLAW NO 24,Colombie-Britannique,,,https://clss.nrcan-rncan.gc.ca/data-donnees/sgb_datasets/BC
MEETUP NO 2,Colombie-Britannique,,,https://clss.nrcan-rncan.gc.ca/data-donnees/sgb_datasets/BC
METSO A CHOOT NO 23,Colombie-Britannique,,,https://clss.nrcan-rncan.gc.ca/data-donnees/sgb_datasets/BC
MEYANLOW NO 58,Colombie-Britannique,,,https://clss.nrcan-rncan.gc.ca/data-donnees/sgb_datasets/BC
MICHELL PIERRE NO 12,Colombie-Britannique,,,https://clss.nrcan-rncan.gc.ca/data-donnees/sgb_datasets/BC
MICHELLE CREEK NO 22,Colombie-Britannique,,,https://clss.nrcan-rncan.gc.ca/data-donnees/sgb_datasets/BC
MICHELLE CREEK NO 23,Colombie-Britannique,,,https://clss.nrcan-rncan.gc.ca/data-donnees/sgb_datasets/BC
MISGATLEE 14,Colombie-Britannique,,,https://clss.nrcan-rncan.gc.ca/data-donnees/sgb_datasets/BC
MISSION CREEK NO 8,Colombie-Britannique,,,https://clss.nrcan-rncan.gc.ca/data-donnees/sgb_datasets/BC
MISSION NO 1,Colombie-Britannique,,,https://clss.nrcan-rncan.gc.ca/data-donnees/sgb_datasets/BC
MISSION NO 5,Colombie-Britannique,,,https://clss.nrcan-rncan.gc.ca/data-donnees/sgb_datasets/BC
MOOSH NO 4,Colombie-Britannique,,,https://clss.nrcan-rncan.gc.ca/data-donnees/sgb_datasets/BC
MOOYAH NO 16,Colombie-Britannique,,,https://clss.nrcan-rncan.gc.ca/data-donnees/sgb_datasets/BC
MORICETOWN NO 1,Colombie-Britannique,,,https://clss.nrcan-rncan.gc.ca/data-donnees/sgb_datasets/BC
MORTEEN NO 9,Colombie-Britannique,,,https://clss.nrcan-rncan.gc.ca/data-donnees/sgb_datasets/BC
MOSQUITO CREEK NO 5,Colombie-Britannique,,,https://clss.nrcan-rncan.gc.ca/data-donnees/sgb_datasets/BC
MOUNT CURRIE NO 1,Colombie-Britannique,,,https://clss.nrcan-rncan.gc.ca/data-donnees/sgb_datasets/BC
MOUNT CURRIE NO 10,Colombie-Britannique,,,https://clss.nrcan-rncan.gc.ca/data-donnees/sgb_datasets/BC
MOUNT CURRIE NO 2,Colombie-Britannique,,,https://clss.nrcan-rncan.gc.ca/data-donnees/sgb_datasets/BC
MOUNT CURRIE NO 6,Colombie-Britannique,,,https://clss.nrcan-rncan.gc.ca/data-donnees/sgb_datasets/BC
MOUNT CURRIE NO 7,Colombie-Britannique,,,https://clss.nrcan-rncan.gc.ca/data-donnees/sgb_datasets/BC
MOUNT CURRIE NO 8,Colombie-Britannique,,,https://clss.nrcan-rncan.gc.ca/data-donnees/sgb_datasets/BC
MOUTCHA NO 5,Colombie-Britannique,,,https://clss.nrcan-rncan.gc.ca/data-donnees/sgb_datasets/BC
MOYEHAI NO 23,Colombie-Britannique,,,https://clss.nrcan-rncan.gc.ca/data-donnees/sgb_datasets/BC
MUDDY RIVER NO 1,Colombie-Britannique,,,https://clss.nrcan-rncan.gc.ca/data-donnees/sgb_datasets/BC
MURRAY LAKE NO 4,Colombie-Britannique,,,https://clss.nrcan-rncan.gc.ca/data-donnees/sgb_datasets/BC
MUSHKIN NO 5,Colombie-Britannique,,,https://clss.nrcan-rncan.gc.ca/data-donnees/sgb_datasets/BC
MUSHKIN NO 5A,Colombie-Britannique,,,https://clss.nrcan-rncan.gc.ca/data-donnees/sgb_datasets/BC
MUSQUEAM NO 2,Colombie-Britannique,,,https://clss.nrcan-rncan.gc.ca/data-donnees/sgb_datasets/BC
MUSQUEAM NO 4,Colombie-Britannique,,,https://clss.nrcan-rncan.gc.ca/data-donnees/sgb_datasets/BC
NA-KWOCKTO NO 2,Colombie-Britannique,,,https://clss.nrcan-rncan.gc.ca/data-donnees/sgb_datasets/BC
NADEN NO 10,Colombie-Britannique,,,https://clss.nrcan-rncan.gc.ca/data-donnees/sgb_datasets/BC
NADEN NO 23,Colombie-Britannique,,,https://clss.nrcan-rncan.gc.ca/data-donnees/sgb_datasets/BC
NAHAMANAK NO 7,Colombie-Britannique,,,https://clss.nrcan-rncan.gc.ca/data-donnees/sgb_datasets/BC
NAHLQUONATE NO 2,Colombie-Britannique,,,https://clss.nrcan-rncan.gc.ca/data-donnees/sgb_datasets/BC
NAHWITTI NO 4,Colombie-Britannique,,,https://clss.nrcan-rncan.gc.ca/data-donnees/sgb_datasets/BC
NAK'A LAT NO 39,Colombie-Britannique,,,https://clss.nrcan-rncan.gc.ca/data-donnees/sgb_datasets/BC
NAK'AZDLI,Colombie-Britannique,,,https://clss.nrcan-rncan.gc.ca/data-donnees/sgb_datasets/BC
NAN TL' AT NO 13,Colombie-Britannique,,,https://clss.nrcan-rncan.gc.ca/data-donnees/sgb_datasets/BC
NANAIMO RIVER NO 2,Colombie-Britannique,,,https://clss.nrcan-rncan.gc.ca/data-donnees/sgb_datasets/BC
NANAIMO RIVER NO 3,Colombie-Britannique,,,https://clss.nrcan-rncan.gc.ca/data-donnees/sgb_datasets/BC
NANAIMO RIVER NO 4,Colombie-Britannique,,,https://clss.nrcan-rncan.gc.ca/data-donnees/sgb_datasets/BC
NANAIMO TOWN NO 1,Colombie-Britannique,,,https://clss.nrcan-rncan.gc.ca/data-donnees/sgb_datasets/BC
NANANAHOUT NO 1,Colombie-Britannique,,,https://clss.nrcan-rncan.gc.ca/data-donnees/sgb_datasets/BC
NANOOSE INDIAN RESERVE,Colombie-Britannique,,,https://clss.nrcan-rncan.gc.ca/data-donnees/sgb_datasets/BC
NARCISSE'S FARM NO 4,Colombie-Britannique,,,https://clss.nrcan-rncan.gc.ca/data-donnees/sgb_datasets/BC
NATAZUTLOOH NO 25,Colombie-Britannique,,,https://clss.nrcan-rncan.gc.ca/data-donnees/sgb_datasets/BC
NATHLEGALIS NO 3,Colombie-Britannique,,,https://clss.nrcan-rncan.gc.ca/data-donnees/sgb_datasets/BC
NAUTLEY (FORT FRASER) NO 1,Colombie-Britannique,,,https://clss.nrcan-rncan.gc.ca/data-donnees/sgb_datasets/BC
NAYKIKOULTH NO 13,Colombie-Britannique,,,https://clss.nrcan-rncan.gc.ca/data-donnees/sgb_datasets/BC
NAZCO CEMETERY NO 20A,Colombie-Britannique,,,https://clss.nrcan-rncan.gc.ca/data-donnees/sgb_datasets/BC
NAZCO NO 20,Colombie-Britannique,,,https://clss.nrcan-rncan.gc.ca/data-donnees/sgb_datasets/BC
NAZCO NO 21,Colombie-Britannique,,,https://clss.nrcan-rncan.gc.ca/data-donnees/sgb_datasets/BC
NDAKDOLK NO 54,Colombie-Britannique,,,https://clss.nrcan-rncan.gc.ca/data-donnees/sgb_datasets/BC
NE-TSAW-GREECE NO 10,Colombie-Britannique,,,https://clss.nrcan-rncan.gc.ca/data-donnees/sgb_datasets/BC
NECAIT NO 6,Colombie-Britannique,,,https://clss.nrcan-rncan.gc.ca/data-donnees/sgb_datasets/BC
NECAUSLEY CREEK NO 6,Colombie-Britannique,,,https://clss.nrcan-rncan.gc.ca/data-donnees/sgb_datasets/BC
NEDOATS NO 11,Colombie-Britannique,,,https://clss.nrcan-rncan.gc.ca/data-donnees/sgb_datasets/BC
NEDOATS NO 13,Colombie-Britannique,,,https://clss.nrcan-rncan.gc.ca/data-donnees/sgb_datasets/BC
NEEKAS NO 4,Colombie-Britannique,,,https://clss.nrcan-rncan.gc.ca/data-donnees/sgb_datasets/BC
NEKALLISTON NO 2,Colombie-Britannique,,,https://clss.nrcan-rncan.gc.ca/data-donnees/sgb_datasets/BC
NEKITE NO 2,Colombie-Britannique,,,https://clss.nrcan-rncan.gc.ca/data-donnees/sgb_datasets/BC
NEKLIPTUM NO 1,Colombie-Britannique,,,https://clss.nrcan-rncan.gc.ca/data-donnees/sgb_datasets/BC
NELA'HUT'EN-A,Colombie-Britannique,,,https://clss.nrcan-rncan.gc.ca/data-donnees/sgb_datasets/BC
NEQUATQUE NO 1,Colombie-Britannique,,,https://clss.nrcan-rncan.gc.ca/data-donnees/sgb_datasets/BC
NEQUATQUE NO 2,Colombie-Britannique,,,https://clss.nrcan-rncan.gc.ca/data-donnees/sgb_datasets/BC
NEQUATQUE NO 3,Colombie-Britannique,,,https://clss.nrcan-rncan.gc.ca/data-donnees/sgb_datasets/BC
NEQUATQUE NO 3A,Colombie-Britannique,,,https://clss.nrcan-rncan.gc.ca/data-donnees/sgb_datasets/BC
NEQUATQUE NO 4,Colombie-Britannique,,,https://clss.nrcan-rncan.gc.ca/data-donnees/sgb_datasets/BC
NESIKEP NO 6,Colombie-Britannique,,,https://clss.nrcan-rncan.gc.ca/data-donnees/sgb_datasets/BC
NESIKEP NO 6A,Colombie-Britannique,,,https://clss.nrcan-rncan.gc.ca/data-donnees/sgb_datasets/BC
NESKONLITH NO 1,Colombie-Britannique,,,https://clss.nrcan-rncan.gc.ca/data-donnees/sgb_datasets/BC
NESUCH NO 3,Colombie-Britannique,,,https://clss.nrcan-rncan.gc.ca/data-donnees/sgb_datasets/BC
NESUK NO 4,Colombie-Britannique,,,https://clss.nrcan-rncan.gc.ca/data-donnees/sgb_datasets/BC
NETTLE ISLAND NO 5,Colombie-Britannique,,,https://clss.nrcan-rncan.gc.ca/data-donnees/sgb_datasets/BC
NEW CLEW NO 10,Colombie-Britannique,,,https://clss.nrcan-rncan.gc.ca/data-donnees/sgb_datasets/BC
NEW GITSEGUKLA NO 2,Colombie-Britannique,,,https://clss.nrcan-rncan.gc.ca/data-donnees/sgb_datasets/BC
NEW SONGHEES NO 1A,Colombie-Britannique,,,https://clss.nrcan-rncan.gc.ca/data-donnees/sgb_datasets/BC
NICKEL PALM NO 4,Colombie-Britannique,,,https://clss.nrcan-rncan.gc.ca/data-donnees/sgb_datasets/BC
NICKEYEAH NO 25,Colombie-Britannique,,,https://clss.nrcan-rncan.gc.ca/data-donnees/sgb_datasets/BC
NICOELTON NO 6,Colombie-Britannique,,,https://clss.nrcan-rncan.gc.ca/data-donnees/sgb_datasets/BC
NICOLA LAKE NO 1,Colombie-Britannique,,,https://clss.nrcan-rncan.gc.ca/data-donnees/sgb_datasets/BC
NICOLA MAMEET NO 1,Colombie-Britannique,,,https://clss.nrcan-rncan.gc.ca/data-donnees/sgb_datasets/BC
NICOMEN NO 1,Colombie-Britannique,,,https://clss.nrcan-rncan.gc.ca/data-donnees/sgb_datasets/BC
NINE MILE CREEK NO 4,Colombie-Britannique,,,https://clss.nrcan-rncan.gc.ca/data-donnees/sgb_datasets/BC
NISHANOCKNAWNAK NO 35,Colombie-Britannique,,,https://clss.nrcan-rncan.gc.ca/data-donnees/sgb_datasets/BC
NKAIH NO 10,Colombie-Britannique,,,https://clss.nrcan-rncan.gc.ca/data-donnees/sgb_datasets/BC
NO-CUT NO 5,Colombie-Britannique,,,https://clss.nrcan-rncan.gc.ca/data-donnees/sgb_datasets/BC
NOCTEN NO 19,Colombie-Britannique,,,https://clss.nrcan-rncan.gc.ca/data-donnees/sgb_datasets/BC
NOHOMEEN NO 23,Colombie-Britannique,,,https://clss.nrcan-rncan.gc.ca/data-donnees/sgb_datasets/BC
NOO KAT NO 42,Colombie-Britannique,,,https://clss.nrcan-rncan.gc.ca/data-donnees/sgb_datasets/BC
NOOAITCH GRASS NO 9,Colombie-Britannique,,,https://clss.nrcan-rncan.gc.ca/data-donnees/sgb_datasets/BC
NOOAITCH NO 10,Colombie-Britannique,,,https://clss.nrcan-rncan.gc.ca/data-donnees/sgb_datasets/BC
NOONLA NO 6,Colombie-Britannique,,,https://clss.nrcan-rncan.gc.ca/data-donnees/sgb_datasets/BC
NOOSESECK NO 2,Colombie-Britannique,,,https://clss.nrcan-rncan.gc.ca/data-donnees/sgb_datasets/BC
NOOTA NO 4,Colombie-Britannique,,,https://clss.nrcan-rncan.gc.ca/data-donnees/sgb_datasets/BC
NORTH BAY NO 5,Colombie-Britannique,,,https://clss.nrcan-rncan.gc.ca/data-donnees/sgb_datasets/BC
NORTH ROAD NO 19,Colombie-Britannique,,,https://clss.nrcan-rncan.gc.ca/data-donnees/sgb_datasets/BC
NUCHATL NO 1,Colombie-Britannique,,,https://clss.nrcan-rncan.gc.ca/data-donnees/sgb_datasets/BC
NUCHATL NO 2,Colombie-Britannique,,,https://clss.nrcan-rncan.gc.ca/data-donnees/sgb_datasets/BC
NUUAUTIN NO 2,Colombie-Britannique,,,https://clss.nrcan-rncan.gc.ca/data-donnees/sgb_datasets/BC
NUUAUTIN NO 2A,Colombie-Britannique,,,https://clss.nrcan-rncan.gc.ca/data-donnees/sgb_datasets/BC
NUUAUTIN NO 2B,Colombie-Britannique,,,https://clss.nrcan-rncan.gc.ca/data-donnees/sgb_datasets/BC
O K'AY WHA CHO NO 26,Colombie-Britannique,,,https://clss.nrcan-rncan.gc.ca/data-donnees/sgb_datasets/BC
O-TSAW-LAS NO 5,Colombie-Britannique,,,https://clss.nrcan-rncan.gc.ca/data-donnees/sgb_datasets/BC
O-YA-KUM-LA NO 11,Colombie-Britannique,,,https://clss.nrcan-rncan.gc.ca/data-donnees/sgb_datasets/BC
OATSWISH NO 13,Colombie-Britannique,,,https://clss.nrcan-rncan.gc.ca/data-donnees/sgb_datasets/BC
OCCOSH NO 8,Colombie-Britannique,,,https://clss.nrcan-rncan.gc.ca/data-donnees/sgb_datasets/BC
OCLUCJE NO 7,Colombie-Britannique,,,https://clss.nrcan-rncan.gc.ca/data-donnees/sgb_datasets/BC
OHAMIL NO 1,Colombie-Britannique,,,https://clss.nrcan-rncan.gc.ca/data-donnees/sgb_datasets/BC
OINIMITIS NO 14,Colombie-Britannique,,,https://clss.nrcan-rncan.gc.ca/data-donnees/sgb_datasets/BC
OKE NO 10,Colombie-Britannique,,,https://clss.nrcan-rncan.gc.ca/data-donnees/sgb_datasets/BC
OKEAMIN NO 5,Colombie-Britannique,,,https://clss.nrcan-rncan.gc.ca/data-donnees/sgb_datasets/BC
OLD CLEMENS NO 16,Colombie-Britannique,,,https://clss.nrcan-rncan.gc.ca/data-donnees/sgb_datasets/BC
OLD COUNTRY MEADOW NO 4,Colombie-Britannique,,,https://clss.nrcan-rncan.gc.ca/data-donnees/sgb_datasets/BC
OMINECA NO 1,Colombie-Britannique,,,https://clss.nrcan-rncan.gc.ca/data-donnees/sgb_datasets/BC
OMOAH NO 9,Colombie-Britannique,,,https://clss.nrcan-rncan.gc.ca/data-donnees/sgb_datasets/BC
ONADSILTH NO 9,Colombie-Britannique,,,https://clss.nrcan-rncan.gc.ca/data-donnees/sgb_datasets/BC
ONE MILE NO 6,Colombie-Britannique,,,https://clss.nrcan-rncan.gc.ca/data-donnees/sgb_datasets/BC
ONE MILE POINT NO 1,Colombie-Britannique,,,https://clss.nrcan-rncan.gc.ca/data-donnees/sgb_datasets/BC
OPATSEEAH NO 13,Colombie-Britannique,,,https://clss.nrcan-rncan.gc.ca/data-donnees/sgb_datasets/BC
OPEMIT NO 4,Colombie-Britannique,,,https://clss.nrcan-rncan.gc.ca/data-donnees/sgb_datasets/BC
OPEN BAY NO 8,Colombie-Britannique,,,https://clss.nrcan-rncan.gc.ca/data-donnees/sgb_datasets/BC
OPENIT NO 27,Colombie-Britannique,,,https://clss.nrcan-rncan.gc.ca/data-donnees/sgb_datasets/BC
OPITSAT NO 1,Colombie-Britannique,,,https://clss.nrcan-rncan.gc.ca/data-donnees/sgb_datasets/BC
OREGON JACK CREEK NO 2,Colombie-Britannique,,,https://clss.nrcan-rncan.gc.ca/data-donnees/sgb_datasets/BC
OREGON JACK CREEK NO 5,Colombie-Britannique,,,https://clss.nrcan-rncan.gc.ca/data-donnees/sgb_datasets/BC
ORFORD BAY NO 4,Colombie-Britannique,,,https://clss.nrcan-rncan.gc.ca/data-donnees/sgb_datasets/BC
ORMONDE CREEK NO 8,Colombie-Britannique,,,https://clss.nrcan-rncan.gc.ca/data-donnees/sgb_datasets/BC
OSCHAWWINNA NO 3,Colombie-Britannique,,,https://clss.nrcan-rncan.gc.ca/data-donnees/sgb_datasets/BC
OSOYOOS INDIAN RESERVE NO. 1,Colombie-Britannique,,,https://clss.nrcan-rncan.gc.ca/data-donnees/sgb_datasets/BC
OSOYOOS NO 3,Colombie-Britannique,,,https://clss.nrcan-rncan.gc.ca/data-donnees/sgb_datasets/BC
OTTER LAKE NO 2,Colombie-Britannique,,,https://clss.nrcan-rncan.gc.ca/data-donnees/sgb_datasets/BC
OUCHTON NO 3,Colombie-Britannique,,,https://clss.nrcan-rncan.gc.ca/data-donnees/sgb_datasets/BC
OUS NO 17,Colombie-Britannique,,,https://clss.nrcan-rncan.gc.ca/data-donnees/sgb_datasets/BC
OWH-WIS-TOO-A-WAN NO 10,Colombie-Britannique,,,https://clss.nrcan-rncan.gc.ca/data-donnees/sgb_datasets/BC
OWOSSITSA NO 6,Colombie-Britannique,,,https://clss.nrcan-rncan.gc.ca/data-donnees/sgb_datasets/BC
OWUN NO 24,Colombie-Britannique,,,https://clss.nrcan-rncan.gc.ca/data-donnees/sgb_datasets/BC
OYEES NO 9,Colombie-Britannique,,,https://clss.nrcan-rncan.gc.ca/data-donnees/sgb_datasets/BC
OYSTER BAY NO 12,Colombie-Britannique,,,https://clss.nrcan-rncan.gc.ca/data-donnees/sgb_datasets/BC
PA-AAT NO 6,Colombie-Britannique,,,https://clss.nrcan-rncan.gc.ca/data-donnees/sgb_datasets/BC
PA-CAT'L-LIN-NE NO 3,Colombie-Britannique,,,https://clss.nrcan-rncan.gc.ca/data-donnees/sgb_datasets/BC
PACHEENA NO 1,Colombie-Britannique,,,https://clss.nrcan-rncan.gc.ca/data-donnees/sgb_datasets/BC
PACK RIVER NO 2,Colombie-Britannique,,,https://clss.nrcan-rncan.gc.ca/data-donnees/sgb_datasets/BC
PAHAS NO 3,Colombie-Britannique,,,https://clss.nrcan-rncan.gc.ca/data-donnees/sgb_datasets/BC
PALLING NO 1,Colombie-Britannique,,,https://clss.nrcan-rncan.gc.ca/data-donnees/sgb_datasets/BC
PAPEKWATCHIN INDIAN RESERVE NO. 4,Colombie-Britannique,,,https://clss.nrcan-rncan.gc.ca/data-donnees/sgb_datasets/BC
PAPSILQUA NO 13,Colombie-Britannique,,,https://clss.nrcan-rncan.gc.ca/data-donnees/sgb_datasets/BC
PAPSILQUA NO 2,Colombie-Britannique,,,https://clss.nrcan-rncan.gc.ca/data-donnees/sgb_datasets/BC
PAPSILQUA NO 2A,Colombie-Britannique,,,https://clss.nrcan-rncan.gc.ca/data-donnees/sgb_datasets/BC
PAPSILQUA NO 2B,Colombie-Britannique,,,https://clss.nrcan-rncan.gc.ca/data-donnees/sgb_datasets/BC
PAPYUM GRAVEYARD NO 27C,Colombie-Britannique,,,https://clss.nrcan-rncan.gc.ca/data-donnees/sgb_datasets/BC
PAPYUM NO 27,Colombie-Britannique,,,https://clss.nrcan-rncan.gc.ca/data-donnees/sgb_datasets/BC
PAPYUM NO 27A,Colombie-Britannique,,,https://clss.nrcan-rncan.gc.ca/data-donnees/sgb_datasets/BC
PAQULH,Colombie-Britannique,,,https://clss.nrcan-rncan.gc.ca/data-donnees/sgb_datasets/BC
PARSNIP NO 5,Colombie-Britannique,,,https://clss.nrcan-rncan.gc.ca/data-donnees/sgb_datasets/BC
PASHILQUA NO 2,Colombie-Britannique,,,https://clss.nrcan-rncan.gc.ca/data-donnees/sgb_datasets/BC
PASHILQUA NO 2A,Colombie-Britannique,,,https://clss.nrcan-rncan.gc.ca/data-donnees/sgb_datasets/BC
PAUL'S BASIN NO 2,Colombie-Britannique,,,https://clss.nrcan-rncan.gc.ca/data-donnees/sgb_datasets/BC
PAUL'S NO 6,Colombie-Britannique,,,https://clss.nrcan-rncan.gc.ca/data-donnees/sgb_datasets/BC
PAVILION NO 1,Colombie-Britannique,,,https://clss.nrcan-rncan.gc.ca/data-donnees/sgb_datasets/BC
PAVILION NO 1A,Colombie-Britannique,,,https://clss.nrcan-rncan.gc.ca/data-donnees/sgb_datasets/BC
PAVILION NO 3A,Colombie-Britannique,,,https://clss.nrcan-rncan.gc.ca/data-donnees/sgb_datasets/BC
PAVILION NO 4,Colombie-Britannique,,,https://clss.nrcan-rncan.gc.ca/data-donnees/sgb_datasets/BC
PAWALA NO 5,Colombie-Britannique,,,https://clss.nrcan-rncan.gc.ca/data-donnees/sgb_datasets/BC
PEGLEG NO 3,Colombie-Britannique,,,https://clss.nrcan-rncan.gc.ca/data-donnees/sgb_datasets/BC
PEGLEG NO 3A,Colombie-Britannique,,,https://clss.nrcan-rncan.gc.ca/data-donnees/sgb_datasets/BC
PEL-LOOTH'L KAI NO 17,Colombie-Britannique,,,https://clss.nrcan-rncan.gc.ca/data-donnees/sgb_datasets/BC
PEMYNOOS NO 9,Colombie-Britannique,,,https://clss.nrcan-rncan.gc.ca/data-donnees/sgb_datasets/BC
PENDER ISLAND NO 8,Colombie-Britannique,,,https://clss.nrcan-rncan.gc.ca/data-donnees/sgb_datasets/BC
PENEECE NO 11,Colombie-Britannique,,,https://clss.nrcan-rncan.gc.ca/data-donnees/sgb_datasets/BC
PENEETLE NO 22,Colombie-Britannique,,,https://clss.nrcan-rncan.gc.ca/data-donnees/sgb_datasets/BC
PENTICTON NO 1,Colombie-Britannique,,,https://clss.nrcan-rncan.gc.ca/data-donnees/sgb_datasets/BC
PENTICTON NO 2,Colombie-Britannique,,,https://clss.nrcan-rncan.gc.ca/data-donnees/sgb_datasets/BC
PENTICTON NO 3A,Colombie-Britannique,,,https://clss.nrcan-rncan.gc.ca/data-donnees/sgb_datasets/BC
PENTLEDGE NO 2,Colombie-Britannique,,,https://clss.nrcan-rncan.gc.ca/data-donnees/sgb_datasets/BC
PEQ-PAQ NO 22,Colombie-Britannique,,,https://clss.nrcan-rncan.gc.ca/data-donnees/sgb_datasets/BC
PERRETS NO 11,Colombie-Britannique,,,https://clss.nrcan-rncan.gc.ca/data-donnees/sgb_datasets/BC
PETE SUCKERS NO 13,Colombie-Britannique,,,https://clss.nrcan-rncan.gc.ca/data-donnees/sgb_datasets/BC
PETERS NO 1,Colombie-Britannique,,,https://clss.nrcan-rncan.gc.ca/data-donnees/sgb_datasets/BC
PETERS NO 1A,Colombie-Britannique,,,https://clss.nrcan-rncan.gc.ca/data-donnees/sgb_datasets/BC
PETERS NO 2,Colombie-Britannique,,,https://clss.nrcan-rncan.gc.ca/data-donnees/sgb_datasets/BC
PINKUT LAKE NO 23,Colombie-Britannique,,,https://clss.nrcan-rncan.gc.ca/data-donnees/sgb_datasets/BC
PIPSEUL NO 3,Colombie-Britannique,,,https://clss.nrcan-rncan.gc.ca/data-donnees/sgb_datasets/BC
PITT ISLAND NO 27,Colombie-Britannique,,,https://clss.nrcan-rncan.gc.ca/data-donnees/sgb_datasets/BC
PITT LAKE NO 4,Colombie-Britannique,,,https://clss.nrcan-rncan.gc.ca/data-donnees/sgb_datasets/BC
POISON CREEK NO 17,Colombie-Britannique,,,https://clss.nrcan-rncan.gc.ca/data-donnees/sgb_datasets/BC
POISON CREEK NO 17A,Colombie-Britannique,,,https://clss.nrcan-rncan.gc.ca/data-donnees/sgb_datasets/BC
POKHEITSK NO 10,Colombie-Britannique,,,https://clss.nrcan-rncan.gc.ca/data-donnees/sgb_datasets/BC
POLE ISLAND NO 14,Colombie-Britannique,,,https://clss.nrcan-rncan.gc.ca/data-donnees/sgb_datasets/BC
POLICE MEADOW NO 2,Colombie-Britannique,,,https://clss.nrcan-rncan.gc.ca/data-donnees/sgb_datasets/BC
POOEYELTH NO 3,Colombie-Britannique,,,https://clss.nrcan-rncan.gc.ca/data-donnees/sgb_datasets/BC
POPKUM NO 1,Colombie-Britannique,,,https://clss.nrcan-rncan.gc.ca/data-donnees/sgb_datasets/BC
POPKUM NO 2,Colombie-Britannique,,,https://clss.nrcan-rncan.gc.ca/data-donnees/sgb_datasets/BC
POQUIOSIN & SKAMAIN NO 13,Colombie-Britannique,,,https://clss.nrcan-rncan.gc.ca/data-donnees/sgb_datasets/BC
PORT ESSINGTON,Colombie-Britannique,,,https://clss.nrcan-rncan.gc.ca/data-donnees/sgb_datasets/BC
PORT NEVILLE NO 4,Colombie-Britannique,,,https://clss.nrcan-rncan.gc.ca/data-donnees/sgb_datasets/BC
PORTIER PASS NO 5,Colombie-Britannique,,,https://clss.nrcan-rncan.gc.ca/data-donnees/sgb_datasets/BC
POTATO POINT NO 3,Colombie-Britannique,,,https://clss.nrcan-rncan.gc.ca/data-donnees/sgb_datasets/BC
POYAM NO 9,Colombie-Britannique,,,https://clss.nrcan-rncan.gc.ca/data-donnees/sgb_datasets/BC
PRIEST'S VALLEY NO 6,Colombie-Britannique,,,https://clss.nrcan-rncan.gc.ca/data-donnees/sgb_datasets/BC
PRINCE LEBOO ISLAND NO 32,Colombie-Britannique,,,https://clss.nrcan-rncan.gc.ca/data-donnees/sgb_datasets/BC
PROPHET RIVER NO 4,Colombie-Britannique,,,https://clss.nrcan-rncan.gc.ca/data-donnees/sgb_datasets/BC
PSACELAY NO 77,Colombie-Britannique,,,https://clss.nrcan-rncan.gc.ca/data-donnees/sgb_datasets/BC
PUCKATHOLETCHIN NO 11,Colombie-Britannique,,,https://clss.nrcan-rncan.gc.ca/data-donnees/sgb_datasets/BC
PULCAH NO 15,Colombie-Britannique,,,https://clss.nrcan-rncan.gc.ca/data-donnees/sgb_datasets/BC
PUNTZI LAKE NO 2,Colombie-Britannique,,,https://clss.nrcan-rncan.gc.ca/data-donnees/sgb_datasets/BC
PUTKWA NO 14,Colombie-Britannique,,,https://clss.nrcan-rncan.gc.ca/data-donnees/sgb_datasets/BC
Q'ALATKU7EM,Colombie-Britannique,,,https://clss.nrcan-rncan.gc.ca/data-donnees/sgb_datasets/BC
QAL'UM INDIAN RESERVE NO. 14,Colombie-Britannique,,,https://clss.nrcan-rncan.gc.ca/data-donnees/sgb_datasets/BC
QUAAL NO 3,Colombie-Britannique,,,https://clss.nrcan-rncan.gc.ca/data-donnees/sgb_datasets/BC
QUAAL NO 3A,Colombie-Britannique,,,https://clss.nrcan-rncan.gc.ca/data-donnees/sgb_datasets/BC
QUAAOUT NO 1,Colombie-Britannique,,,https://clss.nrcan-rncan.gc.ca/data-donnees/sgb_datasets/BC
QUAEE NO 7,Colombie-Britannique,,,https://clss.nrcan-rncan.gc.ca/data-donnees/sgb_datasets/BC
QUALARK NO 4,Colombie-Britannique,,,https://clss.nrcan-rncan.gc.ca/data-donnees/sgb_datasets/BC
QUALICUM,Colombie-Britannique,,,https://clss.nrcan-rncan.gc.ca/data-donnees/sgb_datasets/BC
QUAN-SKUM-KSIN-MICH-MICH NO 4,Colombie-Britannique,,,https://clss.nrcan-rncan.gc.ca/data-donnees/sgb_datasets/BC
QUANIWSOM NO 2,Colombie-Britannique,,,https://clss.nrcan-rncan.gc.ca/data-donnees/sgb_datasets/BC
QUARTCHA NO 3,Colombie-Britannique,,,https://clss.nrcan-rncan.gc.ca/data-donnees/sgb_datasets/BC
QUATLENEMO NO 5,Colombie-Britannique,,,https://clss.nrcan-rncan.gc.ca/data-donnees/sgb_datasets/BC
QUATLEYO NO 12,Colombie-Britannique,,,https://clss.nrcan-rncan.gc.ca/data-donnees/sgb_datasets/BC
QUATSINO SUBDIVISION NO 18,Colombie-Britannique,,,https://clss.nrcan-rncan.gc.ca/data-donnees/sgb_datasets/BC
QUATTISHE NO 1,Colombie-Britannique,,,https://clss.nrcan-rncan.gc.ca/data-donnees/sgb_datasets/BC
QUAY NO 4,Colombie-Britannique,,,https://clss.nrcan-rncan.gc.ca/data-donnees/sgb_datasets/BC
QUCKWA NO 7,Colombie-Britannique,,,https://clss.nrcan-rncan.gc.ca/data-donnees/sgb_datasets/BC
QUEESIDAQUAH NO 4,Colombie-Britannique,,,https://clss.nrcan-rncan.gc.ca/data-donnees/sgb_datasets/BC
QUEQUA NO 6,Colombie-Britannique,,,https://clss.nrcan-rncan.gc.ca/data-donnees/sgb_datasets/BC
QUESNEL NO 1,Colombie-Britannique,,,https://clss.nrcan-rncan.gc.ca/data-donnees/sgb_datasets/BC
QUORTSOWE NO 13,Colombie-Britannique,,,https://clss.nrcan-rncan.gc.ca/data-donnees/sgb_datasets/BC
RANGE NO 13,Colombie-Britannique,,,https://clss.nrcan-rncan.gc.ca/data-donnees/sgb_datasets/BC
RED BLUFF NO 88,Colombie-Britannique,,,https://clss.nrcan-rncan.gc.ca/data-donnees/sgb_datasets/BC
REDSTONE CEMETERY NO 1B,Colombie-Britannique,,,https://clss.nrcan-rncan.gc.ca/data-donnees/sgb_datasets/BC
REDSTONE FLAT NO 1,Colombie-Britannique,,,https://clss.nrcan-rncan.gc.ca/data-donnees/sgb_datasets/BC
REDSTONE FLAT NO 1A,Colombie-Britannique,,,https://clss.nrcan-rncan.gc.ca/data-donnees/sgb_datasets/BC
REDWATER CREEK NO 30,Colombie-Britannique,,,https://clss.nrcan-rncan.gc.ca/data-donnees/sgb_datasets/BC
REFUGE COVE NO 6,Colombie-Britannique,,,https://clss.nrcan-rncan.gc.ca/data-donnees/sgb_datasets/BC
RICH BAR NO 4,Colombie-Britannique,,,https://clss.nrcan-rncan.gc.ca/data-donnees/sgb_datasets/BC
RILEY CREEK NO 1B,Colombie-Britannique,,,https://clss.nrcan-rncan.gc.ca/data-donnees/sgb_datasets/BC
ROPER'S MEADOW NO 14,Colombie-Britannique,,,https://clss.nrcan-rncan.gc.ca/data-donnees/sgb_datasets/BC
RUBY CREEK NO 2,Colombie-Britannique,,,https://clss.nrcan-rncan.gc.ca/data-donnees/sgb_datasets/BC
RUSHTON ISLAND NO 90,Colombie-Britannique,,,https://clss.nrcan-rncan.gc.ca/data-donnees/sgb_datasets/BC
RÉSERVE INDIENNE ARCTIC LAKE NO 10,Colombie-Britannique,,,https://clss.nrcan-rncan.gc.ca/data-donnees/sgb_datasets/BC
RÉSERVE INDIENNE BEAR LAKE (UPPER DRIFTWOOD RIVER) NO 1A,Colombie-Britannique,,,https://clss.nrcan-rncan.gc.ca/data-donnees/sgb_datasets/BC
RÉSERVE INDIENNE BLACKWATER NO 1,Colombie-Britannique,,,https://clss.nrcan-rncan.gc.ca/data-donnees/sgb_datasets/BC
RÉSERVE INDIENNE BLIND CREEK NO 6,Colombie-Britannique,,,https://clss.nrcan-rncan.gc.ca/data-donnees/sgb_datasets/BC
RÉSERVE INDIENNE BLIND CREEK NO 6A,Colombie-Britannique,,,https://clss.nrcan-rncan.gc.ca/data-donnees/sgb_datasets/BC
RÉSERVE INDIENNE BLUE LAKE NO 24,Colombie-Britannique,,,https://clss.nrcan-rncan.gc.ca/data-donnees/sgb_datasets/BC
RÉSERVE INDIENNE CANIM LAKE N. 1,Colombie-Britannique,,,https://clss.nrcan-rncan.gc.ca/data-donnees/sgb_datasets/BC
RÉSERVE INDIENNE CARP SOUTH NO 7,Colombie-Britannique,,,https://clss.nrcan-rncan.gc.ca/data-donnees/sgb_datasets/BC
RÉSERVE INDIENNE D'ANTKO NO 21,Colombie-Britannique,,,https://clss.nrcan-rncan.gc.ca/data-donnees/sgb_datasets/BC
RÉSERVE INDIENNE D'INGENIKA NO 8,Colombie-Britannique,,,https://clss.nrcan-rncan.gc.ca/data-donnees/sgb_datasets/BC
RÉSERVE INDIENNE D'OREGON JACK CREEK NO 3,Colombie-Britannique,,,https://clss.nrcan-rncan.gc.ca/data-donnees/sgb_datasets/BC
RÉSERVE INDIENNE DAVIE LAKE NO 28,Colombie-Britannique,,,https://clss.nrcan-rncan.gc.ca/data-donnees/sgb_datasets/BC
RÉSERVE INDIENNE DE DEASE RIVER NO 1,Colombie-Britannique,,,https://clss.nrcan-rncan.gc.ca/data-donnees/sgb_datasets/BC
RÉSERVE INDIENNE DE DEASE RIVER NO 4,Colombie-Britannique,,,https://clss.nrcan-rncan.gc.ca/data-donnees/sgb_datasets/BC
RÉSERVE INDIENNE DE FINLAY RIVER NO. 6,Colombie-Britannique,,,https://clss.nrcan-rncan.gc.ca/data-donnees/sgb_datasets/BC
RÉSERVE INDIENNE DE MESILINKA NO 7,Colombie-Britannique,,,https://clss.nrcan-rncan.gc.ca/data-donnees/sgb_datasets/BC
RÉSERVE INDIENNE DEASE RIVER NO 2 (DEASE RIVER BAND),Colombie-Britannique,,,https://clss.nrcan-rncan.gc.ca/data-donnees/sgb_datasets/BC
RÉSERVE INDIENNE DEASE RIVER NO 2 (LIARD RIVER BAND),Colombie-Britannique,,,https://clss.nrcan-rncan.gc.ca/data-donnees/sgb_datasets/BC
RÉSERVE INDIENNE DEASE RIVER NO 3 (DEASE RIVER BAND),Colombie-Britannique,,,https://clss.nrcan-rncan.gc.ca/data-donnees/sgb_datasets/BC
RÉSERVE INDIENNE DEASE RIVER NO 3 (LIARD RIVER BAND),Colombie-Britannique,,,https://clss.nrcan-rncan.gc.ca/data-donnees/sgb_datasets/BC
RÉSERVE INDIENNE DRIFTWOOD RIVER (KASTBERG CREEK) NO 1,Colombie-Britannique,,,https://clss.nrcan-rncan.gc.ca/data-donnees/sgb_datasets/BC
RÉSERVE INDIENNE FINLAY BAY NO 21,Colombie-Britannique,,,https://clss.nrcan-rncan.gc.ca/data-donnees/sgb_datasets/BC
RÉSERVE INDIENNE GRASSY BAY,Colombie-Britannique,,,https://clss.nrcan-rncan.gc.ca/data-donnees/sgb_datasets/BC
RÉSERVE INDIENNE HOMINKA NO 11,Colombie-Britannique,,,https://clss.nrcan-rncan.gc.ca/data-donnees/sgb_datasets/BC
RÉSERVE INDIENNE KERRY LAKE EAST NO 9,Colombie-Britannique,,,https://clss.nrcan-rncan.gc.ca/data-donnees/sgb_datasets/BC
RÉSERVE INDIENNE KERRY LAKE WEST NO 8,Colombie-Britannique,,,https://clss.nrcan-rncan.gc.ca/data-donnees/sgb_datasets/BC
RÉSERVE INDIENNE KUASTE (MUD BAY) (KILDALA ARM) NO 8,Colombie-Britannique,,,https://clss.nrcan-rncan.gc.ca/data-donnees/sgb_datasets/BC
RÉSERVE INDIENNE MACKENZIE NO 19,Colombie-Britannique,,,https://clss.nrcan-rncan.gc.ca/data-donnees/sgb_datasets/BC
RÉSERVE INDIENNE MARSHY LAKE NO 1,Colombie-Britannique,,,https://clss.nrcan-rncan.gc.ca/data-donnees/sgb_datasets/BC
RÉSERVE INDIENNE MCINTYRE LAKE NO 23,Colombie-Britannique,,,https://clss.nrcan-rncan.gc.ca/data-donnees/sgb_datasets/BC
RÉSERVE INDIENNE MEDICINE CREEK NO 12,Colombie-Britannique,,,https://clss.nrcan-rncan.gc.ca/data-donnees/sgb_datasets/BC
RÉSERVE INDIENNE MEDICINE HILL NO 11,Colombie-Britannique,,,https://clss.nrcan-rncan.gc.ca/data-donnees/sgb_datasets/BC
RÉSERVE INDIENNE MICHEL GARDENS NO 36,Colombie-Britannique,,,https://clss.nrcan-rncan.gc.ca/data-donnees/sgb_datasets/BC
RÉSERVE INDIENNE MISSION LANDS NO 17,Colombie-Britannique,,,https://clss.nrcan-rncan.gc.ca/data-donnees/sgb_datasets/BC
RÉSERVE INDIENNE NEHOUNLEE LAKE (SIX MILE LAKE) NO 13,Colombie-Britannique,,,https://clss.nrcan-rncan.gc.ca/data-donnees/sgb_datasets/BC
RÉSERVE INDIENNE NESKONLITH Nº 2,Colombie-Britannique,,,https://clss.nrcan-rncan.gc.ca/data-donnees/sgb_datasets/BC
RÉSERVE INDIENNE NGWYU'YEMC Nº 36,Colombie-Britannique,,,https://clss.nrcan-rncan.gc.ca/data-donnees/sgb_datasets/BC
RÉSERVE INDIENNE NIMPKISH Nº 2,Colombie-Britannique,,,https://clss.nrcan-rncan.gc.ca/data-donnees/sgb_datasets/BC
RÉSERVE INDIENNE NORTH TACLA LAKE (BATES CREEK) NO 10,Colombie-Britannique,,,https://clss.nrcan-rncan.gc.ca/data-donnees/sgb_datasets/BC
RÉSERVE INDIENNE NORTH TACLA LAKE (NORTH END MEADOW) NO 11A,Colombie-Britannique,,,https://clss.nrcan-rncan.gc.ca/data-donnees/sgb_datasets/BC
RÉSERVE INDIENNE NORTH TACLA LAKE (WEST LANDING) NO 8,Colombie-Britannique,,,https://clss.nrcan-rncan.gc.ca/data-donnees/sgb_datasets/BC
RÉSERVE INDIENNE NORTH TACLA LAKE NO 12,Colombie-Britannique,,,https://clss.nrcan-rncan.gc.ca/data-donnees/sgb_datasets/BC
RÉSERVE INDIENNE NORTH TACLA LAKE NO 7,Colombie-Britannique,,,https://clss.nrcan-rncan.gc.ca/data-donnees/sgb_datasets/BC
RÉSERVE INDIENNE NORTH TACLA LAKE NO 7A,Colombie-Britannique,,,https://clss.nrcan-rncan.gc.ca/data-donnees/sgb_datasets/BC
RÉSERVE INDIENNE NORTH THOMPSON NO 1,Colombie-Britannique,,,https://clss.nrcan-rncan.gc.ca/data-donnees/sgb_datasets/BC
RÉSERVE INDIENNE NZAW’T NO 4A,Colombie-Britannique,,,https://clss.nrcan-rncan.gc.ca/data-donnees/sgb_datasets/BC
RÉSERVE INDIENNE OKANAGAN NO 1,Colombie-Britannique,,,https://clss.nrcan-rncan.gc.ca/data-donnees/sgb_datasets/BC
RÉSERVE INDIENNE PEKW'XE:YLES (PECCOUÉLIS),Colombie-Britannique,,,https://clss.nrcan-rncan.gc.ca/data-donnees/sgb_datasets/BC
RÉSERVE INDIENNE PENELAKUT ISLAND NO. 7,Colombie-Britannique,,,https://clss.nrcan-rncan.gc.ca/data-donnees/sgb_datasets/BC
RÉSERVE INDIENNE POINT VEITCH NO 7,Colombie-Britannique,,,https://clss.nrcan-rncan.gc.ca/data-donnees/sgb_datasets/BC
RÉSERVE INDIENNE QUAW ISLAND NO 25,Colombie-Britannique,,,https://clss.nrcan-rncan.gc.ca/data-donnees/sgb_datasets/BC
RÉSERVE INDIENNE QUINSAM Nº 12,Colombie-Britannique,,,https://clss.nrcan-rncan.gc.ca/data-donnees/sgb_datasets/BC
RÉSERVE INDIENNE SAS MIGHE NO 32,Colombie-Britannique,,,https://clss.nrcan-rncan.gc.ca/data-donnees/sgb_datasets/BC
RÉSERVE INDIENNE SKWAY NO 5,Colombie-Britannique,,,https://clss.nrcan-rncan.gc.ca/data-donnees/sgb_datasets/BC
RÉSERVE INDIENNE ST. MARY'S NO 1,Colombie-Britannique,,,https://clss.nrcan-rncan.gc.ca/data-donnees/sgb_datasets/BC
RÉSERVE INDIENNE SWITSEMALPH Nº 3,Colombie-Britannique,,,https://clss.nrcan-rncan.gc.ca/data-donnees/sgb_datasets/BC
RÉSERVE INDIENNE T'SOU-KE NO 1,Colombie-Britannique,,,https://clss.nrcan-rncan.gc.ca/data-donnees/sgb_datasets/BC
RÉSERVE INDIENNE T'SOU-KE NO 2,Colombie-Britannique,,,https://clss.nrcan-rncan.gc.ca/data-donnees/sgb_datasets/BC
RÉSERVE INDIENNE TACHEEDA LAKE NO 14,Colombie-Britannique,,,https://clss.nrcan-rncan.gc.ca/data-donnees/sgb_datasets/BC
RÉSERVE INDIENNE TLAA GAA AAWTLAAS NO 28,Colombie-Britannique,,,https://clss.nrcan-rncan.gc.ca/data-donnees/sgb_datasets/BC
RÉSERVE INDIENNE TOM COOK NO 26,Colombie-Britannique,,,https://clss.nrcan-rncan.gc.ca/data-donnees/sgb_datasets/BC
RÉSERVE INDIENNE TSIMPSEAN NO 2A,Colombie-Britannique,,,https://clss.nrcan-rncan.gc.ca/data-donnees/sgb_datasets/BC
RÉSERVE INDIENNE TSINSTIKEPTUM NO 10,Colombie-Britannique,,,https://clss.nrcan-rncan.gc.ca/data-donnees/sgb_datasets/BC
RÉSERVE INDIENNE ULKAH NO 3,Colombie-Britannique,,,https://clss.nrcan-rncan.gc.ca/data-donnees/sgb_datasets/BC
RÉSERVE INDIENNE UMLIISLE NO 4,Colombie-Britannique,,,https://clss.nrcan-rncan.gc.ca/data-donnees/sgb_datasets/BC
RÉSERVE INDIENNE WALDEN NO 9,Colombie-Britannique,,,https://clss.nrcan-rncan.gc.ca/data-donnees/sgb_datasets/BC
RÉSERVE INDIENNE WAZULIS N. 14,Colombie-Britannique,,,https://clss.nrcan-rncan.gc.ca/data-donnees/sgb_datasets/BC
RÉSERVE INDIENNE WEEDON CARP NO 6,Colombie-Britannique,,,https://clss.nrcan-rncan.gc.ca/data-donnees/sgb_datasets/BC
RÉSERVE INDIENNE WEEDON LAKE NO 27,Colombie-Britannique,,,https://clss.nrcan-rncan.gc.ca/data-donnees/sgb_datasets/BC
RÉSERVE INDIENNE WESTON BAY NO 20,Colombie-Britannique,,,https://clss.nrcan-rncan.gc.ca/data-donnees/sgb_datasets/BC
RÉSERVE INDIENNE WHITECAP NO 1,Colombie-Britannique,,,https://clss.nrcan-rncan.gc.ca/data-donnees/sgb_datasets/BC
RÉSERVE INDIENNE WILLACLOUGH NO 6,Colombie-Britannique,,,https://clss.nrcan-rncan.gc.ca/data-donnees/sgb_datasets/BC
S1/2 TSIMPSEAN NO 2,Colombie-Britannique,,,https://clss.nrcan-rncan.gc.ca/data-donnees/sgb_datasets/BC
SAAGOOMBAHLAH NO 6,Colombie-Britannique,,,https://clss.nrcan-rncan.gc.ca/data-donnees/sgb_datasets/BC
SAAIYOUCK NO 6,Colombie-Britannique,,,https://clss.nrcan-rncan.gc.ca/data-donnees/sgb_datasets/BC
SACHTEEN NO 2,Colombie-Britannique,,,https://clss.nrcan-rncan.gc.ca/data-donnees/sgb_datasets/BC
SACHTEEN NO 2A,Colombie-Britannique,,,https://clss.nrcan-rncan.gc.ca/data-donnees/sgb_datasets/BC
SACKANITECLA NO 2,Colombie-Britannique,,,https://clss.nrcan-rncan.gc.ca/data-donnees/sgb_datasets/BC
SACKUM NO 3,Colombie-Britannique,,,https://clss.nrcan-rncan.gc.ca/data-donnees/sgb_datasets/BC
SADDLE HORSE NO 2,Colombie-Britannique,,,https://clss.nrcan-rncan.gc.ca/data-donnees/sgb_datasets/BC
SADDLE ROCK NO 9,Colombie-Britannique,,,https://clss.nrcan-rncan.gc.ca/data-donnees/sgb_datasets/BC
SAHHACUM NO 1,Colombie-Britannique,,,https://clss.nrcan-rncan.gc.ca/data-donnees/sgb_datasets/BC
SAHHALTKUM NO 4,Colombie-Britannique,,,https://clss.nrcan-rncan.gc.ca/data-donnees/sgb_datasets/BC
SAINT JOE NO 10,Colombie-Britannique,,,https://clss.nrcan-rncan.gc.ca/data-donnees/sgb_datasets/BC
SALAQUO (CHILAKO RIVER) NO 4,Colombie-Britannique,,,https://clss.nrcan-rncan.gc.ca/data-donnees/sgb_datasets/BC
SALMON BAY NO 3,Colombie-Britannique,,,https://clss.nrcan-rncan.gc.ca/data-donnees/sgb_datasets/BC
SALMON CREEK NO 3,Colombie-Britannique,,,https://clss.nrcan-rncan.gc.ca/data-donnees/sgb_datasets/BC
SALMON LAKE NO 7,Colombie-Britannique,,,https://clss.nrcan-rncan.gc.ca/data-donnees/sgb_datasets/BC
SALMON RIVER MEADOW NO 7,Colombie-Britannique,,,https://clss.nrcan-rncan.gc.ca/data-donnees/sgb_datasets/BC
SALMON RIVER NO 1,Colombie-Britannique,,,https://clss.nrcan-rncan.gc.ca/data-donnees/sgb_datasets/BC
SALMON RIVER NO 1,Colombie-Britannique,,,https://clss.nrcan-rncan.gc.ca/data-donnees/sgb_datasets/BC
SALVUS NO 26,Colombie-Britannique,,,https://clss.nrcan-rncan.gc.ca/data-donnees/sgb_datasets/BC
SAM ADAMS NO 12,Colombie-Britannique,,,https://clss.nrcan-rncan.gc.ca/data-donnees/sgb_datasets/BC
SAMAHQUAM NO 1,Colombie-Britannique,,,https://clss.nrcan-rncan.gc.ca/data-donnees/sgb_datasets/BC
SAMPSON'S MEADOW NO 11,Colombie-Britannique,,,https://clss.nrcan-rncan.gc.ca/data-donnees/sgb_datasets/BC
SAMPSON'S MEADOW NO 11A,Colombie-Britannique,,,https://clss.nrcan-rncan.gc.ca/data-donnees/sgb_datasets/BC
SAN JOSE NO 6,Colombie-Britannique,,,https://clss.nrcan-rncan.gc.ca/data-donnees/sgb_datasets/BC
SAND ISLAND NO 4,Colombie-Britannique,,,https://clss.nrcan-rncan.gc.ca/data-donnees/sgb_datasets/BC
SANDY HARRY NO 4,Colombie-Britannique,,,https://clss.nrcan-rncan.gc.ca/data-donnees/sgb_datasets/BC
SAOUCHTEN NO 18,Colombie-Britannique,,,https://clss.nrcan-rncan.gc.ca/data-donnees/sgb_datasets/BC
SAOUK NO 16,Colombie-Britannique,,,https://clss.nrcan-rncan.gc.ca/data-donnees/sgb_datasets/BC
SARQUE NO 5,Colombie-Britannique,,,https://clss.nrcan-rncan.gc.ca/data-donnees/sgb_datasets/BC
SATUNQUIN NO 5,Colombie-Britannique,,,https://clss.nrcan-rncan.gc.ca/data-donnees/sgb_datasets/BC
SATURNA ISLAND NO 7,Colombie-Britannique,,,https://clss.nrcan-rncan.gc.ca/data-donnees/sgb_datasets/BC
SAVEY NO 15,Colombie-Britannique,,,https://clss.nrcan-rncan.gc.ca/data-donnees/sgb_datasets/BC
SAY-LA-QUAS NO 10,Colombie-Britannique,,,https://clss.nrcan-rncan.gc.ca/data-donnees/sgb_datasets/BC
SCAUCY NO 5,Colombie-Britannique,,,https://clss.nrcan-rncan.gc.ca/data-donnees/sgb_datasets/BC
SCHALTUUCH NO 27,Colombie-Britannique,,,https://clss.nrcan-rncan.gc.ca/data-donnees/sgb_datasets/BC
SCHELOWAT NO 1,Colombie-Britannique,,,https://clss.nrcan-rncan.gc.ca/data-donnees/sgb_datasets/BC
SCHIKAELTON NO 16,Colombie-Britannique,,,https://clss.nrcan-rncan.gc.ca/data-donnees/sgb_datasets/BC
SCHKAM NO 2,Colombie-Britannique,,,https://clss.nrcan-rncan.gc.ca/data-donnees/sgb_datasets/BC
SCOTCH CREEK NO 4,Colombie-Britannique,,,https://clss.nrcan-rncan.gc.ca/data-donnees/sgb_datasets/BC
SCOWLITZ NO 1,Colombie-Britannique,,,https://clss.nrcan-rncan.gc.ca/data-donnees/sgb_datasets/BC
SCUTTSAP NO 11,Colombie-Britannique,,,https://clss.nrcan-rncan.gc.ca/data-donnees/sgb_datasets/BC
SCUTTSAP NO 11A,Colombie-Britannique,,,https://clss.nrcan-rncan.gc.ca/data-donnees/sgb_datasets/BC
SEA ISLAND NO 3,Colombie-Britannique,,,https://clss.nrcan-rncan.gc.ca/data-donnees/sgb_datasets/BC
SEABIRD ISLAND,Colombie-Britannique,,,https://clss.nrcan-rncan.gc.ca/data-donnees/sgb_datasets/BC
SEAH NO 5,Colombie-Britannique,,,https://clss.nrcan-rncan.gc.ca/data-donnees/sgb_datasets/BC
SEAICHEM NO 16,Colombie-Britannique,,,https://clss.nrcan-rncan.gc.ca/data-donnees/sgb_datasets/BC
SEASPUNKUT NO 4,Colombie-Britannique,,,https://clss.nrcan-rncan.gc.ca/data-donnees/sgb_datasets/BC
SEEKTUKIS NO 24,Colombie-Britannique,,,https://clss.nrcan-rncan.gc.ca/data-donnees/sgb_datasets/BC
SEMACH NO 2,Colombie-Britannique,,,https://clss.nrcan-rncan.gc.ca/data-donnees/sgb_datasets/BC
SEMIAHMOO,Colombie-Britannique,,,https://clss.nrcan-rncan.gc.ca/data-donnees/sgb_datasets/BC
SENANUS ISLAND NO 10,Colombie-Britannique,,,https://clss.nrcan-rncan.gc.ca/data-donnees/sgb_datasets/BC
SETON LAKE NO 5,Colombie-Britannique,,,https://clss.nrcan-rncan.gc.ca/data-donnees/sgb_datasets/BC
SETON LAKE NO 5A,Colombie-Britannique,,,https://clss.nrcan-rncan.gc.ca/data-donnees/sgb_datasets/BC
SEYMOUR CREEK NO 2,Colombie-Britannique,,,https://clss.nrcan-rncan.gc.ca/data-donnees/sgb_datasets/BC
SEYMOUR MEADOWS NO 19,Colombie-Britannique,,,https://clss.nrcan-rncan.gc.ca/data-donnees/sgb_datasets/BC
SHACKAN NO 11,Colombie-Britannique,,,https://clss.nrcan-rncan.gc.ca/data-donnees/sgb_datasets/BC
SHAS DZUHL KOH NO35,Colombie-Britannique,,,https://clss.nrcan-rncan.gc.ca/data-donnees/sgb_datasets/BC
SHAWNIKEN NO 3,Colombie-Britannique,,,https://clss.nrcan-rncan.gc.ca/data-donnees/sgb_datasets/BC
SHAWNIKEN NO 4B,Colombie-Britannique,,,https://clss.nrcan-rncan.gc.ca/data-donnees/sgb_datasets/BC
SHEGANNY NO 14,Colombie-Britannique,,,https://clss.nrcan-rncan.gc.ca/data-donnees/sgb_datasets/BC
SHELL ISLAND NO 3,Colombie-Britannique,,,https://clss.nrcan-rncan.gc.ca/data-donnees/sgb_datasets/BC
SHERATON CREEK NO 19,Colombie-Britannique,,,https://clss.nrcan-rncan.gc.ca/data-donnees/sgb_datasets/BC
SHINGLE POINT NO 4,Colombie-Britannique,,,https://clss.nrcan-rncan.gc.ca/data-donnees/sgb_datasets/BC
SHO-OOK NO 5,Colombie-Britannique,,,https://clss.nrcan-rncan.gc.ca/data-donnees/sgb_datasets/BC
SHOOMART NO 5,Colombie-Britannique,,,https://clss.nrcan-rncan.gc.ca/data-donnees/sgb_datasets/BC
SHOOWAHTLANS (SHAWTLANS) NO 4,Colombie-Britannique,,,https://clss.nrcan-rncan.gc.ca/data-donnees/sgb_datasets/BC
SHOSKHOST NO 7,Colombie-Britannique,,,https://clss.nrcan-rncan.gc.ca/data-donnees/sgb_datasets/BC
SHPAPZCHINH NO 20,Colombie-Britannique,,,https://clss.nrcan-rncan.gc.ca/data-donnees/sgb_datasets/BC
SHRYPTTAHOOKS NO 7,Colombie-Britannique,,,https://clss.nrcan-rncan.gc.ca/data-donnees/sgb_datasets/BC
SHUOUCHTEN NO 15,Colombie-Britannique,,,https://clss.nrcan-rncan.gc.ca/data-donnees/sgb_datasets/BC
SHUSWAP,Colombie-Britannique,,,https://clss.nrcan-rncan.gc.ca/data-donnees/sgb_datasets/BC
SIAKIN NO 4,Colombie-Britannique,,,https://clss.nrcan-rncan.gc.ca/data-donnees/sgb_datasets/BC
SICAMOUS NO 3,Colombie-Britannique,,,https://clss.nrcan-rncan.gc.ca/data-donnees/sgb_datasets/BC
SIDINA NO 6,Colombie-Britannique,,,https://clss.nrcan-rncan.gc.ca/data-donnees/sgb_datasets/BC
SIK-E-DAKH NO 2,Colombie-Britannique,,,https://clss.nrcan-rncan.gc.ca/data-donnees/sgb_datasets/BC
SILICON NO 2,Colombie-Britannique,,,https://clss.nrcan-rncan.gc.ca/data-donnees/sgb_datasets/BC
SILVER SALMON LAKE NO 5,Colombie-Britannique,,,https://clss.nrcan-rncan.gc.ca/data-donnees/sgb_datasets/BC
SIM CREEK NO 5,Colombie-Britannique,,,https://clss.nrcan-rncan.gc.ca/data-donnees/sgb_datasets/BC
SINKUT LAKE NO 8,Colombie-Britannique,,,https://clss.nrcan-rncan.gc.ca/data-donnees/sgb_datasets/BC
SINNCE-TAH-LAH NO 2,Colombie-Britannique,,,https://clss.nrcan-rncan.gc.ca/data-donnees/sgb_datasets/BC
SISKA FLAT NO 3,Colombie-Britannique,,,https://clss.nrcan-rncan.gc.ca/data-donnees/sgb_datasets/BC
SISKA FLAT NO 5A,Colombie-Britannique,,,https://clss.nrcan-rncan.gc.ca/data-donnees/sgb_datasets/BC
SISKA FLAT NO 5B,Colombie-Britannique,,,https://clss.nrcan-rncan.gc.ca/data-donnees/sgb_datasets/BC
SISKA FLAT NO 8,Colombie-Britannique,,,https://clss.nrcan-rncan.gc.ca/data-donnees/sgb_datasets/BC
SISUL TL'O K'UT NO 14,Colombie-Britannique,,,https://clss.nrcan-rncan.gc.ca/data-donnees/sgb_datasets/BC
SISUL TL'O K'UT NO 21,Colombie-Britannique,,,https://clss.nrcan-rncan.gc.ca/data-donnees/sgb_datasets/BC
SIX MILE MEADOW NO 6,Colombie-Britannique,,,https://clss.nrcan-rncan.gc.ca/data-donnees/sgb_datasets/BC
SKAIGHA NO 2,Colombie-Britannique,,,https://clss.nrcan-rncan.gc.ca/data-donnees/sgb_datasets/BC
SKAWAHLOOK NO 1,Colombie-Britannique,,,https://clss.nrcan-rncan.gc.ca/data-donnees/sgb_datasets/BC
SKAWAHLUM NO 10,Colombie-Britannique,,,https://clss.nrcan-rncan.gc.ca/data-donnees/sgb_datasets/BC
SKAYNANEICHST NO 12,Colombie-Britannique,,,https://clss.nrcan-rncan.gc.ca/data-donnees/sgb_datasets/BC
SKEDANCE NO 8,Colombie-Britannique,,,https://clss.nrcan-rncan.gc.ca/data-donnees/sgb_datasets/BC
SKEETCHESTN,Colombie-Britannique,,,https://clss.nrcan-rncan.gc.ca/data-donnees/sgb_datasets/BC
SKEIKUT NO 9,Colombie-Britannique,,,https://clss.nrcan-rncan.gc.ca/data-donnees/sgb_datasets/BC
SKHPOWTZ NO 4,Colombie-Britannique,,,https://clss.nrcan-rncan.gc.ca/data-donnees/sgb_datasets/BC
SKIDEGATE NO 1,Colombie-Britannique,,,https://clss.nrcan-rncan.gc.ca/data-donnees/sgb_datasets/BC
SKILAK NO 14,Colombie-Britannique,,,https://clss.nrcan-rncan.gc.ca/data-donnees/sgb_datasets/BC
SKINS LAKE NO 15,Colombie-Britannique,,,https://clss.nrcan-rncan.gc.ca/data-donnees/sgb_datasets/BC
SKINS LAKE NO 16A,Colombie-Britannique,,,https://clss.nrcan-rncan.gc.ca/data-donnees/sgb_datasets/BC
SKINS LAKE NO 16B,Colombie-Britannique,,,https://clss.nrcan-rncan.gc.ca/data-donnees/sgb_datasets/BC
SKLAHHESTEN NO 5,Colombie-Britannique,,,https://clss.nrcan-rncan.gc.ca/data-donnees/sgb_datasets/BC
SKLAHHESTEN NO 5A,Colombie-Britannique,,,https://clss.nrcan-rncan.gc.ca/data-donnees/sgb_datasets/BC
SKLAHHESTEN NO 5B,Colombie-Britannique,,,https://clss.nrcan-rncan.gc.ca/data-donnees/sgb_datasets/BC
SKOOBY ISLAND NO 48,Colombie-Britannique,,,https://clss.nrcan-rncan.gc.ca/data-donnees/sgb_datasets/BC
SKOOKUMCHUCK NO 4,Colombie-Britannique,,,https://clss.nrcan-rncan.gc.ca/data-donnees/sgb_datasets/BC
SKOOKUMCHUCK NO 4A,Colombie-Britannique,,,https://clss.nrcan-rncan.gc.ca/data-donnees/sgb_datasets/BC
SKOONKOON NO 2,Colombie-Britannique,,,https://clss.nrcan-rncan.gc.ca/data-donnees/sgb_datasets/BC
SKOWISHIN GRAVEYARD NO 10,Colombie-Britannique,,,https://clss.nrcan-rncan.gc.ca/data-donnees/sgb_datasets/BC
SKOWISHIN NO 7,Colombie-Britannique,,,https://clss.nrcan-rncan.gc.ca/data-donnees/sgb_datasets/BC
SKOWKALE NO 10,Colombie-Britannique,,,https://clss.nrcan-rncan.gc.ca/data-donnees/sgb_datasets/BC
SKOWKALE NO 11,Colombie-Britannique,,,https://clss.nrcan-rncan.gc.ca/data-donnees/sgb_datasets/BC
SKOWQUILTZ RIVER NO 3,Colombie-Britannique,,,https://clss.nrcan-rncan.gc.ca/data-donnees/sgb_datasets/BC
SKUET NO 6,Colombie-Britannique,,,https://clss.nrcan-rncan.gc.ca/data-donnees/sgb_datasets/BC
SKUMALASPH NO 16,Colombie-Britannique,,,https://clss.nrcan-rncan.gc.ca/data-donnees/sgb_datasets/BC
SKUPPAH NO 1,Colombie-Britannique,,,https://clss.nrcan-rncan.gc.ca/data-donnees/sgb_datasets/BC
SKUPPAH NO 2A,Colombie-Britannique,,,https://clss.nrcan-rncan.gc.ca/data-donnees/sgb_datasets/BC
SKUPPAH NO 2B,Colombie-Britannique,,,https://clss.nrcan-rncan.gc.ca/data-donnees/sgb_datasets/BC
SKUPPAH NO 3A,Colombie-Britannique,,,https://clss.nrcan-rncan.gc.ca/data-donnees/sgb_datasets/BC
SKUPPAH NO 4,Colombie-Britannique,,,https://clss.nrcan-rncan.gc.ca/data-donnees/sgb_datasets/BC
SKUPPAH NO 4A,Colombie-Britannique,,,https://clss.nrcan-rncan.gc.ca/data-donnees/sgb_datasets/BC
SKUTZ NO 7,Colombie-Britannique,,,https://clss.nrcan-rncan.gc.ca/data-donnees/sgb_datasets/BC
SKUTZ NO 8,Colombie-Britannique,,,https://clss.nrcan-rncan.gc.ca/data-donnees/sgb_datasets/BC
SKWAH NO 4,Colombie-Britannique,,,https://clss.nrcan-rncan.gc.ca/data-donnees/sgb_datasets/BC
SKWAHLA NO 2,Colombie-Britannique,,,https://clss.nrcan-rncan.gc.ca/data-donnees/sgb_datasets/BC
SKWALI NO 3,Colombie-Britannique,,,https://clss.nrcan-rncan.gc.ca/data-donnees/sgb_datasets/BC
SKWAYAYNOPE NO 26,Colombie-Britannique,,,https://clss.nrcan-rncan.gc.ca/data-donnees/sgb_datasets/BC
SKWEAHM NO 10,Colombie-Britannique,,,https://clss.nrcan-rncan.gc.ca/data-donnees/sgb_datasets/BC
SLEETSIS NO 6,Colombie-Britannique,,,https://clss.nrcan-rncan.gc.ca/data-donnees/sgb_datasets/BC
SLOSH NO 1,Colombie-Britannique,,,https://clss.nrcan-rncan.gc.ca/data-donnees/sgb_datasets/BC
SLOSH NO 1A,Colombie-Britannique,,,https://clss.nrcan-rncan.gc.ca/data-donnees/sgb_datasets/BC
SMALL ISLAND NO 4,Colombie-Britannique,,,https://clss.nrcan-rncan.gc.ca/data-donnees/sgb_datasets/BC
SNAKE NO 5,Colombie-Britannique,,,https://clss.nrcan-rncan.gc.ca/data-donnees/sgb_datasets/BC
SODA CREEK NO 1,Colombie-Britannique,,,https://clss.nrcan-rncan.gc.ca/data-donnees/sgb_datasets/BC
SOLDATQUO NO 12,Colombie-Britannique,,,https://clss.nrcan-rncan.gc.ca/data-donnees/sgb_datasets/BC
SOOWAHLIE NO 14,Colombie-Britannique,,,https://clss.nrcan-rncan.gc.ca/data-donnees/sgb_datasets/BC
SOPHE NO 14,Colombie-Britannique,,,https://clss.nrcan-rncan.gc.ca/data-donnees/sgb_datasets/BC
SOUTH NEPA NO 7,Colombie-Britannique,,,https://clss.nrcan-rncan.gc.ca/data-donnees/sgb_datasets/BC
SOUTH SAANICH NO 1,Colombie-Britannique,,,https://clss.nrcan-rncan.gc.ca/data-donnees/sgb_datasets/BC
SOWCHEA NO 3,Colombie-Britannique,,,https://clss.nrcan-rncan.gc.ca/data-donnees/sgb_datasets/BC
SOWCHEA NO 3A,Colombie-Britannique,,,https://clss.nrcan-rncan.gc.ca/data-donnees/sgb_datasets/BC
SPAHOMIN CREEK NO 4,Colombie-Britannique,,,https://clss.nrcan-rncan.gc.ca/data-donnees/sgb_datasets/BC
SPAHOMIN CREEK NO 8,Colombie-Britannique,,,https://clss.nrcan-rncan.gc.ca/data-donnees/sgb_datasets/BC
SPAKELS NO 17,Colombie-Britannique,,,https://clss.nrcan-rncan.gc.ca/data-donnees/sgb_datasets/BC
SPANAKNOK NO 57,Colombie-Britannique,,,https://clss.nrcan-rncan.gc.ca/data-donnees/sgb_datasets/BC
SPATSUM NO 11,Colombie-Britannique,,,https://clss.nrcan-rncan.gc.ca/data-donnees/sgb_datasets/BC
SPATSUM NO 11A,Colombie-Britannique,,,https://clss.nrcan-rncan.gc.ca/data-donnees/sgb_datasets/BC
SPAYAKS NO 60,Colombie-Britannique,,,https://clss.nrcan-rncan.gc.ca/data-donnees/sgb_datasets/BC
SPENCES BRIDGE NO 4,Colombie-Britannique,,,https://clss.nrcan-rncan.gc.ca/data-donnees/sgb_datasets/BC
SPENCES BRIDGE NO 4C,Colombie-Britannique,,,https://clss.nrcan-rncan.gc.ca/data-donnees/sgb_datasets/BC
SPEOUS NO 8,Colombie-Britannique,,,https://clss.nrcan-rncan.gc.ca/data-donnees/sgb_datasets/BC
SPEYUM NO 3,Colombie-Britannique,,,https://clss.nrcan-rncan.gc.ca/data-donnees/sgb_datasets/BC
SPILMOUSE NO 4,Colombie-Britannique,,,https://clss.nrcan-rncan.gc.ca/data-donnees/sgb_datasets/BC
SPINTLUM FLAT NO 3,Colombie-Britannique,,,https://clss.nrcan-rncan.gc.ca/data-donnees/sgb_datasets/BC
SPOKWAN NO 48,Colombie-Britannique,,,https://clss.nrcan-rncan.gc.ca/data-donnees/sgb_datasets/BC
SPUZZUM NO 1,Colombie-Britannique,,,https://clss.nrcan-rncan.gc.ca/data-donnees/sgb_datasets/BC
SPUZZUM NO 1A,Colombie-Britannique,,,https://clss.nrcan-rncan.gc.ca/data-donnees/sgb_datasets/BC
SPUZZUM NO 7,Colombie-Britannique,,,https://clss.nrcan-rncan.gc.ca/data-donnees/sgb_datasets/BC
SQUAAM NO 2,Colombie-Britannique,,,https://clss.nrcan-rncan.gc.ca/data-donnees/sgb_datasets/BC
SQUADEREE NO 91,Colombie-Britannique,,,https://clss.nrcan-rncan.gc.ca/data-donnees/sgb_datasets/BC
SQUAW-HAY-ONE NO 11,Colombie-Britannique,,,https://clss.nrcan-rncan.gc.ca/data-donnees/sgb_datasets/BC
SQUAWKUM CREEK NO 3,Colombie-Britannique,,,https://clss.nrcan-rncan.gc.ca/data-donnees/sgb_datasets/BC
SQUEAH NO 6,Colombie-Britannique,,,https://clss.nrcan-rncan.gc.ca/data-donnees/sgb_datasets/BC
SQUIAALA NO 7,Colombie-Britannique,,,https://clss.nrcan-rncan.gc.ca/data-donnees/sgb_datasets/BC
SQUIAALA NO 8,Colombie-Britannique,,,https://clss.nrcan-rncan.gc.ca/data-donnees/sgb_datasets/BC
SQUIANNY NO 10,Colombie-Britannique,,,https://clss.nrcan-rncan.gc.ca/data-donnees/sgb_datasets/BC
SQUIN-LIX-STAT 3,Colombie-Britannique,,,https://clss.nrcan-rncan.gc.ca/data-donnees/sgb_datasets/BC
SQUINAS NO 2,Colombie-Britannique,,,https://clss.nrcan-rncan.gc.ca/data-donnees/sgb_datasets/BC
SQUIRREL COVE NO 8,Colombie-Britannique,,,https://clss.nrcan-rncan.gc.ca/data-donnees/sgb_datasets/BC
ST. MARY'S NO 1A,Colombie-Britannique,,,https://clss.nrcan-rncan.gc.ca/data-donnees/sgb_datasets/BC
STAIYAHANNY NO 8,Colombie-Britannique,,,https://clss.nrcan-rncan.gc.ca/data-donnees/sgb_datasets/BC
STAWAMUS INDIAN RESERVE NO. 24,Colombie-Britannique,,,https://clss.nrcan-rncan.gc.ca/data-donnees/sgb_datasets/BC
STELLAQUO (STELLA) NO 1,Colombie-Britannique,,,https://clss.nrcan-rncan.gc.ca/data-donnees/sgb_datasets/BC
STEQUMWHULPA NO 5,Colombie-Britannique,,,https://clss.nrcan-rncan.gc.ca/data-donnees/sgb_datasets/BC
STIKINE RIVER NO 7,Colombie-Britannique,,,https://clss.nrcan-rncan.gc.ca/data-donnees/sgb_datasets/BC
STLAKAMENT NO 9,Colombie-Britannique,,,https://clss.nrcan-rncan.gc.ca/data-donnees/sgb_datasets/BC
STONE NO 1,Colombie-Britannique,,,https://clss.nrcan-rncan.gc.ca/data-donnees/sgb_datasets/BC
STONE NO 1A,Colombie-Britannique,,,https://clss.nrcan-rncan.gc.ca/data-donnees/sgb_datasets/BC
STONE NO 4,Colombie-Britannique,,,https://clss.nrcan-rncan.gc.ca/data-donnees/sgb_datasets/BC
STONY CREEK NO 1,Colombie-Britannique,,,https://clss.nrcan-rncan.gc.ca/data-donnees/sgb_datasets/BC
STOUT NO 8,Colombie-Britannique,,,https://clss.nrcan-rncan.gc.ca/data-donnees/sgb_datasets/BC
STRYEN NO 9,Colombie-Britannique,,,https://clss.nrcan-rncan.gc.ca/data-donnees/sgb_datasets/BC
STUART LAKE (DUNAH ISLAND) NO 10,Colombie-Britannique,,,https://clss.nrcan-rncan.gc.ca/data-donnees/sgb_datasets/BC
STUART LAKE (HUNGRY ISLAND) NO 9,Colombie-Britannique,,,https://clss.nrcan-rncan.gc.ca/data-donnees/sgb_datasets/BC
STULLAWHEETS NO 8,Colombie-Britannique,,,https://clss.nrcan-rncan.gc.ca/data-donnees/sgb_datasets/BC
SUCKER LAKE NO 2,Colombie-Britannique,,,https://clss.nrcan-rncan.gc.ca/data-donnees/sgb_datasets/BC
SUCWOA NO 6,Colombie-Britannique,,,https://clss.nrcan-rncan.gc.ca/data-donnees/sgb_datasets/BC
SUMAS CEMETERY NO 12,Colombie-Britannique,,,https://clss.nrcan-rncan.gc.ca/data-donnees/sgb_datasets/BC
SUNDAYMAN'S MEADOW NO 3,Colombie-Britannique,,,https://clss.nrcan-rncan.gc.ca/data-donnees/sgb_datasets/BC
SUSK NO 17,Colombie-Britannique,,,https://clss.nrcan-rncan.gc.ca/data-donnees/sgb_datasets/BC
SUTAQUIS NO 18,Colombie-Britannique,,,https://clss.nrcan-rncan.gc.ca/data-donnees/sgb_datasets/BC
SWAHLISEAH NO 14,Colombie-Britannique,,,https://clss.nrcan-rncan.gc.ca/data-donnees/sgb_datasets/BC
SWAN LAKE NO 3,Colombie-Britannique,,,https://clss.nrcan-rncan.gc.ca/data-donnees/sgb_datasets/BC
SWAN LAKE NO 4,Colombie-Britannique,,,https://clss.nrcan-rncan.gc.ca/data-donnees/sgb_datasets/BC
SWAN NO 35,Colombie-Britannique,,,https://clss.nrcan-rncan.gc.ca/data-donnees/sgb_datasets/BC
SWEETEEN NO 3,Colombie-Britannique,,,https://clss.nrcan-rncan.gc.ca/data-donnees/sgb_datasets/BC
SWITSEMALPH NO 6,Colombie-Britannique,,,https://clss.nrcan-rncan.gc.ca/data-donnees/sgb_datasets/BC
SWITSEMALPH NO 7,Colombie-Britannique,,,https://clss.nrcan-rncan.gc.ca/data-donnees/sgb_datasets/BC
TA DUHL' NO 36,Colombie-Britannique,,,https://clss.nrcan-rncan.gc.ca/data-donnees/sgb_datasets/BC
TA-A-ACK NO 5,Colombie-Britannique,,,https://clss.nrcan-rncan.gc.ca/data-donnees/sgb_datasets/BC
TACHE NO 1,Colombie-Britannique,,,https://clss.nrcan-rncan.gc.ca/data-donnees/sgb_datasets/BC
TACLA LAKE (FERRY LANDING) NO 9,Colombie-Britannique,,,https://clss.nrcan-rncan.gc.ca/data-donnees/sgb_datasets/BC
TADINLAY NO 15,Colombie-Britannique,,,https://clss.nrcan-rncan.gc.ca/data-donnees/sgb_datasets/BC
TAHLA (KILDALA) NO 4,Colombie-Britannique,,,https://clss.nrcan-rncan.gc.ca/data-donnees/sgb_datasets/BC
TAHLO LAKE NO 24,Colombie-Britannique,,,https://clss.nrcan-rncan.gc.ca/data-donnees/sgb_datasets/BC
TAHLTAN FORKS NO 5,Colombie-Britannique,,,https://clss.nrcan-rncan.gc.ca/data-donnees/sgb_datasets/BC
TAHLTAN NO 1,Colombie-Britannique,,,https://clss.nrcan-rncan.gc.ca/data-donnees/sgb_datasets/BC
TAHLTAN NO 10,Colombie-Britannique,,,https://clss.nrcan-rncan.gc.ca/data-donnees/sgb_datasets/BC
TAHSIS NO 11,Colombie-Britannique,,,https://clss.nrcan-rncan.gc.ca/data-donnees/sgb_datasets/BC
TAKU NO 6,Colombie-Britannique,,,https://clss.nrcan-rncan.gc.ca/data-donnees/sgb_datasets/BC
TALEOMY NO 3,Colombie-Britannique,,,https://clss.nrcan-rncan.gc.ca/data-donnees/sgb_datasets/BC
TANAKUT NO 4,Colombie-Britannique,,,https://clss.nrcan-rncan.gc.ca/data-donnees/sgb_datasets/BC
TANIZUL NO 43,Colombie-Britannique,,,https://clss.nrcan-rncan.gc.ca/data-donnees/sgb_datasets/BC
TANKEAH NO 5,Colombie-Britannique,,,https://clss.nrcan-rncan.gc.ca/data-donnees/sgb_datasets/BC
TANOO NO 9,Colombie-Britannique,,,https://clss.nrcan-rncan.gc.ca/data-donnees/sgb_datasets/BC
TARGE CREEK NO 15,Colombie-Britannique,,,https://clss.nrcan-rncan.gc.ca/data-donnees/sgb_datasets/BC
TATCHO CREEK NO 11,Colombie-Britannique,,,https://clss.nrcan-rncan.gc.ca/data-donnees/sgb_datasets/BC
TATCHU NO 13,Colombie-Britannique,,,https://clss.nrcan-rncan.gc.ca/data-donnees/sgb_datasets/BC
TATCHU NO 13A,Colombie-Britannique,,,https://clss.nrcan-rncan.gc.ca/data-donnees/sgb_datasets/BC
TATELKUS LAKE NO 28,Colombie-Britannique,,,https://clss.nrcan-rncan.gc.ca/data-donnees/sgb_datasets/BC
TATENSE NO 16,Colombie-Britannique,,,https://clss.nrcan-rncan.gc.ca/data-donnees/sgb_datasets/BC
TATL'AH INDIAN RESERVE NO. 13,Colombie-Britannique,,,https://clss.nrcan-rncan.gc.ca/data-donnees/sgb_datasets/BC
TATLA WEST NO 11,Colombie-Britannique,,,https://clss.nrcan-rncan.gc.ca/data-donnees/sgb_datasets/BC
TATLA'T EAST NO 2,Colombie-Britannique,,,https://clss.nrcan-rncan.gc.ca/data-donnees/sgb_datasets/BC
TATPO-OOSE NO 10,Colombie-Britannique,,,https://clss.nrcan-rncan.gc.ca/data-donnees/sgb_datasets/BC
TATSADAH LAKE NO 14,Colombie-Britannique,,,https://clss.nrcan-rncan.gc.ca/data-donnees/sgb_datasets/BC
TATSELAWAS (STUART RIVER) NO 2,Colombie-Britannique,,,https://clss.nrcan-rncan.gc.ca/data-donnees/sgb_datasets/BC
TATUK LAKE NO 7,Colombie-Britannique,,,https://clss.nrcan-rncan.gc.ca/data-donnees/sgb_datasets/BC
TCIMOTF NO 1A,Colombie-Britannique,,,https://clss.nrcan-rncan.gc.ca/data-donnees/sgb_datasets/BC
TE'TUXWTUN,Colombie-Britannique,,,https://clss.nrcan-rncan.gc.ca/data-donnees/sgb_datasets/BC
TEAHMIT NO 3,Colombie-Britannique,,,https://clss.nrcan-rncan.gc.ca/data-donnees/sgb_datasets/BC
TEEQUALOOSE NO 3,Colombie-Britannique,,,https://clss.nrcan-rncan.gc.ca/data-donnees/sgb_datasets/BC
TEEQUALOOSE NO 3A,Colombie-Britannique,,,https://clss.nrcan-rncan.gc.ca/data-donnees/sgb_datasets/BC
TEESLEE NO 15,Colombie-Britannique,,,https://clss.nrcan-rncan.gc.ca/data-donnees/sgb_datasets/BC
TEETA NO 7,Colombie-Britannique,,,https://clss.nrcan-rncan.gc.ca/data-donnees/sgb_datasets/BC
TEH NOO'N CHE NO 49,Colombie-Britannique,,,https://clss.nrcan-rncan.gc.ca/data-donnees/sgb_datasets/BC
TELAISE NO 1,Colombie-Britannique,,,https://clss.nrcan-rncan.gc.ca/data-donnees/sgb_datasets/BC
TELEGRAPH CREEK NO 6,Colombie-Britannique,,,https://clss.nrcan-rncan.gc.ca/data-donnees/sgb_datasets/BC
TELEGRAPH CREEK NO 6A,Colombie-Britannique,,,https://clss.nrcan-rncan.gc.ca/data-donnees/sgb_datasets/BC
TENT ISLAND NO 8,Colombie-Britannique,,,https://clss.nrcan-rncan.gc.ca/data-donnees/sgb_datasets/BC
TEQUA NO 21,Colombie-Britannique,,,https://clss.nrcan-rncan.gc.ca/data-donnees/sgb_datasets/BC
TES GHA LA NO 7A,Colombie-Britannique,,,https://clss.nrcan-rncan.gc.ca/data-donnees/sgb_datasets/BC
TESLIN LAKE NO 9,Colombie-Britannique,,,https://clss.nrcan-rncan.gc.ca/data-donnees/sgb_datasets/BC
TESLIN LAKE NO 7,Colombie-Britannique,,,https://clss.nrcan-rncan.gc.ca/data-donnees/sgb_datasets/BC
THEIK NO 2,Colombie-Britannique,,,https://clss.nrcan-rncan.gc.ca/data-donnees/sgb_datasets/BC
THOMAS POINT NO 5,Colombie-Britannique,,,https://clss.nrcan-rncan.gc.ca/data-donnees/sgb_datasets/BC
THOMAS POINT NO 5A,Colombie-Britannique,,,https://clss.nrcan-rncan.gc.ca/data-donnees/sgb_datasets/BC
THOMAS SQUINAS RANCH NO 2A,Colombie-Britannique,,,https://clss.nrcan-rncan.gc.ca/data-donnees/sgb_datasets/BC
THREE ISLANDS NO 3,Colombie-Britannique,,,https://clss.nrcan-rncan.gc.ca/data-donnees/sgb_datasets/BC
TIAHN NO 27,Colombie-Britannique,,,https://clss.nrcan-rncan.gc.ca/data-donnees/sgb_datasets/BC
TILGATKO NO 17,Colombie-Britannique,,,https://clss.nrcan-rncan.gc.ca/data-donnees/sgb_datasets/BC
TILLION NO 4,Colombie-Britannique,,,https://clss.nrcan-rncan.gc.ca/data-donnees/sgb_datasets/BC
TIN-WIS NO 11,Colombie-Britannique,,,https://clss.nrcan-rncan.gc.ca/data-donnees/sgb_datasets/BC
TINMUSKET NO 5A,Colombie-Britannique,,,https://clss.nrcan-rncan.gc.ca/data-donnees/sgb_datasets/BC
TIPELLA NO 7,Colombie-Britannique,,,https://clss.nrcan-rncan.gc.ca/data-donnees/sgb_datasets/BC
TL'O BA NO 22,Colombie-Britannique,,,https://clss.nrcan-rncan.gc.ca/data-donnees/sgb_datasets/BC
TOBACCO PLAINS NO 2,Colombie-Britannique,,,https://clss.nrcan-rncan.gc.ca/data-donnees/sgb_datasets/BC
TOBY HELENES MEADOW NO 10,Colombie-Britannique,,,https://clss.nrcan-rncan.gc.ca/data-donnees/sgb_datasets/BC
TOBY HELENES MEADOW NO 11,Colombie-Britannique,,,https://clss.nrcan-rncan.gc.ca/data-donnees/sgb_datasets/BC
TOBY HELENES MEADOW NO 9,Colombie-Britannique,,,https://clss.nrcan-rncan.gc.ca/data-donnees/sgb_datasets/BC
TOBY LAKE NO 6,Colombie-Britannique,,,https://clss.nrcan-rncan.gc.ca/data-donnees/sgb_datasets/BC
TOBY'S MEADOW NO 4,Colombie-Britannique,,,https://clss.nrcan-rncan.gc.ca/data-donnees/sgb_datasets/BC
TOH-QUO-EUGH NO 2,Colombie-Britannique,,,https://clss.nrcan-rncan.gc.ca/data-donnees/sgb_datasets/BC
TOKSEE NO 4,Colombie-Britannique,,,https://clss.nrcan-rncan.gc.ca/data-donnees/sgb_datasets/BC
TOON NO 15,Colombie-Britannique,,,https://clss.nrcan-rncan.gc.ca/data-donnees/sgb_datasets/BC
TOOPS NO 3,Colombie-Britannique,,,https://clss.nrcan-rncan.gc.ca/data-donnees/sgb_datasets/BC
TOOSEY NO 1,Colombie-Britannique,,,https://clss.nrcan-rncan.gc.ca/data-donnees/sgb_datasets/BC
TOOSEY NO 1A,Colombie-Britannique,,,https://clss.nrcan-rncan.gc.ca/data-donnees/sgb_datasets/BC
TOOSEY NO 3,Colombie-Britannique,,,https://clss.nrcan-rncan.gc.ca/data-donnees/sgb_datasets/BC
TOOTOOWILTENA NO 28,Colombie-Britannique,,,https://clss.nrcan-rncan.gc.ca/data-donnees/sgb_datasets/BC
TOOWARTZ NO 8,Colombie-Britannique,,,https://clss.nrcan-rncan.gc.ca/data-donnees/sgb_datasets/BC
TORK INDIAN RESERVE NO. 7,Colombie-Britannique,,,https://clss.nrcan-rncan.gc.ca/data-donnees/sgb_datasets/BC
TOSEHKA (EAGLE BAY) NO 12,Colombie-Britannique,,,https://clss.nrcan-rncan.gc.ca/data-donnees/sgb_datasets/BC
TOWDYSTAN LAKE NO 3,Colombie-Britannique,,,https://clss.nrcan-rncan.gc.ca/data-donnees/sgb_datasets/BC
TOWINOCK NO 2,Colombie-Britannique,,,https://clss.nrcan-rncan.gc.ca/data-donnees/sgb_datasets/BC
TRAFALGAR FLAT NO 13,Colombie-Britannique,,,https://clss.nrcan-rncan.gc.ca/data-donnees/sgb_datasets/BC
TROUT LAKE ALEC NO 16,Colombie-Britannique,,,https://clss.nrcan-rncan.gc.ca/data-donnees/sgb_datasets/BC
TROUT LAKE JONNY NO 15,Colombie-Britannique,,,https://clss.nrcan-rncan.gc.ca/data-donnees/sgb_datasets/BC
TS'KW'AYLAXW NO 5,Colombie-Britannique,,,https://clss.nrcan-rncan.gc.ca/data-donnees/sgb_datasets/BC
TSA XANA NO 18,Colombie-Britannique,,,https://clss.nrcan-rncan.gc.ca/data-donnees/sgb_datasets/BC
TSAA NUNA,Colombie-Britannique,,,https://clss.nrcan-rncan.gc.ca/data-donnees/sgb_datasets/BC
TSACHLA LAKE NO 8,Colombie-Britannique,,,https://clss.nrcan-rncan.gc.ca/data-donnees/sgb_datasets/BC
TSAHAHEH NO 1,Colombie-Britannique,,,https://clss.nrcan-rncan.gc.ca/data-donnees/sgb_datasets/BC
TSAI-KWI-EE NO 13,Colombie-Britannique,,,https://clss.nrcan-rncan.gc.ca/data-donnees/sgb_datasets/BC
TSAK NO 9,Colombie-Britannique,,,https://clss.nrcan-rncan.gc.ca/data-donnees/sgb_datasets/BC
TSARKSIS NO 2,Colombie-Britannique,,,https://clss.nrcan-rncan.gc.ca/data-donnees/sgb_datasets/BC
TSAUKAN NO 12,Colombie-Britannique,,,https://clss.nrcan-rncan.gc.ca/data-donnees/sgb_datasets/BC
TSAWAWMUCK NO 1,Colombie-Britannique,,,https://clss.nrcan-rncan.gc.ca/data-donnees/sgb_datasets/BC
TSAWWATI NO 1,Colombie-Britannique,,,https://clss.nrcan-rncan.gc.ca/data-donnees/sgb_datasets/BC
TSAY CHO NO 4,Colombie-Britannique,,,https://clss.nrcan-rncan.gc.ca/data-donnees/sgb_datasets/BC
TSAYTUT ISLAND NO 1C,Colombie-Britannique,,,https://clss.nrcan-rncan.gc.ca/data-donnees/sgb_datasets/BC
TSAZ CHECH NO 27,Colombie-Britannique,,,https://clss.nrcan-rncan.gc.ca/data-donnees/sgb_datasets/BC
TSAZ CHECH NO 28,Colombie-Britannique,,,https://clss.nrcan-rncan.gc.ca/data-donnees/sgb_datasets/BC
TSAZ CHEH KOH NO 24,Colombie-Britannique,,,https://clss.nrcan-rncan.gc.ca/data-donnees/sgb_datasets/BC
TSE BAY HA TINE A NO 34,Colombie-Britannique,,,https://clss.nrcan-rncan.gc.ca/data-donnees/sgb_datasets/BC
TSEATAH NO 2,Colombie-Britannique,,,https://clss.nrcan-rncan.gc.ca/data-donnees/sgb_datasets/BC
TSEETSUM-SAWLASILAH NO 6,Colombie-Britannique,,,https://clss.nrcan-rncan.gc.ca/data-donnees/sgb_datasets/BC
TSEMKNAWALQAN NO 79,Colombie-Britannique,,,https://clss.nrcan-rncan.gc.ca/data-donnees/sgb_datasets/BC
TSEOOWA NO 4,Colombie-Britannique,,,https://clss.nrcan-rncan.gc.ca/data-donnees/sgb_datasets/BC
TSICHGASS 10,Colombie-Britannique,,,https://clss.nrcan-rncan.gc.ca/data-donnees/sgb_datasets/BC
TSIMLAIREN NO 15,Colombie-Britannique,,,https://clss.nrcan-rncan.gc.ca/data-donnees/sgb_datasets/BC
TSIMTACK NO 7,Colombie-Britannique,,,https://clss.nrcan-rncan.gc.ca/data-donnees/sgb_datasets/BC
TSINKAHTL NO 8,Colombie-Britannique,,,https://clss.nrcan-rncan.gc.ca/data-donnees/sgb_datasets/BC
TSINSTIKEPTUM NO 9,Colombie-Britannique,,,https://clss.nrcan-rncan.gc.ca/data-donnees/sgb_datasets/BC
TSINTAHKTL NO 2,Colombie-Britannique,,,https://clss.nrcan-rncan.gc.ca/data-donnees/sgb_datasets/BC
TSITSK NO 3,Colombie-Britannique,,,https://clss.nrcan-rncan.gc.ca/data-donnees/sgb_datasets/BC
TSOWENACHS NO 2,Colombie-Britannique,,,https://clss.nrcan-rncan.gc.ca/data-donnees/sgb_datasets/BC
TSOWWIN NO 10,Colombie-Britannique,,,https://clss.nrcan-rncan.gc.ca/data-donnees/sgb_datasets/BC
TSULQUATE NO 4,Colombie-Britannique,,,https://clss.nrcan-rncan.gc.ca/data-donnees/sgb_datasets/BC
TSUN TINE AH NO 37,Colombie-Britannique,,,https://clss.nrcan-rncan.gc.ca/data-donnees/sgb_datasets/BC
TSUNNIA LAKE NO 5,Colombie-Britannique,,,https://clss.nrcan-rncan.gc.ca/data-donnees/sgb_datasets/BC
TSUPMEET (PATCHA CREEK) NO 5,Colombie-Britannique,,,https://clss.nrcan-rncan.gc.ca/data-donnees/sgb_datasets/BC
TSUQUANAH NO 2,Colombie-Britannique,,,https://clss.nrcan-rncan.gc.ca/data-donnees/sgb_datasets/BC
TSUSSIE NO 6,Colombie-Britannique,,,https://clss.nrcan-rncan.gc.ca/data-donnees/sgb_datasets/BC
TUCK INLET NO 89,Colombie-Britannique,,,https://clss.nrcan-rncan.gc.ca/data-donnees/sgb_datasets/BC
TUCKKWIOWHUM NO 1,Colombie-Britannique,,,https://clss.nrcan-rncan.gc.ca/data-donnees/sgb_datasets/BC
TUCKOZAP NO 24,Colombie-Britannique,,,https://clss.nrcan-rncan.gc.ca/data-donnees/sgb_datasets/BC
TUGWELL ISLAND NO 21,Colombie-Britannique,,,https://clss.nrcan-rncan.gc.ca/data-donnees/sgb_datasets/BC
TUM-BAH NO 5,Colombie-Britannique,,,https://clss.nrcan-rncan.gc.ca/data-donnees/sgb_datasets/BC
TUNNEL NO 6,Colombie-Britannique,,,https://clss.nrcan-rncan.gc.ca/data-donnees/sgb_datasets/BC
TURTLE POINT NO 12,Colombie-Britannique,,,https://clss.nrcan-rncan.gc.ca/data-donnees/sgb_datasets/BC
TUTU CREEK NO 4,Colombie-Britannique,,,https://clss.nrcan-rncan.gc.ca/data-donnees/sgb_datasets/BC
TWIN ISLAND NO 10,Colombie-Britannique,,,https://clss.nrcan-rncan.gc.ca/data-donnees/sgb_datasets/BC
TWO MILE CREEK NO 16,Colombie-Britannique,,,https://clss.nrcan-rncan.gc.ca/data-donnees/sgb_datasets/BC
TWO MILE CREEK NO 16A,Colombie-Britannique,,,https://clss.nrcan-rncan.gc.ca/data-donnees/sgb_datasets/BC
TWOYQHALSHT NO 16,Colombie-Britannique,,,https://clss.nrcan-rncan.gc.ca/data-donnees/sgb_datasets/BC
TYEE UNCHA LAKE INDIAN RESERVE,Colombie-Britannique,,,https://clss.nrcan-rncan.gc.ca/data-donnees/sgb_datasets/BC
TYMGOWZAN NO 12,Colombie-Britannique,,,https://clss.nrcan-rncan.gc.ca/data-donnees/sgb_datasets/BC
TZART-LAM NO 5,Colombie-Britannique,,,https://clss.nrcan-rncan.gc.ca/data-donnees/sgb_datasets/BC
TZEACHTEN NO 13,Colombie-Britannique,,,https://clss.nrcan-rncan.gc.ca/data-donnees/sgb_datasets/BC
TZETZI LAKE NO 11,Colombie-Britannique,,,https://clss.nrcan-rncan.gc.ca/data-donnees/sgb_datasets/BC
UCAUSLEY NO 16,Colombie-Britannique,,,https://clss.nrcan-rncan.gc.ca/data-donnees/sgb_datasets/BC
ULKATCHO NO 1,Colombie-Britannique,,,https://clss.nrcan-rncan.gc.ca/data-donnees/sgb_datasets/BC
ULKATCHO NO 13,Colombie-Britannique,,,https://clss.nrcan-rncan.gc.ca/data-donnees/sgb_datasets/BC
ULKATCHO NO 14A,Colombie-Britannique,,,https://clss.nrcan-rncan.gc.ca/data-donnees/sgb_datasets/BC
ULKATCHO NO 5,Colombie-Britannique,,,https://clss.nrcan-rncan.gc.ca/data-donnees/sgb_datasets/BC
ULKATCHO NO 6,Colombie-Britannique,,,https://clss.nrcan-rncan.gc.ca/data-donnees/sgb_datasets/BC
ULTHAKOUSH NO 11,Colombie-Britannique,,,https://clss.nrcan-rncan.gc.ca/data-donnees/sgb_datasets/BC
UNCHA LAKE NO 13A,Colombie-Britannique,,,https://clss.nrcan-rncan.gc.ca/data-donnees/sgb_datasets/BC
UNION BAY NO 31,Colombie-Britannique,,,https://clss.nrcan-rncan.gc.ca/data-donnees/sgb_datasets/BC
UNION BAY NO 4,Colombie-Britannique,,,https://clss.nrcan-rncan.gc.ca/data-donnees/sgb_datasets/BC
UNNAMED NO 10,Colombie-Britannique,,,https://clss.nrcan-rncan.gc.ca/data-donnees/sgb_datasets/BC
UNPUKPULQUATUM NO 8,Colombie-Britannique,,,https://clss.nrcan-rncan.gc.ca/data-donnees/sgb_datasets/BC
UPPER HAT CREEK NO 1,Colombie-Britannique,,,https://clss.nrcan-rncan.gc.ca/data-donnees/sgb_datasets/BC
UPPER KLUSKUS LAKE NO 9,Colombie-Britannique,,,https://clss.nrcan-rncan.gc.ca/data-donnees/sgb_datasets/BC
UPPER NEPA NO 6,Colombie-Britannique,,,https://clss.nrcan-rncan.gc.ca/data-donnees/sgb_datasets/BC
UPPER SUMAS NO 6,Colombie-Britannique,,,https://clss.nrcan-rncan.gc.ca/data-donnees/sgb_datasets/BC
UPPER TAHLTAN NO 4,Colombie-Britannique,,,https://clss.nrcan-rncan.gc.ca/data-donnees/sgb_datasets/BC
UPPER TSINKAHTL NO 8A,Colombie-Britannique,,,https://clss.nrcan-rncan.gc.ca/data-donnees/sgb_datasets/BC
UZTA (NAHOUNLI CREEK) NO 4,Colombie-Britannique,,,https://clss.nrcan-rncan.gc.ca/data-donnees/sgb_datasets/BC
UZTA (NAHOUNLI CREEK) NO 7A,Colombie-Britannique,,,https://clss.nrcan-rncan.gc.ca/data-donnees/sgb_datasets/BC
VARGAS ISLAND NO 31,Colombie-Britannique,,,https://clss.nrcan-rncan.gc.ca/data-donnees/sgb_datasets/BC
VERMILION FORKS NO 1,Colombie-Britannique,,,https://clss.nrcan-rncan.gc.ca/data-donnees/sgb_datasets/BC
VILLAGE BAY NO 7,Colombie-Britannique,,,https://clss.nrcan-rncan.gc.ca/data-donnees/sgb_datasets/BC
VILLAGE ISLAND NO 7,Colombie-Britannique,,,https://clss.nrcan-rncan.gc.ca/data-donnees/sgb_datasets/BC
WAHLEACH ISLAND NO 2,Colombie-Britannique,,,https://clss.nrcan-rncan.gc.ca/data-donnees/sgb_datasets/BC
WAHOUS NO 19,Colombie-Britannique,,,https://clss.nrcan-rncan.gc.ca/data-donnees/sgb_datasets/BC
WAHOUS NO 20,Colombie-Britannique,,,https://clss.nrcan-rncan.gc.ca/data-donnees/sgb_datasets/BC
WAIWAKUM NO 14,Colombie-Britannique,,,https://clss.nrcan-rncan.gc.ca/data-donnees/sgb_datasets/BC
WAKEMS NO 6,Colombie-Britannique,,,https://clss.nrcan-rncan.gc.ca/data-donnees/sgb_datasets/BC
WALTH NO 3,Colombie-Britannique,,,https://clss.nrcan-rncan.gc.ca/data-donnees/sgb_datasets/BC
WAPPOOK NO 26,Colombie-Britannique,,,https://clss.nrcan-rncan.gc.ca/data-donnees/sgb_datasets/BC
WAR LAKE NO 4,Colombie-Britannique,,,https://clss.nrcan-rncan.gc.ca/data-donnees/sgb_datasets/BC
WATTA NO 25,Colombie-Britannique,,,https://clss.nrcan-rncan.gc.ca/data-donnees/sgb_datasets/BC
WAULP NO 10,Colombie-Britannique,,,https://clss.nrcan-rncan.gc.ca/data-donnees/sgb_datasets/BC
WAUMP NO 16,Colombie-Britannique,,,https://clss.nrcan-rncan.gc.ca/data-donnees/sgb_datasets/BC
WAWWAT'L NO 12,Colombie-Britannique,,,https://clss.nrcan-rncan.gc.ca/data-donnees/sgb_datasets/BC
WEBSTER CREEK NO 5,Colombie-Britannique,,,https://clss.nrcan-rncan.gc.ca/data-donnees/sgb_datasets/BC
WEETEEAM NO 3,Colombie-Britannique,,,https://clss.nrcan-rncan.gc.ca/data-donnees/sgb_datasets/BC
WEISSENER LAKE NO 3,Colombie-Britannique,,,https://clss.nrcan-rncan.gc.ca/data-donnees/sgb_datasets/BC
WEKELLALS NO 15,Colombie-Britannique,,,https://clss.nrcan-rncan.gc.ca/data-donnees/sgb_datasets/BC
WERKINELLEK NO 11,Colombie-Britannique,,,https://clss.nrcan-rncan.gc.ca/data-donnees/sgb_datasets/BC
WEST MOBERLY LAKE NO 168A,Colombie-Britannique,,,https://clss.nrcan-rncan.gc.ca/data-donnees/sgb_datasets/BC
WESTERN ISLAND NO 14,Colombie-Britannique,,,https://clss.nrcan-rncan.gc.ca/data-donnees/sgb_datasets/BC
WHA T'A NOO NO 40,Colombie-Britannique,,,https://clss.nrcan-rncan.gc.ca/data-donnees/sgb_datasets/BC
WHALE ISLAND NO 8,Colombie-Britannique,,,https://clss.nrcan-rncan.gc.ca/data-donnees/sgb_datasets/BC
WHISPERING PINES NO 4,Colombie-Britannique,,,https://clss.nrcan-rncan.gc.ca/data-donnees/sgb_datasets/BC
WHONNOCK NO 1,Colombie-Britannique,,,https://clss.nrcan-rncan.gc.ca/data-donnees/sgb_datasets/BC
WHYEEK NO 4,Colombie-Britannique,,,https://clss.nrcan-rncan.gc.ca/data-donnees/sgb_datasets/BC
WILLIAMS LAKE NO 1,Colombie-Britannique,,,https://clss.nrcan-rncan.gc.ca/data-donnees/sgb_datasets/BC
WILLIAMS NO 2,Colombie-Britannique,,,https://clss.nrcan-rncan.gc.ca/data-donnees/sgb_datasets/BC
WILLIAMS PRAIRIE MEADOW NO 1A,Colombie-Britannique,,,https://clss.nrcan-rncan.gc.ca/data-donnees/sgb_datasets/BC
WILLOW MEADOW NO 9,Colombie-Britannique,,,https://clss.nrcan-rncan.gc.ca/data-donnees/sgb_datasets/BC
WILNASKANCAUD NO 3,Colombie-Britannique,,,https://clss.nrcan-rncan.gc.ca/data-donnees/sgb_datasets/BC
WILSKASKAMMEL NO 14,Colombie-Britannique,,,https://clss.nrcan-rncan.gc.ca/data-donnees/sgb_datasets/BC
WINCHE NO 7,Colombie-Britannique,,,https://clss.nrcan-rncan.gc.ca/data-donnees/sgb_datasets/BC
WINDY MOUTH NO 7,Colombie-Britannique,,,https://clss.nrcan-rncan.gc.ca/data-donnees/sgb_datasets/BC
WOKITSAS NO 14,Colombie-Britannique,,,https://clss.nrcan-rncan.gc.ca/data-donnees/sgb_datasets/BC
WOLF CREEK NO 3,Colombie-Britannique,,,https://clss.nrcan-rncan.gc.ca/data-donnees/sgb_datasets/BC
WOYENNE NO 27,Colombie-Britannique,,,https://clss.nrcan-rncan.gc.ca/data-donnees/sgb_datasets/BC
WUDZIMAGON NO 61,Colombie-Britannique,,,https://clss.nrcan-rncan.gc.ca/data-donnees/sgb_datasets/BC
WYAH NO 3,Colombie-Britannique,,,https://clss.nrcan-rncan.gc.ca/data-donnees/sgb_datasets/BC
WYCLESE NO 1,Colombie-Britannique,,,https://clss.nrcan-rncan.gc.ca/data-donnees/sgb_datasets/BC
WYCOTT'S FLAT NO 6,Colombie-Britannique,,,https://clss.nrcan-rncan.gc.ca/data-donnees/sgb_datasets/BC
WǪCHIIGII NANÉɁ,Colombie-Britannique,,,https://clss.nrcan-rncan.gc.ca/data-donnees/sgb_datasets/BC
XWOXWELÁ:LHP INDIAN RESERVE NO. 26,Colombie-Britannique,,,https://clss.nrcan-rncan.gc.ca/data-donnees/sgb_datasets/BC
YAALSTRICK NO 1,Colombie-Britannique,,,https://clss.nrcan-rncan.gc.ca/data-donnees/sgb_datasets/BC
YAGAN NO 3,Colombie-Britannique,,,https://clss.nrcan-rncan.gc.ca/data-donnees/sgb_datasets/BC
YAKWEAKWIOOSE NO 12,Colombie-Britannique,,,https://clss.nrcan-rncan.gc.ca/data-donnees/sgb_datasets/BC
YALADELASSLA NO 4,Colombie-Britannique,,,https://clss.nrcan-rncan.gc.ca/data-donnees/sgb_datasets/BC
YALE NO 18,Colombie-Britannique,,,https://clss.nrcan-rncan.gc.ca/data-donnees/sgb_datasets/BC
YALE NO 19,Colombie-Britannique,,,https://clss.nrcan-rncan.gc.ca/data-donnees/sgb_datasets/BC
YALE NO 20,Colombie-Britannique,,,https://clss.nrcan-rncan.gc.ca/data-donnees/sgb_datasets/BC
YALE NO 21,Colombie-Britannique,,,https://clss.nrcan-rncan.gc.ca/data-donnees/sgb_datasets/BC
YALE NO 22,Colombie-Britannique,,,https://clss.nrcan-rncan.gc.ca/data-donnees/sgb_datasets/BC
YALE NO 23,Colombie-Britannique,,,https://clss.nrcan-rncan.gc.ca/data-donnees/sgb_datasets/BC
YALE NO 24,Colombie-Britannique,,,https://clss.nrcan-rncan.gc.ca/data-donnees/sgb_datasets/BC
YALE NO 25,Colombie-Britannique,,,https://clss.nrcan-rncan.gc.ca/data-donnees/sgb_datasets/BC
YALE TOWN NO 1,Colombie-Britannique,,,https://clss.nrcan-rncan.gc.ca/data-donnees/sgb_datasets/BC
YAN NO 7,Colombie-Britannique,,,https://clss.nrcan-rncan.gc.ca/data-donnees/sgb_datasets/BC
YARKSIS NO 11,Colombie-Britannique,,,https://clss.nrcan-rncan.gc.ca/data-donnees/sgb_datasets/BC
YASITKUN NO 21,Colombie-Britannique,,,https://clss.nrcan-rncan.gc.ca/data-donnees/sgb_datasets/BC
YATZE NO 13,Colombie-Britannique,,,https://clss.nrcan-rncan.gc.ca/data-donnees/sgb_datasets/BC
YAWAUCHT NO 11,Colombie-Britannique,,,https://clss.nrcan-rncan.gc.ca/data-donnees/sgb_datasets/BC
YE KOO CHE NO 3,Colombie-Britannique,,,https://clss.nrcan-rncan.gc.ca/data-donnees/sgb_datasets/BC
YE KOOS LEE NO 11,Colombie-Britannique,,,https://clss.nrcan-rncan.gc.ca/data-donnees/sgb_datasets/BC
YEKWAUPSUM NO 18,Colombie-Britannique,,,https://clss.nrcan-rncan.gc.ca/data-donnees/sgb_datasets/BC
YEKWAUPSUM NO 19,Colombie-Britannique,,,https://clss.nrcan-rncan.gc.ca/data-donnees/sgb_datasets/BC
YELAKIN NO 4,Colombie-Britannique,,,https://clss.nrcan-rncan.gc.ca/data-donnees/sgb_datasets/BC
YELAKIN NO 4A,Colombie-Britannique,,,https://clss.nrcan-rncan.gc.ca/data-donnees/sgb_datasets/BC
YELLERTLEE NO 2,Colombie-Britannique,,,https://clss.nrcan-rncan.gc.ca/data-donnees/sgb_datasets/BC
YENSISCHUCK NO 3,Colombie-Britannique,,,https://clss.nrcan-rncan.gc.ca/data-donnees/sgb_datasets/BC
YEO ISLAND NO 13,Colombie-Britannique,,,https://clss.nrcan-rncan.gc.ca/data-donnees/sgb_datasets/BC
YOOKWITZ NO 12,Colombie-Britannique,,,https://clss.nrcan-rncan.gc.ca/data-donnees/sgb_datasets/BC
YUQUOT NO 1,Colombie-Britannique,,,https://clss.nrcan-rncan.gc.ca/data-donnees/sgb_datasets/BC
ZACHT NO 5,Colombie-Britannique,,,https://clss.nrcan-rncan.gc.ca/data-donnees/sgb_datasets/BC
ZAIMOETZ NO 5,Colombie-Britannique,,,https://clss.nrcan-rncan.gc.ca/data-donnees/sgb_datasets/BC
ZAITSCULLACHAN NO 9,Colombie-Britannique,,,https://clss.nrcan-rncan.gc.ca/data-donnees/sgb_datasets/BC
ZAYAS ISLAND NO 32A,Colombie-Britannique,,,https://clss.nrcan-rncan.gc.ca/data-donnees/sgb_datasets/BC
ZIMAGORD NO 3,Colombie-Britannique,,,https://clss.nrcan-rncan.gc.ca/data-donnees/sgb_datasets/BC
ZOHT NO 14,Colombie-Britannique,,,https://clss.nrcan-rncan.gc.ca/data-donnees/sgb_datasets/BC
ZOHT NO 4,Colombie-Britannique,,,https://clss.nrcan-rncan.gc.ca/data-donnees/sgb_datasets/BC
ZOHT NO 5,Colombie-Britannique,,,https://clss.nrcan-rncan.gc.ca/data-donnees/sgb_datasets/BC
1075 PORTAGE AVENUE INDIAN RESERVE,Manitoba,,,https://clss.nrcan-rncan.gc.ca/data-donnees/sgb_datasets/MB
ALLEN RAPIDS INDIAN RESERVE,Manitoba,,,https://clss.nrcan-rncan.gc.ca/data-donnees/sgb_datasets/MB
ANISHINAABE AKI,Manitoba,,,https://clss.nrcan-rncan.gc.ca/data-donnees/sgb_datasets/MB
ATIHKOSANIK CREE NATION INDIAN RESERVE,Manitoba,,,https://clss.nrcan-rncan.gc.ca/data-donnees/sgb_datasets/MB
ATKINSON LAKE A INDIAN RESERVE,Manitoba,,,https://clss.nrcan-rncan.gc.ca/data-donnees/sgb_datasets/MB
ATKINSON LAKE B INDIAN RESERVE,Manitoba,,,https://clss.nrcan-rncan.gc.ca/data-donnees/sgb_datasets/MB
ATKINSON LAKE C INDIAN RESERVE,Manitoba,,,https://clss.nrcan-rncan.gc.ca/data-donnees/sgb_datasets/MB
ATKINSON LAKE INDIAN RESERVE,Manitoba,,,https://clss.nrcan-rncan.gc.ca/data-donnees/sgb_datasets/MB
BARREN LANDS INDIAN RESERVE,Manitoba,,,https://clss.nrcan-rncan.gc.ca/data-donnees/sgb_datasets/MB
BEACH LAKE INDIAN RESERVE,Manitoba,,,https://clss.nrcan-rncan.gc.ca/data-donnees/sgb_datasets/MB
BERENS RIVER NO 13,Manitoba,,,https://clss.nrcan-rncan.gc.ca/data-donnees/sgb_datasets/MB
BIRDTAIL CREEK NO 57,Manitoba,,,https://clss.nrcan-rncan.gc.ca/data-donnees/sgb_datasets/MB
BIRDTAIL HAY LANDS NO 57A,Manitoba,,,https://clss.nrcan-rncan.gc.ca/data-donnees/sgb_datasets/MB
BLACK RIVER NO 9,Manitoba,,,https://clss.nrcan-rncan.gc.ca/data-donnees/sgb_datasets/MB
BLACK STURGEON,Manitoba,,,https://clss.nrcan-rncan.gc.ca/data-donnees/sgb_datasets/MB
BLOODVEIN NO 12,Manitoba,,,https://clss.nrcan-rncan.gc.ca/data-donnees/sgb_datasets/MB
BON ESP #1,Manitoba,,,https://clss.nrcan-rncan.gc.ca/data-donnees/sgb_datasets/MB
BOTTLE LAKE NO 61B,Manitoba,,,https://clss.nrcan-rncan.gc.ca/data-donnees/sgb_datasets/MB
BROKENHEAD NO 4,Manitoba,,,https://clss.nrcan-rncan.gc.ca/data-donnees/sgb_datasets/MB
BUFFALO POINT NO 36,Manitoba,,,https://clss.nrcan-rncan.gc.ca/data-donnees/sgb_datasets/MB
CANUPAWAKPA DAKOTA FIRST NATION,Manitoba,,,https://clss.nrcan-rncan.gc.ca/data-donnees/sgb_datasets/MB
CHEMAWAWIN NO 1,Manitoba,,,https://clss.nrcan-rncan.gc.ca/data-donnees/sgb_datasets/MB
CHEMAWAWIN NO 2,Manitoba,,,https://clss.nrcan-rncan.gc.ca/data-donnees/sgb_datasets/MB
CHEMAWAWIN NO 3,Manitoba,,,https://clss.nrcan-rncan.gc.ca/data-donnees/sgb_datasets/MB
CLEAR LAKE NO 61A,Manitoba,,,https://clss.nrcan-rncan.gc.ca/data-donnees/sgb_datasets/MB
CRANE RIVER NO 51,Manitoba,,,https://clss.nrcan-rncan.gc.ca/data-donnees/sgb_datasets/MB
CROSS LAKE NO 19,Manitoba,,,https://clss.nrcan-rncan.gc.ca/data-donnees/sgb_datasets/MB
CROSS LAKE NO 19A,Manitoba,,,https://clss.nrcan-rncan.gc.ca/data-donnees/sgb_datasets/MB
CROSS LAKE NO 19B,Manitoba,,,https://clss.nrcan-rncan.gc.ca/data-donnees/sgb_datasets/MB
CROSS LAKE NO 19C,Manitoba,,,https://clss.nrcan-rncan.gc.ca/data-donnees/sgb_datasets/MB
CROSS LAKE NO 19D,Manitoba,,,https://clss.nrcan-rncan.gc.ca/data-donnees/sgb_datasets/MB
CROSS LAKE NO 19E,Manitoba,,,https://clss.nrcan-rncan.gc.ca/data-donnees/sgb_datasets/MB
CYRIL LAKE INDIAN RESERVE,Manitoba,,,https://clss.nrcan-rncan.gc.ca/data-donnees/sgb_datasets/MB
DAFOE RIVER INDIAN RESERVE,Manitoba,,,https://clss.nrcan-rncan.gc.ca/data-donnees/sgb_datasets/MB
DAKOTA TIPI NO 1,Manitoba,,,https://clss.nrcan-rncan.gc.ca/data-donnees/sgb_datasets/MB
DAUPHIN RIVER NO 48A,Manitoba,,,https://clss.nrcan-rncan.gc.ca/data-donnees/sgb_datasets/MB
DOG CREEK NO 46,Manitoba,,,https://clss.nrcan-rncan.gc.ca/data-donnees/sgb_datasets/MB
EBB AND FLOW NO 52,Manitoba,,,https://clss.nrcan-rncan.gc.ca/data-donnees/sgb_datasets/MB
FAIRFORD NO 50,Manitoba,,,https://clss.nrcan-rncan.gc.ca/data-donnees/sgb_datasets/MB
FAIRY LAKE INDIAN RESERVE,Manitoba,,,https://clss.nrcan-rncan.gc.ca/data-donnees/sgb_datasets/MB
FISHER RIVER NO 44,Manitoba,,,https://clss.nrcan-rncan.gc.ca/data-donnees/sgb_datasets/MB
FISHER RIVER NO 44A,Manitoba,,,https://clss.nrcan-rncan.gc.ca/data-donnees/sgb_datasets/MB
FISHING STATION NO 62A,Manitoba,,,https://clss.nrcan-rncan.gc.ca/data-donnees/sgb_datasets/MB
FORT ALEXANDER NO 3,Manitoba,,,https://clss.nrcan-rncan.gc.ca/data-donnees/sgb_datasets/MB
FOX LAKE NO 1,Manitoba,,,https://clss.nrcan-rncan.gc.ca/data-donnees/sgb_datasets/MB
FOX LAKE NO 2,Manitoba,,,https://clss.nrcan-rncan.gc.ca/data-donnees/sgb_datasets/MB
FOX LAKE WEST NO 3,Manitoba,,,https://clss.nrcan-rncan.gc.ca/data-donnees/sgb_datasets/MB
GAMBLER NO 63,Manitoba,,,https://clss.nrcan-rncan.gc.ca/data-donnees/sgb_datasets/MB
GARDEN HILL FIRST NATION,Manitoba,,,https://clss.nrcan-rncan.gc.ca/data-donnees/sgb_datasets/MB
GOD'S LAKE FIRST NATION ADDITION # 1,Manitoba,,,https://clss.nrcan-rncan.gc.ca/data-donnees/sgb_datasets/MB
GOD'S LAKE FIRST NATION ADDITION # 2,Manitoba,,,https://clss.nrcan-rncan.gc.ca/data-donnees/sgb_datasets/MB
GOD'S LAKE NO 23,Manitoba,,,https://clss.nrcan-rncan.gc.ca/data-donnees/sgb_datasets/MB
GOD'S RIVER NO 86A,Manitoba,,,https://clss.nrcan-rncan.gc.ca/data-donnees/sgb_datasets/MB
GRAND RAPIDS NO 33,Manitoba,,,https://clss.nrcan-rncan.gc.ca/data-donnees/sgb_datasets/MB
HIGHROCK NO 199,Manitoba,,,https://clss.nrcan-rncan.gc.ca/data-donnees/sgb_datasets/MB
HILLS ISLAND INDIAN RESERVE,Manitoba,,,https://clss.nrcan-rncan.gc.ca/data-donnees/sgb_datasets/MB
HOLE OR HOLLOW WATER NO 10,Manitoba,,,https://clss.nrcan-rncan.gc.ca/data-donnees/sgb_datasets/MB
INDIAN GARDENS NO 8,Manitoba,,,https://clss.nrcan-rncan.gc.ca/data-donnees/sgb_datasets/MB
JACKHEAD NO 43,Manitoba,,,https://clss.nrcan-rncan.gc.ca/data-donnees/sgb_datasets/MB
JACKHEAD NO 43A,Manitoba,,,https://clss.nrcan-rncan.gc.ca/data-donnees/sgb_datasets/MB
KEESEEKOOWENIN NO 61,Manitoba,,,https://clss.nrcan-rncan.gc.ca/data-donnees/sgb_datasets/MB
KISIPIKAMAK,Manitoba,,,https://clss.nrcan-rncan.gc.ca/data-donnees/sgb_datasets/MB
KISSISSING LAKE INDIAN RESERVE,Manitoba,,,https://clss.nrcan-rncan.gc.ca/data-donnees/sgb_datasets/MB
LAC BROCHET NO 197A,Manitoba,,,https://clss.nrcan-rncan.gc.ca/data-donnees/sgb_datasets/MB
LITTLE GRAND RAPIDS NO 14,Manitoba,,,https://clss.nrcan-rncan.gc.ca/data-donnees/sgb_datasets/MB
LITTLE SASKATCHEWAN NO 48,Manitoba,,,https://clss.nrcan-rncan.gc.ca/data-donnees/sgb_datasets/MB
LITTLE SASKATCHEWAN NO 48B,Manitoba,,,https://clss.nrcan-rncan.gc.ca/data-donnees/sgb_datasets/MB
LONG PLAIN,Manitoba,,,https://clss.nrcan-rncan.gc.ca/data-donnees/sgb_datasets/MB
LONG PLAIN NO 6,Manitoba,,,https://clss.nrcan-rncan.gc.ca/data-donnees/sgb_datasets/MB
LUÉCHO TUWÉ 1 INDIAN RESERVE,Manitoba,,,https://clss.nrcan-rncan.gc.ca/data-donnees/sgb_datasets/MB
MAKESEW SAKAHIKAN ASKI,Manitoba,,,https://clss.nrcan-rncan.gc.ca/data-donnees/sgb_datasets/MB
MISTAH HART NORWAY HOUSE CREE NATION INDIAN RESERVE,Manitoba,,,https://clss.nrcan-rncan.gc.ca/data-donnees/sgb_datasets/MB
MOOSE LAKE NO 31A,Manitoba,,,https://clss.nrcan-rncan.gc.ca/data-donnees/sgb_datasets/MB
MOOSE LAKE NO 31C,Manitoba,,,https://clss.nrcan-rncan.gc.ca/data-donnees/sgb_datasets/MB
MOOSE LAKE NO 31D,Manitoba,,,https://clss.nrcan-rncan.gc.ca/data-donnees/sgb_datasets/MB
MOOSE LAKE NO 31G,Manitoba,,,https://clss.nrcan-rncan.gc.ca/data-donnees/sgb_datasets/MB
MOOSE LAKE NO 31J,Manitoba,,,https://clss.nrcan-rncan.gc.ca/data-donnees/sgb_datasets/MB
MOOSEOCOOT,Manitoba,,,https://clss.nrcan-rncan.gc.ca/data-donnees/sgb_datasets/MB
NAAWI-OODENA,Manitoba,,,https://clss.nrcan-rncan.gc.ca/data-donnees/sgb_datasets/MB
NEEKWASKAN LAKE 2 INDIAN RESERVE,Manitoba,,,https://clss.nrcan-rncan.gc.ca/data-donnees/sgb_datasets/MB
NEEKWASKAN LAKE 4 INDIAN RESERVE,Manitoba,,,https://clss.nrcan-rncan.gc.ca/data-donnees/sgb_datasets/MB
NELSON HOUSE NO 170,Manitoba,,,https://clss.nrcan-rncan.gc.ca/data-donnees/sgb_datasets/MB
NELSON HOUSE NO 170A,Manitoba,,,https://clss.nrcan-rncan.gc.ca/data-donnees/sgb_datasets/MB
NELSON HOUSE NO 170B,Manitoba,,,https://clss.nrcan-rncan.gc.ca/data-donnees/sgb_datasets/MB
NELSON HOUSE NO 170C,Manitoba,,,https://clss.nrcan-rncan.gc.ca/data-donnees/sgb_datasets/MB
NORWAY HOUSE CREE NATION BUTTERFLY LAKE A INDIAN RESERVE,Manitoba,,,https://clss.nrcan-rncan.gc.ca/data-donnees/sgb_datasets/MB
NORWAY HOUSE CREE NATION BUTTERFLY LAKE B INDIAN RESERVE,Manitoba,,,https://clss.nrcan-rncan.gc.ca/data-donnees/sgb_datasets/MB
NORWAY HOUSE CREE NATION GUNISAO SIPIHK KEEWATINOHK INDIAN RESERVE,Manitoba,,,https://clss.nrcan-rncan.gc.ca/data-donnees/sgb_datasets/MB
NORWAY HOUSE CREE NATION GUNISAO SIPIHK SAKITOW INDIAN RESERVE,Manitoba,,,https://clss.nrcan-rncan.gc.ca/data-donnees/sgb_datasets/MB
NORWAY HOUSE CREE NATION GUNISAO SIPIHK SAWANOHK INDIAN RESERVE,Manitoba,,,https://clss.nrcan-rncan.gc.ca/data-donnees/sgb_datasets/MB
NORWAY HOUSE CREE NATION HAYES RIVER RIDGE B INDIAN RESERVE,Manitoba,,,https://clss.nrcan-rncan.gc.ca/data-donnees/sgb_datasets/MB
NORWAY HOUSE CREE NATION LEBRIX LAKE INDIAN RESERVE,Manitoba,,,https://clss.nrcan-rncan.gc.ca/data-donnees/sgb_datasets/MB
NORWAY HOUSE CREE NATION LOGAN LAKE NORTH SHORE INDIAN RESERVE,Manitoba,,,https://clss.nrcan-rncan.gc.ca/data-donnees/sgb_datasets/MB
NORWAY HOUSE CREE NATION MISI MINISTIK INDIAN RESERVE,Manitoba,,,https://clss.nrcan-rncan.gc.ca/data-donnees/sgb_datasets/MB
NORWAY HOUSE CREE NATION OPIMINEGOKA LAKE INDIAN RESERVE,Manitoba,,,https://clss.nrcan-rncan.gc.ca/data-donnees/sgb_datasets/MB
NORWAY HOUSE CREE NATION PASKITANIGOWIH INDIAN RESERVE,Manitoba,,,https://clss.nrcan-rncan.gc.ca/data-donnees/sgb_datasets/MB
NORWAY HOUSE CREE NATION PROVINCIAL ROAD 373B INDIAN RESERVE,Manitoba,,,https://clss.nrcan-rncan.gc.ca/data-donnees/sgb_datasets/MB
NORWAY HOUSE CREE NATION WAWAHTEW SAKAHIGAN SAWANOHK INDIAN RESERVE,Manitoba,,,https://clss.nrcan-rncan.gc.ca/data-donnees/sgb_datasets/MB
NORWAY HOUSE INDIAN RESERVE,Manitoba,,,https://clss.nrcan-rncan.gc.ca/data-donnees/sgb_datasets/MB
NORWAY HOUSE NATION CREE MOOSA OTINIHK RÉSERVE INDIENNE,Manitoba,,,https://clss.nrcan-rncan.gc.ca/data-donnees/sgb_datasets/MB
NORWAY HOUSE NO 17,Manitoba,,,https://clss.nrcan-rncan.gc.ca/data-donnees/sgb_datasets/MB
NORWAY HOUSE NO 17A,Manitoba,,,https://clss.nrcan-rncan.gc.ca/data-donnees/sgb_datasets/MB
NORWAY HOUSE NO 17B,Manitoba,,,https://clss.nrcan-rncan.gc.ca/data-donnees/sgb_datasets/MB
OAK LAKE NO 59A,Manitoba,,,https://clss.nrcan-rncan.gc.ca/data-donnees/sgb_datasets/MB
OPISCHIKONAYAK NATION,Manitoba,,,https://clss.nrcan-rncan.gc.ca/data-donnees/sgb_datasets/MB
OXFORD HOUSE NO 24,Manitoba,,,https://clss.nrcan-rncan.gc.ca/data-donnees/sgb_datasets/MB
PARCELLE DE NCN-MYSTERY LAKE,Manitoba,,,https://clss.nrcan-rncan.gc.ca/data-donnees/sgb_datasets/MB
PART WAR LAKE B INDIAN RESERVE,Manitoba,,,https://clss.nrcan-rncan.gc.ca/data-donnees/sgb_datasets/MB
PEGUIS NO 1B,Manitoba,,,https://clss.nrcan-rncan.gc.ca/data-donnees/sgb_datasets/MB
PEGUIS NO 1C,Manitoba,,,https://clss.nrcan-rncan.gc.ca/data-donnees/sgb_datasets/MB
PEGUIS NO 1D,Manitoba,,,https://clss.nrcan-rncan.gc.ca/data-donnees/sgb_datasets/MB
PEGUIS NO 1E,Manitoba,,,https://clss.nrcan-rncan.gc.ca/data-donnees/sgb_datasets/MB
PEGUIS NO 1F,Manitoba,,,https://clss.nrcan-rncan.gc.ca/data-donnees/sgb_datasets/MB
PEGUIS NO 1G,Manitoba,,,https://clss.nrcan-rncan.gc.ca/data-donnees/sgb_datasets/MB
PEGUIS NO 1H,Manitoba,,,https://clss.nrcan-rncan.gc.ca/data-donnees/sgb_datasets/MB
PEGUIS NO 1I,Manitoba,,,https://clss.nrcan-rncan.gc.ca/data-donnees/sgb_datasets/MB
PIGEON RIVER NO 13A,Manitoba,,,https://clss.nrcan-rncan.gc.ca/data-donnees/sgb_datasets/MB
PINE CREEK NO 66A,Manitoba,,,https://clss.nrcan-rncan.gc.ca/data-donnees/sgb_datasets/MB
POPLAR RIVER NO 16,Manitoba,,,https://clss.nrcan-rncan.gc.ca/data-donnees/sgb_datasets/MB
PREMIÈRE NATION DE ROLLING RIVER,Manitoba,,,https://clss.nrcan-rncan.gc.ca/data-donnees/sgb_datasets/MB
PREMIÈRE NATION DE WUSKWI SIPIHK Nº 8,Manitoba,,,https://clss.nrcan-rncan.gc.ca/data-donnees/sgb_datasets/MB
PREMIÈRE NATION ROLLING RIVER NO 67B,Manitoba,,,https://clss.nrcan-rncan.gc.ca/data-donnees/sgb_datasets/MB
PUKATAWAGAN NO 198,Manitoba,,,https://clss.nrcan-rncan.gc.ca/data-donnees/sgb_datasets/MB
PUTAHOW LAKE SITE A INDIAN RESERVE,Manitoba,,,https://clss.nrcan-rncan.gc.ca/data-donnees/sgb_datasets/MB
PUTAHOW LAKE SITE B INDIAN RESERVE,Manitoba,,,https://clss.nrcan-rncan.gc.ca/data-donnees/sgb_datasets/MB
PUTAHOW LAKE SITE C INDIAN RESERVE,Manitoba,,,https://clss.nrcan-rncan.gc.ca/data-donnees/sgb_datasets/MB
PUTAHOW LAKE SITE D INDIAN RESERVE,Manitoba,,,https://clss.nrcan-rncan.gc.ca/data-donnees/sgb_datasets/MB
PUTAHOW LAKE SITE F INDIAN RESERVE,Manitoba,,,https://clss.nrcan-rncan.gc.ca/data-donnees/sgb_datasets/MB
RED SUCKER LAKE NO 1976,Manitoba,,,https://clss.nrcan-rncan.gc.ca/data-donnees/sgb_datasets/MB
REED RIVER NO 36A,Manitoba,,,https://clss.nrcan-rncan.gc.ca/data-donnees/sgb_datasets/MB
ROLLING RIVER FIRST NATION – 67C INDIAN RESERVE,Manitoba,,,https://clss.nrcan-rncan.gc.ca/data-donnees/sgb_datasets/MB
ROSEAU RAPIDS B INDIAN RESERVE,Manitoba,,,https://clss.nrcan-rncan.gc.ca/data-donnees/sgb_datasets/MB
ROSEAU RAPIDS C INDIAN RESERVE,Manitoba,,,https://clss.nrcan-rncan.gc.ca/data-donnees/sgb_datasets/MB
ROSEAU RAPIDS D INDIAN RESERVE,Manitoba,,,https://clss.nrcan-rncan.gc.ca/data-donnees/sgb_datasets/MB
ROSEAU RAPIDS E INDIAN RESERVE,Manitoba,,,https://clss.nrcan-rncan.gc.ca/data-donnees/sgb_datasets/MB
ROSEAU RAPIDS NO 2A,Manitoba,,,https://clss.nrcan-rncan.gc.ca/data-donnees/sgb_datasets/MB
ROSEAU RIVER NO 2,Manitoba,,,https://clss.nrcan-rncan.gc.ca/data-donnees/sgb_datasets/MB
RÉSERVE INDIENNE DE LA PREMIÈRE NATION WUSKWI SIPIHK Nº 3A,Manitoba,,,https://clss.nrcan-rncan.gc.ca/data-donnees/sgb_datasets/MB
RÉSERVE INDIENNE 21A SUD DE LA NATION CRIE OPASKWAYAK,Manitoba,,,https://clss.nrcan-rncan.gc.ca/data-donnees/sgb_datasets/MB
RÉSERVE INDIENNE 57 C DE LA NATION DES DAKOTA DE BIRDTAIL SIOUX,Manitoba,,,https://clss.nrcan-rncan.gc.ca/data-donnees/sgb_datasets/MB
RÉSERVE INDIENNE A KWIS KI MAHKA,Manitoba,,,https://clss.nrcan-rncan.gc.ca/data-donnees/sgb_datasets/MB
RÉSERVE INDIENNE AMIK WACHINK SAKAHIKAN,Manitoba,,,https://clss.nrcan-rncan.gc.ca/data-donnees/sgb_datasets/MB
RÉSERVE INDIENNE ANDERSON,Manitoba,,,https://clss.nrcan-rncan.gc.ca/data-donnees/sgb_datasets/MB
RÉSERVE INDIENNE ANDREW BAY,Manitoba,,,https://clss.nrcan-rncan.gc.ca/data-donnees/sgb_datasets/MB
RÉSERVE INDIENNE ANTLER CORNER,Manitoba,,,https://clss.nrcan-rncan.gc.ca/data-donnees/sgb_datasets/MB
RÉSERVE INDIENNE BAAHLZOI,Manitoba,,,https://clss.nrcan-rncan.gc.ca/data-donnees/sgb_datasets/MB
RÉSERVE INDIENNE BELLA LAKE EXCHANGE LANDS,Manitoba,,,https://clss.nrcan-rncan.gc.ca/data-donnees/sgb_datasets/MB
RÉSERVE INDIENNE BIRCH LANDING,Manitoba,,,https://clss.nrcan-rncan.gc.ca/data-donnees/sgb_datasets/MB
RÉSERVE INDIENNE BROCHET NO 197,Manitoba,,,https://clss.nrcan-rncan.gc.ca/data-donnees/sgb_datasets/MB
RÉSERVE INDIENNE BUFFALO POINT FIRST NATION NO 3,Manitoba,,,https://clss.nrcan-rncan.gc.ca/data-donnees/sgb_datasets/MB
RÉSERVE INDIENNE BUFFALO POINT FIRST NATION Nº 1,Manitoba,,,https://clss.nrcan-rncan.gc.ca/data-donnees/sgb_datasets/MB
RÉSERVE INDIENNE BUFFALO POINT FIRST NATION Nº 2,Manitoba,,,https://clss.nrcan-rncan.gc.ca/data-donnees/sgb_datasets/MB
RÉSERVE INDIENNE CANTIN LAKE,Manitoba,,,https://clss.nrcan-rncan.gc.ca/data-donnees/sgb_datasets/MB
RÉSERVE INDIENNE CHATAWAY LAKE/KNIFE LAKE,Manitoba,,,https://clss.nrcan-rncan.gc.ca/data-donnees/sgb_datasets/MB
RÉSERVE INDIENNE CHEPI LAKE,Manitoba,,,https://clss.nrcan-rncan.gc.ca/data-donnees/sgb_datasets/MB
RÉSERVE INDIENNE CHURCHILL NO 1,Manitoba,,,https://clss.nrcan-rncan.gc.ca/data-donnees/sgb_datasets/MB
RÉSERVE INDIENNE D'ESKER RIDGE B,Manitoba,,,https://clss.nrcan-rncan.gc.ca/data-donnees/sgb_datasets/MB
RÉSERVE INDIENNE D'ODEI RIVER,Manitoba,,,https://clss.nrcan-rncan.gc.ca/data-donnees/sgb_datasets/MB
RÉSERVE INDIENNE DAKOTA PLAINS NO 6A,Manitoba,,,https://clss.nrcan-rncan.gc.ca/data-donnees/sgb_datasets/MB
RÉSERVE INDIENNE DE LA PREMIÈRE NATION WUSKWI SIPIHK Nº 3B,Manitoba,,,https://clss.nrcan-rncan.gc.ca/data-donnees/sgb_datasets/MB
RÉSERVE INDIENNE DE LA PREMIÈRE NATION WUSKWI SIPIHK Nº 3D,Manitoba,,,https://clss.nrcan-rncan.gc.ca/data-donnees/sgb_datasets/MB
RÉSERVE INDIENNE DE LA PREMIÈRE NATION WUSKWI SIPIHK Nº 3E,Manitoba,,,https://clss.nrcan-rncan.gc.ca/data-donnees/sgb_datasets/MB
RÉSERVE INDIENNE DE CROSS LAKE Nº 19X01,Manitoba,,,https://clss.nrcan-rncan.gc.ca/data-donnees/sgb_datasets/MB
RÉSERVE INDIENNE DE CROSS LAKE Nº 19X02,Manitoba,,,https://clss.nrcan-rncan.gc.ca/data-donnees/sgb_datasets/MB
RÉSERVE INDIENNE DE CROSS LAKE Nº 19X03,Manitoba,,,https://clss.nrcan-rncan.gc.ca/data-donnees/sgb_datasets/MB
RÉSERVE INDIENNE DE CROSS LAKE Nº 19X05,Manitoba,,,https://clss.nrcan-rncan.gc.ca/data-donnees/sgb_datasets/MB
RÉSERVE INDIENNE DE CROSS LAKE Nº 19X06,Manitoba,,,https://clss.nrcan-rncan.gc.ca/data-donnees/sgb_datasets/MB
RÉSERVE INDIENNE DE FEATHER RAPIDS,Manitoba,,,https://clss.nrcan-rncan.gc.ca/data-donnees/sgb_datasets/MB
RÉSERVE INDIENNE DE HIGH HILL LAKE,Manitoba,,,https://clss.nrcan-rncan.gc.ca/data-donnees/sgb_datasets/MB
RÉSERVE INDIENNE DE LA NATION CRIE DE SAPOTAWEYAK,Manitoba,,,https://clss.nrcan-rncan.gc.ca/data-donnees/sgb_datasets/MB
RÉSERVE INDIENNE DE LA NATION CRIE SAPOTAWEYAK DE CHANNEL ISLAND,Manitoba,,,https://clss.nrcan-rncan.gc.ca/data-donnees/sgb_datasets/MB
RÉSERVE INDIENNE DE LA NATION CRIE SAPOTAWEYAK PTH 10,Manitoba,,,https://clss.nrcan-rncan.gc.ca/data-donnees/sgb_datasets/MB
RÉSERVE INDIENNE DE LA PREMIÈRE NATION DE GAMBLER N° 63B,Manitoba,,,https://clss.nrcan-rncan.gc.ca/data-donnees/sgb_datasets/MB
RÉSERVE INDIENNE DE LA PREMIÈRE NATION WUSKWI SIPIHK Nº 3C,Manitoba,,,https://clss.nrcan-rncan.gc.ca/data-donnees/sgb_datasets/MB
RÉSERVE INDIENNE DE LA PREMIÈRE NATION WUSKWI SIPIHK Nº 3F,Manitoba,,,https://clss.nrcan-rncan.gc.ca/data-donnees/sgb_datasets/MB
RÉSERVE INDIENNE DE LA PREMIÈRE NATION WUSKWI SIPIHK Nº 7,Manitoba,,,https://clss.nrcan-rncan.gc.ca/data-donnees/sgb_datasets/MB
RÉSERVE INDIENNE DE LONG PLAIN MADISON NO. 1,Manitoba,,,https://clss.nrcan-rncan.gc.ca/data-donnees/sgb_datasets/MB
RÉSERVE INDIENNE DE LUAWAYCHOTUWÉ,Manitoba,,,https://clss.nrcan-rncan.gc.ca/data-donnees/sgb_datasets/MB
RÉSERVE INDIENNE DE MILE 20 SECOND REVISION,Manitoba,,,https://clss.nrcan-rncan.gc.ca/data-donnees/sgb_datasets/MB
RÉSERVE INDIENNE DE MUKWA NARROWS,Manitoba,,,https://clss.nrcan-rncan.gc.ca/data-donnees/sgb_datasets/MB
RÉSERVE INDIENNE DE NAYTAWUNKANK,Manitoba,,,https://clss.nrcan-rncan.gc.ca/data-donnees/sgb_datasets/MB
RÉSERVE INDIENNE DE PAUINGASSI FIRST NATION,Manitoba,,,https://clss.nrcan-rncan.gc.ca/data-donnees/sgb_datasets/MB
RÉSERVE INDIENNE DE PE-TA-WAYGAMAK,Manitoba,,,https://clss.nrcan-rncan.gc.ca/data-donnees/sgb_datasets/MB
RÉSERVE INDIENNE DE PELICAN RAPIDS ACCESS ROAD PHASE 1,Manitoba,,,https://clss.nrcan-rncan.gc.ca/data-donnees/sgb_datasets/MB
RÉSERVE INDIENNE DE PETER BURTON'S/SHORTY RAPIDS,Manitoba,,,https://clss.nrcan-rncan.gc.ca/data-donnees/sgb_datasets/MB
RÉSERVE INDIENNE DE SAPOTAWEYAK CREE NATION-SPRUCE ISLAND,Manitoba,,,https://clss.nrcan-rncan.gc.ca/data-donnees/sgb_datasets/MB
RÉSERVE INDIENNE DE SEESEEP SAKAHIKAN,Manitoba,,,https://clss.nrcan-rncan.gc.ca/data-donnees/sgb_datasets/MB
RÉSERVE INDIENNE DE SHOAL RIVER NO 65A,Manitoba,,,https://clss.nrcan-rncan.gc.ca/data-donnees/sgb_datasets/MB
RÉSERVE INDIENNE DE SHOAL RIVER NO 65B,Manitoba,,,https://clss.nrcan-rncan.gc.ca/data-donnees/sgb_datasets/MB
RÉSERVE INDIENNE DE ST THERESA POINT,Manitoba,,,https://clss.nrcan-rncan.gc.ca/data-donnees/sgb_datasets/MB
RÉSERVE INDIENNE DE SUWANNEE LAKE,Manitoba,,,https://clss.nrcan-rncan.gc.ca/data-donnees/sgb_datasets/MB
RÉSERVE INDIENNE DE SWAN LAKE FIRST NATION Nº 8A,Manitoba,,,https://clss.nrcan-rncan.gc.ca/data-donnees/sgb_datasets/MB
RÉSERVE INDIENNE DE SWAN LAKE NO 65C,Manitoba,,,https://clss.nrcan-rncan.gc.ca/data-donnees/sgb_datasets/MB
RÉSERVE INDIENNE DE SWAN LAKE NO 7,Manitoba,,,https://clss.nrcan-rncan.gc.ca/data-donnees/sgb_datasets/MB
RÉSERVE INDIENNE DE SWAN LAKE Nº 7A,Manitoba,,,https://clss.nrcan-rncan.gc.ca/data-donnees/sgb_datasets/MB
RÉSERVE INDIENNE DE THUYCHOLEENI LAKE A,Manitoba,,,https://clss.nrcan-rncan.gc.ca/data-donnees/sgb_datasets/MB
RÉSERVE INDIENNE DE WAPAMINAKOSKAK NARROWS,Manitoba,,,https://clss.nrcan-rncan.gc.ca/data-donnees/sgb_datasets/MB
RÉSERVE INDIENNE DE WAPIKUNOO BAY,Manitoba,,,https://clss.nrcan-rncan.gc.ca/data-donnees/sgb_datasets/MB
RÉSERVE INDIENNE DE WAPISIW SAKAHIKAN,Manitoba,,,https://clss.nrcan-rncan.gc.ca/data-donnees/sgb_datasets/MB
RÉSERVE INDIENNE DE WAPISU LAKE,Manitoba,,,https://clss.nrcan-rncan.gc.ca/data-donnees/sgb_datasets/MB
RÉSERVE INDIENNE DE WASAGAMACK,Manitoba,,,https://clss.nrcan-rncan.gc.ca/data-donnees/sgb_datasets/MB
RÉSERVE INDIENNE DE WESHA KIJAY WASAGAMACH,Manitoba,,,https://clss.nrcan-rncan.gc.ca/data-donnees/sgb_datasets/MB
RÉSERVE INDIENNE DE WHISKEYJACK,Manitoba,,,https://clss.nrcan-rncan.gc.ca/data-donnees/sgb_datasets/MB
RÉSERVE INDIENNE DE WUSKWI SIPIHK Nº 4,Manitoba,,,https://clss.nrcan-rncan.gc.ca/data-donnees/sgb_datasets/MB
RÉSERVE INDIENNE DU NITXELI TUWÉ 1,Manitoba,,,https://clss.nrcan-rncan.gc.ca/data-donnees/sgb_datasets/MB
RÉSERVE INDIENNE DU THUYCHOLEENI LAKE B,Manitoba,,,https://clss.nrcan-rncan.gc.ca/data-donnees/sgb_datasets/MB
RÉSERVE INDIENNE DU THUYCHOLEENI LAKE C,Manitoba,,,https://clss.nrcan-rncan.gc.ca/data-donnees/sgb_datasets/MB
RÉSERVE INDIENNE EGG LAKE NO 1 DE LA NATION CRIE OPASKWAYAK,Manitoba,,,https://clss.nrcan-rncan.gc.ca/data-donnees/sgb_datasets/MB
RÉSERVE INDIENNE ESKER RIDGE A,Manitoba,,,https://clss.nrcan-rncan.gc.ca/data-donnees/sgb_datasets/MB
RÉSERVE INDIENNE GOD'S LAKE SOUTHEAST OF COMMUNITY,Manitoba,,,https://clss.nrcan-rncan.gc.ca/data-donnees/sgb_datasets/MB
RÉSERVE INDIENNE HART,Manitoba,,,https://clss.nrcan-rncan.gc.ca/data-donnees/sgb_datasets/MB
RÉSERVE INDIENNE HAWKINS,Manitoba,,,https://clss.nrcan-rncan.gc.ca/data-donnees/sgb_datasets/MB
RÉSERVE INDIENNE HURLEY ISLAND,Manitoba,,,https://clss.nrcan-rncan.gc.ca/data-donnees/sgb_datasets/MB
RÉSERVE INDIENNE KAMIHKOWAPIHSKAK PAWISTIK,Manitoba,,,https://clss.nrcan-rncan.gc.ca/data-donnees/sgb_datasets/MB
RÉSERVE INDIENNE KAPAWASIHK,Manitoba,,,https://clss.nrcan-rncan.gc.ca/data-donnees/sgb_datasets/MB
RÉSERVE INDIENNE KASMERE LAKE B,Manitoba,,,https://clss.nrcan-rncan.gc.ca/data-donnees/sgb_datasets/MB
RÉSERVE INDIENNE KENYAN LAKE,Manitoba,,,https://clss.nrcan-rncan.gc.ca/data-donnees/sgb_datasets/MB
RÉSERVE INDIENNE KESINLTINTÚWE,Manitoba,,,https://clss.nrcan-rncan.gc.ca/data-donnees/sgb_datasets/MB
RÉSERVE INDIENNE KIMOSOMINAHK,Manitoba,,,https://clss.nrcan-rncan.gc.ca/data-donnees/sgb_datasets/MB
RÉSERVE INDIENNE KING FISHER BAY,Manitoba,,,https://clss.nrcan-rncan.gc.ca/data-donnees/sgb_datasets/MB
RÉSERVE INDIENNE LUAZÉ TUWÉ,Manitoba,,,https://clss.nrcan-rncan.gc.ca/data-donnees/sgb_datasets/MB
RÉSERVE INDIENNE LUWECHOTUWE PARCEL B,Manitoba,,,https://clss.nrcan-rncan.gc.ca/data-donnees/sgb_datasets/MB
RÉSERVE INDIENNE LUWECHOTUWE PARCEL C,Manitoba,,,https://clss.nrcan-rncan.gc.ca/data-donnees/sgb_datasets/MB
RÉSERVE INDIENNE MISTIATEGAMEEK SIPI,Manitoba,,,https://clss.nrcan-rncan.gc.ca/data-donnees/sgb_datasets/MB
RÉSERVE INDIENNE MONAHAWAUHKAN,Manitoba,,,https://clss.nrcan-rncan.gc.ca/data-donnees/sgb_datasets/MB
RÉSERVE INDIENNE MOOSEOCOOT NO 2,Manitoba,,,https://clss.nrcan-rncan.gc.ca/data-donnees/sgb_datasets/MB
RÉSERVE INDIENNE MOOSEOCOOT NO 3,Manitoba,,,https://clss.nrcan-rncan.gc.ca/data-donnees/sgb_datasets/MB
RÉSERVE INDIENNE MOOSEOCOOT NO 4,Manitoba,,,https://clss.nrcan-rncan.gc.ca/data-donnees/sgb_datasets/MB
RÉSERVE INDIENNE MOOSOWHAPIHSK SAKAHEGAN,Manitoba,,,https://clss.nrcan-rncan.gc.ca/data-donnees/sgb_datasets/MB
RÉSERVE INDIENNE MUNRO LAKE,Manitoba,,,https://clss.nrcan-rncan.gc.ca/data-donnees/sgb_datasets/MB
RÉSERVE INDIENNE NA-SHA-KE-PENAIS,Manitoba,,,https://clss.nrcan-rncan.gc.ca/data-donnees/sgb_datasets/MB
RÉSERVE INDIENNE NAPAHKAPIHSKOW SAKHAHIGAN,Manitoba,,,https://clss.nrcan-rncan.gc.ca/data-donnees/sgb_datasets/MB
RÉSERVE INDIENNE NETELITUWE SITE C,Manitoba,,,https://clss.nrcan-rncan.gc.ca/data-donnees/sgb_datasets/MB
RÉSERVE INDIENNE NIHKIK OHNIKAPIHS,Manitoba,,,https://clss.nrcan-rncan.gc.ca/data-donnees/sgb_datasets/MB
RÉSERVE INDIENNE NITELITÚWE SITE E,Manitoba,,,https://clss.nrcan-rncan.gc.ca/data-donnees/sgb_datasets/MB
RÉSERVE INDIENNE NITXELI TUWÉ 2,Manitoba,,,https://clss.nrcan-rncan.gc.ca/data-donnees/sgb_datasets/MB
RÉSERVE INDIENNE NITXELI TUWÉ 4,Manitoba,,,https://clss.nrcan-rncan.gc.ca/data-donnees/sgb_datasets/MB
RÉSERVE INDIENNE NORTH PROMINENT RIDGE,Manitoba,,,https://clss.nrcan-rncan.gc.ca/data-donnees/sgb_datasets/MB
RÉSERVE INDIENNE NORTHWEST ANGLE NO. 34C,Manitoba,,,https://clss.nrcan-rncan.gc.ca/data-donnees/sgb_datasets/MB
RÉSERVE INDIENNE NORTHWEST ANGLE NO. 34C ET 37B,Manitoba,,,https://clss.nrcan-rncan.gc.ca/data-donnees/sgb_datasets/MB
RÉSERVE INDIENNE NORTHWEST ANGLE NO. 37C,Manitoba,,,https://clss.nrcan-rncan.gc.ca/data-donnees/sgb_datasets/MB
RÉSERVE INDIENNE NORWAY HOUSE CREE NATION AMISKOTOKAN,Manitoba,,,https://clss.nrcan-rncan.gc.ca/data-donnees/sgb_datasets/MB
RÉSERVE INDIENNE NORWAY HOUSE CREE NATION HAIRY LAKE,Manitoba,,,https://clss.nrcan-rncan.gc.ca/data-donnees/sgb_datasets/MB
RÉSERVE INDIENNE NORWAY HOUSE CREE NATION OKOWI SIKUHIGAN,Manitoba,,,https://clss.nrcan-rncan.gc.ca/data-donnees/sgb_datasets/MB
RÉSERVE INDIENNE NORWAY HOUSE CREE NATION OTAHAWKANIHK LANDING,Manitoba,,,https://clss.nrcan-rncan.gc.ca/data-donnees/sgb_datasets/MB
RÉSERVE INDIENNE NORWAY HOUSE NATION CREE ASIHKWINANIHK,Manitoba,,,https://clss.nrcan-rncan.gc.ca/data-donnees/sgb_datasets/MB
RÉSERVE INDIENNE NORWAY HOUSE NATION CREE MINAHIGOK SAKAHIGAN,Manitoba,,,https://clss.nrcan-rncan.gc.ca/data-donnees/sgb_datasets/MB
RÉSERVE INDIENNE NORWAY HOUSE NO 17-38,Manitoba,,,https://clss.nrcan-rncan.gc.ca/data-donnees/sgb_datasets/MB
RÉSERVE INDIENNE NORWAY HOUSE NO 17C-1,Manitoba,,,https://clss.nrcan-rncan.gc.ca/data-donnees/sgb_datasets/MB
RÉSERVE INDIENNE NORWAY HOUSE NO 17C-10,Manitoba,,,https://clss.nrcan-rncan.gc.ca/data-donnees/sgb_datasets/MB
RÉSERVE INDIENNE NORWAY HOUSE NO 17C-11,Manitoba,,,https://clss.nrcan-rncan.gc.ca/data-donnees/sgb_datasets/MB
RÉSERVE INDIENNE NORWAY HOUSE NO 17C-12,Manitoba,,,https://clss.nrcan-rncan.gc.ca/data-donnees/sgb_datasets/MB
RÉSERVE INDIENNE NORWAY HOUSE NO 17C-13,Manitoba,,,https://clss.nrcan-rncan.gc.ca/data-donnees/sgb_datasets/MB
RÉSERVE INDIENNE NORWAY HOUSE NO 17C-14,Manitoba,,,https://clss.nrcan-rncan.gc.ca/data-donnees/sgb_datasets/MB
RÉSERVE INDIENNE NORWAY HOUSE NO 17C-15,Manitoba,,,https://clss.nrcan-rncan.gc.ca/data-donnees/sgb_datasets/MB
RÉSERVE INDIENNE NORWAY HOUSE NO 17C-16,Manitoba,,,https://clss.nrcan-rncan.gc.ca/data-donnees/sgb_datasets/MB
RÉSERVE INDIENNE NORWAY HOUSE NO 17C-17,Manitoba,,,https://clss.nrcan-rncan.gc.ca/data-donnees/sgb_datasets/MB
RÉSERVE INDIENNE NORWAY HOUSE NO 17C-18,Manitoba,,,https://clss.nrcan-rncan.gc.ca/data-donnees/sgb_datasets/MB
RÉSERVE INDIENNE NORWAY HOUSE NO 17C-19,Manitoba,,,https://clss.nrcan-rncan.gc.ca/data-donnees/sgb_datasets/MB
RÉSERVE INDIENNE NORWAY HOUSE NO 17C-2,Manitoba,,,https://clss.nrcan-rncan.gc.ca/data-donnees/sgb_datasets/MB
RÉSERVE INDIENNE NORWAY HOUSE NO 17C-20,Manitoba,,,https://clss.nrcan-rncan.gc.ca/data-donnees/sgb_datasets/MB
RÉSERVE INDIENNE NORWAY HOUSE NO 17C-21,Manitoba,,,https://clss.nrcan-rncan.gc.ca/data-donnees/sgb_datasets/MB
RÉSERVE INDIENNE NORWAY HOUSE NO 17C-22,Manitoba,,,https://clss.nrcan-rncan.gc.ca/data-donnees/sgb_datasets/MB
RÉSERVE INDIENNE NORWAY HOUSE NO 17C-23,Manitoba,,,https://clss.nrcan-rncan.gc.ca/data-donnees/sgb_datasets/MB
RÉSERVE INDIENNE NORWAY HOUSE NO 17C-24,Manitoba,,,https://clss.nrcan-rncan.gc.ca/data-donnees/sgb_datasets/MB
RÉSERVE INDIENNE NORWAY HOUSE NO 17C-25,Manitoba,,,https://clss.nrcan-rncan.gc.ca/data-donnees/sgb_datasets/MB
RÉSERVE INDIENNE NORWAY HOUSE NO 17C-26,Manitoba,,,https://clss.nrcan-rncan.gc.ca/data-donnees/sgb_datasets/MB
RÉSERVE INDIENNE NORWAY HOUSE NO 17C-27,Manitoba,,,https://clss.nrcan-rncan.gc.ca/data-donnees/sgb_datasets/MB
RÉSERVE INDIENNE NORWAY HOUSE NO 17C-28,Manitoba,,,https://clss.nrcan-rncan.gc.ca/data-donnees/sgb_datasets/MB
RÉSERVE INDIENNE NORWAY HOUSE NO 17C-29,Manitoba,,,https://clss.nrcan-rncan.gc.ca/data-donnees/sgb_datasets/MB
RÉSERVE INDIENNE NORWAY HOUSE NO 17C-3,Manitoba,,,https://clss.nrcan-rncan.gc.ca/data-donnees/sgb_datasets/MB
RÉSERVE INDIENNE NORWAY HOUSE NO 17C-30,Manitoba,,,https://clss.nrcan-rncan.gc.ca/data-donnees/sgb_datasets/MB
RÉSERVE INDIENNE NORWAY HOUSE NO 17C-31,Manitoba,,,https://clss.nrcan-rncan.gc.ca/data-donnees/sgb_datasets/MB
RÉSERVE INDIENNE NORWAY HOUSE NO 17C-32,Manitoba,,,https://clss.nrcan-rncan.gc.ca/data-donnees/sgb_datasets/MB
RÉSERVE INDIENNE NORWAY HOUSE NO 17C-33,Manitoba,,,https://clss.nrcan-rncan.gc.ca/data-donnees/sgb_datasets/MB
RÉSERVE INDIENNE NORWAY HOUSE NO 17C-34,Manitoba,,,https://clss.nrcan-rncan.gc.ca/data-donnees/sgb_datasets/MB
RÉSERVE INDIENNE NORWAY HOUSE NO 17C-35,Manitoba,,,https://clss.nrcan-rncan.gc.ca/data-donnees/sgb_datasets/MB
RÉSERVE INDIENNE NORWAY HOUSE NO 17C-36,Manitoba,,,https://clss.nrcan-rncan.gc.ca/data-donnees/sgb_datasets/MB
RÉSERVE INDIENNE NORWAY HOUSE NO 17C-37,Manitoba,,,https://clss.nrcan-rncan.gc.ca/data-donnees/sgb_datasets/MB
RÉSERVE INDIENNE NORWAY HOUSE NO 17C-39,Manitoba,,,https://clss.nrcan-rncan.gc.ca/data-donnees/sgb_datasets/MB
RÉSERVE INDIENNE NORWAY HOUSE NO 17C-4,Manitoba,,,https://clss.nrcan-rncan.gc.ca/data-donnees/sgb_datasets/MB
RÉSERVE INDIENNE NORWAY HOUSE NO 17C-40,Manitoba,,,https://clss.nrcan-rncan.gc.ca/data-donnees/sgb_datasets/MB
RÉSERVE INDIENNE NORWAY HOUSE NO 17C-41,Manitoba,,,https://clss.nrcan-rncan.gc.ca/data-donnees/sgb_datasets/MB
RÉSERVE INDIENNE NORWAY HOUSE NO 17C-42,Manitoba,,,https://clss.nrcan-rncan.gc.ca/data-donnees/sgb_datasets/MB
RÉSERVE INDIENNE NORWAY HOUSE NO 17C-43,Manitoba,,,https://clss.nrcan-rncan.gc.ca/data-donnees/sgb_datasets/MB
RÉSERVE INDIENNE NORWAY HOUSE NO 17C-44,Manitoba,,,https://clss.nrcan-rncan.gc.ca/data-donnees/sgb_datasets/MB
RÉSERVE INDIENNE NORWAY HOUSE NO 17C-45,Manitoba,,,https://clss.nrcan-rncan.gc.ca/data-donnees/sgb_datasets/MB
RÉSERVE INDIENNE NORWAY HOUSE NO 17C-46,Manitoba,,,https://clss.nrcan-rncan.gc.ca/data-donnees/sgb_datasets/MB
RÉSERVE INDIENNE NORWAY HOUSE NO 17C-5,Manitoba,,,https://clss.nrcan-rncan.gc.ca/data-donnees/sgb_datasets/MB
RÉSERVE INDIENNE NORWAY HOUSE NO 17C-6,Manitoba,,,https://clss.nrcan-rncan.gc.ca/data-donnees/sgb_datasets/MB
RÉSERVE INDIENNE NORWAY HOUSE NO 17C-7,Manitoba,,,https://clss.nrcan-rncan.gc.ca/data-donnees/sgb_datasets/MB
RÉSERVE INDIENNE NORWAY HOUSE NO 17C-8,Manitoba,,,https://clss.nrcan-rncan.gc.ca/data-donnees/sgb_datasets/MB
RÉSERVE INDIENNE NORWAY HOUSE NO 17C-9,Manitoba,,,https://clss.nrcan-rncan.gc.ca/data-donnees/sgb_datasets/MB
RÉSERVE INDIENNE NORWAY HOUSE Nº 17D-1,Manitoba,,,https://clss.nrcan-rncan.gc.ca/data-donnees/sgb_datasets/MB
RÉSERVE INDIENNE NORWAY HOUSE Nº 17D-2,Manitoba,,,https://clss.nrcan-rncan.gc.ca/data-donnees/sgb_datasets/MB
RÉSERVE INDIENNE NORWAY HOUSE Nº 17D-3,Manitoba,,,https://clss.nrcan-rncan.gc.ca/data-donnees/sgb_datasets/MB
RÉSERVE INDIENNE NORWAY HOUSE Nº 17D-4,Manitoba,,,https://clss.nrcan-rncan.gc.ca/data-donnees/sgb_datasets/MB
RÉSERVE INDIENNE NORWAY HOUSE Nº 17D-5,Manitoba,,,https://clss.nrcan-rncan.gc.ca/data-donnees/sgb_datasets/MB
RÉSERVE INDIENNE NORWAY HOUSE Nº 17D-6,Manitoba,,,https://clss.nrcan-rncan.gc.ca/data-donnees/sgb_datasets/MB
RÉSERVE INDIENNE NORWAY HOUSE Nº 17D-7,Manitoba,,,https://clss.nrcan-rncan.gc.ca/data-donnees/sgb_datasets/MB
RÉSERVE INDIENNE NORWAY HOUSE Nº 17D-8,Manitoba,,,https://clss.nrcan-rncan.gc.ca/data-donnees/sgb_datasets/MB
RÉSERVE INDIENNE NORWAY HOUSE Nº 17D-9,Manitoba,,,https://clss.nrcan-rncan.gc.ca/data-donnees/sgb_datasets/MB
RÉSERVE INDIENNE NOTIN SAKAHEKUN,Manitoba,,,https://clss.nrcan-rncan.gc.ca/data-donnees/sgb_datasets/MB
RÉSERVE INDIENNE NUMAYKOOS SAKAHEYKUN,Manitoba,,,https://clss.nrcan-rncan.gc.ca/data-donnees/sgb_datasets/MB
RÉSERVE INDIENNE O-PIPON-NA-PIWIN CREE NATION Nº 1,Manitoba,,,https://clss.nrcan-rncan.gc.ca/data-donnees/sgb_datasets/MB
RÉSERVE INDIENNE OBUSHKUDAYANG,Manitoba,,,https://clss.nrcan-rncan.gc.ca/data-donnees/sgb_datasets/MB
RÉSERVE INDIENNE OHPAHAHPISKOW SAKAHEGAN,Manitoba,,,https://clss.nrcan-rncan.gc.ca/data-donnees/sgb_datasets/MB
RÉSERVE INDIENNE OPASKWAYAK CREE NATION ROCKY LAKE INTERIOR,Manitoba,,,https://clss.nrcan-rncan.gc.ca/data-donnees/sgb_datasets/MB
RÉSERVE INDIENNE OPEKANOWI SAKAHEYKUN,Manitoba,,,https://clss.nrcan-rncan.gc.ca/data-donnees/sgb_datasets/MB
RÉSERVE INDIENNE OPEKUNOSAKAKANIHK,Manitoba,,,https://clss.nrcan-rncan.gc.ca/data-donnees/sgb_datasets/MB
RÉSERVE INDIENNE OVERFLOWING RIVER DE LA NATION CREE,Manitoba,,,https://clss.nrcan-rncan.gc.ca/data-donnees/sgb_datasets/MB
RÉSERVE INDIENNE OXFORD HOUSE 24A,Manitoba,,,https://clss.nrcan-rncan.gc.ca/data-donnees/sgb_datasets/MB
RÉSERVE INDIENNE OXFORD HOUSE 24B,Manitoba,,,https://clss.nrcan-rncan.gc.ca/data-donnees/sgb_datasets/MB
RÉSERVE INDIENNE OXFORD HOUSE 24C,Manitoba,,,https://clss.nrcan-rncan.gc.ca/data-donnees/sgb_datasets/MB
RÉSERVE INDIENNE OXFORD HOUSE 24D,Manitoba,,,https://clss.nrcan-rncan.gc.ca/data-donnees/sgb_datasets/MB
RÉSERVE INDIENNE OXFORD LAKE NORTH SHORE,Manitoba,,,https://clss.nrcan-rncan.gc.ca/data-donnees/sgb_datasets/MB
RÉSERVE INDIENNE PACHAPESIHK WASAHOW,Manitoba,,,https://clss.nrcan-rncan.gc.ca/data-donnees/sgb_datasets/MB
RÉSERVE INDIENNE PONASK LAKE,Manitoba,,,https://clss.nrcan-rncan.gc.ca/data-donnees/sgb_datasets/MB
RÉSERVE INDIENNE PROMINENT RIDGE,Manitoba,,,https://clss.nrcan-rncan.gc.ca/data-donnees/sgb_datasets/MB
RÉSERVE INDIENNE RED CROSS LAKE EAST,Manitoba,,,https://clss.nrcan-rncan.gc.ca/data-donnees/sgb_datasets/MB
RÉSERVE INDIENNE RED CROSS LAKE NORTH,Manitoba,,,https://clss.nrcan-rncan.gc.ca/data-donnees/sgb_datasets/MB
RÉSERVE INDIENNE RED SUCKER LAKE NO 1976 A,Manitoba,,,https://clss.nrcan-rncan.gc.ca/data-donnees/sgb_datasets/MB
RÉSERVE INDIENNE RED SUCKER LAKE NO 1976 C,Manitoba,,,https://clss.nrcan-rncan.gc.ca/data-donnees/sgb_datasets/MB
RÉSERVE INDIENNE RED SUCKER LAKE NO 1976 D,Manitoba,,,https://clss.nrcan-rncan.gc.ca/data-donnees/sgb_datasets/MB
RÉSERVE INDIENNE RED SUCKER LAKE NO 1976 F,Manitoba,,,https://clss.nrcan-rncan.gc.ca/data-donnees/sgb_datasets/MB
RÉSERVE INDIENNE RED SUCKER LAKE NO 1976 G,Manitoba,,,https://clss.nrcan-rncan.gc.ca/data-donnees/sgb_datasets/MB
RÉSERVE INDIENNE RED SUCKER LAKE NO 1976 H,Manitoba,,,https://clss.nrcan-rncan.gc.ca/data-donnees/sgb_datasets/MB
RÉSERVE INDIENNE ROCKY LAKE NO. 1 DE LA NATION CRIE D'OPASKWAYAK,Manitoba,,,https://clss.nrcan-rncan.gc.ca/data-donnees/sgb_datasets/MB
RÉSERVE INDIENNE ROLLING RIVER NO 67,Manitoba,,,https://clss.nrcan-rncan.gc.ca/data-donnees/sgb_datasets/MB
RÉSERVE INDIENNE ROLLING RIVER NO 67A,Manitoba,,,https://clss.nrcan-rncan.gc.ca/data-donnees/sgb_datasets/MB
RÉSERVE INDIENNE ROOT LAKE BEACH RIDGE SITE,Manitoba,,,https://clss.nrcan-rncan.gc.ca/data-donnees/sgb_datasets/MB
RÉSERVE INDIENNE ROSEAU RIVER ANISHINABE FIRST NATION Nº 2B,Manitoba,,,https://clss.nrcan-rncan.gc.ca/data-donnees/sgb_datasets/MB
RÉSERVE INDIENNE SHETH CHOK,Manitoba,,,https://clss.nrcan-rncan.gc.ca/data-donnees/sgb_datasets/MB
RÉSERVE INDIENNE SHOAL LAKE NO. 37A,Manitoba,,,https://clss.nrcan-rncan.gc.ca/data-donnees/sgb_datasets/MB
RÉSERVE INDIENNE SHOAL LAKE NO. 39,Manitoba,,,https://clss.nrcan-rncan.gc.ca/data-donnees/sgb_datasets/MB
RÉSERVE INDIENNE SHOAL LAKE NO. 39A,Manitoba,,,https://clss.nrcan-rncan.gc.ca/data-donnees/sgb_datasets/MB
RÉSERVE INDIENNE SHOAL LAKE NO. 40,Manitoba,,,https://clss.nrcan-rncan.gc.ca/data-donnees/sgb_datasets/MB
RÉSERVE INDIENNE SISIPUK SAKAHEGAN (A),Manitoba,,,https://clss.nrcan-rncan.gc.ca/data-donnees/sgb_datasets/MB
RÉSERVE INDIENNE SISIPUK SAKAHEGAN (B),Manitoba,,,https://clss.nrcan-rncan.gc.ca/data-donnees/sgb_datasets/MB
RÉSERVE INDIENNE SISIPUK SAKAHEGAN (C),Manitoba,,,https://clss.nrcan-rncan.gc.ca/data-donnees/sgb_datasets/MB
RÉSERVE INDIENNE SUCKER LAKE NO 1976 B,Manitoba,,,https://clss.nrcan-rncan.gc.ca/data-donnees/sgb_datasets/MB
RÉSERVE INDIENNE TAJABANILIN,Manitoba,,,https://clss.nrcan-rncan.gc.ca/data-donnees/sgb_datasets/MB
RÉSERVE INDIENNE THAI DA RE,Manitoba,,,https://clss.nrcan-rncan.gc.ca/data-donnees/sgb_datasets/MB
RÉSERVE INDIENNE THAÍ TUWÉ,Manitoba,,,https://clss.nrcan-rncan.gc.ca/data-donnees/sgb_datasets/MB
RÉSERVE INDIENNE THUYCHOLEENI,Manitoba,,,https://clss.nrcan-rncan.gc.ca/data-donnees/sgb_datasets/MB
RÉSERVE INDIENNE THUYCHOLEENI AZÉ,Manitoba,,,https://clss.nrcan-rncan.gc.ca/data-donnees/sgb_datasets/MB
RÉSERVE INDIENNE TLOCK DESI CHIYE,Manitoba,,,https://clss.nrcan-rncan.gc.ca/data-donnees/sgb_datasets/MB
RÉSERVE INDIENNE TTHEKALÉ NU,Manitoba,,,https://clss.nrcan-rncan.gc.ca/data-donnees/sgb_datasets/MB
RÉSERVE INDIENNE VERMILYEA LAKE,Manitoba,,,https://clss.nrcan-rncan.gc.ca/data-donnees/sgb_datasets/MB
RÉSERVE INDIENNE WAPASIHK,Manitoba,,,https://clss.nrcan-rncan.gc.ca/data-donnees/sgb_datasets/MB
RÉSERVE INDIENNE WAPISEW LAKE,Manitoba,,,https://clss.nrcan-rncan.gc.ca/data-donnees/sgb_datasets/MB
RÉSERVE INDIENNE WEPUSKOW OHNIKAHP,Manitoba,,,https://clss.nrcan-rncan.gc.ca/data-donnees/sgb_datasets/MB
RÉSERVE INDIENNE WHITEMUD LAKE,Manitoba,,,https://clss.nrcan-rncan.gc.ca/data-donnees/sgb_datasets/MB
RÉSERVE INDIENNE WOLF RIVER,Manitoba,,,https://clss.nrcan-rncan.gc.ca/data-donnees/sgb_datasets/MB
RÉSERVE INDIENNE WUSKWI SAKAHEYKUN,Manitoba,,,https://clss.nrcan-rncan.gc.ca/data-donnees/sgb_datasets/MB
RÉSERVE INDIENNE WUSKWI SIPI,Manitoba,,,https://clss.nrcan-rncan.gc.ca/data-donnees/sgb_datasets/MB
RÉSERVE INDIENNE WUSKWI SIPIHK FIRST NATION NO 1,Manitoba,,,https://clss.nrcan-rncan.gc.ca/data-donnees/sgb_datasets/MB
RÉSERVE INDIENNE WUSKWI SIPIHK FIRST NATION NO 2,Manitoba,,,https://clss.nrcan-rncan.gc.ca/data-donnees/sgb_datasets/MB
RÉSERVE INDIENNE WUSKWI SIPIHK Nº 5,Manitoba,,,https://clss.nrcan-rncan.gc.ca/data-donnees/sgb_datasets/MB
RÉSERVE INDIENNE WUSKWI SIPIHK Nº 6,Manitoba,,,https://clss.nrcan-rncan.gc.ca/data-donnees/sgb_datasets/MB
RÉSERVE INDIENNE YATHIE NITANIAH,Manitoba,,,https://clss.nrcan-rncan.gc.ca/data-donnees/sgb_datasets/MB
RÉSERVE INIDENNE DE MASIKÏSKAHK,Manitoba,,,https://clss.nrcan-rncan.gc.ca/data-donnees/sgb_datasets/MB
RÉSERVE OPASKWAYAK CREE NATION NO 21,Manitoba,,,https://clss.nrcan-rncan.gc.ca/data-donnees/sgb_datasets/MB
RÉSERVE OPASKWAYAK CREE NATION NO 21C,Manitoba,,,https://clss.nrcan-rncan.gc.ca/data-donnees/sgb_datasets/MB
RÉSERVE OPASKWAYAK CREE NATION NO 21J,Manitoba,,,https://clss.nrcan-rncan.gc.ca/data-donnees/sgb_datasets/MB
RÉSERVE OPASKWAYAK CREE NATION NO 21K,Manitoba,,,https://clss.nrcan-rncan.gc.ca/data-donnees/sgb_datasets/MB
RÉSERVE OPASKWAYAK CREE NATION NO 21L,Manitoba,,,https://clss.nrcan-rncan.gc.ca/data-donnees/sgb_datasets/MB
RÉSERVE OPASKWAYAK CREE NATION NO 21N,Manitoba,,,https://clss.nrcan-rncan.gc.ca/data-donnees/sgb_datasets/MB
RÉSERVE OPASKWAYAK CREE NATION NO 21P,Manitoba,,,https://clss.nrcan-rncan.gc.ca/data-donnees/sgb_datasets/MB
RÉSERVE OPASKWAYAK CREE NATION NO 21A,Manitoba,,,https://clss.nrcan-rncan.gc.ca/data-donnees/sgb_datasets/MB
RÉSERVE OPASKWAYAK CREE NATION NO 21B,Manitoba,,,https://clss.nrcan-rncan.gc.ca/data-donnees/sgb_datasets/MB
RÉSERVE OPASKWAYAK CREE NATION NO 21D,Manitoba,,,https://clss.nrcan-rncan.gc.ca/data-donnees/sgb_datasets/MB
RÉSERVE OPASKWAYAK CREE NATION NO 21E,Manitoba,,,https://clss.nrcan-rncan.gc.ca/data-donnees/sgb_datasets/MB
RÉSERVE OPASKWAYAK CREE NATION NO 21F,Manitoba,,,https://clss.nrcan-rncan.gc.ca/data-donnees/sgb_datasets/MB
RÉSERVE OPASKWAYAK CREE NATION NO 21G,Manitoba,,,https://clss.nrcan-rncan.gc.ca/data-donnees/sgb_datasets/MB
RÉSERVE OPASKWAYAK CREE NATION NO 21I,Manitoba,,,https://clss.nrcan-rncan.gc.ca/data-donnees/sgb_datasets/MB
RÉSERVE OPASKWAYAK CREE NATION ROOT LAKE NO 231,Manitoba,,,https://clss.nrcan-rncan.gc.ca/data-donnees/sgb_datasets/MB
RÉSERVE OPASKWAYAK CREE NATION SALT CHANNEL 21D,Manitoba,,,https://clss.nrcan-rncan.gc.ca/data-donnees/sgb_datasets/MB
SANDY BAY NO 5,Manitoba,,,https://clss.nrcan-rncan.gc.ca/data-donnees/sgb_datasets/MB
SAPOTAWEYAK CREE NATION (SCN) SWAN RIVER LOT 2 INDIAN RESERVE,Manitoba,,,https://clss.nrcan-rncan.gc.ca/data-donnees/sgb_datasets/MB
SHAMATTAWA NO 1,Manitoba,,,https://clss.nrcan-rncan.gc.ca/data-donnees/sgb_datasets/MB
SHOAL RIVER INDIAN RESERVE NO 65F,Manitoba,,,https://clss.nrcan-rncan.gc.ca/data-donnees/sgb_datasets/MB
SIOUX VALLEY DAKOTA NATION,Manitoba,,,https://clss.nrcan-rncan.gc.ca/data-donnees/sgb_datasets/MB
SIOUX VALLEY INDIAN RESERVE NO. 58A,Manitoba,,,https://clss.nrcan-rncan.gc.ca/data-donnees/sgb_datasets/MB
SPLIT LAKE NO 171,Manitoba,,,https://clss.nrcan-rncan.gc.ca/data-donnees/sgb_datasets/MB
SPLIT LAKE NO 171A,Manitoba,,,https://clss.nrcan-rncan.gc.ca/data-donnees/sgb_datasets/MB
SPLIT LAKE NO 171B,Manitoba,,,https://clss.nrcan-rncan.gc.ca/data-donnees/sgb_datasets/MB
ST. PETERS FISHING STATION NO 1A,Manitoba,,,https://clss.nrcan-rncan.gc.ca/data-donnees/sgb_datasets/MB
STURGEON FALLS CAMP INDIAN RESERVE,Manitoba,,,https://clss.nrcan-rncan.gc.ca/data-donnees/sgb_datasets/MB
SWAN RIVER LOT - SAPOTAWEYAK CREE NATION,Manitoba,,,https://clss.nrcan-rncan.gc.ca/data-donnees/sgb_datasets/MB
TATUWE CHOK INDIAN RESERVE,Manitoba,,,https://clss.nrcan-rncan.gc.ca/data-donnees/sgb_datasets/MB
THAÍ TUWÉ 2 INDIAN RESERVE,Manitoba,,,https://clss.nrcan-rncan.gc.ca/data-donnees/sgb_datasets/MB
THAÍCHONILINI INDIAN RESERVE,Manitoba,,,https://clss.nrcan-rncan.gc.ca/data-donnees/sgb_datasets/MB
THAÍDARÉ INDIAN RESERVE,Manitoba,,,https://clss.nrcan-rncan.gc.ca/data-donnees/sgb_datasets/MB
THE NARROWS NO 49,Manitoba,,,https://clss.nrcan-rncan.gc.ca/data-donnees/sgb_datasets/MB
THE NARROWS NO 49A,Manitoba,,,https://clss.nrcan-rncan.gc.ca/data-donnees/sgb_datasets/MB
THI DARE INDIAN RESERVE,Manitoba,,,https://clss.nrcan-rncan.gc.ca/data-donnees/sgb_datasets/MB
THLEWIAZA RIVER INDIAN RESERVE,Manitoba,,,https://clss.nrcan-rncan.gc.ca/data-donnees/sgb_datasets/MB
TL'ODIZECHÉ INDIAN RESERVE,Manitoba,,,https://clss.nrcan-rncan.gc.ca/data-donnees/sgb_datasets/MB
TOOTINAOWAZIIBEENG TREATY RESERVE NO 292B,Manitoba,,,https://clss.nrcan-rncan.gc.ca/data-donnees/sgb_datasets/MB
TOOTINAOWAZIIBEENG TREATY RESERVE NO. 292A,Manitoba,,,https://clss.nrcan-rncan.gc.ca/data-donnees/sgb_datasets/MB
TU TXANILINI INDIAN RESERVE,Manitoba,,,https://clss.nrcan-rncan.gc.ca/data-donnees/sgb_datasets/MB
WAR LAKE A INDIAN RESERVE,Manitoba,,,https://clss.nrcan-rncan.gc.ca/data-donnees/sgb_datasets/MB
WASEKUSCUSIK BAY INDIAN RESERVE,Manitoba,,,https://clss.nrcan-rncan.gc.ca/data-donnees/sgb_datasets/MB
WATERHEN NO 45,Manitoba,,,https://clss.nrcan-rncan.gc.ca/data-donnees/sgb_datasets/MB
WAYWAYSEECAPPO FIRST NATION,Manitoba,,,https://clss.nrcan-rncan.gc.ca/data-donnees/sgb_datasets/MB
WAYWAYSEECAPPO HIGHWAY 10 INDIAN RESERVE,Manitoba,,,https://clss.nrcan-rncan.gc.ca/data-donnees/sgb_datasets/MB
WILLIAMS RIVER INDIAN RESERVE,Manitoba,,,https://clss.nrcan-rncan.gc.ca/data-donnees/sgb_datasets/MB
WINNIPEKOSIHK INDIAN RESERVE,Manitoba,,,https://clss.nrcan-rncan.gc.ca/data-donnees/sgb_datasets/MB
WUSKWI SIPIHK FIRST NATION KEEWATINOHK RESERVE,Manitoba,,,https://clss.nrcan-rncan.gc.ca/data-donnees/sgb_datasets/MB
WUSKWI SIPIHK FIRST NATION KINOSAO OTENAK RESERVE,Manitoba,,,https://clss.nrcan-rncan.gc.ca/data-donnees/sgb_datasets/MB
WUSKWI SIPIHK FIRST NATION MESKANOW MIHTESKANAHK KAWASKITIK RESERVE,Manitoba,,,https://clss.nrcan-rncan.gc.ca/data-donnees/sgb_datasets/MB
WUSKWI SIPIHK FIRST NATION MISTASINI KEEWATINOHK RESERVE,Manitoba,,,https://clss.nrcan-rncan.gc.ca/data-donnees/sgb_datasets/MB
WUSKWI SIPIHK FIRST NATION MISTASINI NEKAPEYANOHK RESERVE,Manitoba,,,https://clss.nrcan-rncan.gc.ca/data-donnees/sgb_datasets/MB
WUSKWI SIPIHK FIRST NATION MISTASINI SAWANOHK RESERVE,Manitoba,,,https://clss.nrcan-rncan.gc.ca/data-donnees/sgb_datasets/MB
WUSKWI SIPIHK FIRST NATION MISTASINI WAPNOHK RESERVE,Manitoba,,,https://clss.nrcan-rncan.gc.ca/data-donnees/sgb_datasets/MB
WUSKWI SIPIHK FIRST NATION PORCUPINE RIDGE RESERVE,Manitoba,,,https://clss.nrcan-rncan.gc.ca/data-donnees/sgb_datasets/MB
WUSKWI SIPIHK FIRST NATION WAPISIW SIPIHK RESERVE,Manitoba,,,https://clss.nrcan-rncan.gc.ca/data-donnees/sgb_datasets/MB
YORK LANDING,Manitoba,,,https://clss.nrcan-rncan.gc.ca/data-donnees/sgb_datasets/MB
BILIJK,Nouveau-Brunswick,,,https://clss.nrcan-rncan.gc.ca/data-donnees/sgb_datasets/NB
BUCTOUCHE MICMAC BAND EXTENSION,Nouveau-Brunswick,,,https://clss.nrcan-rncan.gc.ca/data-donnees/sgb_datasets/NB
METEPENAGIAG UTA'NK,Nouveau-Brunswick,,,https://clss.nrcan-rncan.gc.ca/data-donnees/sgb_datasets/NB
OINPEGITJOIG INDIAN RESERVE,Nouveau-Brunswick,,,https://clss.nrcan-rncan.gc.ca/data-donnees/sgb_datasets/NB
RÉSERVE INDIENNE BIG HOLE TRACT NO. 8 (NORTH HALF),Nouveau-Brunswick,,,https://clss.nrcan-rncan.gc.ca/data-donnees/sgb_datasets/NB
RÉSERVE INDIENNE BIG HOLE TRACT NO. 8 (SOUTH HALF),Nouveau-Brunswick,,,https://clss.nrcan-rncan.gc.ca/data-donnees/sgb_datasets/NB
RÉSERVE INDIENNE BUCTOUCHE NO. 16,Nouveau-Brunswick,,,https://clss.nrcan-rncan.gc.ca/data-donnees/sgb_datasets/NB
RÉSERVE INDIENNE D'OROMOCTO NO. 26,Nouveau-Brunswick,,,https://clss.nrcan-rncan.gc.ca/data-donnees/sgb_datasets/NB
RÉSERVE INDIENNE DEVON NO. 30,Nouveau-Brunswick,,,https://clss.nrcan-rncan.gc.ca/data-donnees/sgb_datasets/NB
RÉSERVE INDIENNE EEL GROUND NO. 2,Nouveau-Brunswick,,,https://clss.nrcan-rncan.gc.ca/data-donnees/sgb_datasets/NB
RÉSERVE INDIENNE EEL RIVER NO. 3,Nouveau-Brunswick,,,https://clss.nrcan-rncan.gc.ca/data-donnees/sgb_datasets/NB
RÉSERVE INDIENNE ESGENOÔPETITJ NO 14,Nouveau-Brunswick,,,https://clss.nrcan-rncan.gc.ca/data-donnees/sgb_datasets/NB
RÉSERVE INDIENNE FORT FOLLY NO. 1,Nouveau-Brunswick,,,https://clss.nrcan-rncan.gc.ca/data-donnees/sgb_datasets/NB
RÉSERVE INDIENNE INDIAN ISLAND NO. 28,Nouveau-Brunswick,,,https://clss.nrcan-rncan.gc.ca/data-donnees/sgb_datasets/NB
RÉSERVE INDIENNE INDIAN POINT NO. 1,Nouveau-Brunswick,,,https://clss.nrcan-rncan.gc.ca/data-donnees/sgb_datasets/NB
RÉSERVE INDIENNE INDIAN RANCH,Nouveau-Brunswick,,,https://clss.nrcan-rncan.gc.ca/data-donnees/sgb_datasets/NB
RÉSERVE INDIENNE MOOSE MEADOWS NO. 4,Nouveau-Brunswick,,,https://clss.nrcan-rncan.gc.ca/data-donnees/sgb_datasets/NB
RÉSERVE INDIENNE PABINEAU NO. 11,Nouveau-Brunswick,,,https://clss.nrcan-rncan.gc.ca/data-donnees/sgb_datasets/NB
RÉSERVE INDIENNE POKEMOUCHE NO. 13,Nouveau-Brunswick,,,https://clss.nrcan-rncan.gc.ca/data-donnees/sgb_datasets/NB
RÉSERVE INDIENNE RED BANK NO. 4,Nouveau-Brunswick,,,https://clss.nrcan-rncan.gc.ca/data-donnees/sgb_datasets/NB
RÉSERVE INDIENNE RED BANK NO. 7,Nouveau-Brunswick,,,https://clss.nrcan-rncan.gc.ca/data-donnees/sgb_datasets/NB
RÉSERVE INDIENNE RENOUS NO. 12,Nouveau-Brunswick,,,https://clss.nrcan-rncan.gc.ca/data-donnees/sgb_datasets/NB
RÉSERVE INDIENNE RICHIBUCTO NO. 15,Nouveau-Brunswick,,,https://clss.nrcan-rncan.gc.ca/data-donnees/sgb_datasets/NB
RÉSERVE INDIENNE SOEGAO NO. 35,Nouveau-Brunswick,,,https://clss.nrcan-rncan.gc.ca/data-donnees/sgb_datasets/NB
RÉSERVE INDIENNE ST. BASILE NO. 10,Nouveau-Brunswick,,,https://clss.nrcan-rncan.gc.ca/data-donnees/sgb_datasets/NB
RÉSERVE INDIENNE ST. MARY'S NO. 24,Nouveau-Brunswick,,,https://clss.nrcan-rncan.gc.ca/data-donnees/sgb_datasets/NB
RÉSERVE INDIENNE TABUSINTAC NO. 9,Nouveau-Brunswick,,,https://clss.nrcan-rncan.gc.ca/data-donnees/sgb_datasets/NB
RÉSERVE INDIENNE THE BROTHERS NO. 18,Nouveau-Brunswick,,,https://clss.nrcan-rncan.gc.ca/data-donnees/sgb_datasets/NB
RÉSERVE INDIENNE TOBIQUE NO. 20,Nouveau-Brunswick,,,https://clss.nrcan-rncan.gc.ca/data-donnees/sgb_datasets/NB
RÉSERVE INDIENNE WOODSTOCK NO. 23,Nouveau-Brunswick,,,https://clss.nrcan-rncan.gc.ca/data-donnees/sgb_datasets/NB
RÉSERVE METEPENAGIAG URBAN 3,Nouveau-Brunswick,,,https://clss.nrcan-rncan.gc.ca/data-donnees/sgb_datasets/NB
RÉSERVE METEPENAGIAG URBAN RESERVE 8,Nouveau-Brunswick,,,https://clss.nrcan-rncan.gc.ca/data-donnees/sgb_datasets/NB
GLOOSCAP LANDING RESERVE,Nouvelle-Écosse,,,https://clss.nrcan-rncan.gc.ca/data-donnees/sgb_datasets/NS
HAMMONDS PLAINS RESERVE,Nouvelle-Écosse,,,https://clss.nrcan-rncan.gc.ca/data-donnees/sgb_datasets/NS
PREMIÈRE NATION DE LA VALLÉE DE L'ANNAPOLIS,Nouvelle-Écosse,,,https://clss.nrcan-rncan.gc.ca/data-donnees/sgb_datasets/NS
RÉSERVE INDIENNE BEAR RIVER NO. 6,Nouvelle-Écosse,,,https://clss.nrcan-rncan.gc.ca/data-donnees/sgb_datasets/NS
RÉSERVE INDIENNE BEAR RIVER NO. 6A,Nouvelle-Écosse,,,https://clss.nrcan-rncan.gc.ca/data-donnees/sgb_datasets/NS
RÉSERVE INDIENNE BEAR RIVER NO. 6B,Nouvelle-Écosse,,,https://clss.nrcan-rncan.gc.ca/data-donnees/sgb_datasets/NS
RÉSERVE INDIENNE BEAVER LAKE NO. 17,Nouvelle-Écosse,,,https://clss.nrcan-rncan.gc.ca/data-donnees/sgb_datasets/NS
RÉSERVE INDIENNE BOAT HARBOUR WEST NO. 37,Nouvelle-Écosse,,,https://clss.nrcan-rncan.gc.ca/data-donnees/sgb_datasets/NS
RÉSERVE INDIENNE CARIBOU MARSH NO. 29,Nouvelle-Écosse,,,https://clss.nrcan-rncan.gc.ca/data-donnees/sgb_datasets/NS
RÉSERVE INDIENNE CHAPEL ISLAND NO. 5,Nouvelle-Écosse,,,https://clss.nrcan-rncan.gc.ca/data-donnees/sgb_datasets/NS
RÉSERVE INDIENNE COLE HARBOUR NO. 30,Nouvelle-Écosse,,,https://clss.nrcan-rncan.gc.ca/data-donnees/sgb_datasets/NS
RÉSERVE INDIENNE DE TUFTS COVE,Nouvelle-Écosse,,,https://clss.nrcan-rncan.gc.ca/data-donnees/sgb_datasets/NS
RÉSERVE INDIENNE ESKASONI NO. 3,Nouvelle-Écosse,,,https://clss.nrcan-rncan.gc.ca/data-donnees/sgb_datasets/NS
RÉSERVE INDIENNE ESKASONI NO. 3A,Nouvelle-Écosse,,,https://clss.nrcan-rncan.gc.ca/data-donnees/sgb_datasets/NS
RÉSERVE INDIENNE FISHER'S GRANT NO. 24,Nouvelle-Écosse,,,https://clss.nrcan-rncan.gc.ca/data-donnees/sgb_datasets/NS
RÉSERVE INDIENNE FISHER'S GRANT RESERVE NO. 24G,Nouvelle-Écosse,,,https://clss.nrcan-rncan.gc.ca/data-donnees/sgb_datasets/NS
RÉSERVE INDIENNE FRANKLIN MANOR NO. 22 (PART),Nouvelle-Écosse,,,https://clss.nrcan-rncan.gc.ca/data-donnees/sgb_datasets/NS
RÉSERVE INDIENNE GLOOSCAP NO. 35,Nouvelle-Écosse,,,https://clss.nrcan-rncan.gc.ca/data-donnees/sgb_datasets/NS
RÉSERVE INDIENNE GOLD RIVER NO. 21,Nouvelle-Écosse,,,https://clss.nrcan-rncan.gc.ca/data-donnees/sgb_datasets/NS
RÉSERVE INDIENNE INDIAN BROOK NO. 14,Nouvelle-Écosse,,,https://clss.nrcan-rncan.gc.ca/data-donnees/sgb_datasets/NS
RÉSERVE INDIENNE MALAGAWATCH NO. 4,Nouvelle-Écosse,,,https://clss.nrcan-rncan.gc.ca/data-donnees/sgb_datasets/NS
RÉSERVE INDIENNE MARGAREE NO. 25,Nouvelle-Écosse,,,https://clss.nrcan-rncan.gc.ca/data-donnees/sgb_datasets/NS
RÉSERVE INDIENNE MEDWAY RIVER NO. 11,Nouvelle-Écosse,,,https://clss.nrcan-rncan.gc.ca/data-donnees/sgb_datasets/NS
RÉSERVE INDIENNE MEMBERTOU NO. 28B,Nouvelle-Écosse,,,https://clss.nrcan-rncan.gc.ca/data-donnees/sgb_datasets/NS
RÉSERVE INDIENNE MERIGOMISH HARBOUR NO. 31,Nouvelle-Écosse,,,https://clss.nrcan-rncan.gc.ca/data-donnees/sgb_datasets/NS
RÉSERVE INDIENNE MILLBROOK NO. 27,Nouvelle-Écosse,,,https://clss.nrcan-rncan.gc.ca/data-donnees/sgb_datasets/NS
RÉSERVE INDIENNE NEW ROSS NO. 20,Nouvelle-Écosse,,,https://clss.nrcan-rncan.gc.ca/data-donnees/sgb_datasets/NS
RÉSERVE INDIENNE PAQTNKEK-NIKTUEK Nº 23,Nouvelle-Écosse,,,https://clss.nrcan-rncan.gc.ca/data-donnees/sgb_datasets/NS
RÉSERVE INDIENNE PENNAL NO. 19,Nouvelle-Écosse,,,https://clss.nrcan-rncan.gc.ca/data-donnees/sgb_datasets/NS
RÉSERVE INDIENNE PONHOOK LAKE NO. 10,Nouvelle-Écosse,,,https://clss.nrcan-rncan.gc.ca/data-donnees/sgb_datasets/NS
RÉSERVE INDIENNE SHEET HARBOUR NO. 36,Nouvelle-Écosse,,,https://clss.nrcan-rncan.gc.ca/data-donnees/sgb_datasets/NS
RÉSERVE INDIENNE SHUBENACADIE NO. 13,Nouvelle-Écosse,,,https://clss.nrcan-rncan.gc.ca/data-donnees/sgb_datasets/NS
RÉSERVE INDIENNE ST. CROIX NO. 34,Nouvelle-Écosse,,,https://clss.nrcan-rncan.gc.ca/data-donnees/sgb_datasets/NS
RÉSERVE INDIENNE SYDNEY NO. 28A,Nouvelle-Écosse,,,https://clss.nrcan-rncan.gc.ca/data-donnees/sgb_datasets/NS
RÉSERVE INDIENNE TRURO NO. 27A,Nouvelle-Écosse,,,https://clss.nrcan-rncan.gc.ca/data-donnees/sgb_datasets/NS
RÉSERVE INDIENNE TRURO NO. 27B,Nouvelle-Écosse,,,https://clss.nrcan-rncan.gc.ca/data-donnees/sgb_datasets/NS
RÉSERVE INDIENNE TRURO NO. 27C,Nouvelle-Écosse,,,https://clss.nrcan-rncan.gc.ca/data-donnees/sgb_datasets/NS
RÉSERVE INDIENNE WAGMATCOOK NO. 1,Nouvelle-Écosse,,,https://clss.nrcan-rncan.gc.ca/data-donnees/sgb_datasets/NS
RÉSERVE INDIENNE WALLACE HILLS NO 14A,Nouvelle-Écosse,,,https://clss.nrcan-rncan.gc.ca/data-donnees/sgb_datasets/NS
RÉSERVE INDIENNE WELNEK Nº 38,Nouvelle-Écosse,,,https://clss.nrcan-rncan.gc.ca/data-donnees/sgb_datasets/NS
RÉSERVE INDIENNE WHYCOCOMAGH NO. 2,Nouvelle-Écosse,,,https://clss.nrcan-rncan.gc.ca/data-donnees/sgb_datasets/NS
RÉSERVE INDIENNE WILDCAT NO. 12,Nouvelle-Écosse,,,https://clss.nrcan-rncan.gc.ca/data-donnees/sgb_datasets/NS
RÉSERVE INDIENNE YARMOUTH NO. 33,Nouvelle-Écosse,,,https://clss.nrcan-rncan.gc.ca/data-donnees/sgb_datasets/NS
CALDWELL FIRST NATION RESERVE,Ontario,,,https://clss.nrcan-rncan.gc.ca/data-donnees/sgb_datasets/ON
CHIPPEWAS OF GEORGINA ISLAND FIRST NATION,Ontario,,,https://clss.nrcan-rncan.gc.ca/data-donnees/sgb_datasets/ON
CHIPPEWAS OF THE THAMES FIRST NATION RESERVE NO. 42,Ontario,,,https://clss.nrcan-rncan.gc.ca/data-donnees/sgb_datasets/ON
GINOOGAMING FIRST NATION,Ontario,,,https://clss.nrcan-rncan.gc.ca/data-donnees/sgb_datasets/ON
HIAWATHA FIRST NATION,Ontario,,,https://clss.nrcan-rncan.gc.ca/data-donnees/sgb_datasets/ON
KEE-WAY-WIN,Ontario,,,https://clss.nrcan-rncan.gc.ca/data-donnees/sgb_datasets/ON
KITCHENUHMAYKOOSIB AAKI NO. 84,Ontario,,,https://clss.nrcan-rncan.gc.ca/data-donnees/sgb_datasets/ON
MISHI SAKAHIKANIING,Ontario,,,https://clss.nrcan-rncan.gc.ca/data-donnees/sgb_datasets/ON
MISSANABIE CREE FIRST NATION RESERVE,Ontario,,,https://clss.nrcan-rncan.gc.ca/data-donnees/sgb_datasets/ON
MISSISSAUGAS OF SCUGOG ISLAND,Ontario,,,https://clss.nrcan-rncan.gc.ca/data-donnees/sgb_datasets/ON
MUNSEE-DELAWARE NATION NO. 1,Ontario,,,https://clss.nrcan-rncan.gc.ca/data-donnees/sgb_datasets/ON
PARRY ISLAND FIRST NATION,Ontario,,,https://clss.nrcan-rncan.gc.ca/data-donnees/sgb_datasets/ON
PIKWAKANAGAN,Ontario,,,https://clss.nrcan-rncan.gc.ca/data-donnees/sgb_datasets/ON
PREMIÈRE NATION CHIPPEWAS OF RAMA,Ontario,,,https://clss.nrcan-rncan.gc.ca/data-donnees/sgb_datasets/ON
RAINY RIVER FIRST NATIONS NO 1,Ontario,,,https://clss.nrcan-rncan.gc.ca/data-donnees/sgb_datasets/ON
RAINY RIVER FIRST NATIONS NO 2,Ontario,,,https://clss.nrcan-rncan.gc.ca/data-donnees/sgb_datasets/ON
RAINY RIVER FIRST NATIONS NO 3,Ontario,,,https://clss.nrcan-rncan.gc.ca/data-donnees/sgb_datasets/ON
RAINY RIVER FIRST NATIONS NO 4,Ontario,,,https://clss.nrcan-rncan.gc.ca/data-donnees/sgb_datasets/ON
RÉSERVE AKWESASNE NO. 59,Ontario,,,https://clss.nrcan-rncan.gc.ca/data-donnees/sgb_datasets/ON
RÉSERVE ALDERVILLE FIRST NATION,Ontario,,,https://clss.nrcan-rncan.gc.ca/data-donnees/sgb_datasets/ON
RÉSERVE DE LA NATION SLATE FALLS,Ontario,,,https://clss.nrcan-rncan.gc.ca/data-donnees/sgb_datasets/ON
RÉSERVE DE LA PREMIÈRE NATION SAND POINT,Ontario,,,https://clss.nrcan-rncan.gc.ca/data-donnees/sgb_datasets/ON
RÉSERVE INDIAN RIVER,Ontario,,,https://clss.nrcan-rncan.gc.ca/data-donnees/sgb_datasets/ON
RÉSERVE INDIENNE ABITIBI NO. 70,Ontario,,,https://clss.nrcan-rncan.gc.ca/data-donnees/sgb_datasets/ON
RÉSERVE INDIENNE AGENCY NO. 1,Ontario,,,https://clss.nrcan-rncan.gc.ca/data-donnees/sgb_datasets/ON
RÉSERVE INDIENNE AGENCY NO. 30,Ontario,,,https://clss.nrcan-rncan.gc.ca/data-donnees/sgb_datasets/ON
RÉSERVE INDIENNE ATTAWAPISKAT NO. 91,Ontario,,,https://clss.nrcan-rncan.gc.ca/data-donnees/sgb_datasets/ON
RÉSERVE INDIENNE ATTAWAPISKAT NO. 91A,Ontario,,,https://clss.nrcan-rncan.gc.ca/data-donnees/sgb_datasets/ON
RÉSERVE INDIENNE BEAR ISLAND NO. 1,Ontario,,,https://clss.nrcan-rncan.gc.ca/data-donnees/sgb_datasets/ON
RÉSERVE INDIENNE BEARSKIN LAKE,Ontario,,,https://clss.nrcan-rncan.gc.ca/data-donnees/sgb_datasets/ON
RÉSERVE INDIENNE BIG GRASSY RIVER NO. 35G,Ontario,,,https://clss.nrcan-rncan.gc.ca/data-donnees/sgb_datasets/ON
RÉSERVE INDIENNE BIG ISLAND MAINLAND NO. 93,Ontario,,,https://clss.nrcan-rncan.gc.ca/data-donnees/sgb_datasets/ON
RÉSERVE INDIENNE BIG ISLAND NO. 31D,Ontario,,,https://clss.nrcan-rncan.gc.ca/data-donnees/sgb_datasets/ON
RÉSERVE INDIENNE BIG ISLAND NO. 31E,Ontario,,,https://clss.nrcan-rncan.gc.ca/data-donnees/sgb_datasets/ON
RÉSERVE INDIENNE BIG ISLAND NO. 31F,Ontario,,,https://clss.nrcan-rncan.gc.ca/data-donnees/sgb_datasets/ON
RÉSERVE INDIENNE BIG ISLAND NO. 37,Ontario,,,https://clss.nrcan-rncan.gc.ca/data-donnees/sgb_datasets/ON
RÉSERVE INDIENNE CAPE CROKER HUNTING GROUND NO. 60B,Ontario,,,https://clss.nrcan-rncan.gc.ca/data-donnees/sgb_datasets/ON
RÉSERVE INDIENNE CAT LAKE NO. 63C,Ontario,,,https://clss.nrcan-rncan.gc.ca/data-donnees/sgb_datasets/ON
RÉSERVE INDIENNE CHAPLEAU CREE FOX LAKE,Ontario,,,https://clss.nrcan-rncan.gc.ca/data-donnees/sgb_datasets/ON
RÉSERVE INDIENNE CHAPLEAU NO. 61,Ontario,,,https://clss.nrcan-rncan.gc.ca/data-donnees/sgb_datasets/ON
RÉSERVE INDIENNE CHAPLEAU NO. 61A,Ontario,,,https://clss.nrcan-rncan.gc.ca/data-donnees/sgb_datasets/ON
RÉSERVE INDIENNE CHAPLEAU NO. 74,Ontario,,,https://clss.nrcan-rncan.gc.ca/data-donnees/sgb_datasets/ON
RÉSERVE INDIENNE CHAPLEAU NO. 74A,Ontario,,,https://clss.nrcan-rncan.gc.ca/data-donnees/sgb_datasets/ON
RÉSERVE INDIENNE CHAPLEAU NO. 75,Ontario,,,https://clss.nrcan-rncan.gc.ca/data-donnees/sgb_datasets/ON
RÉSERVE INDIENNE CHIEF'S POINT NO. 28,Ontario,,,https://clss.nrcan-rncan.gc.ca/data-donnees/sgb_datasets/ON
RÉSERVE INDIENNE CHIPPEWA ISLAND,Ontario,,,https://clss.nrcan-rncan.gc.ca/data-donnees/sgb_datasets/ON
RÉSERVE INDIENNE CHIPPEWAS OF GEORGINA ISLAND FIRST NATION NO. 33A,Ontario,,,https://clss.nrcan-rncan.gc.ca/data-donnees/sgb_datasets/ON
RÉSERVE INDIENNE CHRISTIAN ISLAND NO. 30,Ontario,,,https://clss.nrcan-rncan.gc.ca/data-donnees/sgb_datasets/ON
RÉSERVE INDIENNE CHRISTIAN ISLAND NO. 30A,Ontario,,,https://clss.nrcan-rncan.gc.ca/data-donnees/sgb_datasets/ON
RÉSERVE INDIENNE CONSTANCE LAKE NO. 92,Ontario,,,https://clss.nrcan-rncan.gc.ca/data-donnees/sgb_datasets/ON
RÉSERVE INDIENNE COUCHICHING NO. 16A,Ontario,,,https://clss.nrcan-rncan.gc.ca/data-donnees/sgb_datasets/ON
RÉSERVE INDIENNE CURVE LAKE FIRST NATION NO. 35,Ontario,,,https://clss.nrcan-rncan.gc.ca/data-donnees/sgb_datasets/ON
RÉSERVE INDIENNE CURVE LAKE NO. 35A,Ontario,,,https://clss.nrcan-rncan.gc.ca/data-donnees/sgb_datasets/ON
RÉSERVE INDIENNE D'ASSABASKA,Ontario,,,https://clss.nrcan-rncan.gc.ca/data-donnees/sgb_datasets/ON
RÉSERVE INDIENNE DEER LAKE,Ontario,,,https://clss.nrcan-rncan.gc.ca/data-donnees/sgb_datasets/ON
RÉSERVE INDIENNE DES SIX NATIONS NO. 40,Ontario,,,https://clss.nrcan-rncan.gc.ca/data-donnees/sgb_datasets/ON
RÉSERVE INDIENNE DOKIS NO. 9,Ontario,,,https://clss.nrcan-rncan.gc.ca/data-donnees/sgb_datasets/ON
RÉSERVE INDIENNE DUCK LAKE NO. 76B,Ontario,,,https://clss.nrcan-rncan.gc.ca/data-donnees/sgb_datasets/ON
RÉSERVE INDIENNE EAGLE LAKE NO. 27,Ontario,,,https://clss.nrcan-rncan.gc.ca/data-donnees/sgb_datasets/ON
RÉSERVE INDIENNE ENGLISH RIVER NO. 21,Ontario,,,https://clss.nrcan-rncan.gc.ca/data-donnees/sgb_datasets/ON
RÉSERVE INDIENNE ENGLISH RIVER NO. 66,Ontario,,,https://clss.nrcan-rncan.gc.ca/data-donnees/sgb_datasets/ON
RÉSERVE INDIENNE FACTORY ISLAND NO. 1,Ontario,,,https://clss.nrcan-rncan.gc.ca/data-donnees/sgb_datasets/ON
RÉSERVE INDIENNE FLYING POST NO. 73,Ontario,,,https://clss.nrcan-rncan.gc.ca/data-donnees/sgb_datasets/ON
RÉSERVE INDIENNE FORT ALBANY NO. 67,Ontario,,,https://clss.nrcan-rncan.gc.ca/data-donnees/sgb_datasets/ON
RÉSERVE INDIENNE FORT HOPE NO. 64,Ontario,,,https://clss.nrcan-rncan.gc.ca/data-donnees/sgb_datasets/ON
RÉSERVE INDIENNE FORT SEVERN NO. 89,Ontario,,,https://clss.nrcan-rncan.gc.ca/data-donnees/sgb_datasets/ON
RÉSERVE INDIENNE FORT WILLIAM NO. 52,Ontario,,,https://clss.nrcan-rncan.gc.ca/data-donnees/sgb_datasets/ON
RÉSERVE INDIENNE FRENCH RIVER NO. 13,Ontario,,,https://clss.nrcan-rncan.gc.ca/data-donnees/sgb_datasets/ON
RÉSERVE INDIENNE GARDEN RIVER NO. 14,Ontario,,,https://clss.nrcan-rncan.gc.ca/data-donnees/sgb_datasets/ON
RÉSERVE INDIENNE GLEBE FARM NO. 40B,Ontario,,,https://clss.nrcan-rncan.gc.ca/data-donnees/sgb_datasets/ON
RÉSERVE INDIENNE GOULAIS BAY NO. 15A,Ontario,,,https://clss.nrcan-rncan.gc.ca/data-donnees/sgb_datasets/ON
RÉSERVE INDIENNE GROS CAP INDIAN VILLAGE NO. 49A,Ontario,,,https://clss.nrcan-rncan.gc.ca/data-donnees/sgb_datasets/ON
RÉSERVE INDIENNE GROS CAP NO. 49,Ontario,,,https://clss.nrcan-rncan.gc.ca/data-donnees/sgb_datasets/ON
RÉSERVE INDIENNE GULL RIVER NO. 55,Ontario,,,https://clss.nrcan-rncan.gc.ca/data-donnees/sgb_datasets/ON
RÉSERVE INDIENNE HENVEY INLET NO. 2,Ontario,,,https://clss.nrcan-rncan.gc.ca/data-donnees/sgb_datasets/ON
RÉSERVE INDIENNE ISLANDS IN THE TRENT WATERS NO. 36A,Ontario,,,https://clss.nrcan-rncan.gc.ca/data-donnees/sgb_datasets/ON
RÉSERVE INDIENNE KASABONIKA LAKE,Ontario,,,https://clss.nrcan-rncan.gc.ca/data-donnees/sgb_datasets/ON
RÉSERVE INDIENNE KENORA NO. 38B,Ontario,,,https://clss.nrcan-rncan.gc.ca/data-donnees/sgb_datasets/ON
RÉSERVE INDIENNE KETTLE POINT NO. 44,Ontario,,,https://clss.nrcan-rncan.gc.ca/data-donnees/sgb_datasets/ON
RÉSERVE INDIENNE KINGFISHER LAKE NO. 1,Ontario,,,https://clss.nrcan-rncan.gc.ca/data-donnees/sgb_datasets/ON
RÉSERVE INDIENNE KINGFISHER NO. 2A,Ontario,,,https://clss.nrcan-rncan.gc.ca/data-donnees/sgb_datasets/ON
RÉSERVE INDIENNE KINGFISHER NO. 3A,Ontario,,,https://clss.nrcan-rncan.gc.ca/data-donnees/sgb_datasets/ON
RÉSERVE INDIENNE LAC DES MILLE LACS NO. 22A1,Ontario,,,https://clss.nrcan-rncan.gc.ca/data-donnees/sgb_datasets/ON
RÉSERVE INDIENNE LAC SEUL NO. 28,Ontario,,,https://clss.nrcan-rncan.gc.ca/data-donnees/sgb_datasets/ON
RÉSERVE INDIENNE LAKE HELEN NO. 53A,Ontario,,,https://clss.nrcan-rncan.gc.ca/data-donnees/sgb_datasets/ON
RÉSERVE INDIENNE LAKE OF THE WOODS NO. 31B,Ontario,,,https://clss.nrcan-rncan.gc.ca/data-donnees/sgb_datasets/ON
RÉSERVE INDIENNE LAKE OF THE WOODS NO. 31C,Ontario,,,https://clss.nrcan-rncan.gc.ca/data-donnees/sgb_datasets/ON
RÉSERVE INDIENNE LAKE OF THE WOODS NO. 31G,Ontario,,,https://clss.nrcan-rncan.gc.ca/data-donnees/sgb_datasets/ON
RÉSERVE INDIENNE LAKE OF THE WOODS NO. 31H,Ontario,,,https://clss.nrcan-rncan.gc.ca/data-donnees/sgb_datasets/ON
RÉSERVE INDIENNE LAKE OF THE WOODS NO. 34,Ontario,,,https://clss.nrcan-rncan.gc.ca/data-donnees/sgb_datasets/ON
RÉSERVE INDIENNE LAKE OF THE WOODS NO. 35J,Ontario,,,https://clss.nrcan-rncan.gc.ca/data-donnees/sgb_datasets/ON
RÉSERVE INDIENNE LAKE OF THE WOODS NO. 37,Ontario,,,https://clss.nrcan-rncan.gc.ca/data-donnees/sgb_datasets/ON
RÉSERVE INDIENNE LAKE OF THE WOODS NO. 37B,Ontario,,,https://clss.nrcan-rncan.gc.ca/data-donnees/sgb_datasets/ON
RÉSERVE INDIENNE LONG LAKE NO. 58,Ontario,,,https://clss.nrcan-rncan.gc.ca/data-donnees/sgb_datasets/ON
RÉSERVE INDIENNE LONG SAULT NO. 12,Ontario,,,https://clss.nrcan-rncan.gc.ca/data-donnees/sgb_datasets/ON
RÉSERVE INDIENNE M'CHIGEENG NO. 22,Ontario,,,https://clss.nrcan-rncan.gc.ca/data-donnees/sgb_datasets/ON
RÉSERVE INDIENNE MAGNETAWAN NO. 1,Ontario,,,https://clss.nrcan-rncan.gc.ca/data-donnees/sgb_datasets/ON
RÉSERVE INDIENNE MANITOU RAPIDS NO. 11,Ontario,,,https://clss.nrcan-rncan.gc.ca/data-donnees/sgb_datasets/ON
RÉSERVE INDIENNE MARTEN FALLS NO. 65,Ontario,,,https://clss.nrcan-rncan.gc.ca/data-donnees/sgb_datasets/ON
RÉSERVE INDIENNE MATACHEWAN NO. 72,Ontario,,,https://clss.nrcan-rncan.gc.ca/data-donnees/sgb_datasets/ON
RÉSERVE INDIENNE MATTAGAMI NO. 71,Ontario,,,https://clss.nrcan-rncan.gc.ca/data-donnees/sgb_datasets/ON
RÉSERVE INDIENNE MISSANABIE NO. 62,Ontario,,,https://clss.nrcan-rncan.gc.ca/data-donnees/sgb_datasets/ON
RÉSERVE INDIENNE MISSISSAGI RIVER NO. 8,Ontario,,,https://clss.nrcan-rncan.gc.ca/data-donnees/sgb_datasets/ON
RÉSERVE INDIENNE MOOSE FACTORY NO. 68,Ontario,,,https://clss.nrcan-rncan.gc.ca/data-donnees/sgb_datasets/ON
RÉSERVE INDIENNE MOOSE POINT NO. 79,Ontario,,,https://clss.nrcan-rncan.gc.ca/data-donnees/sgb_datasets/ON
RÉSERVE INDIENNE MORAVIAN NO. 47,Ontario,,,https://clss.nrcan-rncan.gc.ca/data-donnees/sgb_datasets/ON
RÉSERVE INDIENNE MOUNTBATTEN NO. 76A,Ontario,,,https://clss.nrcan-rncan.gc.ca/data-donnees/sgb_datasets/ON
RÉSERVE INDIENNE MUSKRAT DAM LAKE,Ontario,,,https://clss.nrcan-rncan.gc.ca/data-donnees/sgb_datasets/ON
RÉSERVE INDIENNE NAISCOUTAING NO. 17A,Ontario,,,https://clss.nrcan-rncan.gc.ca/data-donnees/sgb_datasets/ON
RÉSERVE INDIENNE NAONGASHING NO. 31A,Ontario,,,https://clss.nrcan-rncan.gc.ca/data-donnees/sgb_datasets/ON
RÉSERVE INDIENNE NAONGASHING NO. 35A,Ontario,,,https://clss.nrcan-rncan.gc.ca/data-donnees/sgb_datasets/ON
RÉSERVE INDIENNE NEGUAGUON LAKE NO. 25D,Ontario,,,https://clss.nrcan-rncan.gc.ca/data-donnees/sgb_datasets/ON
RÉSERVE INDIENNE NESKANTAGA,Ontario,,,https://clss.nrcan-rncan.gc.ca/data-donnees/sgb_datasets/ON
RÉSERVE INDIENNE NEW CREDIT NO. 40A,Ontario,,,https://clss.nrcan-rncan.gc.ca/data-donnees/sgb_datasets/ON
RÉSERVE INDIENNE NEW POST NO. 69,Ontario,,,https://clss.nrcan-rncan.gc.ca/data-donnees/sgb_datasets/ON
RÉSERVE INDIENNE NEW POST NO. 69A,Ontario,,,https://clss.nrcan-rncan.gc.ca/data-donnees/sgb_datasets/ON
RÉSERVE INDIENNE NIPISSING NO. 10,Ontario,,,https://clss.nrcan-rncan.gc.ca/data-donnees/sgb_datasets/ON
RÉSERVE INDIENNE NO. 1 DE SAUGEEN AND CAPE CROKER FISHING ISLANDS,Ontario,,,https://clss.nrcan-rncan.gc.ca/data-donnees/sgb_datasets/ON
RÉSERVE INDIENNE NORTH SPIRIT LAKE,Ontario,,,https://clss.nrcan-rncan.gc.ca/data-donnees/sgb_datasets/ON
RÉSERVE INDIENNE NORTHWEST ANGLE NO. 33B,Ontario,,,https://clss.nrcan-rncan.gc.ca/data-donnees/sgb_datasets/ON
RÉSERVE INDIENNE OBABIKONG NO. 35B,Ontario,,,https://clss.nrcan-rncan.gc.ca/data-donnees/sgb_datasets/ON
RÉSERVE INDIENNE OBADJIWAN NO. 15E,Ontario,,,https://clss.nrcan-rncan.gc.ca/data-donnees/sgb_datasets/ON
RÉSERVE INDIENNE OJIBWAY NATION OF SAUGEEN,Ontario,,,https://clss.nrcan-rncan.gc.ca/data-donnees/sgb_datasets/ON
RÉSERVE INDIENNE ONE MAN LAKE NO. 29,Ontario,,,https://clss.nrcan-rncan.gc.ca/data-donnees/sgb_datasets/ON
RÉSERVE INDIENNE ONEIDA NO. 41,Ontario,,,https://clss.nrcan-rncan.gc.ca/data-donnees/sgb_datasets/ON
RÉSERVE INDIENNE OSNABURGH NO. 63A,Ontario,,,https://clss.nrcan-rncan.gc.ca/data-donnees/sgb_datasets/ON
RÉSERVE INDIENNE OSNABURGH NO. 63B,Ontario,,,https://clss.nrcan-rncan.gc.ca/data-donnees/sgb_datasets/ON
RÉSERVE INDIENNE PAYS PLAT NO. 51,Ontario,,,https://clss.nrcan-rncan.gc.ca/data-donnees/sgb_datasets/ON
RÉSERVE INDIENNE PIC RIVER NO. 50,Ontario,,,https://clss.nrcan-rncan.gc.ca/data-donnees/sgb_datasets/ON
RÉSERVE INDIENNE PIKANGIKUM NO. 14,Ontario,,,https://clss.nrcan-rncan.gc.ca/data-donnees/sgb_datasets/ON
RÉSERVE INDIENNE POINT GRONDINE NO. 3,Ontario,,,https://clss.nrcan-rncan.gc.ca/data-donnees/sgb_datasets/ON
RÉSERVE INDIENNE POPLAR HILL,Ontario,,,https://clss.nrcan-rncan.gc.ca/data-donnees/sgb_datasets/ON
RÉSERVE INDIENNE RAINY LAKE NO 18C,Ontario,,,https://clss.nrcan-rncan.gc.ca/data-donnees/sgb_datasets/ON
RÉSERVE INDIENNE RAINY LAKE NO. 17A,Ontario,,,https://clss.nrcan-rncan.gc.ca/data-donnees/sgb_datasets/ON
RÉSERVE INDIENNE RAINY LAKE NO. 17B,Ontario,,,https://clss.nrcan-rncan.gc.ca/data-donnees/sgb_datasets/ON
RÉSERVE INDIENNE RAINY LAKE NO. 26A,Ontario,,,https://clss.nrcan-rncan.gc.ca/data-donnees/sgb_datasets/ON
RÉSERVE INDIENNE RAINY LAKE NO. 26B,Ontario,,,https://clss.nrcan-rncan.gc.ca/data-donnees/sgb_datasets/ON
RÉSERVE INDIENNE RAINY LAKE NO. 26C,Ontario,,,https://clss.nrcan-rncan.gc.ca/data-donnees/sgb_datasets/ON
RÉSERVE INDIENNE RANKIN LOCATION NO. 15D,Ontario,,,https://clss.nrcan-rncan.gc.ca/data-donnees/sgb_datasets/ON
RÉSERVE INDIENNE RAT PORTAGE NO. 38A,Ontario,,,https://clss.nrcan-rncan.gc.ca/data-donnees/sgb_datasets/ON
RÉSERVE INDIENNE RED ROCK NO. 53,Ontario,,,https://clss.nrcan-rncan.gc.ca/data-donnees/sgb_datasets/ON
RÉSERVE INDIENNE ROCKY BAY NO. 1,Ontario,,,https://clss.nrcan-rncan.gc.ca/data-donnees/sgb_datasets/ON
RÉSERVE INDIENNE SABASKONG BAY NO. 32C,Ontario,,,https://clss.nrcan-rncan.gc.ca/data-donnees/sgb_datasets/ON
RÉSERVE INDIENNE SABASKONG BAY NO. 35C,Ontario,,,https://clss.nrcan-rncan.gc.ca/data-donnees/sgb_datasets/ON
RÉSERVE INDIENNE SABASKONG BAY NO. 35D,Ontario,,,https://clss.nrcan-rncan.gc.ca/data-donnees/sgb_datasets/ON
RÉSERVE INDIENNE SABASKONG BAY NO. 35F,Ontario,,,https://clss.nrcan-rncan.gc.ca/data-donnees/sgb_datasets/ON
RÉSERVE INDIENNE SABASKONG BAY NO. 35H,Ontario,,,https://clss.nrcan-rncan.gc.ca/data-donnees/sgb_datasets/ON
RÉSERVE INDIENNE SACHIGO LAKE NO. 1,Ontario,,,https://clss.nrcan-rncan.gc.ca/data-donnees/sgb_datasets/ON
RÉSERVE INDIENNE SACHIGO LAKE NO. 2,Ontario,,,https://clss.nrcan-rncan.gc.ca/data-donnees/sgb_datasets/ON
RÉSERVE INDIENNE SACHIGO LAKE NO. 3,Ontario,,,https://clss.nrcan-rncan.gc.ca/data-donnees/sgb_datasets/ON
RÉSERVE INDIENNE SAGAMOK,Ontario,,,https://clss.nrcan-rncan.gc.ca/data-donnees/sgb_datasets/ON
RÉSERVE INDIENNE SANDY LAKE NO. 88,Ontario,,,https://clss.nrcan-rncan.gc.ca/data-donnees/sgb_datasets/ON
RÉSERVE INDIENNE SARNIA NO. 45,Ontario,,,https://clss.nrcan-rncan.gc.ca/data-donnees/sgb_datasets/ON
RÉSERVE INDIENNE SAUG-A-GAW-SING NO. 1,Ontario,,,https://clss.nrcan-rncan.gc.ca/data-donnees/sgb_datasets/ON
RÉSERVE INDIENNE SAUGEEN HUNTING GROUNDS NO. 60A,Ontario,,,https://clss.nrcan-rncan.gc.ca/data-donnees/sgb_datasets/ON
RÉSERVE INDIENNE SAUGEEN NO. 29,Ontario,,,https://clss.nrcan-rncan.gc.ca/data-donnees/sgb_datasets/ON
RÉSERVE INDIENNE SEINE RIVER NO. 23A,Ontario,,,https://clss.nrcan-rncan.gc.ca/data-donnees/sgb_datasets/ON
RÉSERVE INDIENNE SEINE RIVER NO. 23B,Ontario,,,https://clss.nrcan-rncan.gc.ca/data-donnees/sgb_datasets/ON
RÉSERVE INDIENNE SERPENT RIVER NO. 7,Ontario,,,https://clss.nrcan-rncan.gc.ca/data-donnees/sgb_datasets/ON
RÉSERVE INDIENNE SHAWANAGA NO. 17,Ontario,,,https://clss.nrcan-rncan.gc.ca/data-donnees/sgb_datasets/ON
RÉSERVE INDIENNE SHAWANAGA NO. 17B,Ontario,,,https://clss.nrcan-rncan.gc.ca/data-donnees/sgb_datasets/ON
RÉSERVE INDIENNE SHEGUIANDAH NO. 24,Ontario,,,https://clss.nrcan-rncan.gc.ca/data-donnees/sgb_datasets/ON
RÉSERVE INDIENNE SHESHEGWANING NO. 20,Ontario,,,https://clss.nrcan-rncan.gc.ca/data-donnees/sgb_datasets/ON
RÉSERVE INDIENNE SHOAL LAKE NO. 31J,Ontario,,,https://clss.nrcan-rncan.gc.ca/data-donnees/sgb_datasets/ON
RÉSERVE INDIENNE SHOAL LAKE NO. 34B1,Ontario,,,https://clss.nrcan-rncan.gc.ca/data-donnees/sgb_datasets/ON
RÉSERVE INDIENNE SHOAL LAKE NO. 34B2,Ontario,,,https://clss.nrcan-rncan.gc.ca/data-donnees/sgb_datasets/ON
RÉSERVE INDIENNE STURGEON FALLS NO. 23,Ontario,,,https://clss.nrcan-rncan.gc.ca/data-donnees/sgb_datasets/ON
RÉSERVE INDIENNE SUCKER CREEK NO. 23,Ontario,,,https://clss.nrcan-rncan.gc.ca/data-donnees/sgb_datasets/ON
RÉSERVE INDIENNE SUGAR ISLAND NO. 37A,Ontario,,,https://clss.nrcan-rncan.gc.ca/data-donnees/sgb_datasets/ON
RÉSERVE INDIENNE SWAN LAKE NO. 29,Ontario,,,https://clss.nrcan-rncan.gc.ca/data-donnees/sgb_datasets/ON
RÉSERVE INDIENNE THE DALLES NO. 38C,Ontario,,,https://clss.nrcan-rncan.gc.ca/data-donnees/sgb_datasets/ON
RÉSERVE INDIENNE THESSALON NO. 12,Ontario,,,https://clss.nrcan-rncan.gc.ca/data-donnees/sgb_datasets/ON
RÉSERVE INDIENNE WABASEEMOONG,Ontario,,,https://clss.nrcan-rncan.gc.ca/data-donnees/sgb_datasets/ON
RÉSERVE INDIENNE WABAUSKANG NO. 21,Ontario,,,https://clss.nrcan-rncan.gc.ca/data-donnees/sgb_datasets/ON
RÉSERVE INDIENNE WABIGOON LAKE NO. 27,Ontario,,,https://clss.nrcan-rncan.gc.ca/data-donnees/sgb_datasets/ON
RÉSERVE INDIENNE WAHNAPITAE NO. 11,Ontario,,,https://clss.nrcan-rncan.gc.ca/data-donnees/sgb_datasets/ON
RÉSERVE INDIENNE WALPOLE ISLAND NO. 46,Ontario,,,https://clss.nrcan-rncan.gc.ca/data-donnees/sgb_datasets/ON
RÉSERVE INDIENNE WAWAKAPEWIN,Ontario,,,https://clss.nrcan-rncan.gc.ca/data-donnees/sgb_datasets/ON
RÉSERVE INDIENNE WEAGAMOW LAKE NO. 87,Ontario,,,https://clss.nrcan-rncan.gc.ca/data-donnees/sgb_datasets/ON
RÉSERVE INDIENNE WEBEQUIE,Ontario,,,https://clss.nrcan-rncan.gc.ca/data-donnees/sgb_datasets/ON
RÉSERVE INDIENNE WHITEFISH BAY NO. 32A,Ontario,,,https://clss.nrcan-rncan.gc.ca/data-donnees/sgb_datasets/ON
RÉSERVE INDIENNE WHITEFISH BAY NO. 33A,Ontario,,,https://clss.nrcan-rncan.gc.ca/data-donnees/sgb_datasets/ON
RÉSERVE INDIENNE WHITEFISH BAY NO. 34A,Ontario,,,https://clss.nrcan-rncan.gc.ca/data-donnees/sgb_datasets/ON
RÉSERVE INDIENNE WHITEFISH ISLAND,Ontario,,,https://clss.nrcan-rncan.gc.ca/data-donnees/sgb_datasets/ON
RÉSERVE INDIENNE WHITEFISH LAKE NO. 6,Ontario,,,https://clss.nrcan-rncan.gc.ca/data-donnees/sgb_datasets/ON
RÉSERVE INDIENNE WHITEFISH RIVER NO. 4,Ontario,,,https://clss.nrcan-rncan.gc.ca/data-donnees/sgb_datasets/ON
RÉSERVE INDIENNE WHITESAND,Ontario,,,https://clss.nrcan-rncan.gc.ca/data-donnees/sgb_datasets/ON
RÉSERVE INDIENNE WINISK NO. 90,Ontario,,,https://clss.nrcan-rncan.gc.ca/data-donnees/sgb_datasets/ON
RÉSERVE INDIENNE WUNNUMIN NO. 1,Ontario,,,https://clss.nrcan-rncan.gc.ca/data-donnees/sgb_datasets/ON
RÉSERVE INDIENNE WUNNUMIN NO. 2,Ontario,,,https://clss.nrcan-rncan.gc.ca/data-donnees/sgb_datasets/ON
RÉSERVE INDIENNE YELLOW GIRL BAY NO. 32B,Ontario,,,https://clss.nrcan-rncan.gc.ca/data-donnees/sgb_datasets/ON
RÉSERVE INDIENNE ZHIIBAAHAASING NO. 19,Ontario,,,https://clss.nrcan-rncan.gc.ca/data-donnees/sgb_datasets/ON
RÉSERVE INDIENNE ZHIIBAAHAASING NO. 19A,Ontario,,,https://clss.nrcan-rncan.gc.ca/data-donnees/sgb_datasets/ON
RÉSERVE LAKE NIPIGON,Ontario,,,https://clss.nrcan-rncan.gc.ca/data-donnees/sgb_datasets/ON
RÉSERVE NEYAASHIINIGMIING NO. 27,Ontario,,,https://clss.nrcan-rncan.gc.ca/data-donnees/sgb_datasets/ON
RÉSERVE PIC MOBERT NORTH,Ontario,,,https://clss.nrcan-rncan.gc.ca/data-donnees/sgb_datasets/ON
RÉSERVE PIC MOBERT SOUTH,Ontario,,,https://clss.nrcan-rncan.gc.ca/data-donnees/sgb_datasets/ON
RÉSERVE PREMIÈRE NATION LACS DES MILLE LACS NO. 22A2,Ontario,,,https://clss.nrcan-rncan.gc.ca/data-donnees/sgb_datasets/ON
RÉSERVE WAPEKEKA NO. 1,Ontario,,,https://clss.nrcan-rncan.gc.ca/data-donnees/sgb_datasets/ON
RÉSERVE WAPEKEKA NO. 2,Ontario,,,https://clss.nrcan-rncan.gc.ca/data-donnees/sgb_datasets/ON
RÉSERVE WIKWEMIKONG UNCEDED,Ontario,,,https://clss.nrcan-rncan.gc.ca/data-donnees/sgb_datasets/ON
TYENDINAGA MOHAWK TERRITORY,Ontario,,,https://clss.nrcan-rncan.gc.ca/data-donnees/sgb_datasets/ON
WAHTA MOHAWK TERRITORY,Ontario,,,https://clss.nrcan-rncan.gc.ca/data-donnees/sgb_datasets/ON
BETSIAMITES,Québec,,,https://clss.nrcan-rncan.gc.ca/data-donnees/sgb_datasets/QC
COMMUNAUTÉ ATIKAMEKW DE MANAWAN,Québec,,,https://clss.nrcan-rncan.gc.ca/data-donnees/sgb_datasets/QC
COMMUNAUTÉ DE WEMOTACI,Québec,,,https://clss.nrcan-rncan.gc.ca/data-donnees/sgb_datasets/QC
GESGAPEGIAG,Québec,,,https://clss.nrcan-rncan.gc.ca/data-donnees/sgb_datasets/QC
INNUE ESSIPIT,Québec,,,https://clss.nrcan-rncan.gc.ca/data-donnees/sgb_datasets/QC
KATASKOMIQ,Québec,,,https://clss.nrcan-rncan.gc.ca/data-donnees/sgb_datasets/QC
KEBAOWEK,Québec,,,https://clss.nrcan-rncan.gc.ca/data-donnees/sgb_datasets/QC
KITIGAN ZIBI,Québec,,,https://clss.nrcan-rncan.gc.ca/data-donnees/sgb_datasets/QC
LAC SIMON,Québec,,,https://clss.nrcan-rncan.gc.ca/data-donnees/sgb_datasets/QC
MASHTEUIATSH,Québec,,,https://clss.nrcan-rncan.gc.ca/data-donnees/sgb_datasets/QC
MINGAN,Québec,,,https://clss.nrcan-rncan.gc.ca/data-donnees/sgb_datasets/QC
NUTASHKUAN,Québec,,,https://clss.nrcan-rncan.gc.ca/data-donnees/sgb_datasets/QC
PIKOGAN,Québec,,,https://clss.nrcan-rncan.gc.ca/data-donnees/sgb_datasets/QC
RAPID LAKE,Québec,,,https://clss.nrcan-rncan.gc.ca/data-donnees/sgb_datasets/QC
RÉSERVE AKWESASNE NO. 15,Québec,,,https://clss.nrcan-rncan.gc.ca/data-donnees/sgb_datasets/QC
RÉSERVE DE GESPEG,Québec,,,https://clss.nrcan-rncan.gc.ca/data-donnees/sgb_datasets/QC
RÉSERVE DE WÔLINAK NO 11,Québec,,,https://clss.nrcan-rncan.gc.ca/data-donnees/sgb_datasets/QC
RÉSERVE DU LAC JOHN,Québec,,,https://clss.nrcan-rncan.gc.ca/data-donnees/sgb_datasets/QC
RÉSERVE INDIENNE CACOUNA NO 22,Québec,,,https://clss.nrcan-rncan.gc.ca/data-donnees/sgb_datasets/QC
RÉSERVE INDIENNE COUCOUCACHE NO 24A,Québec,,,https://clss.nrcan-rncan.gc.ca/data-donnees/sgb_datasets/QC
RÉSERVE INDIENNE DE KAHNAWAKE NO 14,Québec,,,https://clss.nrcan-rncan.gc.ca/data-donnees/sgb_datasets/QC
RÉSERVE INDIENNE DONCASTER NO 17,Québec,,,https://clss.nrcan-rncan.gc.ca/data-donnees/sgb_datasets/QC
RÉSERVE INDIENNE DU VILLAGE DES HURONS WENDAKE NO 7,Québec,,,https://clss.nrcan-rncan.gc.ca/data-donnees/sgb_datasets/QC
RÉSERVE INDIENNE DU VILLAGE DES HURONS WENDAKE NO 7A,Québec,,,https://clss.nrcan-rncan.gc.ca/data-donnees/sgb_datasets/QC
RÉSERVE INDIENNE LISTUGUJ,Québec,,,https://clss.nrcan-rncan.gc.ca/data-donnees/sgb_datasets/QC
RÉSERVE INDIENNE MALIOTÉNAM NO 27A,Québec,,,https://clss.nrcan-rncan.gc.ca/data-donnees/sgb_datasets/QC
RÉSERVE INDIENNE MATIMEKOSH NO 3,Québec,,,https://clss.nrcan-rncan.gc.ca/data-donnees/sgb_datasets/QC
RÉSERVE INDIENNE OBEDJIWAN NO 28,Québec,,,https://clss.nrcan-rncan.gc.ca/data-donnees/sgb_datasets/QC
RÉSERVE INDIENNE ODANAK NO 12,Québec,,,https://clss.nrcan-rncan.gc.ca/data-donnees/sgb_datasets/QC
RÉSERVE INDIENNE ROMAINE NO 2,Québec,,,https://clss.nrcan-rncan.gc.ca/data-donnees/sgb_datasets/QC
RÉSERVE INDIENNE UASHAT NO 27,Québec,,,https://clss.nrcan-rncan.gc.ca/data-donnees/sgb_datasets/QC
TIMISKAMING,Québec,,,https://clss.nrcan-rncan.gc.ca/data-donnees/sgb_datasets/QC
AHTAHKAKOOP NO 104,Saskatchewan,,,https://clss.nrcan-rncan.gc.ca/data-donnees/sgb_datasets/SK
AMISK LAKE NO 184,Saskatchewan,,,https://clss.nrcan-rncan.gc.ca/data-donnees/sgb_datasets/SK
ASSINIBOINE NO 76,Saskatchewan,,,https://clss.nrcan-rncan.gc.ca/data-donnees/sgb_datasets/SK
ATIM KA-MIHKOSIT RESERVE,Saskatchewan,,,https://clss.nrcan-rncan.gc.ca/data-donnees/sgb_datasets/SK
BIG ISLAND LAKE CREE TERRITORY,Saskatchewan,,,https://clss.nrcan-rncan.gc.ca/data-donnees/sgb_datasets/SK
BIG RIVER NO 118,Saskatchewan,,,https://clss.nrcan-rncan.gc.ca/data-donnees/sgb_datasets/SK
BIG RIVER NO 118A,Saskatchewan,,,https://clss.nrcan-rncan.gc.ca/data-donnees/sgb_datasets/SK
BIRCH PORTAGE NO 184A,Saskatchewan,,,https://clss.nrcan-rncan.gc.ca/data-donnees/sgb_datasets/SK
BITTERN LAKE NO 218,Saskatchewan,,,https://clss.nrcan-rncan.gc.ca/data-donnees/sgb_datasets/SK
BUDD'S POINT NO 20D,Saskatchewan,,,https://clss.nrcan-rncan.gc.ca/data-donnees/sgb_datasets/SK
BUFFALO RIVER DENE NATION NO 193,Saskatchewan,,,https://clss.nrcan-rncan.gc.ca/data-donnees/sgb_datasets/SK
CANOE LAKE NO 165,Saskatchewan,,,https://clss.nrcan-rncan.gc.ca/data-donnees/sgb_datasets/SK
CANOE LAKE NO 165A,Saskatchewan,,,https://clss.nrcan-rncan.gc.ca/data-donnees/sgb_datasets/SK
CANOE LAKE NO 165B,Saskatchewan,,,https://clss.nrcan-rncan.gc.ca/data-donnees/sgb_datasets/SK
CARROT RIVER NO 29A,Saskatchewan,,,https://clss.nrcan-rncan.gc.ca/data-donnees/sgb_datasets/SK
CARRY THE KETTLE NAKODA FIRST NATION #76-110,Saskatchewan,,,https://clss.nrcan-rncan.gc.ca/data-donnees/sgb_datasets/SK
CARRY THE KETTLE NAKODA FIRST NATION #76-111,Saskatchewan,,,https://clss.nrcan-rncan.gc.ca/data-donnees/sgb_datasets/SK
CARRY THE KETTLE NAKODA FIRST NATION #76-112,Saskatchewan,,,https://clss.nrcan-rncan.gc.ca/data-donnees/sgb_datasets/SK
CARRY THE KETTLE NAKODA FIRST NATION #76-113,Saskatchewan,,,https://clss.nrcan-rncan.gc.ca/data-donnees/sgb_datasets/SK
CARRY THE KETTLE NAKODA FIRST NATION #76-114,Saskatchewan,,,https://clss.nrcan-rncan.gc.ca/data-donnees/sgb_datasets/SK
CARRY THE KETTLE NAKODA FIRST NATION #76-86,Saskatchewan,,,https://clss.nrcan-rncan.gc.ca/data-donnees/sgb_datasets/SK
CARRY THE KETTLE NAKODA FIRST NATION #76-88,Saskatchewan,,,https://clss.nrcan-rncan.gc.ca/data-donnees/sgb_datasets/SK
CARRY THE KETTLE NAKODA FIRST NATION #76-89,Saskatchewan,,,https://clss.nrcan-rncan.gc.ca/data-donnees/sgb_datasets/SK
CARRY THE KETTLE NAKODA FIRST NATION #76-90,Saskatchewan,,,https://clss.nrcan-rncan.gc.ca/data-donnees/sgb_datasets/SK
CARRY THE KETTLE NAKODA FIRST NATION #76-91,Saskatchewan,,,https://clss.nrcan-rncan.gc.ca/data-donnees/sgb_datasets/SK
CARRY THE KETTLE NAKODA FIRST NATION 76-24,Saskatchewan,,,https://clss.nrcan-rncan.gc.ca/data-donnees/sgb_datasets/SK
CARRY THE KETTLE NAKODA FIRST NATION 76-25,Saskatchewan,,,https://clss.nrcan-rncan.gc.ca/data-donnees/sgb_datasets/SK
CARRY THE KETTLE NAKODA FIRST NATION 76-44,Saskatchewan,,,https://clss.nrcan-rncan.gc.ca/data-donnees/sgb_datasets/SK
CARRY THE KETTLE NAKODA FIRST NATION 76-46,Saskatchewan,,,https://clss.nrcan-rncan.gc.ca/data-donnees/sgb_datasets/SK
CARRY THE KETTLE NAKODA FIRST NATION 76-47,Saskatchewan,,,https://clss.nrcan-rncan.gc.ca/data-donnees/sgb_datasets/SK
CARRY THE KETTLE NAKODA FIRST NATION 76-54,Saskatchewan,,,https://clss.nrcan-rncan.gc.ca/data-donnees/sgb_datasets/SK
CARRY THE KETTLE NAKODA FIRST NATION 76-56,Saskatchewan,,,https://clss.nrcan-rncan.gc.ca/data-donnees/sgb_datasets/SK
CARRY THE KETTLE NAKODA FIRST NATION INDIAN RESERVE NO. 76-20,Saskatchewan,,,https://clss.nrcan-rncan.gc.ca/data-donnees/sgb_datasets/SK
CARRY THE KETTLE NAKODA FIRST NATION INDIAN RESERVE NO. 76-23,Saskatchewan,,,https://clss.nrcan-rncan.gc.ca/data-donnees/sgb_datasets/SK
CARRY THE KETTLE NAKODA FIRST NATION IR 76-37,Saskatchewan,,,https://clss.nrcan-rncan.gc.ca/data-donnees/sgb_datasets/SK
CARRY THE KETTLE NAKODA FIRST NATION IR 76-38,Saskatchewan,,,https://clss.nrcan-rncan.gc.ca/data-donnees/sgb_datasets/SK
CARRY THE KETTLE NAKODA FIRST NATION NO 76-52,Saskatchewan,,,https://clss.nrcan-rncan.gc.ca/data-donnees/sgb_datasets/SK
CARRY THE KETTLE NAKODA FIRST NATION NO. 76-21,Saskatchewan,,,https://clss.nrcan-rncan.gc.ca/data-donnees/sgb_datasets/SK
CARRY THE KETTLE NAKODA FIRST NATION NO. 76-36,Saskatchewan,,,https://clss.nrcan-rncan.gc.ca/data-donnees/sgb_datasets/SK
CARRY THE KETTLE NAKODA FIRST NATION NO. 76-40,Saskatchewan,,,https://clss.nrcan-rncan.gc.ca/data-donnees/sgb_datasets/SK
CARRY THE KETTLE NAKODA FIRST NATION NO. 76-41,Saskatchewan,,,https://clss.nrcan-rncan.gc.ca/data-donnees/sgb_datasets/SK
CARRY THE KETTLE NAKODA FIRST NATION NO. 76-42,Saskatchewan,,,https://clss.nrcan-rncan.gc.ca/data-donnees/sgb_datasets/SK
CARRY THE KETTLE NAKODA FIRST NATION NO. 76-43,Saskatchewan,,,https://clss.nrcan-rncan.gc.ca/data-donnees/sgb_datasets/SK
CARRY THE KETTLE NAKODA FIRST NATION NO. 76-48,Saskatchewan,,,https://clss.nrcan-rncan.gc.ca/data-donnees/sgb_datasets/SK
CARRY THE KETTLE NAKODA FIRST NATION NO. 76-51,Saskatchewan,,,https://clss.nrcan-rncan.gc.ca/data-donnees/sgb_datasets/SK
CARRY THE KETTLE NAKODA FIRST NATION NO. 76-53,Saskatchewan,,,https://clss.nrcan-rncan.gc.ca/data-donnees/sgb_datasets/SK
CARRY THE KETTLE NAKODA FIRST NATION NO. 76-60,Saskatchewan,,,https://clss.nrcan-rncan.gc.ca/data-donnees/sgb_datasets/SK
CARRY THE KETTLE NAKODA FIRST NATION NO. 76-61,Saskatchewan,,,https://clss.nrcan-rncan.gc.ca/data-donnees/sgb_datasets/SK
CARRY THE KETTLE NAKODA FIRST NATION NO. 76-62,Saskatchewan,,,https://clss.nrcan-rncan.gc.ca/data-donnees/sgb_datasets/SK
CARRY THE KETTLE NAKODA FIRST NATION NO. 76-63,Saskatchewan,,,https://clss.nrcan-rncan.gc.ca/data-donnees/sgb_datasets/SK
CARRY THE KETTLE NAKODA FIRST NATION NO. 76-65,Saskatchewan,,,https://clss.nrcan-rncan.gc.ca/data-donnees/sgb_datasets/SK
CARRY THE KETTLE NAKODA FIRST NATION NO. 76-67,Saskatchewan,,,https://clss.nrcan-rncan.gc.ca/data-donnees/sgb_datasets/SK
CARRY THE KETTLE NAKODA FIRST NATION NO. 76-69,Saskatchewan,,,https://clss.nrcan-rncan.gc.ca/data-donnees/sgb_datasets/SK
CARRY THE KETTLE NAKODA FIRST NATION NO. 76-70,Saskatchewan,,,https://clss.nrcan-rncan.gc.ca/data-donnees/sgb_datasets/SK
CARRY THE KETTLE NAKODA FIRST NATION NO. 76-71,Saskatchewan,,,https://clss.nrcan-rncan.gc.ca/data-donnees/sgb_datasets/SK
CARRY THE KETTLE NAKODA FIRST NATION NO. 76-72,Saskatchewan,,,https://clss.nrcan-rncan.gc.ca/data-donnees/sgb_datasets/SK
CARRY THE KETTLE NAKODA FIRST NATION NO. 76-73,Saskatchewan,,,https://clss.nrcan-rncan.gc.ca/data-donnees/sgb_datasets/SK
CARRY THE KETTLE NAKODA FIRST NATION NO. 76-74,Saskatchewan,,,https://clss.nrcan-rncan.gc.ca/data-donnees/sgb_datasets/SK
CARRY THE KETTLE NAKODA FIRST NATION NO. 76-75,Saskatchewan,,,https://clss.nrcan-rncan.gc.ca/data-donnees/sgb_datasets/SK
CARRY THE KETTLE NAKODA FIRST NATION NO. 76-76,Saskatchewan,,,https://clss.nrcan-rncan.gc.ca/data-donnees/sgb_datasets/SK
CARRY THE KETTLE NAKODA FIRST NATION NO. 76-77,Saskatchewan,,,https://clss.nrcan-rncan.gc.ca/data-donnees/sgb_datasets/SK
CARRY THE KETTLE NAKODA FIRST NATION NO. 76-78,Saskatchewan,,,https://clss.nrcan-rncan.gc.ca/data-donnees/sgb_datasets/SK
CARRY THE KETTLE NAKODA FIRST NATION NO. 76-79,Saskatchewan,,,https://clss.nrcan-rncan.gc.ca/data-donnees/sgb_datasets/SK
CARRY THE KETTLE NAKODA FIRST NATION NO. 76-80,Saskatchewan,,,https://clss.nrcan-rncan.gc.ca/data-donnees/sgb_datasets/SK
CARRY THE KETTLE NAKODA FIRST NATION NO. 76-81,Saskatchewan,,,https://clss.nrcan-rncan.gc.ca/data-donnees/sgb_datasets/SK
CARRY THE KETTLE NAKODA FIRST NATION NO. 76-82,Saskatchewan,,,https://clss.nrcan-rncan.gc.ca/data-donnees/sgb_datasets/SK
CARRY THE KETTLE NAKODA FIRST NATION NO. 76-84,Saskatchewan,,,https://clss.nrcan-rncan.gc.ca/data-donnees/sgb_datasets/SK
CARRY THE KETTLE NAKODA FIRST NATION NO. 76-87,Saskatchewan,,,https://clss.nrcan-rncan.gc.ca/data-donnees/sgb_datasets/SK
CARRY THE KETTLE NAKODA FIRST NATION N° 76-45,Saskatchewan,,,https://clss.nrcan-rncan.gc.ca/data-donnees/sgb_datasets/SK
CARRY THE KETTLE NAKODA FIRST NATION N° 76-49,Saskatchewan,,,https://clss.nrcan-rncan.gc.ca/data-donnees/sgb_datasets/SK
CARRY THE KETTLE NAKODA FIRST NATION N° 76-50,Saskatchewan,,,https://clss.nrcan-rncan.gc.ca/data-donnees/sgb_datasets/SK
CARRY THE KETTLE NAKODA FIRST NATION N° 76-55,Saskatchewan,,,https://clss.nrcan-rncan.gc.ca/data-donnees/sgb_datasets/SK
CARRY THE KETTLE NAKODA FIRST NATION N° 76-58,Saskatchewan,,,https://clss.nrcan-rncan.gc.ca/data-donnees/sgb_datasets/SK
CARRY THE KETTLE NAKODA FIRST NATION N° 76-64,Saskatchewan,,,https://clss.nrcan-rncan.gc.ca/data-donnees/sgb_datasets/SK
CHICKEN NO 224,Saskatchewan,,,https://clss.nrcan-rncan.gc.ca/data-donnees/sgb_datasets/SK
CHICKEN NO 225,Saskatchewan,,,https://clss.nrcan-rncan.gc.ca/data-donnees/sgb_datasets/SK
CHICKEN NO 226,Saskatchewan,,,https://clss.nrcan-rncan.gc.ca/data-donnees/sgb_datasets/SK
CHIEF PHILIP MORIN INDIAN RESERVE NO. 232,Saskatchewan,,,https://clss.nrcan-rncan.gc.ca/data-donnees/sgb_datasets/SK
CHITEK LAKE NO 191,Saskatchewan,,,https://clss.nrcan-rncan.gc.ca/data-donnees/sgb_datasets/SK
CHURCHILL LAKE NO 193A,Saskatchewan,,,https://clss.nrcan-rncan.gc.ca/data-donnees/sgb_datasets/SK
CLEARWATER RIVER DENE BAND NO. 221,Saskatchewan,,,https://clss.nrcan-rncan.gc.ca/data-donnees/sgb_datasets/SK
CLEARWATER RIVER DENE BAND NO. 223,Saskatchewan,,,https://clss.nrcan-rncan.gc.ca/data-donnees/sgb_datasets/SK
COTE NO 64,Saskatchewan,,,https://clss.nrcan-rncan.gc.ca/data-donnees/sgb_datasets/SK
CUMBERLAND NO 100A,Saskatchewan,,,https://clss.nrcan-rncan.gc.ca/data-donnees/sgb_datasets/SK
DAY STAR NO 87,Saskatchewan,,,https://clss.nrcan-rncan.gc.ca/data-donnees/sgb_datasets/SK
DE LA PREMIÈRE NATION NAKODA CARRY THE KETTLE N° 76-30,Saskatchewan,,,https://clss.nrcan-rncan.gc.ca/data-donnees/sgb_datasets/SK
DE LA PREMIÈRE NATION NAKODA CARRY THE KETTLE N° 76-35,Saskatchewan,,,https://clss.nrcan-rncan.gc.ca/data-donnees/sgb_datasets/SK
DE LA PREMIÈRE NATION NAKODA CARRY THE KETTLE N° 76-5,Saskatchewan,,,https://clss.nrcan-rncan.gc.ca/data-donnees/sgb_datasets/SK
DE LA PREMIÈRE NATION NAKODA CARRY THE KETTLE N° 76-9,Saskatchewan,,,https://clss.nrcan-rncan.gc.ca/data-donnees/sgb_datasets/SK
DIPPER RAPIDS NO 192C,Saskatchewan,,,https://clss.nrcan-rncan.gc.ca/data-donnees/sgb_datasets/SK
EAGLES LAKE NO 165C,Saskatchewan,,,https://clss.nrcan-rncan.gc.ca/data-donnees/sgb_datasets/SK
ELAK DASE NO 192A,Saskatchewan,,,https://clss.nrcan-rncan.gc.ca/data-donnees/sgb_datasets/SK
ENGLISH RIVER BARKWELL BAY I.R. 192I,Saskatchewan,,,https://clss.nrcan-rncan.gc.ca/data-donnees/sgb_datasets/SK
ENGLISH RIVER FIRST NATION BEAUVAL FORKS RESERVE 192O,Saskatchewan,,,https://clss.nrcan-rncan.gc.ca/data-donnees/sgb_datasets/SK
ENGLISH RIVER FLATSTONE LAKE I.R. 192L,Saskatchewan,,,https://clss.nrcan-rncan.gc.ca/data-donnees/sgb_datasets/SK
ENGLISH RIVER HAULTAIN LAKE I.R. 192K,Saskatchewan,,,https://clss.nrcan-rncan.gc.ca/data-donnees/sgb_datasets/SK
FISHING LAKE FIRST NATION INDIAN RESERVE NO. 89,Saskatchewan,,,https://clss.nrcan-rncan.gc.ca/data-donnees/sgb_datasets/SK
FISHING LAKE NO 89A,Saskatchewan,,,https://clss.nrcan-rncan.gc.ca/data-donnees/sgb_datasets/SK
FLYING DUST FIRST NATION 105 H,Saskatchewan,,,https://clss.nrcan-rncan.gc.ca/data-donnees/sgb_datasets/SK
FLYING DUST FIRST NATION 105 I,Saskatchewan,,,https://clss.nrcan-rncan.gc.ca/data-donnees/sgb_datasets/SK
FLYING DUST FIRST NATION 105 L,Saskatchewan,,,https://clss.nrcan-rncan.gc.ca/data-donnees/sgb_datasets/SK
FLYING DUST FIRST NATION 105 O,Saskatchewan,,,https://clss.nrcan-rncan.gc.ca/data-donnees/sgb_datasets/SK
FLYING DUST FIRST NATION 105S,Saskatchewan,,,https://clss.nrcan-rncan.gc.ca/data-donnees/sgb_datasets/SK
FLYING DUST FIRST NATION RESERVE # 105J,Saskatchewan,,,https://clss.nrcan-rncan.gc.ca/data-donnees/sgb_datasets/SK
FOND DU LAC NO 227,Saskatchewan,,,https://clss.nrcan-rncan.gc.ca/data-donnees/sgb_datasets/SK
FOND DU LAC NO 228,Saskatchewan,,,https://clss.nrcan-rncan.gc.ca/data-donnees/sgb_datasets/SK
FOND DU LAC NO 229,Saskatchewan,,,https://clss.nrcan-rncan.gc.ca/data-donnees/sgb_datasets/SK
FOND DU LAC NO 231,Saskatchewan,,,https://clss.nrcan-rncan.gc.ca/data-donnees/sgb_datasets/SK
FOND DU LAC NO 232,Saskatchewan,,,https://clss.nrcan-rncan.gc.ca/data-donnees/sgb_datasets/SK
FOND DU LAC NO 233,Saskatchewan,,,https://clss.nrcan-rncan.gc.ca/data-donnees/sgb_datasets/SK
FOUR PORTAGES NO 157C,Saskatchewan,,,https://clss.nrcan-rncan.gc.ca/data-donnees/sgb_datasets/SK
FOX POINT NO 157D,Saskatchewan,,,https://clss.nrcan-rncan.gc.ca/data-donnees/sgb_datasets/SK
FOX POINT NO 157E,Saskatchewan,,,https://clss.nrcan-rncan.gc.ca/data-donnees/sgb_datasets/SK
GEORGE GORDON FIRST NATION #86-6,Saskatchewan,,,https://clss.nrcan-rncan.gc.ca/data-donnees/sgb_datasets/SK
GEORGE GORDON FIRST NATION #86-7,Saskatchewan,,,https://clss.nrcan-rncan.gc.ca/data-donnees/sgb_datasets/SK
GEORGE GORDON FIRST NATION #86-8,Saskatchewan,,,https://clss.nrcan-rncan.gc.ca/data-donnees/sgb_datasets/SK
GEORGE GORDON FIRST NATION #86-9,Saskatchewan,,,https://clss.nrcan-rncan.gc.ca/data-donnees/sgb_datasets/SK
GEORGE GORDON FIRST NATION NO. 86,Saskatchewan,,,https://clss.nrcan-rncan.gc.ca/data-donnees/sgb_datasets/SK
GEORGE GORDON FIRST NATION NO. 86-3,Saskatchewan,,,https://clss.nrcan-rncan.gc.ca/data-donnees/sgb_datasets/SK
GEORGE GORDON FIRST NATION NO. 86-4,Saskatchewan,,,https://clss.nrcan-rncan.gc.ca/data-donnees/sgb_datasets/SK
GEORGE GORDON FIRST NATION NO. 86-5,Saskatchewan,,,https://clss.nrcan-rncan.gc.ca/data-donnees/sgb_datasets/SK
GLADUE LAKE NO 105B,Saskatchewan,,,https://clss.nrcan-rncan.gc.ca/data-donnees/sgb_datasets/SK
GORDON NO 86,Saskatchewan,,,https://clss.nrcan-rncan.gc.ca/data-donnees/sgb_datasets/SK
GRANDMOTHER'S BAY NO 219,Saskatchewan,,,https://clss.nrcan-rncan.gc.ca/data-donnees/sgb_datasets/SK
GRIZZLY BEAR'S HEAD 110 & LEAN MAN 111,Saskatchewan,,,https://clss.nrcan-rncan.gc.ca/data-donnees/sgb_datasets/SK
ILE A LA CROSSE NO 192E,Saskatchewan,,,https://clss.nrcan-rncan.gc.ca/data-donnees/sgb_datasets/SK
JAMES SMITH NO 100,Saskatchewan,,,https://clss.nrcan-rncan.gc.ca/data-donnees/sgb_datasets/SK
KAHKEWISTAHAW INDIAN RESERVE NO 72-W,Saskatchewan,,,https://clss.nrcan-rncan.gc.ca/data-donnees/sgb_datasets/SK
KAHKEWISTAHAW INDIAN RESERVE NO. 72-O,Saskatchewan,,,https://clss.nrcan-rncan.gc.ca/data-donnees/sgb_datasets/SK
KAHKEWISTAHAW INDIAN RESERVE NO. 72-P,Saskatchewan,,,https://clss.nrcan-rncan.gc.ca/data-donnees/sgb_datasets/SK
KAHKEWISTAHAW INDIAN RESERVE NO. 72-Q,Saskatchewan,,,https://clss.nrcan-rncan.gc.ca/data-donnees/sgb_datasets/SK
KAHKEWISTAHAW INDIAN RESERVE NO. 72-T,Saskatchewan,,,https://clss.nrcan-rncan.gc.ca/data-donnees/sgb_datasets/SK
KAHKEWISTAHAW INDIAN RESERVE NO. 72-X,Saskatchewan,,,https://clss.nrcan-rncan.gc.ca/data-donnees/sgb_datasets/SK
KAHKEWISTAHAW INDIAN RESERVE NO. 72A-2,Saskatchewan,,,https://clss.nrcan-rncan.gc.ca/data-donnees/sgb_datasets/SK
KAHKEWISTAHAW NO 72,Saskatchewan,,,https://clss.nrcan-rncan.gc.ca/data-donnees/sgb_datasets/SK
KEESEEKOOSE INDIAN RESERVE NO. 66-CA-08,Saskatchewan,,,https://clss.nrcan-rncan.gc.ca/data-donnees/sgb_datasets/SK
KEESEEKOOSE INDIAN RESERVE NO. 66-KE-06,Saskatchewan,,,https://clss.nrcan-rncan.gc.ca/data-donnees/sgb_datasets/SK
KEESEEKOOSE NO 66,Saskatchewan,,,https://clss.nrcan-rncan.gc.ca/data-donnees/sgb_datasets/SK
KINISTIN NO 91A,Saskatchewan,,,https://clss.nrcan-rncan.gc.ca/data-donnees/sgb_datasets/SK
KINISTIN NO 91,Saskatchewan,,,https://clss.nrcan-rncan.gc.ca/data-donnees/sgb_datasets/SK
KITSAKIE NO 156B,Saskatchewan,,,https://clss.nrcan-rncan.gc.ca/data-donnees/sgb_datasets/SK
KNEE LAKE NO 192B,Saskatchewan,,,https://clss.nrcan-rncan.gc.ca/data-donnees/sgb_datasets/SK
LA PLONGE NO 192,Saskatchewan,,,https://clss.nrcan-rncan.gc.ca/data-donnees/sgb_datasets/SK
LA RÉSERVE INDIENNE MUSKOWEKWAN N° 85-66,Saskatchewan,,,https://clss.nrcan-rncan.gc.ca/data-donnees/sgb_datasets/SK
LA RÉSERVE INDIENNE OKANESE N° 82 (GG),Saskatchewan,,,https://clss.nrcan-rncan.gc.ca/data-donnees/sgb_datasets/SK
LA RÉSERVE INDIENNE OKANESE N° 82 (HH),Saskatchewan,,,https://clss.nrcan-rncan.gc.ca/data-donnees/sgb_datasets/SK
LAC LA HACHE NO 220,Saskatchewan,,,https://clss.nrcan-rncan.gc.ca/data-donnees/sgb_datasets/SK
LAC LA RONGE NO 156,Saskatchewan,,,https://clss.nrcan-rncan.gc.ca/data-donnees/sgb_datasets/SK
LAST MOUNTAIN LAKE NO 80A,Saskatchewan,,,https://clss.nrcan-rncan.gc.ca/data-donnees/sgb_datasets/SK
LITTLE BLACK BEAR NO 84,Saskatchewan,,,https://clss.nrcan-rncan.gc.ca/data-donnees/sgb_datasets/SK
LITTLE BONE 74B,Saskatchewan,,,https://clss.nrcan-rncan.gc.ca/data-donnees/sgb_datasets/SK
LITTLE HILLS NO 158,Saskatchewan,,,https://clss.nrcan-rncan.gc.ca/data-donnees/sgb_datasets/SK
LITTLE HILLS NO 158A,Saskatchewan,,,https://clss.nrcan-rncan.gc.ca/data-donnees/sgb_datasets/SK
LITTLE HILLS NO 158B,Saskatchewan,,,https://clss.nrcan-rncan.gc.ca/data-donnees/sgb_datasets/SK
LITTLE RED RIVER NO 106C,Saskatchewan,,,https://clss.nrcan-rncan.gc.ca/data-donnees/sgb_datasets/SK
LITTLE RED RIVER NO 106D,Saskatchewan,,,https://clss.nrcan-rncan.gc.ca/data-donnees/sgb_datasets/SK
LUCKY MAN,Saskatchewan,,,https://clss.nrcan-rncan.gc.ca/data-donnees/sgb_datasets/SK
MAKWA LAKE NO 129,Saskatchewan,,,https://clss.nrcan-rncan.gc.ca/data-donnees/sgb_datasets/SK
MAKWA LAKE NO 129A,Saskatchewan,,,https://clss.nrcan-rncan.gc.ca/data-donnees/sgb_datasets/SK
MAKWA LAKE NO 129B,Saskatchewan,,,https://clss.nrcan-rncan.gc.ca/data-donnees/sgb_datasets/SK
MAKWA LAKE NO 129C,Saskatchewan,,,https://clss.nrcan-rncan.gc.ca/data-donnees/sgb_datasets/SK
MEADOW LAKE NO 105A,Saskatchewan,,,https://clss.nrcan-rncan.gc.ca/data-donnees/sgb_datasets/SK
MEADOW LAKE NO 105C,Saskatchewan,,,https://clss.nrcan-rncan.gc.ca/data-donnees/sgb_datasets/SK
MINISTIKWAN NO 161,Saskatchewan,,,https://clss.nrcan-rncan.gc.ca/data-donnees/sgb_datasets/SK
MINISTIKWAN NO 161A,Saskatchewan,,,https://clss.nrcan-rncan.gc.ca/data-donnees/sgb_datasets/SK
MINOAHCHAK NO 74C,Saskatchewan,,,https://clss.nrcan-rncan.gc.ca/data-donnees/sgb_datasets/SK
MIROND LAKE NO 184E,Saskatchewan,,,https://clss.nrcan-rncan.gc.ca/data-donnees/sgb_datasets/SK
MISTAWASIS INDIAN RESERVE NO. 103E,Saskatchewan,,,https://clss.nrcan-rncan.gc.ca/data-donnees/sgb_datasets/SK
MISTAWASIS INDIAN RESERVE NO. 103G,Saskatchewan,,,https://clss.nrcan-rncan.gc.ca/data-donnees/sgb_datasets/SK
MISTAWASIS INDIAN RESERVE NO. 103J,Saskatchewan,,,https://clss.nrcan-rncan.gc.ca/data-donnees/sgb_datasets/SK
MISTAWASIS INDIAN RESERVE NO. 103L,Saskatchewan,,,https://clss.nrcan-rncan.gc.ca/data-donnees/sgb_datasets/SK
MISTAWASIS NO 103,Saskatchewan,,,https://clss.nrcan-rncan.gc.ca/data-donnees/sgb_datasets/SK
MISTAWASIS RESERVE NO. 103C,Saskatchewan,,,https://clss.nrcan-rncan.gc.ca/data-donnees/sgb_datasets/SK
MISTAWASIS RESERVE NO. 103D,Saskatchewan,,,https://clss.nrcan-rncan.gc.ca/data-donnees/sgb_datasets/SK
MISTIK,Saskatchewan,,,https://clss.nrcan-rncan.gc.ca/data-donnees/sgb_datasets/SK
MONTREAL LAKE NO 106,Saskatchewan,,,https://clss.nrcan-rncan.gc.ca/data-donnees/sgb_datasets/SK
MONTREAL LAKE NO 106B,Saskatchewan,,,https://clss.nrcan-rncan.gc.ca/data-donnees/sgb_datasets/SK
MOOSOMIN INDIAN RESERVE NO. 112G,Saskatchewan,,,https://clss.nrcan-rncan.gc.ca/data-donnees/sgb_datasets/SK
MOOSOMIN IR 112K,Saskatchewan,,,https://clss.nrcan-rncan.gc.ca/data-donnees/sgb_datasets/SK
MOOSOMIN NO 112A,Saskatchewan,,,https://clss.nrcan-rncan.gc.ca/data-donnees/sgb_datasets/SK
MOOSOMIN NO 112B,Saskatchewan,,,https://clss.nrcan-rncan.gc.ca/data-donnees/sgb_datasets/SK
MOOSOMIN NO 112E,Saskatchewan,,,https://clss.nrcan-rncan.gc.ca/data-donnees/sgb_datasets/SK
MOOSOMIN NO 112F,Saskatchewan,,,https://clss.nrcan-rncan.gc.ca/data-donnees/sgb_datasets/SK
MORIN LAKE NO 217,Saskatchewan,,,https://clss.nrcan-rncan.gc.ca/data-donnees/sgb_datasets/SK
MOSQUITO NO 109,Saskatchewan,,,https://clss.nrcan-rncan.gc.ca/data-donnees/sgb_datasets/SK
MUSCOWPETUNG NO 80,Saskatchewan,,,https://clss.nrcan-rncan.gc.ca/data-donnees/sgb_datasets/SK
MUSKEG LAKE CREE NATION NO 102,Saskatchewan,,,https://clss.nrcan-rncan.gc.ca/data-donnees/sgb_datasets/SK
MUSKEG RIVER NO 20C,Saskatchewan,,,https://clss.nrcan-rncan.gc.ca/data-donnees/sgb_datasets/SK
MUSKODAY FIRST NATION,Saskatchewan,,,https://clss.nrcan-rncan.gc.ca/data-donnees/sgb_datasets/SK
MUSKOWEKWAN INDIAN RESERVE NO. 85-38,Saskatchewan,,,https://clss.nrcan-rncan.gc.ca/data-donnees/sgb_datasets/SK
MUSKOWEKWAN INDIAN RESERVE NO. 85-46,Saskatchewan,,,https://clss.nrcan-rncan.gc.ca/data-donnees/sgb_datasets/SK
MUSKOWEKWAN INDIAN RESERVE NO. 85-56,Saskatchewan,,,https://clss.nrcan-rncan.gc.ca/data-donnees/sgb_datasets/SK
MUSKOWEKWAN INDIAN RESERVE NO. 85-69,Saskatchewan,,,https://clss.nrcan-rncan.gc.ca/data-donnees/sgb_datasets/SK
MUSKOWEKWAN NO 85,Saskatchewan,,,https://clss.nrcan-rncan.gc.ca/data-donnees/sgb_datasets/SK
MUSKOWEKWAN NO 85-12,Saskatchewan,,,https://clss.nrcan-rncan.gc.ca/data-donnees/sgb_datasets/SK
MUSKOWEKWAN NO 85-6,Saskatchewan,,,https://clss.nrcan-rncan.gc.ca/data-donnees/sgb_datasets/SK
MUSKOWEKWAN NO 85-7,Saskatchewan,,,https://clss.nrcan-rncan.gc.ca/data-donnees/sgb_datasets/SK
MUSKOWEKWAN NO 85-8,Saskatchewan,,,https://clss.nrcan-rncan.gc.ca/data-donnees/sgb_datasets/SK
MUSKOWEKWAN NO 85-9,Saskatchewan,,,https://clss.nrcan-rncan.gc.ca/data-donnees/sgb_datasets/SK
MUSKOWEKWAN NO 85A,Saskatchewan,,,https://clss.nrcan-rncan.gc.ca/data-donnees/sgb_datasets/SK
MUSKOWEKWAN RESERVE NO. 85-71,Saskatchewan,,,https://clss.nrcan-rncan.gc.ca/data-donnees/sgb_datasets/SK
MUSKOWEKWAN RESERVE NO. 85-72,Saskatchewan,,,https://clss.nrcan-rncan.gc.ca/data-donnees/sgb_datasets/SK
MUSKOWEKWAN RESERVE NO. 85-73,Saskatchewan,,,https://clss.nrcan-rncan.gc.ca/data-donnees/sgb_datasets/SK
MUSKOWEKWAN RESERVE NO. 85-74,Saskatchewan,,,https://clss.nrcan-rncan.gc.ca/data-donnees/sgb_datasets/SK
NAKAWAY AHKEENG,Saskatchewan,,,https://clss.nrcan-rncan.gc.ca/data-donnees/sgb_datasets/SK
OCEAN MAN INDIAN RESERVE NO 69R,Saskatchewan,,,https://clss.nrcan-rncan.gc.ca/data-donnees/sgb_datasets/SK
OCEAN MAN INDIAN RESERVE NO. 69Q,Saskatchewan,,,https://clss.nrcan-rncan.gc.ca/data-donnees/sgb_datasets/SK
OCEAN MAN INDIAN RESERVE NO. 69X,Saskatchewan,,,https://clss.nrcan-rncan.gc.ca/data-donnees/sgb_datasets/SK
OCEAN MAN NO 69,Saskatchewan,,,https://clss.nrcan-rncan.gc.ca/data-donnees/sgb_datasets/SK
OCEAN MAN NO 69A,Saskatchewan,,,https://clss.nrcan-rncan.gc.ca/data-donnees/sgb_datasets/SK
OCEAN MAN NO 69B,Saskatchewan,,,https://clss.nrcan-rncan.gc.ca/data-donnees/sgb_datasets/SK
OCEAN MAN NO 69C,Saskatchewan,,,https://clss.nrcan-rncan.gc.ca/data-donnees/sgb_datasets/SK
OCEAN MAN NO 69D,Saskatchewan,,,https://clss.nrcan-rncan.gc.ca/data-donnees/sgb_datasets/SK
OCEAN MAN NO 69E,Saskatchewan,,,https://clss.nrcan-rncan.gc.ca/data-donnees/sgb_datasets/SK
OCEAN MAN NO 69F,Saskatchewan,,,https://clss.nrcan-rncan.gc.ca/data-donnees/sgb_datasets/SK
OCEAN MAN NO 69G,Saskatchewan,,,https://clss.nrcan-rncan.gc.ca/data-donnees/sgb_datasets/SK
OCEAN MAN NO 69H,Saskatchewan,,,https://clss.nrcan-rncan.gc.ca/data-donnees/sgb_datasets/SK
OCEAN MAN NO 69I,Saskatchewan,,,https://clss.nrcan-rncan.gc.ca/data-donnees/sgb_datasets/SK
OCHAPOWACE I.R. 71-28,Saskatchewan,,,https://clss.nrcan-rncan.gc.ca/data-donnees/sgb_datasets/SK
OCHAPOWACE I.R. 71-30,Saskatchewan,,,https://clss.nrcan-rncan.gc.ca/data-donnees/sgb_datasets/SK
OCHAPOWACE I.R. 71-31,Saskatchewan,,,https://clss.nrcan-rncan.gc.ca/data-donnees/sgb_datasets/SK
OCHAPOWACE I.R. 71-32,Saskatchewan,,,https://clss.nrcan-rncan.gc.ca/data-donnees/sgb_datasets/SK
OCHAPOWACE I.R. 71-33,Saskatchewan,,,https://clss.nrcan-rncan.gc.ca/data-donnees/sgb_datasets/SK
OCHAPOWACE INDIAN RESERVE NO 71-73,Saskatchewan,,,https://clss.nrcan-rncan.gc.ca/data-donnees/sgb_datasets/SK
OLD FORT NO 157B,Saskatchewan,,,https://clss.nrcan-rncan.gc.ca/data-donnees/sgb_datasets/SK
ONE ARROW INDIAN RESERVE NO. 95-1J,Saskatchewan,,,https://clss.nrcan-rncan.gc.ca/data-donnees/sgb_datasets/SK
ONE ARROW NO 95-1A,Saskatchewan,,,https://clss.nrcan-rncan.gc.ca/data-donnees/sgb_datasets/SK
PASQUA INDIAN RESERVE NO. 79,Saskatchewan,,,https://clss.nrcan-rncan.gc.ca/data-donnees/sgb_datasets/SK
PEEPEEKISIS NO 81,Saskatchewan,,,https://clss.nrcan-rncan.gc.ca/data-donnees/sgb_datasets/SK
PELICAN NARROWS NO 184B,Saskatchewan,,,https://clss.nrcan-rncan.gc.ca/data-donnees/sgb_datasets/SK
PHEASANT RUMP NAKOTA INDIAN RESERVE NO. 68A,Saskatchewan,,,https://clss.nrcan-rncan.gc.ca/data-donnees/sgb_datasets/SK
PHEASANT RUMP NAKOTA INDIAN RESERVE NO. 68B,Saskatchewan,,,https://clss.nrcan-rncan.gc.ca/data-donnees/sgb_datasets/SK
PHEASANT RUMP NAKOTA INDIAN RESERVE NO. 68C,Saskatchewan,,,https://clss.nrcan-rncan.gc.ca/data-donnees/sgb_datasets/SK
PHEASANT RUMP NAKOTA INDIAN RESERVE NO. 68D,Saskatchewan,,,https://clss.nrcan-rncan.gc.ca/data-donnees/sgb_datasets/SK
PHEASANT RUMP NAKOTA INDIAN RESERVE NO. 68E,Saskatchewan,,,https://clss.nrcan-rncan.gc.ca/data-donnees/sgb_datasets/SK
PHEASANT RUMP NAKOTA INDIAN RESERVE NO. 68F,Saskatchewan,,,https://clss.nrcan-rncan.gc.ca/data-donnees/sgb_datasets/SK
PHEASANT RUMP NAKOTA INDIAN RESERVE NO. 68G,Saskatchewan,,,https://clss.nrcan-rncan.gc.ca/data-donnees/sgb_datasets/SK
PHEASANT RUMP NAKOTA INDIAN RESERVE NO. 68H,Saskatchewan,,,https://clss.nrcan-rncan.gc.ca/data-donnees/sgb_datasets/SK
PHEASANT RUMP NO. 68,Saskatchewan,,,https://clss.nrcan-rncan.gc.ca/data-donnees/sgb_datasets/SK
PINE BLUFF NO 20A,Saskatchewan,,,https://clss.nrcan-rncan.gc.ca/data-donnees/sgb_datasets/SK
PINE BLUFF NO 20B,Saskatchewan,,,https://clss.nrcan-rncan.gc.ca/data-donnees/sgb_datasets/SK
POTATO RIVER NO 156A,Saskatchewan,,,https://clss.nrcan-rncan.gc.ca/data-donnees/sgb_datasets/SK
POUNDMAKER INDIAN RESERVE NO 114-30,Saskatchewan,,,https://clss.nrcan-rncan.gc.ca/data-donnees/sgb_datasets/SK
POUNDMAKER INDIAN RESERVE NO. 114-28,Saskatchewan,,,https://clss.nrcan-rncan.gc.ca/data-donnees/sgb_datasets/SK
PREMIÈRE NATION CARRY THE KETTLE NAKODA NO 76-57,Saskatchewan,,,https://clss.nrcan-rncan.gc.ca/data-donnees/sgb_datasets/SK
PREMIÈRE NATION CARRY THE KETTLE NAKODA NO 76-59,Saskatchewan,,,https://clss.nrcan-rncan.gc.ca/data-donnees/sgb_datasets/SK
PRIMEAU LAKE NO 192F,Saskatchewan,,,https://clss.nrcan-rncan.gc.ca/data-donnees/sgb_datasets/SK
RED EARTH NO 29,Saskatchewan,,,https://clss.nrcan-rncan.gc.ca/data-donnees/sgb_datasets/SK
RED PHEASANT NO 108,Saskatchewan,,,https://clss.nrcan-rncan.gc.ca/data-donnees/sgb_datasets/SK
ROADSIDE INDIAN RESERVE NO. 165F,Saskatchewan,,,https://clss.nrcan-rncan.gc.ca/data-donnees/sgb_datasets/SK
RÉSERVE CHIEF JOSEPH CUSTER,Saskatchewan,,,https://clss.nrcan-rncan.gc.ca/data-donnees/sgb_datasets/SK
RÉSERVE DE KISKINWUHUMATOWIN,Saskatchewan,,,https://clss.nrcan-rncan.gc.ca/data-donnees/sgb_datasets/SK
RÉSERVE INDIENNE OCHAPOWACE NO 71-56,Saskatchewan,,,https://clss.nrcan-rncan.gc.ca/data-donnees/sgb_datasets/SK
RÉSERVE INDIENNE THUNDERCHILD FIRST NATION NO 115R,Saskatchewan,,,https://clss.nrcan-rncan.gc.ca/data-donnees/sgb_datasets/SK
RÉSERVE INDIENNE AMISKOSAKAHIKAN NO 210,Saskatchewan,,,https://clss.nrcan-rncan.gc.ca/data-donnees/sgb_datasets/SK
RÉSERVE INDIENNE BEARDY'S & OKEMASIS NO 96 & 97-A,Saskatchewan,,,https://clss.nrcan-rncan.gc.ca/data-donnees/sgb_datasets/SK
RÉSERVE INDIENNE BEARDY'S AND OKEMASIS #96 & 97-B,Saskatchewan,,,https://clss.nrcan-rncan.gc.ca/data-donnees/sgb_datasets/SK
RÉSERVE INDIENNE BEARDY'S AND OKEMASIS 96 & 97-C,Saskatchewan,,,https://clss.nrcan-rncan.gc.ca/data-donnees/sgb_datasets/SK
RÉSERVE INDIENNE BEARDY'S NO 97 AND OKEMASIS NO 96,Saskatchewan,,,https://clss.nrcan-rncan.gc.ca/data-donnees/sgb_datasets/SK
RÉSERVE INDIENNE CABLE BAY CREE LAKE N° 192N DE LA PREMIERE NATION ENGLISH RIVER,Saskatchewan,,,https://clss.nrcan-rncan.gc.ca/data-donnees/sgb_datasets/SK
RÉSERVE INDIENNE CARRY THE KETTLE NAKODA FIRST NATION NO. 76-28,Saskatchewan,,,https://clss.nrcan-rncan.gc.ca/data-donnees/sgb_datasets/SK
RÉSERVE INDIENNE CARRY THE KETTLE NAKODA FIRST NATION Nº 76-18,Saskatchewan,,,https://clss.nrcan-rncan.gc.ca/data-donnees/sgb_datasets/SK
RÉSERVE INDIENNE CARRY THE KETTLE NAKODA FIRST NATION Nº 76-19,Saskatchewan,,,https://clss.nrcan-rncan.gc.ca/data-donnees/sgb_datasets/SK
RÉSERVE INDIENNE CARRY THE KETTLE NAKODA FIRST NATION Nº 76-22,Saskatchewan,,,https://clss.nrcan-rncan.gc.ca/data-donnees/sgb_datasets/SK
RÉSERVE INDIENNE CARRY THE KETTLE NAKODA FIRST NATION Nº 76-34,Saskatchewan,,,https://clss.nrcan-rncan.gc.ca/data-donnees/sgb_datasets/SK
RÉSERVE INDIENNE CARRY THE KETTLE NAKODA FRIST NATION Nº 76-33,Saskatchewan,,,https://clss.nrcan-rncan.gc.ca/data-donnees/sgb_datasets/SK
RÉSERVE INDIENNE COWESSESS NO 73,Saskatchewan,,,https://clss.nrcan-rncan.gc.ca/data-donnees/sgb_datasets/SK
RÉSERVE INDIENNE COWESSESS NO 73A,Saskatchewan,,,https://clss.nrcan-rncan.gc.ca/data-donnees/sgb_datasets/SK
RÉSERVE INDIENNE D' ASIMAKANISEEKAN ASKIY NO 102A,Saskatchewan,,,https://clss.nrcan-rncan.gc.ca/data-donnees/sgb_datasets/SK
RÉSERVE INDIENNE D' ASIMAKANISEEKAN ASKIY NO 102B,Saskatchewan,,,https://clss.nrcan-rncan.gc.ca/data-donnees/sgb_datasets/SK
RÉSERVE INDIENNE D' OCHAPOWACE NO 71-66,Saskatchewan,,,https://clss.nrcan-rncan.gc.ca/data-donnees/sgb_datasets/SK
RÉSERVE INDIENNE D' OCHAPOWACE NO 71-67,Saskatchewan,,,https://clss.nrcan-rncan.gc.ca/data-donnees/sgb_datasets/SK
RÉSERVE INDIENNE D' OCHAPOWACE NO 71-72,Saskatchewan,,,https://clss.nrcan-rncan.gc.ca/data-donnees/sgb_datasets/SK
RÉSERVE INDIENNE D' OCHAPOWACE NO 71-95,Saskatchewan,,,https://clss.nrcan-rncan.gc.ca/data-donnees/sgb_datasets/SK
RÉSERVE INDIENNE D' OCHAPOWACE NO 71-96,Saskatchewan,,,https://clss.nrcan-rncan.gc.ca/data-donnees/sgb_datasets/SK
RÉSERVE INDIENNE D' OCHAPOWACE NO 71-23,Saskatchewan,,,https://clss.nrcan-rncan.gc.ca/data-donnees/sgb_datasets/SK
RÉSERVE INDIENNE D' OCHAPOWACE NO 71-65,Saskatchewan,,,https://clss.nrcan-rncan.gc.ca/data-donnees/sgb_datasets/SK
RÉSERVE INDIENNE D' OCHAPOWACE NO 71-70,Saskatchewan,,,https://clss.nrcan-rncan.gc.ca/data-donnees/sgb_datasets/SK
RÉSERVE INDIENNE D' OCHAPOWACE NO 71-74,Saskatchewan,,,https://clss.nrcan-rncan.gc.ca/data-donnees/sgb_datasets/SK
RÉSERVE INDIENNE D' OCHAPOWACE NO 71-88,Saskatchewan,,,https://clss.nrcan-rncan.gc.ca/data-donnees/sgb_datasets/SK
RÉSERVE INDIENNE D' OCHAPOWACE NO 71-89,Saskatchewan,,,https://clss.nrcan-rncan.gc.ca/data-donnees/sgb_datasets/SK
RÉSERVE INDIENNE D' OKANESE NO 82(D),Saskatchewan,,,https://clss.nrcan-rncan.gc.ca/data-donnees/sgb_datasets/SK
RÉSERVE INDIENNE D' OKANESE NO 82(E),Saskatchewan,,,https://clss.nrcan-rncan.gc.ca/data-donnees/sgb_datasets/SK
RÉSERVE INDIENNE D'OCEAN MAN NO 69N,Saskatchewan,,,https://clss.nrcan-rncan.gc.ca/data-donnees/sgb_datasets/SK
RÉSERVE INDIENNE D'OCEAN MAN NO 69S,Saskatchewan,,,https://clss.nrcan-rncan.gc.ca/data-donnees/sgb_datasets/SK
RÉSERVE INDIENNE D'OCHAPOWACE NO 71-80,Saskatchewan,,,https://clss.nrcan-rncan.gc.ca/data-donnees/sgb_datasets/SK
RÉSERVE INDIENNE DE CARRY THE KETTLE NAKODA FIRST NATION NO 76-7,Saskatchewan,,,https://clss.nrcan-rncan.gc.ca/data-donnees/sgb_datasets/SK
RÉSERVE INDIENNE DE CARRY THE KETTLE FIRST NATION NO 76-2,Saskatchewan,,,https://clss.nrcan-rncan.gc.ca/data-donnees/sgb_datasets/SK
RÉSERVE INDIENNE DE CARRY THE KETTLE NAKODA FIRST NATION NO 76-12,Saskatchewan,,,https://clss.nrcan-rncan.gc.ca/data-donnees/sgb_datasets/SK
RÉSERVE INDIENNE DE CARRY THE KETTLE NAKODA FIRST NATION NO 76-10,Saskatchewan,,,https://clss.nrcan-rncan.gc.ca/data-donnees/sgb_datasets/SK
RÉSERVE INDIENNE DE CARRY THE KETTLE NAKODA FIRST NATION NO 76-11,Saskatchewan,,,https://clss.nrcan-rncan.gc.ca/data-donnees/sgb_datasets/SK
RÉSERVE INDIENNE DE CARRY THE KETTLE NAKODA FIRST NATION NO 76-13,Saskatchewan,,,https://clss.nrcan-rncan.gc.ca/data-donnees/sgb_datasets/SK
RÉSERVE INDIENNE DE CARRY THE KETTLE NAKODA FIRST NATION NO 76-14,Saskatchewan,,,https://clss.nrcan-rncan.gc.ca/data-donnees/sgb_datasets/SK
RÉSERVE INDIENNE DE CARRY THE KETTLE NAKODA FIRST NATION NO 76-15,Saskatchewan,,,https://clss.nrcan-rncan.gc.ca/data-donnees/sgb_datasets/SK
RÉSERVE INDIENNE DE CARRY THE KETTLE NAKODA FIRST NATION NO 76-29,Saskatchewan,,,https://clss.nrcan-rncan.gc.ca/data-donnees/sgb_datasets/SK
RÉSERVE INDIENNE DE CARRY THE KETTLE NAKODA FIRST NATION NO 76-32,Saskatchewan,,,https://clss.nrcan-rncan.gc.ca/data-donnees/sgb_datasets/SK
RÉSERVE INDIENNE DE CARRY THE KETTLE NAKODA FIRST NATION NO 76-4,Saskatchewan,,,https://clss.nrcan-rncan.gc.ca/data-donnees/sgb_datasets/SK
RÉSERVE INDIENNE DE CARRY THE KETTLE NAKODA FIRST NATION NO 76-6,Saskatchewan,,,https://clss.nrcan-rncan.gc.ca/data-donnees/sgb_datasets/SK
RÉSERVE INDIENNE DE CARRY THE KETTLE NAKODA FIRST NATION NO 76-66,Saskatchewan,,,https://clss.nrcan-rncan.gc.ca/data-donnees/sgb_datasets/SK
RÉSERVE INDIENNE DE CARRY THE KETTLE NAKODA FIRST NATION NO 76-8,Saskatchewan,,,https://clss.nrcan-rncan.gc.ca/data-donnees/sgb_datasets/SK
RÉSERVE INDIENNE DE CARRY THE KETTLE NAKODA FIRST NATION Nº 76-3,Saskatchewan,,,https://clss.nrcan-rncan.gc.ca/data-donnees/sgb_datasets/SK
RÉSERVE INDIENNE DE CARRY THE KETTLE NAKODA FIRST NATION Nº 76-31,Saskatchewan,,,https://clss.nrcan-rncan.gc.ca/data-donnees/sgb_datasets/SK
RÉSERVE INDIENNE DE CARRY THE KETTLE NAKOTA FIRST NATION NO 76-1,Saskatchewan,,,https://clss.nrcan-rncan.gc.ca/data-donnees/sgb_datasets/SK
RÉSERVE INDIENNE DE CLEARWATER RIVER NO. 222,Saskatchewan,,,https://clss.nrcan-rncan.gc.ca/data-donnees/sgb_datasets/SK
RÉSERVE INDIENNE DE CREE LAKE NO 192G,Saskatchewan,,,https://clss.nrcan-rncan.gc.ca/data-donnees/sgb_datasets/SK
RÉSERVE INDIENNE DE CUMBERLAND HOUSE CREE NATION NO 20,Saskatchewan,,,https://clss.nrcan-rncan.gc.ca/data-donnees/sgb_datasets/SK
RÉSERVE INDIENNE DE FLYING DUST FIRST NATION NO 105,Saskatchewan,,,https://clss.nrcan-rncan.gc.ca/data-donnees/sgb_datasets/SK
RÉSERVE INDIENNE DE KEESEEKOOSE NO 66-KE-03,Saskatchewan,,,https://clss.nrcan-rncan.gc.ca/data-donnees/sgb_datasets/SK
RÉSERVE INDIENNE DE KEESEEKOOSE NO KK 66-ST-04,Saskatchewan,,,https://clss.nrcan-rncan.gc.ca/data-donnees/sgb_datasets/SK
RÉSERVE INDIENNE DE KEESEEKOOSE NO 66-KE-01,Saskatchewan,,,https://clss.nrcan-rncan.gc.ca/data-donnees/sgb_datasets/SK
RÉSERVE INDIENNE DE LA CARRY THE KETTLE NAKODA FIRST NATION Nº 76-17,Saskatchewan,,,https://clss.nrcan-rncan.gc.ca/data-donnees/sgb_datasets/SK
RÉSERVE INDIENNE DE LA KAHKEWISTAHAW NO. 72E,Saskatchewan,,,https://clss.nrcan-rncan.gc.ca/data-donnees/sgb_datasets/SK
RÉSERVE INDIENNE DE LA KAHKEWISTAHAW NO. 72H,Saskatchewan,,,https://clss.nrcan-rncan.gc.ca/data-donnees/sgb_datasets/SK
RÉSERVE INDIENNE DE LA SABITAWASIS BEACH NO. 89 C-1,Saskatchewan,,,https://clss.nrcan-rncan.gc.ca/data-donnees/sgb_datasets/SK
RÉSERVE INDIENNE DE LITTLE PINE NO 116,Saskatchewan,,,https://clss.nrcan-rncan.gc.ca/data-donnees/sgb_datasets/SK
RÉSERVE INDIENNE DE MINAHEQUOSIS N° 116A,Saskatchewan,,,https://clss.nrcan-rncan.gc.ca/data-donnees/sgb_datasets/SK
RÉSERVE INDIENNE DE MOSQUITO GRIZZLY BEAR'S HEAD LEAN MAN TLE NO 1,Saskatchewan,,,https://clss.nrcan-rncan.gc.ca/data-donnees/sgb_datasets/SK
RÉSERVE INDIENNE DE MUSKEG LAKE NO 102D,Saskatchewan,,,https://clss.nrcan-rncan.gc.ca/data-donnees/sgb_datasets/SK
RÉSERVE INDIENNE DE MUSKEG LAKE NO 102B,Saskatchewan,,,https://clss.nrcan-rncan.gc.ca/data-donnees/sgb_datasets/SK
RÉSERVE INDIENNE DE MUSKEG LAKE NO 102E,Saskatchewan,,,https://clss.nrcan-rncan.gc.ca/data-donnees/sgb_datasets/SK
RÉSERVE INDIENNE DE MUSKEG LAKE NO 102F,Saskatchewan,,,https://clss.nrcan-rncan.gc.ca/data-donnees/sgb_datasets/SK
RÉSERVE INDIENNE DE MUSKEG LAKE NO 102G,Saskatchewan,,,https://clss.nrcan-rncan.gc.ca/data-donnees/sgb_datasets/SK
RÉSERVE INDIENNE DE MUSKOWEKWAN NO 85-24,Saskatchewan,,,https://clss.nrcan-rncan.gc.ca/data-donnees/sgb_datasets/SK
RÉSERVE INDIENNE DE MUSKOWEKWAN NO 85-2A,Saskatchewan,,,https://clss.nrcan-rncan.gc.ca/data-donnees/sgb_datasets/SK
RÉSERVE INDIENNE DE MUSKOWEKWAN NO 85-35,Saskatchewan,,,https://clss.nrcan-rncan.gc.ca/data-donnees/sgb_datasets/SK
RÉSERVE INDIENNE DE MUSKOWEKWAN NO 85-26,Saskatchewan,,,https://clss.nrcan-rncan.gc.ca/data-donnees/sgb_datasets/SK
RÉSERVE INDIENNE DE MUSKOWEKWAN NO 85-28,Saskatchewan,,,https://clss.nrcan-rncan.gc.ca/data-donnees/sgb_datasets/SK
RÉSERVE INDIENNE DE MUSKOWEKWAN NO 85-29,Saskatchewan,,,https://clss.nrcan-rncan.gc.ca/data-donnees/sgb_datasets/SK
RÉSERVE INDIENNE DE MUSKOWEKWAN NO 85-31,Saskatchewan,,,https://clss.nrcan-rncan.gc.ca/data-donnees/sgb_datasets/SK
RÉSERVE INDIENNE DE MUSKOWEKWAN NO 85-58,Saskatchewan,,,https://clss.nrcan-rncan.gc.ca/data-donnees/sgb_datasets/SK
RÉSERVE INDIENNE DE MUSKOWEKWAN Nº 85-53,Saskatchewan,,,https://clss.nrcan-rncan.gc.ca/data-donnees/sgb_datasets/SK
RÉSERVE INDIENNE DE NEKANEET CREE NATION,Saskatchewan,,,https://clss.nrcan-rncan.gc.ca/data-donnees/sgb_datasets/SK
RÉSERVE INDIENNE DE OCHAPOWACE NO 71-120,Saskatchewan,,,https://clss.nrcan-rncan.gc.ca/data-donnees/sgb_datasets/SK
RÉSERVE INDIENNE DE ONE ARROW NO 95-1C,Saskatchewan,,,https://clss.nrcan-rncan.gc.ca/data-donnees/sgb_datasets/SK
RÉSERVE INDIENNE DE ONE ARROW NO 95-1D,Saskatchewan,,,https://clss.nrcan-rncan.gc.ca/data-donnees/sgb_datasets/SK
RÉSERVE INDIENNE DE ONE ARROW NO 95,Saskatchewan,,,https://clss.nrcan-rncan.gc.ca/data-donnees/sgb_datasets/SK
RÉSERVE INDIENNE DE ONE ARROW NO 95-1B,Saskatchewan,,,https://clss.nrcan-rncan.gc.ca/data-donnees/sgb_datasets/SK
RÉSERVE INDIENNE DE POUNDMAKER NO 114-5A,Saskatchewan,,,https://clss.nrcan-rncan.gc.ca/data-donnees/sgb_datasets/SK
RÉSERVE INDIENNE DE POUNDMAKER NO 114-6A2,Saskatchewan,,,https://clss.nrcan-rncan.gc.ca/data-donnees/sgb_datasets/SK
RÉSERVE INDIENNE DE POUNDMAKER N° 114-29,Saskatchewan,,,https://clss.nrcan-rncan.gc.ca/data-donnees/sgb_datasets/SK
RÉSERVE INDIENNE DE SAKIMAY NO 74-1,Saskatchewan,,,https://clss.nrcan-rncan.gc.ca/data-donnees/sgb_datasets/SK
RÉSERVE INDIENNE DE SAKIMAY NO 74-2,Saskatchewan,,,https://clss.nrcan-rncan.gc.ca/data-donnees/sgb_datasets/SK
RÉSERVE INDIENNE DE SAKIMAY Nº 74-5,Saskatchewan,,,https://clss.nrcan-rncan.gc.ca/data-donnees/sgb_datasets/SK
RÉSERVE INDIENNE DE SOUNDING SKY,Saskatchewan,,,https://clss.nrcan-rncan.gc.ca/data-donnees/sgb_datasets/SK
RÉSERVE INDIENNE DE STAR BLANKET NO 83B,Saskatchewan,,,https://clss.nrcan-rncan.gc.ca/data-donnees/sgb_datasets/SK
RÉSERVE INDIENNE DE SWEET GRASS NO 113-C19,Saskatchewan,,,https://clss.nrcan-rncan.gc.ca/data-donnees/sgb_datasets/SK
RÉSERVE INDIENNE DE SWEET GRASS NO 113-P2,Saskatchewan,,,https://clss.nrcan-rncan.gc.ca/data-donnees/sgb_datasets/SK
RÉSERVE INDIENNE DE SWEET GRASS NO 113A,Saskatchewan,,,https://clss.nrcan-rncan.gc.ca/data-donnees/sgb_datasets/SK
RÉSERVE INDIENNE DE SWEET GRASS NO 113B,Saskatchewan,,,https://clss.nrcan-rncan.gc.ca/data-donnees/sgb_datasets/SK
RÉSERVE INDIENNE DE WEPUSKOW SAHGAIECHAN NO 165 D,Saskatchewan,,,https://clss.nrcan-rncan.gc.ca/data-donnees/sgb_datasets/SK
RÉSERVE INDIENNE DE WHITE BEAR NO 70,Saskatchewan,,,https://clss.nrcan-rncan.gc.ca/data-donnees/sgb_datasets/SK
RÉSERVE INDIENNE DE YELLOW QUILL NO 90-8,Saskatchewan,,,https://clss.nrcan-rncan.gc.ca/data-donnees/sgb_datasets/SK
RÉSERVE INDIENNE DE YELLOWQUILL NO 90,Saskatchewan,,,https://clss.nrcan-rncan.gc.ca/data-donnees/sgb_datasets/SK
RÉSERVE INDIENNE ENGLISH RIVER NO 192H,Saskatchewan,,,https://clss.nrcan-rncan.gc.ca/data-donnees/sgb_datasets/SK
RÉSERVE INDIENNE ENGLISH RIVER FIRST NATION CABLE BAY CREE LAKE Nº 192M,Saskatchewan,,,https://clss.nrcan-rncan.gc.ca/data-donnees/sgb_datasets/SK
RÉSERVE INDIENNE ENGLISH RIVER FIRST NATION LEAF RAPIDS NO 192P,Saskatchewan,,,https://clss.nrcan-rncan.gc.ca/data-donnees/sgb_datasets/SK
RÉSERVE INDIENNE ENGLISH RIVER MAWDSLEY LAKE RESERVE NO. 192R,Saskatchewan,,,https://clss.nrcan-rncan.gc.ca/data-donnees/sgb_datasets/SK
RÉSERVE INDIENNE ENGLISH RIVER SLUSH LAKE NO 192Q,Saskatchewan,,,https://clss.nrcan-rncan.gc.ca/data-donnees/sgb_datasets/SK
RÉSERVE INDIENNE FISHING LAKE Nº 89D1,Saskatchewan,,,https://clss.nrcan-rncan.gc.ca/data-donnees/sgb_datasets/SK
RÉSERVE INDIENNE FLYING DUST FIRST NATION NO 105D,Saskatchewan,,,https://clss.nrcan-rncan.gc.ca/data-donnees/sgb_datasets/SK
RÉSERVE INDIENNE FLYING DUST FIRST NATION NO. 105F,Saskatchewan,,,https://clss.nrcan-rncan.gc.ca/data-donnees/sgb_datasets/SK
RÉSERVE INDIENNE FLYING DUST NO 105E,Saskatchewan,,,https://clss.nrcan-rncan.gc.ca/data-donnees/sgb_datasets/SK
RÉSERVE INDIENNE GOLD EAGLE,Saskatchewan,,,https://clss.nrcan-rncan.gc.ca/data-donnees/sgb_datasets/SK
RÉSERVE INDIENNE GRASSWOODS Nº 192J,Saskatchewan,,,https://clss.nrcan-rncan.gc.ca/data-donnees/sgb_datasets/SK
RÉSERVE INDIENNE KAHKEWISTAHAW NO 72 A-1,Saskatchewan,,,https://clss.nrcan-rncan.gc.ca/data-donnees/sgb_datasets/SK
RÉSERVE INDIENNE KAHKEWISTAHAW NO 72B,Saskatchewan,,,https://clss.nrcan-rncan.gc.ca/data-donnees/sgb_datasets/SK
RÉSERVE INDIENNE KAHKEWISTAHAW NO 72I,Saskatchewan,,,https://clss.nrcan-rncan.gc.ca/data-donnees/sgb_datasets/SK
RÉSERVE INDIENNE KAHKEWISTAHAW NO 72K,Saskatchewan,,,https://clss.nrcan-rncan.gc.ca/data-donnees/sgb_datasets/SK
RÉSERVE INDIENNE KAHKEWISTAHAW NO 72L,Saskatchewan,,,https://clss.nrcan-rncan.gc.ca/data-donnees/sgb_datasets/SK
RÉSERVE INDIENNE KAHKEWISTAHAW NO 72M,Saskatchewan,,,https://clss.nrcan-rncan.gc.ca/data-donnees/sgb_datasets/SK
RÉSERVE INDIENNE KAHKEWISTAHAW NO 72N,Saskatchewan,,,https://clss.nrcan-rncan.gc.ca/data-donnees/sgb_datasets/SK
RÉSERVE INDIENNE KAHKEWISTAHAW NO. 72F,Saskatchewan,,,https://clss.nrcan-rncan.gc.ca/data-donnees/sgb_datasets/SK
RÉSERVE INDIENNE KAHKEWISTAHAW NO. 72G,Saskatchewan,,,https://clss.nrcan-rncan.gc.ca/data-donnees/sgb_datasets/SK
RÉSERVE INDIENNE KAHKEWISTAHAW N°72-J,Saskatchewan,,,https://clss.nrcan-rncan.gc.ca/data-donnees/sgb_datasets/SK
RÉSERVE INDIENNE KAWACATOOSE FIRST NATION Nº 88,Saskatchewan,,,https://clss.nrcan-rncan.gc.ca/data-donnees/sgb_datasets/SK
RÉSERVE INDIENNE KEESEEKOOSE NO 66-CA-02,Saskatchewan,,,https://clss.nrcan-rncan.gc.ca/data-donnees/sgb_datasets/SK
RÉSERVE INDIENNE KEESEEKOOSE NO 66-CA-05,Saskatchewan,,,https://clss.nrcan-rncan.gc.ca/data-donnees/sgb_datasets/SK
RÉSERVE INDIENNE KEESEEKOOSE NO 66-CA-01,Saskatchewan,,,https://clss.nrcan-rncan.gc.ca/data-donnees/sgb_datasets/SK
RÉSERVE INDIENNE KEESEEKOOSE NO 66-CA-03,Saskatchewan,,,https://clss.nrcan-rncan.gc.ca/data-donnees/sgb_datasets/SK
RÉSERVE INDIENNE KEESEEKOOSE NO 66-CA-04,Saskatchewan,,,https://clss.nrcan-rncan.gc.ca/data-donnees/sgb_datasets/SK
RÉSERVE INDIENNE KEESEEKOOSE NO 66-CH-01,Saskatchewan,,,https://clss.nrcan-rncan.gc.ca/data-donnees/sgb_datasets/SK
RÉSERVE INDIENNE KEESEEKOOSE NO 66-CH-03,Saskatchewan,,,https://clss.nrcan-rncan.gc.ca/data-donnees/sgb_datasets/SK
RÉSERVE INDIENNE KEESEEKOOSE NO 66-CH-04,Saskatchewan,,,https://clss.nrcan-rncan.gc.ca/data-donnees/sgb_datasets/SK
RÉSERVE INDIENNE KEESEEKOOSE NO 66-CO-01,Saskatchewan,,,https://clss.nrcan-rncan.gc.ca/data-donnees/sgb_datasets/SK
RÉSERVE INDIENNE KEESEEKOOSE NO 66-CO-02,Saskatchewan,,,https://clss.nrcan-rncan.gc.ca/data-donnees/sgb_datasets/SK
RÉSERVE INDIENNE KEESEEKOOSE NO 66-KE-02,Saskatchewan,,,https://clss.nrcan-rncan.gc.ca/data-donnees/sgb_datasets/SK
RÉSERVE INDIENNE KEESEEKOOSE NO 66-KE-04,Saskatchewan,,,https://clss.nrcan-rncan.gc.ca/data-donnees/sgb_datasets/SK
RÉSERVE INDIENNE KEESEEKOOSE NO 66-KE-05,Saskatchewan,,,https://clss.nrcan-rncan.gc.ca/data-donnees/sgb_datasets/SK
RÉSERVE INDIENNE KEESEEKOOSE NO 66-SA-01,Saskatchewan,,,https://clss.nrcan-rncan.gc.ca/data-donnees/sgb_datasets/SK
RÉSERVE INDIENNE KEESEEKOOSE NO 66-SA-02,Saskatchewan,,,https://clss.nrcan-rncan.gc.ca/data-donnees/sgb_datasets/SK
RÉSERVE INDIENNE KEESEEKOOSE NO 66-ST-01,Saskatchewan,,,https://clss.nrcan-rncan.gc.ca/data-donnees/sgb_datasets/SK
RÉSERVE INDIENNE KEESEEKOOSE NO 66-ST-02,Saskatchewan,,,https://clss.nrcan-rncan.gc.ca/data-donnees/sgb_datasets/SK
RÉSERVE INDIENNE KEESEEKOOSE NO 66-ST-03,Saskatchewan,,,https://clss.nrcan-rncan.gc.ca/data-donnees/sgb_datasets/SK
RÉSERVE INDIENNE KEESEEKOOSE NO 66A,Saskatchewan,,,https://clss.nrcan-rncan.gc.ca/data-donnees/sgb_datasets/SK
RÉSERVE INDIENNE KIMOSOM PWATINAHK NO. 203,Saskatchewan,,,https://clss.nrcan-rncan.gc.ca/data-donnees/sgb_datasets/SK
RÉSERVE INDIENNE KINOOSAO-THOMAS CLARK NO 204,Saskatchewan,,,https://clss.nrcan-rncan.gc.ca/data-donnees/sgb_datasets/SK
RÉSERVE INDIENNE KIPAHIGAN SAKAHIKAN NO 222,Saskatchewan,,,https://clss.nrcan-rncan.gc.ca/data-donnees/sgb_datasets/SK
RÉSERVE INDIENNE KISKACIWAN NO. 208,Saskatchewan,,,https://clss.nrcan-rncan.gc.ca/data-donnees/sgb_datasets/SK
RÉSERVE INDIENNE KISTAPINAN Nº 211,Saskatchewan,,,https://clss.nrcan-rncan.gc.ca/data-donnees/sgb_datasets/SK
RÉSERVE INDIENNE KISTAPINANIHK Nº 231,Saskatchewan,,,https://clss.nrcan-rncan.gc.ca/data-donnees/sgb_datasets/SK
RÉSERVE INDIENNE LAKE PITIHKWAKEW NO 102B,Saskatchewan,,,https://clss.nrcan-rncan.gc.ca/data-donnees/sgb_datasets/SK
RÉSERVE INDIENNE LITTLE BLACK BEAR NO 84SC,Saskatchewan,,,https://clss.nrcan-rncan.gc.ca/data-donnees/sgb_datasets/SK
RÉSERVE INDIENNE MANAWANSTAWAYAK NO 230,Saskatchewan,,,https://clss.nrcan-rncan.gc.ca/data-donnees/sgb_datasets/SK
RÉSERVE INDIENNE MASKIKOPAWISCIKOSIK Nº 229,Saskatchewan,,,https://clss.nrcan-rncan.gc.ca/data-donnees/sgb_datasets/SK
RÉSERVE INDIENNE MCKAY Nº 209,Saskatchewan,,,https://clss.nrcan-rncan.gc.ca/data-donnees/sgb_datasets/SK
RÉSERVE INDIENNE MIN-A-HE-QUO-SIS NO 116C,Saskatchewan,,,https://clss.nrcan-rncan.gc.ca/data-donnees/sgb_datasets/SK
RÉSERVE INDIENNE MISTAHI WASAHK NO 209,Saskatchewan,,,https://clss.nrcan-rncan.gc.ca/data-donnees/sgb_datasets/SK
RÉSERVE INDIENNE MISTAWASIS NO 103A,Saskatchewan,,,https://clss.nrcan-rncan.gc.ca/data-donnees/sgb_datasets/SK
RÉSERVE INDIENNE MISTAWASIS NO 103F,Saskatchewan,,,https://clss.nrcan-rncan.gc.ca/data-donnees/sgb_datasets/SK
RÉSERVE INDIENNE MISTAWASIS NO 103H,Saskatchewan,,,https://clss.nrcan-rncan.gc.ca/data-donnees/sgb_datasets/SK
RÉSERVE INDIENNE MISTAWASIS NO 103I,Saskatchewan,,,https://clss.nrcan-rncan.gc.ca/data-donnees/sgb_datasets/SK
RÉSERVE INDIENNE MISTAWASIS Nº 103B,Saskatchewan,,,https://clss.nrcan-rncan.gc.ca/data-donnees/sgb_datasets/SK
RÉSERVE INDIENNE MOOSOMIN NO 112H,Saskatchewan,,,https://clss.nrcan-rncan.gc.ca/data-donnees/sgb_datasets/SK
RÉSERVE INDIENNE MOOSOMIN NO 112J,Saskatchewan,,,https://clss.nrcan-rncan.gc.ca/data-donnees/sgb_datasets/SK
RÉSERVE INDIENNE MOOSOMIN NO 112L,Saskatchewan,,,https://clss.nrcan-rncan.gc.ca/data-donnees/sgb_datasets/SK
RÉSERVE INDIENNE MOOSOMIN NO 112M,Saskatchewan,,,https://clss.nrcan-rncan.gc.ca/data-donnees/sgb_datasets/SK
RÉSERVE INDIENNE MOOSOMIN NO 112N,Saskatchewan,,,https://clss.nrcan-rncan.gc.ca/data-donnees/sgb_datasets/SK
RÉSERVE INDIENNE MOOSOMIN NO 112P,Saskatchewan,,,https://clss.nrcan-rncan.gc.ca/data-donnees/sgb_datasets/SK
RÉSERVE INDIENNE MOOSOMIN NO 112S,Saskatchewan,,,https://clss.nrcan-rncan.gc.ca/data-donnees/sgb_datasets/SK
RÉSERVE INDIENNE MUSKEG LAKE NO 102C,Saskatchewan,,,https://clss.nrcan-rncan.gc.ca/data-donnees/sgb_datasets/SK
RÉSERVE INDIENNE MUSKEG LAKE NO 102H,Saskatchewan,,,https://clss.nrcan-rncan.gc.ca/data-donnees/sgb_datasets/SK
RÉSERVE INDIENNE MUSKEG LAKE NO 102J,Saskatchewan,,,https://clss.nrcan-rncan.gc.ca/data-donnees/sgb_datasets/SK
RÉSERVE INDIENNE MUSKEG LAKE NO 102K,Saskatchewan,,,https://clss.nrcan-rncan.gc.ca/data-donnees/sgb_datasets/SK
RÉSERVE INDIENNE MUSKEG LAKE NO 102L,Saskatchewan,,,https://clss.nrcan-rncan.gc.ca/data-donnees/sgb_datasets/SK
RÉSERVE INDIENNE MUSKEG LAKE NO 102M,Saskatchewan,,,https://clss.nrcan-rncan.gc.ca/data-donnees/sgb_datasets/SK
RÉSERVE INDIENNE MUSKOWEKWAN NO 85-37,Saskatchewan,,,https://clss.nrcan-rncan.gc.ca/data-donnees/sgb_datasets/SK
RÉSERVE INDIENNE MUSKOWEKWAN 85-18,Saskatchewan,,,https://clss.nrcan-rncan.gc.ca/data-donnees/sgb_datasets/SK
RÉSERVE INDIENNE MUSKOWEKWAN NO 85-1,Saskatchewan,,,https://clss.nrcan-rncan.gc.ca/data-donnees/sgb_datasets/SK
RÉSERVE INDIENNE MUSKOWEKWAN NO 85-10,Saskatchewan,,,https://clss.nrcan-rncan.gc.ca/data-donnees/sgb_datasets/SK
RÉSERVE INDIENNE MUSKOWEKWAN NO 85-11,Saskatchewan,,,https://clss.nrcan-rncan.gc.ca/data-donnees/sgb_datasets/SK
RÉSERVE INDIENNE MUSKOWEKWAN NO 85-13,Saskatchewan,,,https://clss.nrcan-rncan.gc.ca/data-donnees/sgb_datasets/SK
RÉSERVE INDIENNE MUSKOWEKWAN NO 85-14,Saskatchewan,,,https://clss.nrcan-rncan.gc.ca/data-donnees/sgb_datasets/SK
RÉSERVE INDIENNE MUSKOWEKWAN NO 85-15,Saskatchewan,,,https://clss.nrcan-rncan.gc.ca/data-donnees/sgb_datasets/SK
RÉSERVE INDIENNE MUSKOWEKWAN NO 85-16,Saskatchewan,,,https://clss.nrcan-rncan.gc.ca/data-donnees/sgb_datasets/SK
RÉSERVE INDIENNE MUSKOWEKWAN NO 85-17,Saskatchewan,,,https://clss.nrcan-rncan.gc.ca/data-donnees/sgb_datasets/SK
RÉSERVE INDIENNE MUSKOWEKWAN NO 85-19,Saskatchewan,,,https://clss.nrcan-rncan.gc.ca/data-donnees/sgb_datasets/SK
RÉSERVE INDIENNE MUSKOWEKWAN NO 85-20,Saskatchewan,,,https://clss.nrcan-rncan.gc.ca/data-donnees/sgb_datasets/SK
RÉSERVE INDIENNE MUSKOWEKWAN NO 85-21,Saskatchewan,,,https://clss.nrcan-rncan.gc.ca/data-donnees/sgb_datasets/SK
RÉSERVE INDIENNE MUSKOWEKWAN NO 85-22,Saskatchewan,,,https://clss.nrcan-rncan.gc.ca/data-donnees/sgb_datasets/SK
RÉSERVE INDIENNE MUSKOWEKWAN NO 85-23,Saskatchewan,,,https://clss.nrcan-rncan.gc.ca/data-donnees/sgb_datasets/SK
RÉSERVE INDIENNE MUSKOWEKWAN NO 85-25,Saskatchewan,,,https://clss.nrcan-rncan.gc.ca/data-donnees/sgb_datasets/SK
RÉSERVE INDIENNE MUSKOWEKWAN NO 85-27,Saskatchewan,,,https://clss.nrcan-rncan.gc.ca/data-donnees/sgb_datasets/SK
RÉSERVE INDIENNE MUSKOWEKWAN NO 85-3,Saskatchewan,,,https://clss.nrcan-rncan.gc.ca/data-donnees/sgb_datasets/SK
RÉSERVE INDIENNE MUSKOWEKWAN NO 85-30,Saskatchewan,,,https://clss.nrcan-rncan.gc.ca/data-donnees/sgb_datasets/SK
RÉSERVE INDIENNE MUSKOWEKWAN NO 85-32,Saskatchewan,,,https://clss.nrcan-rncan.gc.ca/data-donnees/sgb_datasets/SK
RÉSERVE INDIENNE MUSKOWEKWAN NO 85-33,Saskatchewan,,,https://clss.nrcan-rncan.gc.ca/data-donnees/sgb_datasets/SK
RÉSERVE INDIENNE MUSKOWEKWAN NO 85-34,Saskatchewan,,,https://clss.nrcan-rncan.gc.ca/data-donnees/sgb_datasets/SK
RÉSERVE INDIENNE MUSKOWEKWAN NO 85-36,Saskatchewan,,,https://clss.nrcan-rncan.gc.ca/data-donnees/sgb_datasets/SK
RÉSERVE INDIENNE MUSKOWEKWAN NO 85-39,Saskatchewan,,,https://clss.nrcan-rncan.gc.ca/data-donnees/sgb_datasets/SK
RÉSERVE INDIENNE MUSKOWEKWAN NO 85-4,Saskatchewan,,,https://clss.nrcan-rncan.gc.ca/data-donnees/sgb_datasets/SK
RÉSERVE INDIENNE MUSKOWEKWAN NO 85-41,Saskatchewan,,,https://clss.nrcan-rncan.gc.ca/data-donnees/sgb_datasets/SK
RÉSERVE INDIENNE MUSKOWEKWAN NO 85-44,Saskatchewan,,,https://clss.nrcan-rncan.gc.ca/data-donnees/sgb_datasets/SK
RÉSERVE INDIENNE MUSKOWEKWAN NO 85-5,Saskatchewan,,,https://clss.nrcan-rncan.gc.ca/data-donnees/sgb_datasets/SK
RÉSERVE INDIENNE MUSKOWEKWAN NO 85-50,Saskatchewan,,,https://clss.nrcan-rncan.gc.ca/data-donnees/sgb_datasets/SK
RÉSERVE INDIENNE MUSKOWEKWAN NO 85-51,Saskatchewan,,,https://clss.nrcan-rncan.gc.ca/data-donnees/sgb_datasets/SK
RÉSERVE INDIENNE MUSKOWEKWAN NO 85-57,Saskatchewan,,,https://clss.nrcan-rncan.gc.ca/data-donnees/sgb_datasets/SK
RÉSERVE INDIENNE MUSKOWEKWAN NO 85-59,Saskatchewan,,,https://clss.nrcan-rncan.gc.ca/data-donnees/sgb_datasets/SK
RÉSERVE INDIENNE MUSKOWEKWAN NO 85-60,Saskatchewan,,,https://clss.nrcan-rncan.gc.ca/data-donnees/sgb_datasets/SK
RÉSERVE INDIENNE MUSKOWEKWAN NO 85-61,Saskatchewan,,,https://clss.nrcan-rncan.gc.ca/data-donnees/sgb_datasets/SK
RÉSERVE INDIENNE MUSKOWEKWAN NO 85-62,Saskatchewan,,,https://clss.nrcan-rncan.gc.ca/data-donnees/sgb_datasets/SK
RÉSERVE INDIENNE MUSKOWEKWAN NO 85-63,Saskatchewan,,,https://clss.nrcan-rncan.gc.ca/data-donnees/sgb_datasets/SK
RÉSERVE INDIENNE MUSKOWEKWAN NO 85-64,Saskatchewan,,,https://clss.nrcan-rncan.gc.ca/data-donnees/sgb_datasets/SK
RÉSERVE INDIENNE MUSKOWEKWAN NO 85-65,Saskatchewan,,,https://clss.nrcan-rncan.gc.ca/data-donnees/sgb_datasets/SK
RÉSERVE INDIENNE MUSKOWEKWAN N° 85-67,Saskatchewan,,,https://clss.nrcan-rncan.gc.ca/data-donnees/sgb_datasets/SK
RÉSERVE INDIENNE MUSKOWEKWAN Nº 85-40,Saskatchewan,,,https://clss.nrcan-rncan.gc.ca/data-donnees/sgb_datasets/SK
RÉSERVE INDIENNE MUSKOWEKWAN Nº 85-42,Saskatchewan,,,https://clss.nrcan-rncan.gc.ca/data-donnees/sgb_datasets/SK
RÉSERVE INDIENNE MUSKOWEKWAN Nº 85-43,Saskatchewan,,,https://clss.nrcan-rncan.gc.ca/data-donnees/sgb_datasets/SK
RÉSERVE INDIENNE MUSKOWEKWAN Nº 85-45,Saskatchewan,,,https://clss.nrcan-rncan.gc.ca/data-donnees/sgb_datasets/SK
RÉSERVE INDIENNE MUSKOWEKWAN Nº 85-47,Saskatchewan,,,https://clss.nrcan-rncan.gc.ca/data-donnees/sgb_datasets/SK
RÉSERVE INDIENNE MUSKOWEKWAN Nº 85-48,Saskatchewan,,,https://clss.nrcan-rncan.gc.ca/data-donnees/sgb_datasets/SK
RÉSERVE INDIENNE MUSKOWEKWAN Nº 85-49,Saskatchewan,,,https://clss.nrcan-rncan.gc.ca/data-donnees/sgb_datasets/SK
RÉSERVE INDIENNE MUSKOWEKWAN Nº 85-52,Saskatchewan,,,https://clss.nrcan-rncan.gc.ca/data-donnees/sgb_datasets/SK
RÉSERVE INDIENNE MUSKOWEKWAN Nº 85-54,Saskatchewan,,,https://clss.nrcan-rncan.gc.ca/data-donnees/sgb_datasets/SK
RÉSERVE INDIENNE MUSKOWEKWAN Nº 85-55,Saskatchewan,,,https://clss.nrcan-rncan.gc.ca/data-donnees/sgb_datasets/SK
RÉSERVE INDIENNE MUSKWAMINIWATIM NO 225,Saskatchewan,,,https://clss.nrcan-rncan.gc.ca/data-donnees/sgb_datasets/SK
RÉSERVE INDIENNE NAKISKATOWANEEK NO 227,Saskatchewan,,,https://clss.nrcan-rncan.gc.ca/data-donnees/sgb_datasets/SK
RÉSERVE INDIENNE NEMEKUS SAKAHIKAN NO 221,Saskatchewan,,,https://clss.nrcan-rncan.gc.ca/data-donnees/sgb_datasets/SK
RÉSERVE INDIENNE NORTHERN LIGHTS NO 220,Saskatchewan,,,https://clss.nrcan-rncan.gc.ca/data-donnees/sgb_datasets/SK
RÉSERVE INDIENNE OCEAN MAN Nº 69U,Saskatchewan,,,https://clss.nrcan-rncan.gc.ca/data-donnees/sgb_datasets/SK
RÉSERVE INDIENNE OCHAPOWACE NO 71-34,Saskatchewan,,,https://clss.nrcan-rncan.gc.ca/data-donnees/sgb_datasets/SK
RÉSERVE INDIENNE OCHAPOWACE NO 71-43,Saskatchewan,,,https://clss.nrcan-rncan.gc.ca/data-donnees/sgb_datasets/SK
RÉSERVE INDIENNE OCHAPOWACE NO 71,Saskatchewan,,,https://clss.nrcan-rncan.gc.ca/data-donnees/sgb_datasets/SK
RÉSERVE INDIENNE OCHAPOWACE NO 71-10,Saskatchewan,,,https://clss.nrcan-rncan.gc.ca/data-donnees/sgb_datasets/SK
RÉSERVE INDIENNE OCHAPOWACE NO 71-105,Saskatchewan,,,https://clss.nrcan-rncan.gc.ca/data-donnees/sgb_datasets/SK
RÉSERVE INDIENNE OCHAPOWACE NO 71-106,Saskatchewan,,,https://clss.nrcan-rncan.gc.ca/data-donnees/sgb_datasets/SK
RÉSERVE INDIENNE OCHAPOWACE NO 71-107,Saskatchewan,,,https://clss.nrcan-rncan.gc.ca/data-donnees/sgb_datasets/SK
RÉSERVE INDIENNE OCHAPOWACE NO 71-108,Saskatchewan,,,https://clss.nrcan-rncan.gc.ca/data-donnees/sgb_datasets/SK
RÉSERVE INDIENNE OCHAPOWACE NO 71-109,Saskatchewan,,,https://clss.nrcan-rncan.gc.ca/data-donnees/sgb_datasets/SK
RÉSERVE INDIENNE OCHAPOWACE NO 71-11,Saskatchewan,,,https://clss.nrcan-rncan.gc.ca/data-donnees/sgb_datasets/SK
RÉSERVE INDIENNE OCHAPOWACE NO 71-110,Saskatchewan,,,https://clss.nrcan-rncan.gc.ca/data-donnees/sgb_datasets/SK
RÉSERVE INDIENNE OCHAPOWACE NO 71-112,Saskatchewan,,,https://clss.nrcan-rncan.gc.ca/data-donnees/sgb_datasets/SK
RÉSERVE INDIENNE OCHAPOWACE NO 71-116,Saskatchewan,,,https://clss.nrcan-rncan.gc.ca/data-donnees/sgb_datasets/SK
RÉSERVE INDIENNE OCHAPOWACE NO 71-118,Saskatchewan,,,https://clss.nrcan-rncan.gc.ca/data-donnees/sgb_datasets/SK
RÉSERVE INDIENNE OCHAPOWACE NO 71-12,Saskatchewan,,,https://clss.nrcan-rncan.gc.ca/data-donnees/sgb_datasets/SK
RÉSERVE INDIENNE OCHAPOWACE NO 71-124,Saskatchewan,,,https://clss.nrcan-rncan.gc.ca/data-donnees/sgb_datasets/SK
RÉSERVE INDIENNE OCHAPOWACE NO 71-13,Saskatchewan,,,https://clss.nrcan-rncan.gc.ca/data-donnees/sgb_datasets/SK
RÉSERVE INDIENNE OCHAPOWACE NO 71-14,Saskatchewan,,,https://clss.nrcan-rncan.gc.ca/data-donnees/sgb_datasets/SK
RÉSERVE INDIENNE OCHAPOWACE NO 71-15,Saskatchewan,,,https://clss.nrcan-rncan.gc.ca/data-donnees/sgb_datasets/SK
RÉSERVE INDIENNE OCHAPOWACE NO 71-16,Saskatchewan,,,https://clss.nrcan-rncan.gc.ca/data-donnees/sgb_datasets/SK
RÉSERVE INDIENNE OCHAPOWACE NO 71-17,Saskatchewan,,,https://clss.nrcan-rncan.gc.ca/data-donnees/sgb_datasets/SK
RÉSERVE INDIENNE OCHAPOWACE NO 71-18,Saskatchewan,,,https://clss.nrcan-rncan.gc.ca/data-donnees/sgb_datasets/SK
RÉSERVE INDIENNE OCHAPOWACE NO 71-19,Saskatchewan,,,https://clss.nrcan-rncan.gc.ca/data-donnees/sgb_datasets/SK
RÉSERVE INDIENNE OCHAPOWACE NO 71-20,Saskatchewan,,,https://clss.nrcan-rncan.gc.ca/data-donnees/sgb_datasets/SK
RÉSERVE INDIENNE OCHAPOWACE NO 71-24,Saskatchewan,,,https://clss.nrcan-rncan.gc.ca/data-donnees/sgb_datasets/SK
RÉSERVE INDIENNE OCHAPOWACE NO 71-25,Saskatchewan,,,https://clss.nrcan-rncan.gc.ca/data-donnees/sgb_datasets/SK
RÉSERVE INDIENNE OCHAPOWACE NO 71-26,Saskatchewan,,,https://clss.nrcan-rncan.gc.ca/data-donnees/sgb_datasets/SK
RÉSERVE INDIENNE OCHAPOWACE NO 71-29,Saskatchewan,,,https://clss.nrcan-rncan.gc.ca/data-donnees/sgb_datasets/SK
RÉSERVE INDIENNE OCHAPOWACE NO 71-35,Saskatchewan,,,https://clss.nrcan-rncan.gc.ca/data-donnees/sgb_datasets/SK
RÉSERVE INDIENNE OCHAPOWACE NO 71-36,Saskatchewan,,,https://clss.nrcan-rncan.gc.ca/data-donnees/sgb_datasets/SK
RÉSERVE INDIENNE OCHAPOWACE NO 71-37,Saskatchewan,,,https://clss.nrcan-rncan.gc.ca/data-donnees/sgb_datasets/SK
RÉSERVE INDIENNE OCHAPOWACE NO 71-38,Saskatchewan,,,https://clss.nrcan-rncan.gc.ca/data-donnees/sgb_datasets/SK
RÉSERVE INDIENNE OCHAPOWACE NO 71-39,Saskatchewan,,,https://clss.nrcan-rncan.gc.ca/data-donnees/sgb_datasets/SK
RÉSERVE INDIENNE OCHAPOWACE NO 71-40,Saskatchewan,,,https://clss.nrcan-rncan.gc.ca/data-donnees/sgb_datasets/SK
RÉSERVE INDIENNE OCHAPOWACE NO 71-41,Saskatchewan,,,https://clss.nrcan-rncan.gc.ca/data-donnees/sgb_datasets/SK
RÉSERVE INDIENNE OCHAPOWACE NO 71-42,Saskatchewan,,,https://clss.nrcan-rncan.gc.ca/data-donnees/sgb_datasets/SK
RÉSERVE INDIENNE OCHAPOWACE NO 71-44,Saskatchewan,,,https://clss.nrcan-rncan.gc.ca/data-donnees/sgb_datasets/SK
RÉSERVE INDIENNE OCHAPOWACE NO 71-45,Saskatchewan,,,https://clss.nrcan-rncan.gc.ca/data-donnees/sgb_datasets/SK
RÉSERVE INDIENNE OCHAPOWACE NO 71-46,Saskatchewan,,,https://clss.nrcan-rncan.gc.ca/data-donnees/sgb_datasets/SK
RÉSERVE INDIENNE OCHAPOWACE NO 71-47,Saskatchewan,,,https://clss.nrcan-rncan.gc.ca/data-donnees/sgb_datasets/SK
RÉSERVE INDIENNE OCHAPOWACE NO 71-48,Saskatchewan,,,https://clss.nrcan-rncan.gc.ca/data-donnees/sgb_datasets/SK
RÉSERVE INDIENNE OCHAPOWACE NO 71-49,Saskatchewan,,,https://clss.nrcan-rncan.gc.ca/data-donnees/sgb_datasets/SK
RÉSERVE INDIENNE OCHAPOWACE NO 71-5,Saskatchewan,,,https://clss.nrcan-rncan.gc.ca/data-donnees/sgb_datasets/SK
RÉSERVE INDIENNE OCHAPOWACE NO 71-50,Saskatchewan,,,https://clss.nrcan-rncan.gc.ca/data-donnees/sgb_datasets/SK
RÉSERVE INDIENNE OCHAPOWACE NO 71-51,Saskatchewan,,,https://clss.nrcan-rncan.gc.ca/data-donnees/sgb_datasets/SK
RÉSERVE INDIENNE OCHAPOWACE NO 71-53,Saskatchewan,,,https://clss.nrcan-rncan.gc.ca/data-donnees/sgb_datasets/SK
RÉSERVE INDIENNE OCHAPOWACE NO 71-54,Saskatchewan,,,https://clss.nrcan-rncan.gc.ca/data-donnees/sgb_datasets/SK
RÉSERVE INDIENNE OCHAPOWACE NO 71-55,Saskatchewan,,,https://clss.nrcan-rncan.gc.ca/data-donnees/sgb_datasets/SK
RÉSERVE INDIENNE OCHAPOWACE NO 71-57,Saskatchewan,,,https://clss.nrcan-rncan.gc.ca/data-donnees/sgb_datasets/SK
RÉSERVE INDIENNE OCHAPOWACE NO 71-59,Saskatchewan,,,https://clss.nrcan-rncan.gc.ca/data-donnees/sgb_datasets/SK
RÉSERVE INDIENNE OCHAPOWACE NO 71-6,Saskatchewan,,,https://clss.nrcan-rncan.gc.ca/data-donnees/sgb_datasets/SK
RÉSERVE INDIENNE OCHAPOWACE NO 71-60,Saskatchewan,,,https://clss.nrcan-rncan.gc.ca/data-donnees/sgb_datasets/SK
RÉSERVE INDIENNE OCHAPOWACE NO 71-61,Saskatchewan,,,https://clss.nrcan-rncan.gc.ca/data-donnees/sgb_datasets/SK
RÉSERVE INDIENNE OCHAPOWACE NO 71-62,Saskatchewan,,,https://clss.nrcan-rncan.gc.ca/data-donnees/sgb_datasets/SK
RÉSERVE INDIENNE OCHAPOWACE NO 71-63,Saskatchewan,,,https://clss.nrcan-rncan.gc.ca/data-donnees/sgb_datasets/SK
RÉSERVE INDIENNE OCHAPOWACE NO 71-7,Saskatchewan,,,https://clss.nrcan-rncan.gc.ca/data-donnees/sgb_datasets/SK
RÉSERVE INDIENNE OCHAPOWACE NO 71-71,Saskatchewan,,,https://clss.nrcan-rncan.gc.ca/data-donnees/sgb_datasets/SK
RÉSERVE INDIENNE OCHAPOWACE NO 71-76,Saskatchewan,,,https://clss.nrcan-rncan.gc.ca/data-donnees/sgb_datasets/SK
RÉSERVE INDIENNE OCHAPOWACE NO 71-77,Saskatchewan,,,https://clss.nrcan-rncan.gc.ca/data-donnees/sgb_datasets/SK
RÉSERVE INDIENNE OCHAPOWACE NO 71-78,Saskatchewan,,,https://clss.nrcan-rncan.gc.ca/data-donnees/sgb_datasets/SK
RÉSERVE INDIENNE OCHAPOWACE NO 71-8,Saskatchewan,,,https://clss.nrcan-rncan.gc.ca/data-donnees/sgb_datasets/SK
RÉSERVE INDIENNE OCHAPOWACE NO 71-9,Saskatchewan,,,https://clss.nrcan-rncan.gc.ca/data-donnees/sgb_datasets/SK
RÉSERVE INDIENNE OCHAPOWACE NO 71-93,Saskatchewan,,,https://clss.nrcan-rncan.gc.ca/data-donnees/sgb_datasets/SK
RÉSERVE INDIENNE OCHAPOWACE Nº 71-1,Saskatchewan,,,https://clss.nrcan-rncan.gc.ca/data-donnees/sgb_datasets/SK
RÉSERVE INDIENNE OCHAPOWACE Nº 71-100,Saskatchewan,,,https://clss.nrcan-rncan.gc.ca/data-donnees/sgb_datasets/SK
RÉSERVE INDIENNE OCHAPOWACE Nº 71-101,Saskatchewan,,,https://clss.nrcan-rncan.gc.ca/data-donnees/sgb_datasets/SK
RÉSERVE INDIENNE OCHAPOWACE Nº 71-102,Saskatchewan,,,https://clss.nrcan-rncan.gc.ca/data-donnees/sgb_datasets/SK
RÉSERVE INDIENNE OCHAPOWACE Nº 71-103,Saskatchewan,,,https://clss.nrcan-rncan.gc.ca/data-donnees/sgb_datasets/SK
RÉSERVE INDIENNE OCHAPOWACE Nº 71-104,Saskatchewan,,,https://clss.nrcan-rncan.gc.ca/data-donnees/sgb_datasets/SK
RÉSERVE INDIENNE OCHAPOWACE Nº 71-115,Saskatchewan,,,https://clss.nrcan-rncan.gc.ca/data-donnees/sgb_datasets/SK
RÉSERVE INDIENNE OCHAPOWACE Nº 71-117,Saskatchewan,,,https://clss.nrcan-rncan.gc.ca/data-donnees/sgb_datasets/SK
RÉSERVE INDIENNE OCHAPOWACE Nº 71-119,Saskatchewan,,,https://clss.nrcan-rncan.gc.ca/data-donnees/sgb_datasets/SK
RÉSERVE INDIENNE OCHAPOWACE Nº 71-121,Saskatchewan,,,https://clss.nrcan-rncan.gc.ca/data-donnees/sgb_datasets/SK
RÉSERVE INDIENNE OCHAPOWACE Nº 71-122,Saskatchewan,,,https://clss.nrcan-rncan.gc.ca/data-donnees/sgb_datasets/SK
RÉSERVE INDIENNE OCHAPOWACE Nº 71-123,Saskatchewan,,,https://clss.nrcan-rncan.gc.ca/data-donnees/sgb_datasets/SK
RÉSERVE INDIENNE OCHAPOWACE Nº 71-125,Saskatchewan,,,https://clss.nrcan-rncan.gc.ca/data-donnees/sgb_datasets/SK
RÉSERVE INDIENNE OCHAPOWACE Nº 71-126,Saskatchewan,,,https://clss.nrcan-rncan.gc.ca/data-donnees/sgb_datasets/SK
RÉSERVE INDIENNE OCHAPOWACE Nº 71-127,Saskatchewan,,,https://clss.nrcan-rncan.gc.ca/data-donnees/sgb_datasets/SK
RÉSERVE INDIENNE OCHAPOWACE Nº 71-129,Saskatchewan,,,https://clss.nrcan-rncan.gc.ca/data-donnees/sgb_datasets/SK
RÉSERVE INDIENNE OCHAPOWACE Nº 71-130,Saskatchewan,,,https://clss.nrcan-rncan.gc.ca/data-donnees/sgb_datasets/SK
RÉSERVE INDIENNE OCHAPOWACE Nº 71-131,Saskatchewan,,,https://clss.nrcan-rncan.gc.ca/data-donnees/sgb_datasets/SK
RÉSERVE INDIENNE OCHAPOWACE Nº 71-132,Saskatchewan,,,https://clss.nrcan-rncan.gc.ca/data-donnees/sgb_datasets/SK
RÉSERVE INDIENNE OCHAPOWACE Nº 71-2,Saskatchewan,,,https://clss.nrcan-rncan.gc.ca/data-donnees/sgb_datasets/SK
RÉSERVE INDIENNE OCHAPOWACE Nº 71-21,Saskatchewan,,,https://clss.nrcan-rncan.gc.ca/data-donnees/sgb_datasets/SK
RÉSERVE INDIENNE OCHAPOWACE Nº 71-22,Saskatchewan,,,https://clss.nrcan-rncan.gc.ca/data-donnees/sgb_datasets/SK
RÉSERVE INDIENNE OCHAPOWACE Nº 71-27,Saskatchewan,,,https://clss.nrcan-rncan.gc.ca/data-donnees/sgb_datasets/SK
RÉSERVE INDIENNE OCHAPOWACE Nº 71-3,Saskatchewan,,,https://clss.nrcan-rncan.gc.ca/data-donnees/sgb_datasets/SK
RÉSERVE INDIENNE OCHAPOWACE Nº 71-4,Saskatchewan,,,https://clss.nrcan-rncan.gc.ca/data-donnees/sgb_datasets/SK
RÉSERVE INDIENNE OCHAPOWACE Nº 71-52,Saskatchewan,,,https://clss.nrcan-rncan.gc.ca/data-donnees/sgb_datasets/SK
RÉSERVE INDIENNE OCHAPOWACE Nº 71-64,Saskatchewan,,,https://clss.nrcan-rncan.gc.ca/data-donnees/sgb_datasets/SK
RÉSERVE INDIENNE OCHAPOWACE Nº 71-68,Saskatchewan,,,https://clss.nrcan-rncan.gc.ca/data-donnees/sgb_datasets/SK
RÉSERVE INDIENNE OCHAPOWACE Nº 71-69,Saskatchewan,,,https://clss.nrcan-rncan.gc.ca/data-donnees/sgb_datasets/SK
RÉSERVE INDIENNE OCHAPOWACE Nº 71-75,Saskatchewan,,,https://clss.nrcan-rncan.gc.ca/data-donnees/sgb_datasets/SK
RÉSERVE INDIENNE OCHAPOWACE Nº 71-79,Saskatchewan,,,https://clss.nrcan-rncan.gc.ca/data-donnees/sgb_datasets/SK
RÉSERVE INDIENNE OCHAPOWACE Nº 71-82,Saskatchewan,,,https://clss.nrcan-rncan.gc.ca/data-donnees/sgb_datasets/SK
RÉSERVE INDIENNE OCHAPOWACE Nº 71-83,Saskatchewan,,,https://clss.nrcan-rncan.gc.ca/data-donnees/sgb_datasets/SK
RÉSERVE INDIENNE OCHAPOWACE Nº 71-86,Saskatchewan,,,https://clss.nrcan-rncan.gc.ca/data-donnees/sgb_datasets/SK
RÉSERVE INDIENNE OCHAPOWACE Nº 71-87,Saskatchewan,,,https://clss.nrcan-rncan.gc.ca/data-donnees/sgb_datasets/SK
RÉSERVE INDIENNE OCHAPOWACE Nº 71-91,Saskatchewan,,,https://clss.nrcan-rncan.gc.ca/data-donnees/sgb_datasets/SK
RÉSERVE INDIENNE OCHAPOWACE Nº 71-92,Saskatchewan,,,https://clss.nrcan-rncan.gc.ca/data-donnees/sgb_datasets/SK
RÉSERVE INDIENNE OCHAPOWACE Nº 71-94,Saskatchewan,,,https://clss.nrcan-rncan.gc.ca/data-donnees/sgb_datasets/SK
RÉSERVE INDIENNE OCHAPOWACE Nº 71-97,Saskatchewan,,,https://clss.nrcan-rncan.gc.ca/data-donnees/sgb_datasets/SK
RÉSERVE INDIENNE OCHAPOWACE Nº 71-98,Saskatchewan,,,https://clss.nrcan-rncan.gc.ca/data-donnees/sgb_datasets/SK
RÉSERVE INDIENNE OCHAPOWACE Nº 71-99,Saskatchewan,,,https://clss.nrcan-rncan.gc.ca/data-donnees/sgb_datasets/SK
RÉSERVE INDIENNE OKANESE NO 82 (B),Saskatchewan,,,https://clss.nrcan-rncan.gc.ca/data-donnees/sgb_datasets/SK
RÉSERVE INDIENNE OKANESE NO 82(H),Saskatchewan,,,https://clss.nrcan-rncan.gc.ca/data-donnees/sgb_datasets/SK
RÉSERVE INDIENNE OKANESE NO 82,Saskatchewan,,,https://clss.nrcan-rncan.gc.ca/data-donnees/sgb_datasets/SK
RÉSERVE INDIENNE OKANESE NO 82 (BB),Saskatchewan,,,https://clss.nrcan-rncan.gc.ca/data-donnees/sgb_datasets/SK
RÉSERVE INDIENNE OKANESE NO 82 (C),Saskatchewan,,,https://clss.nrcan-rncan.gc.ca/data-donnees/sgb_datasets/SK
RÉSERVE INDIENNE OKANESE NO 82 (M),Saskatchewan,,,https://clss.nrcan-rncan.gc.ca/data-donnees/sgb_datasets/SK
RÉSERVE INDIENNE OKANESE NO 82 (N),Saskatchewan,,,https://clss.nrcan-rncan.gc.ca/data-donnees/sgb_datasets/SK
RÉSERVE INDIENNE OKANESE NO 82 (O),Saskatchewan,,,https://clss.nrcan-rncan.gc.ca/data-donnees/sgb_datasets/SK
RÉSERVE INDIENNE OKANESE NO 82 (P),Saskatchewan,,,https://clss.nrcan-rncan.gc.ca/data-donnees/sgb_datasets/SK
RÉSERVE INDIENNE OKANESE NO 82(A),Saskatchewan,,,https://clss.nrcan-rncan.gc.ca/data-donnees/sgb_datasets/SK
RÉSERVE INDIENNE OKANESE NO 82(CC),Saskatchewan,,,https://clss.nrcan-rncan.gc.ca/data-donnees/sgb_datasets/SK
RÉSERVE INDIENNE OKANESE NO 82(EE),Saskatchewan,,,https://clss.nrcan-rncan.gc.ca/data-donnees/sgb_datasets/SK
RÉSERVE INDIENNE OKANESE NO 82(F),Saskatchewan,,,https://clss.nrcan-rncan.gc.ca/data-donnees/sgb_datasets/SK
RÉSERVE INDIENNE OKANESE NO 82(FF),Saskatchewan,,,https://clss.nrcan-rncan.gc.ca/data-donnees/sgb_datasets/SK
RÉSERVE INDIENNE OKANESE NO 82(G),Saskatchewan,,,https://clss.nrcan-rncan.gc.ca/data-donnees/sgb_datasets/SK
RÉSERVE INDIENNE OKANESE NO 82(I),Saskatchewan,,,https://clss.nrcan-rncan.gc.ca/data-donnees/sgb_datasets/SK
RÉSERVE INDIENNE OKANESE NO 82(J),Saskatchewan,,,https://clss.nrcan-rncan.gc.ca/data-donnees/sgb_datasets/SK
RÉSERVE INDIENNE OKANESE NO 82(K),Saskatchewan,,,https://clss.nrcan-rncan.gc.ca/data-donnees/sgb_datasets/SK
RÉSERVE INDIENNE OKANESE NO 82(Q),Saskatchewan,,,https://clss.nrcan-rncan.gc.ca/data-donnees/sgb_datasets/SK
RÉSERVE INDIENNE OKANESE NO 82(R),Saskatchewan,,,https://clss.nrcan-rncan.gc.ca/data-donnees/sgb_datasets/SK
RÉSERVE INDIENNE OKANESE NO 82(S),Saskatchewan,,,https://clss.nrcan-rncan.gc.ca/data-donnees/sgb_datasets/SK
RÉSERVE INDIENNE OKANESE NO 82(T),Saskatchewan,,,https://clss.nrcan-rncan.gc.ca/data-donnees/sgb_datasets/SK
RÉSERVE INDIENNE OKANESE NO 82(U),Saskatchewan,,,https://clss.nrcan-rncan.gc.ca/data-donnees/sgb_datasets/SK
RÉSERVE INDIENNE OKANESE NO 82(V),Saskatchewan,,,https://clss.nrcan-rncan.gc.ca/data-donnees/sgb_datasets/SK
RÉSERVE INDIENNE OKANESE NO 82(W),Saskatchewan,,,https://clss.nrcan-rncan.gc.ca/data-donnees/sgb_datasets/SK
RÉSERVE INDIENNE OKANESE NO 82(X),Saskatchewan,,,https://clss.nrcan-rncan.gc.ca/data-donnees/sgb_datasets/SK
RÉSERVE INDIENNE OKANESE NO. 82(L),Saskatchewan,,,https://clss.nrcan-rncan.gc.ca/data-donnees/sgb_datasets/SK
RÉSERVE INDIENNE OKANESE Nº 82 (DD),Saskatchewan,,,https://clss.nrcan-rncan.gc.ca/data-donnees/sgb_datasets/SK
RÉSERVE INDIENNE OKANESE Nº 82(AA),Saskatchewan,,,https://clss.nrcan-rncan.gc.ca/data-donnees/sgb_datasets/SK
RÉSERVE INDIENNE OKANESE Nº 82(Y),Saskatchewan,,,https://clss.nrcan-rncan.gc.ca/data-donnees/sgb_datasets/SK
RÉSERVE INDIENNE OKANESE Nº 82(Z),Saskatchewan,,,https://clss.nrcan-rncan.gc.ca/data-donnees/sgb_datasets/SK
RÉSERVE INDIENNE ONE ARROW NO 95-1E,Saskatchewan,,,https://clss.nrcan-rncan.gc.ca/data-donnees/sgb_datasets/SK
RÉSERVE INDIENNE ONE ARROW NO 95-1F,Saskatchewan,,,https://clss.nrcan-rncan.gc.ca/data-donnees/sgb_datasets/SK
RÉSERVE INDIENNE ONE ARROW NO 95-1G,Saskatchewan,,,https://clss.nrcan-rncan.gc.ca/data-donnees/sgb_datasets/SK
RÉSERVE INDIENNE ONE ARROW NO 95-1H,Saskatchewan,,,https://clss.nrcan-rncan.gc.ca/data-donnees/sgb_datasets/SK
RÉSERVE INDIENNE ONE ARROW NO 95-1I,Saskatchewan,,,https://clss.nrcan-rncan.gc.ca/data-donnees/sgb_datasets/SK
RÉSERVE INDIENNE ONIKAHP SAHGHIKANSIS NO 165E,Saskatchewan,,,https://clss.nrcan-rncan.gc.ca/data-donnees/sgb_datasets/SK
RÉSERVE INDIENNE ONION LAKE NO 119-1,Saskatchewan,,,https://clss.nrcan-rncan.gc.ca/data-donnees/sgb_datasets/SK
RÉSERVE INDIENNE ONION LAKE NO. 119-2,Saskatchewan,,,https://clss.nrcan-rncan.gc.ca/data-donnees/sgb_datasets/SK
RÉSERVE INDIENNE PELICAN LAKE NO 191-A,Saskatchewan,,,https://clss.nrcan-rncan.gc.ca/data-donnees/sgb_datasets/SK
RÉSERVE INDIENNE PELICAN LAKE NO 191-B,Saskatchewan,,,https://clss.nrcan-rncan.gc.ca/data-donnees/sgb_datasets/SK
RÉSERVE INDIENNE PELICAN LAKE NO 191-C,Saskatchewan,,,https://clss.nrcan-rncan.gc.ca/data-donnees/sgb_datasets/SK
RÉSERVE INDIENNE PELICAN LAKE NO 191-D,Saskatchewan,,,https://clss.nrcan-rncan.gc.ca/data-donnees/sgb_datasets/SK
RÉSERVE INDIENNE PELICAN NARROWS NO 206,Saskatchewan,,,https://clss.nrcan-rncan.gc.ca/data-donnees/sgb_datasets/SK
RÉSERVE INDIENNE PIAPOT CREE FIRST NATION NO 75F,Saskatchewan,,,https://clss.nrcan-rncan.gc.ca/data-donnees/sgb_datasets/SK
RÉSERVE INDIENNE PIAPOT CREE FIRST NATION NO 75G,Saskatchewan,,,https://clss.nrcan-rncan.gc.ca/data-donnees/sgb_datasets/SK
RÉSERVE INDIENNE PIAPOT CREE FIRST NATION NO 75H,Saskatchewan,,,https://clss.nrcan-rncan.gc.ca/data-donnees/sgb_datasets/SK
RÉSERVE INDIENNE PIAPOT CREE FIRST NATION NO 75K,Saskatchewan,,,https://clss.nrcan-rncan.gc.ca/data-donnees/sgb_datasets/SK
RÉSERVE INDIENNE PIAPOT CREE FIRST NATION Nº 75E,Saskatchewan,,,https://clss.nrcan-rncan.gc.ca/data-donnees/sgb_datasets/SK
RÉSERVE INDIENNE PIAPOT CREE FIRST NATION Nº 75I,Saskatchewan,,,https://clss.nrcan-rncan.gc.ca/data-donnees/sgb_datasets/SK
RÉSERVE INDIENNE PIAPOT CREE FIRST NATION Nº 75J,Saskatchewan,,,https://clss.nrcan-rncan.gc.ca/data-donnees/sgb_datasets/SK
RÉSERVE INDIENNE PIAPOT FIRST NATION NO 75T,Saskatchewan,,,https://clss.nrcan-rncan.gc.ca/data-donnees/sgb_datasets/SK
RÉSERVE INDIENNE PIAPOT NO 75,Saskatchewan,,,https://clss.nrcan-rncan.gc.ca/data-donnees/sgb_datasets/SK
RÉSERVE INDIENNE PISĪWĪMINĪWĀTIM Nº 207,Saskatchewan,,,https://clss.nrcan-rncan.gc.ca/data-donnees/sgb_datasets/SK
RÉSERVE INDIENNE POOR MAN NO 88,Saskatchewan,,,https://clss.nrcan-rncan.gc.ca/data-donnees/sgb_datasets/SK
RÉSERVE INDIENNE POUNDMAKER NO 114-2B,Saskatchewan,,,https://clss.nrcan-rncan.gc.ca/data-donnees/sgb_datasets/SK
RÉSERVE INDIENNE POUNDMAKER NO 114,Saskatchewan,,,https://clss.nrcan-rncan.gc.ca/data-donnees/sgb_datasets/SK
RÉSERVE INDIENNE POUNDMAKER NO 114-10A,Saskatchewan,,,https://clss.nrcan-rncan.gc.ca/data-donnees/sgb_datasets/SK
RÉSERVE INDIENNE POUNDMAKER NO 114-12,Saskatchewan,,,https://clss.nrcan-rncan.gc.ca/data-donnees/sgb_datasets/SK
RÉSERVE INDIENNE POUNDMAKER NO 114-13,Saskatchewan,,,https://clss.nrcan-rncan.gc.ca/data-donnees/sgb_datasets/SK
RÉSERVE INDIENNE POUNDMAKER NO 114-15,Saskatchewan,,,https://clss.nrcan-rncan.gc.ca/data-donnees/sgb_datasets/SK
RÉSERVE INDIENNE POUNDMAKER NO 114-15C,Saskatchewan,,,https://clss.nrcan-rncan.gc.ca/data-donnees/sgb_datasets/SK
RÉSERVE INDIENNE POUNDMAKER NO 114-17A,Saskatchewan,,,https://clss.nrcan-rncan.gc.ca/data-donnees/sgb_datasets/SK
RÉSERVE INDIENNE POUNDMAKER NO 114-18A,Saskatchewan,,,https://clss.nrcan-rncan.gc.ca/data-donnees/sgb_datasets/SK
RÉSERVE INDIENNE POUNDMAKER NO 114-18B,Saskatchewan,,,https://clss.nrcan-rncan.gc.ca/data-donnees/sgb_datasets/SK
RÉSERVE INDIENNE POUNDMAKER NO 114-19,Saskatchewan,,,https://clss.nrcan-rncan.gc.ca/data-donnees/sgb_datasets/SK
RÉSERVE INDIENNE POUNDMAKER NO 114-21,Saskatchewan,,,https://clss.nrcan-rncan.gc.ca/data-donnees/sgb_datasets/SK
RÉSERVE INDIENNE POUNDMAKER NO 114-22,Saskatchewan,,,https://clss.nrcan-rncan.gc.ca/data-donnees/sgb_datasets/SK
RÉSERVE INDIENNE POUNDMAKER NO 114-2A,Saskatchewan,,,https://clss.nrcan-rncan.gc.ca/data-donnees/sgb_datasets/SK
RÉSERVE INDIENNE POUNDMAKER NO 114-2C,Saskatchewan,,,https://clss.nrcan-rncan.gc.ca/data-donnees/sgb_datasets/SK
RÉSERVE INDIENNE POUNDMAKER NO 114-3A,Saskatchewan,,,https://clss.nrcan-rncan.gc.ca/data-donnees/sgb_datasets/SK
RÉSERVE INDIENNE POUNDMAKER NO 114-3B,Saskatchewan,,,https://clss.nrcan-rncan.gc.ca/data-donnees/sgb_datasets/SK
RÉSERVE INDIENNE POUNDMAKER NO 114-4A,Saskatchewan,,,https://clss.nrcan-rncan.gc.ca/data-donnees/sgb_datasets/SK
RÉSERVE INDIENNE POUNDMAKER NO 114-5B,Saskatchewan,,,https://clss.nrcan-rncan.gc.ca/data-donnees/sgb_datasets/SK
RÉSERVE INDIENNE POUNDMAKER NO 114-6A3,Saskatchewan,,,https://clss.nrcan-rncan.gc.ca/data-donnees/sgb_datasets/SK
RÉSERVE INDIENNE POUNDMAKER NO 114-6B2,Saskatchewan,,,https://clss.nrcan-rncan.gc.ca/data-donnees/sgb_datasets/SK
RÉSERVE INDIENNE POUNDMAKER NO 114-6C2,Saskatchewan,,,https://clss.nrcan-rncan.gc.ca/data-donnees/sgb_datasets/SK
RÉSERVE INDIENNE POUNDMAKER NO 114-7A,Saskatchewan,,,https://clss.nrcan-rncan.gc.ca/data-donnees/sgb_datasets/SK
RÉSERVE INDIENNE POUNDMAKER NO 114-8A,Saskatchewan,,,https://clss.nrcan-rncan.gc.ca/data-donnees/sgb_datasets/SK
RÉSERVE INDIENNE POUNDMAKER NO 114-9,Saskatchewan,,,https://clss.nrcan-rncan.gc.ca/data-donnees/sgb_datasets/SK
RÉSERVE INDIENNE POUNDMAKER NO 114-9A,Saskatchewan,,,https://clss.nrcan-rncan.gc.ca/data-donnees/sgb_datasets/SK
RÉSERVE INDIENNE POUNDMAKER NO. 114-11A,Saskatchewan,,,https://clss.nrcan-rncan.gc.ca/data-donnees/sgb_datasets/SK
RÉSERVE INDIENNE POUNDMAKER NO. 114-16,Saskatchewan,,,https://clss.nrcan-rncan.gc.ca/data-donnees/sgb_datasets/SK
RÉSERVE INDIENNE POUNDMAKER NO. 114-17,Saskatchewan,,,https://clss.nrcan-rncan.gc.ca/data-donnees/sgb_datasets/SK
RÉSERVE INDIENNE POUNDMAKER Nº 114-1A,Saskatchewan,,,https://clss.nrcan-rncan.gc.ca/data-donnees/sgb_datasets/SK
RÉSERVE INDIENNE PREMIÈRE NATION DE MUSKODAY Nº 99A,Saskatchewan,,,https://clss.nrcan-rncan.gc.ca/data-donnees/sgb_datasets/SK
RÉSERVE INDIENNE PREMIÈRE NATION DE MUSKODAY Nº 99B,Saskatchewan,,,https://clss.nrcan-rncan.gc.ca/data-donnees/sgb_datasets/SK
RÉSERVE INDIENNE SAKIMAY NO 74,Saskatchewan,,,https://clss.nrcan-rncan.gc.ca/data-donnees/sgb_datasets/SK
RÉSERVE INDIENNE SAKIMAY NO 74-12,Saskatchewan,,,https://clss.nrcan-rncan.gc.ca/data-donnees/sgb_datasets/SK
RÉSERVE INDIENNE SAKIMAY NO 74-3,Saskatchewan,,,https://clss.nrcan-rncan.gc.ca/data-donnees/sgb_datasets/SK
RÉSERVE INDIENNE SAKIMAY NO 74-4,Saskatchewan,,,https://clss.nrcan-rncan.gc.ca/data-donnees/sgb_datasets/SK
RÉSERVE INDIENNE SAKIMAY NO 74-7,Saskatchewan,,,https://clss.nrcan-rncan.gc.ca/data-donnees/sgb_datasets/SK
RÉSERVE INDIENNE SAKIMAY NO 74-9,Saskatchewan,,,https://clss.nrcan-rncan.gc.ca/data-donnees/sgb_datasets/SK
RÉSERVE INDIENNE SAKIMAY N° 74-14,Saskatchewan,,,https://clss.nrcan-rncan.gc.ca/data-donnees/sgb_datasets/SK
RÉSERVE INDIENNE SAKIMAY Nº 74-10,Saskatchewan,,,https://clss.nrcan-rncan.gc.ca/data-donnees/sgb_datasets/SK
RÉSERVE INDIENNE SAKIMAY Nº 74-11,Saskatchewan,,,https://clss.nrcan-rncan.gc.ca/data-donnees/sgb_datasets/SK
RÉSERVE INDIENNE SAKIMAY Nº 74-17,Saskatchewan,,,https://clss.nrcan-rncan.gc.ca/data-donnees/sgb_datasets/SK
RÉSERVE INDIENNE SAULTEAUX FIRST NATION NO. 159II,Saskatchewan,,,https://clss.nrcan-rncan.gc.ca/data-donnees/sgb_datasets/SK
RÉSERVE INDIENNE SAULTEAUX FIRST NATION N° 159KK,Saskatchewan,,,https://clss.nrcan-rncan.gc.ca/data-donnees/sgb_datasets/SK
RÉSERVE INDIENNE SAULTEAUX FIRST NATION Nº 159BB,Saskatchewan,,,https://clss.nrcan-rncan.gc.ca/data-donnees/sgb_datasets/SK
RÉSERVE INDIENNE SAULTEAUX FIRST NATION Nº 159CC,Saskatchewan,,,https://clss.nrcan-rncan.gc.ca/data-donnees/sgb_datasets/SK
RÉSERVE INDIENNE SAULTEAUX FIRST NATION Nº 159GG,Saskatchewan,,,https://clss.nrcan-rncan.gc.ca/data-donnees/sgb_datasets/SK
RÉSERVE INDIENNE SAULTEAUX FIRST NATION Nº 159HH,Saskatchewan,,,https://clss.nrcan-rncan.gc.ca/data-donnees/sgb_datasets/SK
RÉSERVE INDIENNE SAULTEAUX FIRST NATION Nº 159JJ,Saskatchewan,,,https://clss.nrcan-rncan.gc.ca/data-donnees/sgb_datasets/SK
RÉSERVE INDIENNE SAULTEAUX FIRST NATION Nº 159W,Saskatchewan,,,https://clss.nrcan-rncan.gc.ca/data-donnees/sgb_datasets/SK
RÉSERVE INDIENNE SAULTEAUX FIRST NATION Nº 159X,Saskatchewan,,,https://clss.nrcan-rncan.gc.ca/data-donnees/sgb_datasets/SK
RÉSERVE INDIENNE SAULTEAUX FIRST NATION Nº 159Z,Saskatchewan,,,https://clss.nrcan-rncan.gc.ca/data-donnees/sgb_datasets/SK
RÉSERVE INDIENNE SAULTEAUX NO 159,Saskatchewan,,,https://clss.nrcan-rncan.gc.ca/data-donnees/sgb_datasets/SK
RÉSERVE INDIENNE SAULTEAUX NO 159A,Saskatchewan,,,https://clss.nrcan-rncan.gc.ca/data-donnees/sgb_datasets/SK
RÉSERVE INDIENNE SAULTEAUX NO 159AA,Saskatchewan,,,https://clss.nrcan-rncan.gc.ca/data-donnees/sgb_datasets/SK
RÉSERVE INDIENNE SAULTEAUX NO 159B,Saskatchewan,,,https://clss.nrcan-rncan.gc.ca/data-donnees/sgb_datasets/SK
RÉSERVE INDIENNE SAULTEAUX NO 159C,Saskatchewan,,,https://clss.nrcan-rncan.gc.ca/data-donnees/sgb_datasets/SK
RÉSERVE INDIENNE SAULTEAUX NO 159D,Saskatchewan,,,https://clss.nrcan-rncan.gc.ca/data-donnees/sgb_datasets/SK
RÉSERVE INDIENNE SAULTEAUX NO 159DD,Saskatchewan,,,https://clss.nrcan-rncan.gc.ca/data-donnees/sgb_datasets/SK
RÉSERVE INDIENNE SAULTEAUX NO 159E,Saskatchewan,,,https://clss.nrcan-rncan.gc.ca/data-donnees/sgb_datasets/SK
RÉSERVE INDIENNE SAULTEAUX NO 159F,Saskatchewan,,,https://clss.nrcan-rncan.gc.ca/data-donnees/sgb_datasets/SK
RÉSERVE INDIENNE SAULTEAUX NO 159G,Saskatchewan,,,https://clss.nrcan-rncan.gc.ca/data-donnees/sgb_datasets/SK
RÉSERVE INDIENNE SAULTEAUX NO 159H,Saskatchewan,,,https://clss.nrcan-rncan.gc.ca/data-donnees/sgb_datasets/SK
RÉSERVE INDIENNE SAULTEAUX NO 159I,Saskatchewan,,,https://clss.nrcan-rncan.gc.ca/data-donnees/sgb_datasets/SK
RÉSERVE INDIENNE SAULTEAUX NO 159J,Saskatchewan,,,https://clss.nrcan-rncan.gc.ca/data-donnees/sgb_datasets/SK
RÉSERVE INDIENNE SAULTEAUX NO 159K,Saskatchewan,,,https://clss.nrcan-rncan.gc.ca/data-donnees/sgb_datasets/SK
RÉSERVE INDIENNE SAULTEAUX NO 159L,Saskatchewan,,,https://clss.nrcan-rncan.gc.ca/data-donnees/sgb_datasets/SK
RÉSERVE INDIENNE SAULTEAUX NO 159M,Saskatchewan,,,https://clss.nrcan-rncan.gc.ca/data-donnees/sgb_datasets/SK
RÉSERVE INDIENNE SAULTEAUX NO 159Y,Saskatchewan,,,https://clss.nrcan-rncan.gc.ca/data-donnees/sgb_datasets/SK
RÉSERVE INDIENNE SAULTEAUX NO. 159EE,Saskatchewan,,,https://clss.nrcan-rncan.gc.ca/data-donnees/sgb_datasets/SK
RÉSERVE INDIENNE SAULTEAUX Nº 159N,Saskatchewan,,,https://clss.nrcan-rncan.gc.ca/data-donnees/sgb_datasets/SK
RÉSERVE INDIENNE SAULTEAUX Nº 159O,Saskatchewan,,,https://clss.nrcan-rncan.gc.ca/data-donnees/sgb_datasets/SK
RÉSERVE INDIENNE SAULTEAUX Nº 159P,Saskatchewan,,,https://clss.nrcan-rncan.gc.ca/data-donnees/sgb_datasets/SK
RÉSERVE INDIENNE SAULTEAUX Nº 159Q,Saskatchewan,,,https://clss.nrcan-rncan.gc.ca/data-donnees/sgb_datasets/SK
RÉSERVE INDIENNE SAULTEAUX Nº 159R,Saskatchewan,,,https://clss.nrcan-rncan.gc.ca/data-donnees/sgb_datasets/SK
RÉSERVE INDIENNE SAULTEAUX Nº 159S,Saskatchewan,,,https://clss.nrcan-rncan.gc.ca/data-donnees/sgb_datasets/SK
RÉSERVE INDIENNE SAULTEAUX Nº 159T,Saskatchewan,,,https://clss.nrcan-rncan.gc.ca/data-donnees/sgb_datasets/SK
RÉSERVE INDIENNE SAULTEAUX Nº 159U,Saskatchewan,,,https://clss.nrcan-rncan.gc.ca/data-donnees/sgb_datasets/SK
RÉSERVE INDIENNE SAULTEAUX Nº 159V,Saskatchewan,,,https://clss.nrcan-rncan.gc.ca/data-donnees/sgb_datasets/SK
RÉSERVE INDIENNE SEEKASKOOTCH Nº 119,Saskatchewan,,,https://clss.nrcan-rncan.gc.ca/data-donnees/sgb_datasets/SK
RÉSERVE INDIENNE SOKATISEWIN SAKAHIKAN NO 224,Saskatchewan,,,https://clss.nrcan-rncan.gc.ca/data-donnees/sgb_datasets/SK
RÉSERVE INDIENNE SOUTHEND NO 200A,Saskatchewan,,,https://clss.nrcan-rncan.gc.ca/data-donnees/sgb_datasets/SK
RÉSERVE INDIENNE STAR BLANKET NO 83-D,Saskatchewan,,,https://clss.nrcan-rncan.gc.ca/data-donnees/sgb_datasets/SK
RÉSERVE INDIENNE STAR BLANKET NO 83C,Saskatchewan,,,https://clss.nrcan-rncan.gc.ca/data-donnees/sgb_datasets/SK
RÉSERVE INDIENNE STAR BLANKET NO 83E,Saskatchewan,,,https://clss.nrcan-rncan.gc.ca/data-donnees/sgb_datasets/SK
RÉSERVE INDIENNE STAR BLANKET NO 83F,Saskatchewan,,,https://clss.nrcan-rncan.gc.ca/data-donnees/sgb_datasets/SK
RÉSERVE INDIENNE STAR BLANKET NO 83G,Saskatchewan,,,https://clss.nrcan-rncan.gc.ca/data-donnees/sgb_datasets/SK
RÉSERVE INDIENNE STAR BLANKET NO 83H,Saskatchewan,,,https://clss.nrcan-rncan.gc.ca/data-donnees/sgb_datasets/SK
RÉSERVE INDIENNE STAR BLANKET NO 83I,Saskatchewan,,,https://clss.nrcan-rncan.gc.ca/data-donnees/sgb_datasets/SK
RÉSERVE INDIENNE STAR BLANKET NO 83J,Saskatchewan,,,https://clss.nrcan-rncan.gc.ca/data-donnees/sgb_datasets/SK
RÉSERVE INDIENNE STAR BLANKET NO 83K,Saskatchewan,,,https://clss.nrcan-rncan.gc.ca/data-donnees/sgb_datasets/SK
RÉSERVE INDIENNE STURGEON LAKE NO 101B,Saskatchewan,,,https://clss.nrcan-rncan.gc.ca/data-donnees/sgb_datasets/SK
RÉSERVE INDIENNE STURGEON LAKE NO 101C,Saskatchewan,,,https://clss.nrcan-rncan.gc.ca/data-donnees/sgb_datasets/SK
RÉSERVE INDIENNE STURGEON LAKE NO 101D,Saskatchewan,,,https://clss.nrcan-rncan.gc.ca/data-donnees/sgb_datasets/SK
RÉSERVE INDIENNE STURGEON LAKE NO 101E,Saskatchewan,,,https://clss.nrcan-rncan.gc.ca/data-donnees/sgb_datasets/SK
RÉSERVE INDIENNE SWEET GRASS NO 113-028,Saskatchewan,,,https://clss.nrcan-rncan.gc.ca/data-donnees/sgb_datasets/SK
RÉSERVE INDIENNE SWEET GRASS NO 113-C7,Saskatchewan,,,https://clss.nrcan-rncan.gc.ca/data-donnees/sgb_datasets/SK
RÉSERVE INDIENNE SWEET GRASS NO 113-F16,Saskatchewan,,,https://clss.nrcan-rncan.gc.ca/data-donnees/sgb_datasets/SK
RÉSERVE INDIENNE SWEET GRASS NO 113-G7,Saskatchewan,,,https://clss.nrcan-rncan.gc.ca/data-donnees/sgb_datasets/SK
RÉSERVE INDIENNE SWEET GRASS NO 113-I4,Saskatchewan,,,https://clss.nrcan-rncan.gc.ca/data-donnees/sgb_datasets/SK
RÉSERVE INDIENNE SWEET GRASS NO 113-K32,Saskatchewan,,,https://clss.nrcan-rncan.gc.ca/data-donnees/sgb_datasets/SK
RÉSERVE INDIENNE SWEET GRASS NO 113-L6,Saskatchewan,,,https://clss.nrcan-rncan.gc.ca/data-donnees/sgb_datasets/SK
RÉSERVE INDIENNE SWEET GRASS NO 113-M16,Saskatchewan,,,https://clss.nrcan-rncan.gc.ca/data-donnees/sgb_datasets/SK
RÉSERVE INDIENNE SWEET GRASS NO 113-N27,Saskatchewan,,,https://clss.nrcan-rncan.gc.ca/data-donnees/sgb_datasets/SK
RÉSERVE INDIENNE SWEET GRASS NO. 113-D12,Saskatchewan,,,https://clss.nrcan-rncan.gc.ca/data-donnees/sgb_datasets/SK
RÉSERVE INDIENNE SWEETGRASS NO 113-E22,Saskatchewan,,,https://clss.nrcan-rncan.gc.ca/data-donnees/sgb_datasets/SK
RÉSERVE INDIENNE SWEETGRASS NO 113-H1,Saskatchewan,,,https://clss.nrcan-rncan.gc.ca/data-donnees/sgb_datasets/SK
RÉSERVE INDIENNE SWEETGRASS NO 113-J3,Saskatchewan,,,https://clss.nrcan-rncan.gc.ca/data-donnees/sgb_datasets/SK
RÉSERVE INDIENNE SWEETGRASS NO 113-S6,Saskatchewan,,,https://clss.nrcan-rncan.gc.ca/data-donnees/sgb_datasets/SK
RÉSERVE INDIENNE THOMAS MORIN,Saskatchewan,,,https://clss.nrcan-rncan.gc.ca/data-donnees/sgb_datasets/SK
RÉSERVE INDIENNE THUNDERCHILD FIRST NATION #115U,Saskatchewan,,,https://clss.nrcan-rncan.gc.ca/data-donnees/sgb_datasets/SK
RÉSERVE INDIENNE THUNDERCHILD FIRST NATION #115V,Saskatchewan,,,https://clss.nrcan-rncan.gc.ca/data-donnees/sgb_datasets/SK
RÉSERVE INDIENNE THUNDERCHILD FIRST NATION #115T,Saskatchewan,,,https://clss.nrcan-rncan.gc.ca/data-donnees/sgb_datasets/SK
RÉSERVE INDIENNE THUNDERCHILD FIRST NATION NO 115B,Saskatchewan,,,https://clss.nrcan-rncan.gc.ca/data-donnees/sgb_datasets/SK
RÉSERVE INDIENNE THUNDERCHILD FIRST NATION NO 115C,Saskatchewan,,,https://clss.nrcan-rncan.gc.ca/data-donnees/sgb_datasets/SK
RÉSERVE INDIENNE THUNDERCHILD FIRST NATION NO 115D,Saskatchewan,,,https://clss.nrcan-rncan.gc.ca/data-donnees/sgb_datasets/SK
RÉSERVE INDIENNE THUNDERCHILD FIRST NATION NO 115E,Saskatchewan,,,https://clss.nrcan-rncan.gc.ca/data-donnees/sgb_datasets/SK
RÉSERVE INDIENNE THUNDERCHILD FIRST NATION NO 115G,Saskatchewan,,,https://clss.nrcan-rncan.gc.ca/data-donnees/sgb_datasets/SK
RÉSERVE INDIENNE THUNDERCHILD FIRST NATION NO 115H,Saskatchewan,,,https://clss.nrcan-rncan.gc.ca/data-donnees/sgb_datasets/SK
RÉSERVE INDIENNE THUNDERCHILD FIRST NATION NO 115I,Saskatchewan,,,https://clss.nrcan-rncan.gc.ca/data-donnees/sgb_datasets/SK
RÉSERVE INDIENNE THUNDERCHILD FIRST NATION NO 115J,Saskatchewan,,,https://clss.nrcan-rncan.gc.ca/data-donnees/sgb_datasets/SK
RÉSERVE INDIENNE THUNDERCHILD FIRST NATION NO 115K,Saskatchewan,,,https://clss.nrcan-rncan.gc.ca/data-donnees/sgb_datasets/SK
RÉSERVE INDIENNE THUNDERCHILD FIRST NATION NO 115M,Saskatchewan,,,https://clss.nrcan-rncan.gc.ca/data-donnees/sgb_datasets/SK
RÉSERVE INDIENNE THUNDERCHILD FIRST NATION NO 115N,Saskatchewan,,,https://clss.nrcan-rncan.gc.ca/data-donnees/sgb_datasets/SK
RÉSERVE INDIENNE THUNDERCHILD FIRST NATION NO 115Q,Saskatchewan,,,https://clss.nrcan-rncan.gc.ca/data-donnees/sgb_datasets/SK
RÉSERVE INDIENNE THUNDERCHILD FIRST NATION NO 115S,Saskatchewan,,,https://clss.nrcan-rncan.gc.ca/data-donnees/sgb_datasets/SK
RÉSERVE INDIENNE THUNDERCHILD FIRST NATION NO 115W,Saskatchewan,,,https://clss.nrcan-rncan.gc.ca/data-donnees/sgb_datasets/SK
RÉSERVE INDIENNE THUNDERCHILD FIRST NATION NO 115Z,Saskatchewan,,,https://clss.nrcan-rncan.gc.ca/data-donnees/sgb_datasets/SK
RÉSERVE INDIENNE THUNDERCHILD FIRST NATION NO. 115F,Saskatchewan,,,https://clss.nrcan-rncan.gc.ca/data-donnees/sgb_datasets/SK
RÉSERVE INDIENNE THUNDERCHILD FIRST NATION Nº 115L,Saskatchewan,,,https://clss.nrcan-rncan.gc.ca/data-donnees/sgb_datasets/SK
RÉSERVE INDIENNE THUNDERCHILD FIRST NATION Nº 115X,Saskatchewan,,,https://clss.nrcan-rncan.gc.ca/data-donnees/sgb_datasets/SK
RÉSERVE INDIENNE TIPAMAHTO ASKI NO 95A,Saskatchewan,,,https://clss.nrcan-rncan.gc.ca/data-donnees/sgb_datasets/SK
RÉSERVE INDIENNE TREATY FOUR RESERVE GROUNDS NO 77,Saskatchewan,,,https://clss.nrcan-rncan.gc.ca/data-donnees/sgb_datasets/SK
RÉSERVE INDIENNE WA-PII MOOS-TOOSIS (WHITE CALF) NO 83A,Saskatchewan,,,https://clss.nrcan-rncan.gc.ca/data-donnees/sgb_datasets/SK
RÉSERVE INDIENNE WAPASKOKIMAW NO 202,Saskatchewan,,,https://clss.nrcan-rncan.gc.ca/data-donnees/sgb_datasets/SK
RÉSERVE INDIENNE WASKWAYNIKAPIK Nº 228,Saskatchewan,,,https://clss.nrcan-rncan.gc.ca/data-donnees/sgb_datasets/SK
RÉSERVE INDIENNE WASKWIATIK SAKAHIKAN NO 223,Saskatchewan,,,https://clss.nrcan-rncan.gc.ca/data-donnees/sgb_datasets/SK
RÉSERVE INDIENNE WHITECAP NO 94,Saskatchewan,,,https://clss.nrcan-rncan.gc.ca/data-donnees/sgb_datasets/SK
RÉSERVE INDIENNE WILLOW CREE,Saskatchewan,,,https://clss.nrcan-rncan.gc.ca/data-donnees/sgb_datasets/SK
RÉSERVE INDIENNE YELLOW QUILL N. 90-10,Saskatchewan,,,https://clss.nrcan-rncan.gc.ca/data-donnees/sgb_datasets/SK
RÉSERVE INDIENNE YELLOW QUILL NO 90-9,Saskatchewan,,,https://clss.nrcan-rncan.gc.ca/data-donnees/sgb_datasets/SK
RÉSERVE INDIIENNE DE KEESEEKOOSE NO 66-CA-06,Saskatchewan,,,https://clss.nrcan-rncan.gc.ca/data-donnees/sgb_datasets/SK
RÉSERVE KAHKEWISTAHAW NO. 72C,Saskatchewan,,,https://clss.nrcan-rncan.gc.ca/data-donnees/sgb_datasets/SK
RÉSERVE KAHKEWISTAHAW NO. 72D,Saskatchewan,,,https://clss.nrcan-rncan.gc.ca/data-donnees/sgb_datasets/SK
RÉSERVE MUSKOWEKWAN NO 85-68,Saskatchewan,,,https://clss.nrcan-rncan.gc.ca/data-donnees/sgb_datasets/SK
RÉSERVE OCHAPOWACE Nº 71-128,Saskatchewan,,,https://clss.nrcan-rncan.gc.ca/data-donnees/sgb_datasets/SK
RÉSERVE OPASKWAYAK CREE NATION NO 27A,Saskatchewan,,,https://clss.nrcan-rncan.gc.ca/data-donnees/sgb_datasets/SK
RÉSERVE URBAINE PIAPOT,Saskatchewan,,,https://clss.nrcan-rncan.gc.ca/data-donnees/sgb_datasets/SK
SAKIMAY INDIAN RESERVE Nº 74-16,Saskatchewan,,,https://clss.nrcan-rncan.gc.ca/data-donnees/sgb_datasets/SK
SANDY NARROWS NO 184C,Saskatchewan,,,https://clss.nrcan-rncan.gc.ca/data-donnees/sgb_datasets/SK
SAULTEAUX FIRST NATION INDIAN RESERVE NO. 159LL,Saskatchewan,,,https://clss.nrcan-rncan.gc.ca/data-donnees/sgb_datasets/SK
SAULTEAUX FIRST NATION INDIAN RESERVE NO. 159MM,Saskatchewan,,,https://clss.nrcan-rncan.gc.ca/data-donnees/sgb_datasets/SK
SAULTEAUX FIRST NATION RESERVE NO. 159NN,Saskatchewan,,,https://clss.nrcan-rncan.gc.ca/data-donnees/sgb_datasets/SK
SAULTEAUX FIRST NATION RESERVE NO. 159PP,Saskatchewan,,,https://clss.nrcan-rncan.gc.ca/data-donnees/sgb_datasets/SK
SAULTEAUX I.R. 159 FF,Saskatchewan,,,https://clss.nrcan-rncan.gc.ca/data-donnees/sgb_datasets/SK
SAULTEAUX JUNCTION INDIAN RESERVE NO 74-6,Saskatchewan,,,https://clss.nrcan-rncan.gc.ca/data-donnees/sgb_datasets/SK
SHESHEEP NO 74A,Saskatchewan,,,https://clss.nrcan-rncan.gc.ca/data-donnees/sgb_datasets/SK
SHOAL LAKE NO 28A,Saskatchewan,,,https://clss.nrcan-rncan.gc.ca/data-donnees/sgb_datasets/SK
SOUTHEND NO 200,Saskatchewan,,,https://clss.nrcan-rncan.gc.ca/data-donnees/sgb_datasets/SK
STANDING BUFFALO NO 78,Saskatchewan,,,https://clss.nrcan-rncan.gc.ca/data-donnees/sgb_datasets/SK
STANLEY NO 157,Saskatchewan,,,https://clss.nrcan-rncan.gc.ca/data-donnees/sgb_datasets/SK
STANLEY NO 157A,Saskatchewan,,,https://clss.nrcan-rncan.gc.ca/data-donnees/sgb_datasets/SK
STAR BLANKET INDIAN RESERVE NO. 83L,Saskatchewan,,,https://clss.nrcan-rncan.gc.ca/data-donnees/sgb_datasets/SK
STAR BLANKET NO 83,Saskatchewan,,,https://clss.nrcan-rncan.gc.ca/data-donnees/sgb_datasets/SK
STURGEON LAKE INDIAN RESERVE 101G,Saskatchewan,,,https://clss.nrcan-rncan.gc.ca/data-donnees/sgb_datasets/SK
STURGEON LAKE INDIAN RESERVE 101H,Saskatchewan,,,https://clss.nrcan-rncan.gc.ca/data-donnees/sgb_datasets/SK
STURGEON LAKE INDIAN RESERVE NO. 101J,Saskatchewan,,,https://clss.nrcan-rncan.gc.ca/data-donnees/sgb_datasets/SK
STURGEON LAKE NO 101,Saskatchewan,,,https://clss.nrcan-rncan.gc.ca/data-donnees/sgb_datasets/SK
STURGEON LAKE NO 101A,Saskatchewan,,,https://clss.nrcan-rncan.gc.ca/data-donnees/sgb_datasets/SK
STURGEON WEIR NO 184F,Saskatchewan,,,https://clss.nrcan-rncan.gc.ca/data-donnees/sgb_datasets/SK
STURGEON WEIR NO 205,Saskatchewan,,,https://clss.nrcan-rncan.gc.ca/data-donnees/sgb_datasets/SK
SUCKER RIVER NO 156C,Saskatchewan,,,https://clss.nrcan-rncan.gc.ca/data-donnees/sgb_datasets/SK
SWEET GRASS NO 113,Saskatchewan,,,https://clss.nrcan-rncan.gc.ca/data-donnees/sgb_datasets/SK
SWEETGRASS I.R. 113-D33,Saskatchewan,,,https://clss.nrcan-rncan.gc.ca/data-donnees/sgb_datasets/SK
SWEETGRASS INDIAN RESERVE NO. 113-I9,Saskatchewan,,,https://clss.nrcan-rncan.gc.ca/data-donnees/sgb_datasets/SK
THE KEY NO 65,Saskatchewan,,,https://clss.nrcan-rncan.gc.ca/data-donnees/sgb_datasets/SK
TURNOR LAKE NO 193B,Saskatchewan,,,https://clss.nrcan-rncan.gc.ca/data-donnees/sgb_datasets/SK
TURNOR LAKE NO 194,Saskatchewan,,,https://clss.nrcan-rncan.gc.ca/data-donnees/sgb_datasets/SK
WAHPATON NO 94A,Saskatchewan,,,https://clss.nrcan-rncan.gc.ca/data-donnees/sgb_datasets/SK
WAHPATON NO 94B,Saskatchewan,,,https://clss.nrcan-rncan.gc.ca/data-donnees/sgb_datasets/SK
WAPACHEWUNAK NO 192D,Saskatchewan,,,https://clss.nrcan-rncan.gc.ca/data-donnees/sgb_datasets/SK
WATERHEN NO 130,Saskatchewan,,,https://clss.nrcan-rncan.gc.ca/data-donnees/sgb_datasets/SK
WITCHEKAN LAKE NO 117,Saskatchewan,,,https://clss.nrcan-rncan.gc.ca/data-donnees/sgb_datasets/SK
WITCHEKAN LAKE NO 117-D,Saskatchewan,,,https://clss.nrcan-rncan.gc.ca/data-donnees/sgb_datasets/SK
WOOD MOUNTAIN NO 160,Saskatchewan,,,https://clss.nrcan-rncan.gc.ca/data-donnees/sgb_datasets/SK
WOODY LAKE NO 184D,Saskatchewan,,,https://clss.nrcan-rncan.gc.ca/data-donnees/sgb_datasets/SK
YELLOW QUILL I.R. 90-18,Saskatchewan,,,https://clss.nrcan-rncan.gc.ca/data-donnees/sgb_datasets/SK
YELLOW QUILL INDIAN RESERVE NO. 90-11,Saskatchewan,,,https://clss.nrcan-rncan.gc.ca/data-donnees/sgb_datasets/SK
RÉSERVE INDIENNE DE SHESHATSHIU NO 3,Terre-Neuve-et-Labrador,,,https://clss.nrcan-rncan.gc.ca/data-donnees/sgb_datasets/NL
RÉSERVE INDIENNE NATUASHISH NO. 2,Terre-Neuve-et-Labrador,,,https://clss.nrcan-rncan.gc.ca/data-donnees/sgb_datasets/NL
SAMIAJIJ MIAWPUKEK,Terre-Neuve-et-Labrador,,,https://clss.nrcan-rncan.gc.ca/data-donnees/sgb_datasets/NL
HAY RIVER DENE RESERVE NO. 1,Territoires du Nord-Ouest,,,https://clss.nrcan-rncan.gc.ca/data-donnees/sgb_datasets/NT
RÉSERVE INDIENNE SALT RIVER NO 195,Territoires du Nord-Ouest,,,https://clss.nrcan-rncan.gc.ca/data-donnees/sgb_datasets/NT
SALT PLAINS 195,Territoires du Nord-Ouest,,,https://clss.nrcan-rncan.gc.ca/data-donnees/sgb_datasets/NT
RÉSERVE INDIENNE LENNOX ISLAND BAND NO 6,Île-du-Prince-Édouard,,,https://clss.nrcan-rncan.gc.ca/data-donnees/sgb_datasets/PE
RÉSERVE INDIENNE LENNOX ISLAND NO. 1,Île-du-Prince-Édouard,,,https://clss.nrcan-rncan.gc.ca/data-donnees/sgb_datasets/PE
RÉSERVE INDIENNE MORELL NO. 2,Île-du-Prince-Édouard,,,https://clss.nrcan-rncan.gc.ca/data-donnees/sgb_datasets/PE
RÉSERVE INDIENNE ROCKY POINT NO. 3,Île-du-Prince-Édouard,,,https://clss.nrcan-rncan.gc.ca/data-donnees/sgb_datasets/PE
RÉSERVE INDIENNE SCOTCHFORT NO. 4,Île-du-Prince-Édouard,,,https://clss.nrcan-rncan.gc.ca/data-donnees/sgb_datasets/PE
RÉSERVE LENNOX ISLAND NO. 5,Île-du-Prince-Édouard,,,https://clss.nrcan-rncan.gc.ca/data-donnees/sgb_datasets/PE
