nom,subdivision,surface_km2,annee,source_url
Volunteer Hall (A Heart for Duns),Scottish Borders,0.00213,2018,https://www.gov.scot/binaries/content/documents/govscot/publications/statistics/2025/11/community-ownership-in-scotland-2024/documents/community-ownership-in-scotland-2024---dataset/community-ownership-in-scotland-2024---dataset/govscot%3Adocument/Community%2BOwnership%2Bin%2BScotland%2B2024%2B-%2BDataset.xlsx
Speyside Visitor Centre (Aberlour Community Association),Moray,0.000523,2016,https://www.gov.scot/binaries/content/documents/govscot/publications/statistics/2025/11/community-ownership-in-scotland-2024/documents/community-ownership-in-scotland-2024---dataset/community-ownership-in-scotland-2024---dataset/govscot%3Adocument/Community%2BOwnership%2Bin%2BScotland%2B2024%2B-%2BDataset.xlsx
Abriachan Forest (Abriachan Forest Trust),Highland,5.4,1998,https://www.gov.scot/binaries/content/documents/govscot/publications/statistics/2025/11/community-ownership-in-scotland-2024/documents/community-ownership-in-scotland-2024---dataset/community-ownership-in-scotland-2024---dataset/govscot%3Adocument/Community%2BOwnership%2Bin%2BScotland%2B2024%2B-%2BDataset.xlsx
Acharacle Community Centre (Acharacle Community Company),Highland,0.000604,2021,https://www.gov.scot/binaries/content/documents/govscot/publications/statistics/2025/11/community-ownership-in-scotland-2024/documents/community-ownership-in-scotland-2024---dataset/community-ownership-in-scotland-2024---dataset/govscot%3Adocument/Community%2BOwnership%2Bin%2BScotland%2B2024%2B-%2BDataset.xlsx
Druim Garbh & Business Units (Acharacle Community Company),Highland,0.002057,2002,https://www.gov.scot/binaries/content/documents/govscot/publications/statistics/2025/11/community-ownership-in-scotland-2024/documents/community-ownership-in-scotland-2024---dataset/community-ownership-in-scotland-2024---dataset/govscot%3Adocument/Community%2BOwnership%2Bin%2BScotland%2B2024%2B-%2BDataset.xlsx
Achnamara Village Hall (Achnamara Community Trust),Argyll and Bute,0.001315,2021,https://www.gov.scot/binaries/content/documents/govscot/publications/statistics/2025/11/community-ownership-in-scotland-2024/documents/community-ownership-in-scotland-2024---dataset/community-ownership-in-scotland-2024---dataset/govscot%3Adocument/Community%2BOwnership%2Bin%2BScotland%2B2024%2B-%2BDataset.xlsx
Marine Park (Action Marine Park),Moray,0.008781,2019,https://www.gov.scot/binaries/content/documents/govscot/publications/statistics/2025/11/community-ownership-in-scotland-2024/documents/community-ownership-in-scotland-2024---dataset/community-ownership-in-scotland-2024---dataset/govscot%3Adocument/Community%2BOwnership%2Bin%2BScotland%2B2024%2B-%2BDataset.xlsx
Bellfield (Action Porty),City of Edinburgh,0.002584,2017,https://www.gov.scot/binaries/content/documents/govscot/publications/statistics/2025/11/community-ownership-in-scotland-2024/documents/community-ownership-in-scotland-2024---dataset/community-ownership-in-scotland-2024---dataset/govscot%3Adocument/Community%2BOwnership%2Bin%2BScotland%2B2024%2B-%2BDataset.xlsx
Station Seven (Active Communities (Scotland) Ltd),Renfrewshire,0.002003,2022,https://www.gov.scot/binaries/content/documents/govscot/publications/statistics/2025/11/community-ownership-in-scotland-2024/documents/community-ownership-in-scotland-2024---dataset/community-ownership-in-scotland-2024---dataset/govscot%3Adocument/Community%2BOwnership%2Bin%2BScotland%2B2024%2B-%2BDataset.xlsx
Aigas Forest (Aigas Community Forest),Highland,2.7092,2015,https://www.gov.scot/binaries/content/documents/govscot/publications/statistics/2025/11/community-ownership-in-scotland-2024/documents/community-ownership-in-scotland-2024---dataset/community-ownership-in-scotland-2024---dataset/govscot%3Adocument/Community%2BOwnership%2Bin%2BScotland%2B2024%2B-%2BDataset.xlsx
Alford & District Men's Shed (Alford & District Men's Shed),Aberdeenshire,0.005895,2018,https://www.gov.scot/binaries/content/documents/govscot/publications/statistics/2025/11/community-ownership-in-scotland-2024/documents/community-ownership-in-scotland-2024---dataset/community-ownership-in-scotland-2024---dataset/govscot%3Adocument/Community%2BOwnership%2Bin%2BScotland%2B2024%2B-%2BDataset.xlsx
Community Housing Project at George Street (All Roads Lead to Whithorn Trust),Dumfries and Galloway,0.000996,2020,https://www.gov.scot/binaries/content/documents/govscot/publications/statistics/2025/11/community-ownership-in-scotland-2024/documents/community-ownership-in-scotland-2024---dataset/community-ownership-in-scotland-2024---dataset/govscot%3Adocument/Community%2BOwnership%2Bin%2BScotland%2B2024%2B-%2BDataset.xlsx
New Town Hall (All Roads Lead to Whithorn Trust),Dumfries and Galloway,0.000744,2021,https://www.gov.scot/binaries/content/documents/govscot/publications/statistics/2025/11/community-ownership-in-scotland-2024/documents/community-ownership-in-scotland-2024---dataset/community-ownership-in-scotland-2024---dataset/govscot%3Adocument/Community%2BOwnership%2Bin%2BScotland%2B2024%2B-%2BDataset.xlsx
Croft Number 7 (Allt Beag Armadale Trust),Highland,0.016,2002,https://www.gov.scot/binaries/content/documents/govscot/publications/statistics/2025/11/community-ownership-in-scotland-2024/documents/community-ownership-in-scotland-2024---dataset/community-ownership-in-scotland-2024---dataset/govscot%3Adocument/Community%2BOwnership%2Bin%2BScotland%2B2024%2B-%2BDataset.xlsx
Perrins Centre (Alness Community Association Ltd),Highland,0.001262,2011,https://www.gov.scot/binaries/content/documents/govscot/publications/statistics/2025/11/community-ownership-in-scotland-2024/documents/community-ownership-in-scotland-2024---dataset/community-ownership-in-scotland-2024---dataset/govscot%3Adocument/Community%2BOwnership%2Bin%2BScotland%2B2024%2B-%2BDataset.xlsx
Millhaugh Sawmill Site (Alyth Development Trust),Perth and Kinross,0.029099,2023,https://www.gov.scot/binaries/content/documents/govscot/publications/statistics/2025/11/community-ownership-in-scotland-2024/documents/community-ownership-in-scotland-2024---dataset/community-ownership-in-scotland-2024---dataset/govscot%3Adocument/Community%2BOwnership%2Bin%2BScotland%2B2024%2B-%2BDataset.xlsx
Anagach Wood (Anagach Woods Trust),Highland,3.92545,2002,https://www.gov.scot/binaries/content/documents/govscot/publications/statistics/2025/11/community-ownership-in-scotland-2024/documents/community-ownership-in-scotland-2024---dataset/community-ownership-in-scotland-2024---dataset/govscot%3Adocument/Community%2BOwnership%2Bin%2BScotland%2B2024%2B-%2BDataset.xlsx
The Harbour Hub (Annan Harbour Action Group),Dumfries and Galloway,0.00039,2021,https://www.gov.scot/binaries/content/documents/govscot/publications/statistics/2025/11/community-ownership-in-scotland-2024/documents/community-ownership-in-scotland-2024---dataset/community-ownership-in-scotland-2024---dataset/govscot%3Adocument/Community%2BOwnership%2Bin%2BScotland%2B2024%2B-%2BDataset.xlsx
Port Appin Stores (Appin Community Co-operative),Argyll and Bute,0.000101,1984,https://www.gov.scot/binaries/content/documents/govscot/publications/statistics/2025/11/community-ownership-in-scotland-2024/documents/community-ownership-in-scotland-2024---dataset/community-ownership-in-scotland-2024---dataset/govscot%3Adocument/Community%2BOwnership%2Bin%2BScotland%2B2024%2B-%2BDataset.xlsx
Appin Community Car Park (Appin Community Co-operative),Argyll and Bute,0.000405,1986,https://www.gov.scot/binaries/content/documents/govscot/publications/statistics/2025/11/community-ownership-in-scotland-2024/documents/community-ownership-in-scotland-2024---dataset/community-ownership-in-scotland-2024---dataset/govscot%3Adocument/Community%2BOwnership%2Bin%2BScotland%2B2024%2B-%2BDataset.xlsx
The Lighthouse - Appin Craft Shop (Appin Community Co-operative),Argyll and Bute,5.3e-05,2013,https://www.gov.scot/binaries/content/documents/govscot/publications/statistics/2025/11/community-ownership-in-scotland-2024/documents/community-ownership-in-scotland-2024---dataset/community-ownership-in-scotland-2024---dataset/govscot%3Adocument/Community%2BOwnership%2Bin%2BScotland%2B2024%2B-%2BDataset.xlsx
Two Areas of Ground south west of Port Appin (Appin Community Trust),Argyll and Bute,0.003246,2015,https://www.gov.scot/binaries/content/documents/govscot/publications/statistics/2025/11/community-ownership-in-scotland-2024/documents/community-ownership-in-scotland-2024---dataset/community-ownership-in-scotland-2024---dataset/govscot%3Adocument/Community%2BOwnership%2Bin%2BScotland%2B2024%2B-%2BDataset.xlsx
Applecross Filling Station (Applecross Community Company),Highland,0.000349,2010,https://www.gov.scot/binaries/content/documents/govscot/publications/statistics/2025/11/community-ownership-in-scotland-2024/documents/community-ownership-in-scotland-2024---dataset/community-ownership-in-scotland-2024---dataset/govscot%3Adocument/Community%2BOwnership%2Bin%2BScotland%2B2024%2B-%2BDataset.xlsx
Applecross Public Toilets (Applecross Community Company),Highland,0.000111,2013,https://www.gov.scot/binaries/content/documents/govscot/publications/statistics/2025/11/community-ownership-in-scotland-2024/documents/community-ownership-in-scotland-2024---dataset/community-ownership-in-scotland-2024---dataset/govscot%3Adocument/Community%2BOwnership%2Bin%2BScotland%2B2024%2B-%2BDataset.xlsx
Coille a’ Thorra Ghairbh (Applecross Community Company),Highland,0.149512,2021,https://www.gov.scot/binaries/content/documents/govscot/publications/statistics/2025/11/community-ownership-in-scotland-2024/documents/community-ownership-in-scotland-2024---dataset/community-ownership-in-scotland-2024---dataset/govscot%3Adocument/Community%2BOwnership%2Bin%2BScotland%2B2024%2B-%2BDataset.xlsx
Arbroath Courthouse (Arbroath Courthouse Community Trust),Angus,0.000216,2020,https://www.gov.scot/binaries/content/documents/govscot/publications/statistics/2025/11/community-ownership-in-scotland-2024/documents/community-ownership-in-scotland-2024---dataset/community-ownership-in-scotland-2024---dataset/govscot%3Adocument/Community%2BOwnership%2Bin%2BScotland%2B2024%2B-%2BDataset.xlsx
Glenfinart Walled Garden (Ardentinny Community Trust),Argyll and Bute,0.013961,2012,https://www.gov.scot/binaries/content/documents/govscot/publications/statistics/2025/11/community-ownership-in-scotland-2024/documents/community-ownership-in-scotland-2024---dataset/community-ownership-in-scotland-2024---dataset/govscot%3Adocument/Community%2BOwnership%2Bin%2BScotland%2B2024%2B-%2BDataset.xlsx
61 Chalmers Street (Ardrishaig Community Trust),Argyll and Bute,0.000987,2017,https://www.gov.scot/binaries/content/documents/govscot/publications/statistics/2025/11/community-ownership-in-scotland-2024/documents/community-ownership-in-scotland-2024---dataset/community-ownership-in-scotland-2024---dataset/govscot%3Adocument/Community%2BOwnership%2Bin%2BScotland%2B2024%2B-%2BDataset.xlsx
Ardrishaig Public Hall (Ardrishaig Community Trust),Argyll and Bute,0.000914,2018,https://www.gov.scot/binaries/content/documents/govscot/publications/statistics/2025/11/community-ownership-in-scotland-2024/documents/community-ownership-in-scotland-2024---dataset/community-ownership-in-scotland-2024---dataset/govscot%3Adocument/Community%2BOwnership%2Bin%2BScotland%2B2024%2B-%2BDataset.xlsx
North Hall (Ardrishaig Community Trust),Argyll and Bute,0.00048,2014,https://www.gov.scot/binaries/content/documents/govscot/publications/statistics/2025/11/community-ownership-in-scotland-2024/documents/community-ownership-in-scotland-2024---dataset/community-ownership-in-scotland-2024---dataset/govscot%3Adocument/Community%2BOwnership%2Bin%2BScotland%2B2024%2B-%2BDataset.xlsx
The Robber's Den (Ardrishaig Community Trust),Argyll and Bute,0.039575,2010,https://www.gov.scot/binaries/content/documents/govscot/publications/statistics/2025/11/community-ownership-in-scotland-2024/documents/community-ownership-in-scotland-2024---dataset/community-ownership-in-scotland-2024---dataset/govscot%3Adocument/Community%2BOwnership%2Bin%2BScotland%2B2024%2B-%2BDataset.xlsx
"Land, Sea and Islands Centre (Arisaig Community Trust)",Highland,0.002002,2013,https://www.gov.scot/binaries/content/documents/govscot/publications/statistics/2025/11/community-ownership-in-scotland-2024/documents/community-ownership-in-scotland-2024---dataset/community-ownership-in-scotland-2024---dataset/govscot%3Adocument/Community%2BOwnership%2Bin%2BScotland%2B2024%2B-%2BDataset.xlsx
Arisaig Public Toilets (Arisaig Community Trust),Highland,0.000148,2013,https://www.gov.scot/binaries/content/documents/govscot/publications/statistics/2025/11/community-ownership-in-scotland-2024/documents/community-ownership-in-scotland-2024---dataset/community-ownership-in-scotland-2024---dataset/govscot%3Adocument/Community%2BOwnership%2Bin%2BScotland%2B2024%2B-%2BDataset.xlsx
Glen Mallie Woodland and Gusach Forest (Arkaig Community Forest),Highland,0.536,2016,https://www.gov.scot/binaries/content/documents/govscot/publications/statistics/2025/11/community-ownership-in-scotland-2024/documents/community-ownership-in-scotland-2024---dataset/community-ownership-in-scotland-2024---dataset/govscot%3Adocument/Community%2BOwnership%2Bin%2BScotland%2B2024%2B-%2BDataset.xlsx
Glenfarg Community Centre - Glenfarg Village Hall (Arngask Hall),Perth and Kinross,0.001199,1907,https://www.gov.scot/binaries/content/documents/govscot/publications/statistics/2025/11/community-ownership-in-scotland-2024/documents/community-ownership-in-scotland-2024---dataset/community-ownership-in-scotland-2024---dataset/govscot%3Adocument/Community%2BOwnership%2Bin%2BScotland%2B2024%2B-%2BDataset.xlsx
Glenfarg Community Centre - Former Schoolhouse (Arngask Hall),Perth and Kinross,0.0012,2019,https://www.gov.scot/binaries/content/documents/govscot/publications/statistics/2025/11/community-ownership-in-scotland-2024/documents/community-ownership-in-scotland-2024---dataset/community-ownership-in-scotland-2024---dataset/govscot%3Adocument/Community%2BOwnership%2Bin%2BScotland%2B2024%2B-%2BDataset.xlsx
Ground at Glenfarg Community Centre (Arngask Hall),Perth and Kinross,0.000133,2019,https://www.gov.scot/binaries/content/documents/govscot/publications/statistics/2025/11/community-ownership-in-scotland-2024/documents/community-ownership-in-scotland-2024---dataset/community-ownership-in-scotland-2024---dataset/govscot%3Adocument/Community%2BOwnership%2Bin%2BScotland%2B2024%2B-%2BDataset.xlsx
"Ground at south, mid and north Kiscadale (Arran Community Land Initiative)",North Ayrshire,0.529346,2014,https://www.gov.scot/binaries/content/documents/govscot/publications/statistics/2025/11/community-ownership-in-scotland-2024/documents/community-ownership-in-scotland-2024---dataset/community-ownership-in-scotland-2024---dataset/govscot%3Adocument/Community%2BOwnership%2Bin%2BScotland%2B2024%2B-%2BDataset.xlsx
Ground on west side of Golf Course Road (Arran Community Land Initiative),North Ayrshire,0.00129,2015,https://www.gov.scot/binaries/content/documents/govscot/publications/statistics/2025/11/community-ownership-in-scotland-2024/documents/community-ownership-in-scotland-2024---dataset/community-ownership-in-scotland-2024---dataset/govscot%3Adocument/Community%2BOwnership%2Bin%2BScotland%2B2024%2B-%2BDataset.xlsx
Cù Mara Bistro & Takeaway (Arrochar and Tarbet Community Development Trust),Argyll and Bute,0.000768,2004,https://www.gov.scot/binaries/content/documents/govscot/publications/statistics/2025/11/community-ownership-in-scotland-2024/documents/community-ownership-in-scotland-2024---dataset/community-ownership-in-scotland-2024---dataset/govscot%3Adocument/Community%2BOwnership%2Bin%2BScotland%2B2024%2B-%2BDataset.xlsx
Three Villages Hall (Arrochar and Tarbet Community Development Trust),Argyll and Bute,0.000405,2008,https://www.gov.scot/binaries/content/documents/govscot/publications/statistics/2025/11/community-ownership-in-scotland-2024/documents/community-ownership-in-scotland-2024---dataset/community-ownership-in-scotland-2024---dataset/govscot%3Adocument/Community%2BOwnership%2Bin%2BScotland%2B2024%2B-%2BDataset.xlsx
Ashfield Village Hall (Ashfield Village Association),Stirling,,1988,https://www.gov.scot/binaries/content/documents/govscot/publications/statistics/2025/11/community-ownership-in-scotland-2024/documents/community-ownership-in-scotland-2024---dataset/community-ownership-in-scotland-2024---dataset/govscot%3Adocument/Community%2BOwnership%2Bin%2BScotland%2B2024%2B-%2BDataset.xlsx
Culag Park (Assynt Development Trust Limited),Highland,0.010115,2011,https://www.gov.scot/binaries/content/documents/govscot/publications/statistics/2025/11/community-ownership-in-scotland-2024/documents/community-ownership-in-scotland-2024---dataset/community-ownership-in-scotland-2024---dataset/govscot%3Adocument/Community%2BOwnership%2Bin%2BScotland%2B2024%2B-%2BDataset.xlsx
Lochinver Glebe (Assynt Development Trust Limited),Highland,0.245304,2021,https://www.gov.scot/binaries/content/documents/govscot/publications/statistics/2025/11/community-ownership-in-scotland-2024/documents/community-ownership-in-scotland-2024---dataset/community-ownership-in-scotland-2024---dataset/govscot%3Adocument/Community%2BOwnership%2Bin%2BScotland%2B2024%2B-%2BDataset.xlsx
Glencanisp & Drumrunie Estates (Assynt Foundation),Highland,182.575,2005,https://www.gov.scot/binaries/content/documents/govscot/publications/statistics/2025/11/community-ownership-in-scotland-2024/documents/community-ownership-in-scotland-2024---dataset/community-ownership-in-scotland-2024---dataset/govscot%3Adocument/Community%2BOwnership%2Bin%2BScotland%2B2024%2B-%2BDataset.xlsx
Heughan House Enterprise Centre (Auchencairn Initiative),Dumfries and Galloway,0.00089,2004,https://www.gov.scot/binaries/content/documents/govscot/publications/statistics/2025/11/community-ownership-in-scotland-2024/documents/community-ownership-in-scotland-2024---dataset/community-ownership-in-scotland-2024---dataset/govscot%3Adocument/Community%2BOwnership%2Bin%2BScotland%2B2024%2B-%2BDataset.xlsx
Link Park (Auchencairn Initiative),Dumfries and Galloway,0.007016,2011,https://www.gov.scot/binaries/content/documents/govscot/publications/statistics/2025/11/community-ownership-in-scotland-2024/documents/community-ownership-in-scotland-2024---dataset/community-ownership-in-scotland-2024---dataset/govscot%3Adocument/Community%2BOwnership%2Bin%2BScotland%2B2024%2B-%2BDataset.xlsx
Auchengray Church Centre (Auchengray Church Centre Trust),South Lanarkshire,0.004068,2014,https://www.gov.scot/binaries/content/documents/govscot/publications/statistics/2025/11/community-ownership-in-scotland-2024/documents/community-ownership-in-scotland-2024---dataset/community-ownership-in-scotland-2024---dataset/govscot%3Adocument/Community%2BOwnership%2Bin%2BScotland%2B2024%2B-%2BDataset.xlsx
Ground lying to the north of Forres Road (Auldearn Community Trust),Highland,0.015053,2003,https://www.gov.scot/binaries/content/documents/govscot/publications/statistics/2025/11/community-ownership-in-scotland-2024/documents/community-ownership-in-scotland-2024---dataset/community-ownership-in-scotland-2024---dataset/govscot%3Adocument/Community%2BOwnership%2Bin%2BScotland%2B2024%2B-%2BDataset.xlsx
Aultbea Community Hub (Aultbea Community Hub),Highland,0.001018,2023,https://www.gov.scot/binaries/content/documents/govscot/publications/statistics/2025/11/community-ownership-in-scotland-2024/documents/community-ownership-in-scotland-2024---dataset/community-ownership-in-scotland-2024---dataset/govscot%3Adocument/Community%2BOwnership%2Bin%2BScotland%2B2024%2B-%2BDataset.xlsx
Aultnaskiach Dell (Aultnaskiach Dell Community Woodland Group),Highland,0.019816,2019,https://www.gov.scot/binaries/content/documents/govscot/publications/statistics/2025/11/community-ownership-in-scotland-2024/documents/community-ownership-in-scotland-2024---dataset/community-ownership-in-scotland-2024---dataset/govscot%3Adocument/Community%2BOwnership%2Bin%2BScotland%2B2024%2B-%2BDataset.xlsx
Ground at Badluarach and Durnamuck (Badluarach and Durnamuck Community Woodland),Highland,0.087732,2009,https://www.gov.scot/binaries/content/documents/govscot/publications/statistics/2025/11/community-ownership-in-scotland-2024/documents/community-ownership-in-scotland-2024---dataset/community-ownership-in-scotland-2024---dataset/govscot%3Adocument/Community%2BOwnership%2Bin%2BScotland%2B2024%2B-%2BDataset.xlsx
Bailliefields Community Hub (Bailliefields Community Hub),Falkirk,0.033106,2024,https://www.gov.scot/binaries/content/documents/govscot/publications/statistics/2025/11/community-ownership-in-scotland-2024/documents/community-ownership-in-scotland-2024---dataset/community-ownership-in-scotland-2024---dataset/govscot%3Adocument/Community%2BOwnership%2Bin%2BScotland%2B2024%2B-%2BDataset.xlsx
Cullernie Wood (Balloch Woodland Association),Highland,0.0068,1991,https://www.gov.scot/binaries/content/documents/govscot/publications/statistics/2025/11/community-ownership-in-scotland-2024/documents/community-ownership-in-scotland-2024---dataset/community-ownership-in-scotland-2024---dataset/govscot%3Adocument/Community%2BOwnership%2Bin%2BScotland%2B2024%2B-%2BDataset.xlsx
Balmacara Old Mill Hall (Balmacara Community Trust),Highland,0.000281,1947,https://www.gov.scot/binaries/content/documents/govscot/publications/statistics/2025/11/community-ownership-in-scotland-2024/documents/community-ownership-in-scotland-2024---dataset/community-ownership-in-scotland-2024---dataset/govscot%3Adocument/Community%2BOwnership%2Bin%2BScotland%2B2024%2B-%2BDataset.xlsx
Bannockburn House (Bannockburn House Trust),Stirling,0.101991,2017,https://www.gov.scot/binaries/content/documents/govscot/publications/statistics/2025/11/community-ownership-in-scotland-2024/documents/community-ownership-in-scotland-2024---dataset/community-ownership-in-scotland-2024---dataset/govscot%3Adocument/Community%2BOwnership%2Bin%2BScotland%2B2024%2B-%2BDataset.xlsx
Barbaraville Improvement Group Playpark (Barbaraville Improvement Group),Highland,,2000,https://www.gov.scot/binaries/content/documents/govscot/publications/statistics/2025/11/community-ownership-in-scotland-2024/documents/community-ownership-in-scotland-2024---dataset/community-ownership-in-scotland-2024---dataset/govscot%3Adocument/Community%2BOwnership%2Bin%2BScotland%2B2024%2B-%2BDataset.xlsx
Barbour Memorial Hall (Barbour Memorial Hall),Dumfries and Galloway,0.001212,1937,https://www.gov.scot/binaries/content/documents/govscot/publications/statistics/2025/11/community-ownership-in-scotland-2024/documents/community-ownership-in-scotland-2024---dataset/community-ownership-in-scotland-2024---dataset/govscot%3Adocument/Community%2BOwnership%2Bin%2BScotland%2B2024%2B-%2BDataset.xlsx
Barmulloch Residents Centre (Barmulloch Community Development Company),Glasgow City,0.001058,2015,https://www.gov.scot/binaries/content/documents/govscot/publications/statistics/2025/11/community-ownership-in-scotland-2024/documents/community-ownership-in-scotland-2024---dataset/community-ownership-in-scotland-2024---dataset/govscot%3Adocument/Community%2BOwnership%2Bin%2BScotland%2B2024%2B-%2BDataset.xlsx
Broomfield Road Centre (Barmulloch Community Development Company),Glasgow City,0.004484,2017,https://www.gov.scot/binaries/content/documents/govscot/publications/statistics/2025/11/community-ownership-in-scotland-2024/documents/community-ownership-in-scotland-2024---dataset/community-ownership-in-scotland-2024---dataset/govscot%3Adocument/Community%2BOwnership%2Bin%2BScotland%2B2024%2B-%2BDataset.xlsx
Recreation Hall (Barmulloch Community Development Company),Glasgow City,0.001756,2018,https://www.gov.scot/binaries/content/documents/govscot/publications/statistics/2025/11/community-ownership-in-scotland-2024/documents/community-ownership-in-scotland-2024---dataset/community-ownership-in-scotland-2024---dataset/govscot%3Adocument/Community%2BOwnership%2Bin%2BScotland%2B2024%2B-%2BDataset.xlsx
Trout Inn (Barrhill Development Trust),South Ayrshire,0.000612,2019,https://www.gov.scot/binaries/content/documents/govscot/publications/statistics/2025/11/community-ownership-in-scotland-2024/documents/community-ownership-in-scotland-2024---dataset/community-ownership-in-scotland-2024---dataset/govscot%3Adocument/Community%2BOwnership%2Bin%2BScotland%2B2024%2B-%2BDataset.xlsx
Bedrule Village Hall (Bedrule Village Hall),Scottish Borders,0.000449,2003,https://www.gov.scot/binaries/content/documents/govscot/publications/statistics/2025/11/community-ownership-in-scotland-2024/documents/community-ownership-in-scotland-2024---dataset/community-ownership-in-scotland-2024---dataset/govscot%3Adocument/Community%2BOwnership%2Bin%2BScotland%2B2024%2B-%2BDataset.xlsx
Common Areas on Beechwood & Wheatcroft Estate (Beechwood & Wheatcroft Residents Association),West Dunbartonshire,,2006,https://www.gov.scot/binaries/content/documents/govscot/publications/statistics/2025/11/community-ownership-in-scotland-2024/documents/community-ownership-in-scotland-2024---dataset/community-ownership-in-scotland-2024---dataset/govscot%3Adocument/Community%2BOwnership%2Bin%2BScotland%2B2024%2B-%2BDataset.xlsx
19 Main Street (Beith Community Development Trust),North Ayrshire,0.000487,2017,https://www.gov.scot/binaries/content/documents/govscot/publications/statistics/2025/11/community-ownership-in-scotland-2024/documents/community-ownership-in-scotland-2024---dataset/community-ownership-in-scotland-2024---dataset/govscot%3Adocument/Community%2BOwnership%2Bin%2BScotland%2B2024%2B-%2BDataset.xlsx
Geilsland School (Beith Community Development Trust),North Ayrshire,0.053945,2015,https://www.gov.scot/binaries/content/documents/govscot/publications/statistics/2025/11/community-ownership-in-scotland-2024/documents/community-ownership-in-scotland-2024---dataset/community-ownership-in-scotland-2024---dataset/govscot%3Adocument/Community%2BOwnership%2Bin%2BScotland%2B2024%2B-%2BDataset.xlsx
58 Howatshaws Road (Bellsmyre Development Trust SCIO),West Dunbartonshire,0.002176,2013,https://www.gov.scot/binaries/content/documents/govscot/publications/statistics/2025/11/community-ownership-in-scotland-2024/documents/community-ownership-in-scotland-2024---dataset/community-ownership-in-scotland-2024---dataset/govscot%3Adocument/Community%2BOwnership%2Bin%2BScotland%2B2024%2B-%2BDataset.xlsx
Uig Hall (Benmore & Rashfield Community Association),Argyll and Bute,0.002057,2003,https://www.gov.scot/binaries/content/documents/govscot/publications/statistics/2025/11/community-ownership-in-scotland-2024/documents/community-ownership-in-scotland-2024---dataset/community-ownership-in-scotland-2024---dataset/govscot%3Adocument/Community%2BOwnership%2Bin%2BScotland%2B2024%2B-%2BDataset.xlsx
Bernera Community Centre (Bernera Community Association),Na h-Eileanan Siar,,2002,https://www.gov.scot/binaries/content/documents/govscot/publications/statistics/2025/11/community-ownership-in-scotland-2024/documents/community-ownership-in-scotland-2024---dataset/community-ownership-in-scotland-2024---dataset/govscot%3Adocument/Community%2BOwnership%2Bin%2BScotland%2B2024%2B-%2BDataset.xlsx
Bhaltos Estate (Bhaltos Community Trust Limited),Na h-Eileanan Siar,6.9,1999,https://www.gov.scot/binaries/content/documents/govscot/publications/statistics/2025/11/community-ownership-in-scotland-2024/documents/community-ownership-in-scotland-2024---dataset/community-ownership-in-scotland-2024---dataset/govscot%3Adocument/Community%2BOwnership%2Bin%2BScotland%2B2024%2B-%2BDataset.xlsx
Ground at 39 Cliff (Bhaltos Community Trust Limited),Na h-Eileanan Siar,0.000147,2009,https://www.gov.scot/binaries/content/documents/govscot/publications/statistics/2025/11/community-ownership-in-scotland-2024/documents/community-ownership-in-scotland-2024---dataset/community-ownership-in-scotland-2024---dataset/govscot%3Adocument/Community%2BOwnership%2Bin%2BScotland%2B2024%2B-%2BDataset.xlsx
Site of former Valtos School (Bhaltos Community Trust Limited),Na h-Eileanan Siar,0.004062,2017,https://www.gov.scot/binaries/content/documents/govscot/publications/statistics/2025/11/community-ownership-in-scotland-2024/documents/community-ownership-in-scotland-2024---dataset/community-ownership-in-scotland-2024---dataset/govscot%3Adocument/Community%2BOwnership%2Bin%2BScotland%2B2024%2B-%2BDataset.xlsx
Bigton Community Shop (Bigton Community Enterprise Ltd),Shetland Islands,,2012,https://www.gov.scot/binaries/content/documents/govscot/publications/statistics/2025/11/community-ownership-in-scotland-2024/documents/community-ownership-in-scotland-2024---dataset/community-ownership-in-scotland-2024---dataset/govscot%3Adocument/Community%2BOwnership%2Bin%2BScotland%2B2024%2B-%2BDataset.xlsx
Birsay Community Hall (Birsay Community Association),Orkney Islands,0.011636,2011,https://www.gov.scot/binaries/content/documents/govscot/publications/statistics/2025/11/community-ownership-in-scotland-2024/documents/community-ownership-in-scotland-2024---dataset/community-ownership-in-scotland-2024---dataset/govscot%3Adocument/Community%2BOwnership%2Bin%2BScotland%2B2024%2B-%2BDataset.xlsx
Balfour Forest (Birse Community Trust),Aberdeenshire,2.40869,2010,https://www.gov.scot/binaries/content/documents/govscot/publications/statistics/2025/11/community-ownership-in-scotland-2024/documents/community-ownership-in-scotland-2024---dataset/community-ownership-in-scotland-2024---dataset/govscot%3Adocument/Community%2BOwnership%2Bin%2BScotland%2B2024%2B-%2BDataset.xlsx
Birse Community Hall (Birse Community Trust),Aberdeenshire,0.001826,2003,https://www.gov.scot/binaries/content/documents/govscot/publications/statistics/2025/11/community-ownership-in-scotland-2024/documents/community-ownership-in-scotland-2024---dataset/community-ownership-in-scotland-2024---dataset/govscot%3Adocument/Community%2BOwnership%2Bin%2BScotland%2B2024%2B-%2BDataset.xlsx
Birse Kirk (Birse Community Trust),Aberdeenshire,0.00021,2003,https://www.gov.scot/binaries/content/documents/govscot/publications/statistics/2025/11/community-ownership-in-scotland-2024/documents/community-ownership-in-scotland-2024---dataset/community-ownership-in-scotland-2024---dataset/govscot%3Adocument/Community%2BOwnership%2Bin%2BScotland%2B2024%2B-%2BDataset.xlsx
Finzean Bucket Mill (Birse Community Trust),Aberdeenshire,0.001547,2003,https://www.gov.scot/binaries/content/documents/govscot/publications/statistics/2025/11/community-ownership-in-scotland-2024/documents/community-ownership-in-scotland-2024---dataset/community-ownership-in-scotland-2024---dataset/govscot%3Adocument/Community%2BOwnership%2Bin%2BScotland%2B2024%2B-%2BDataset.xlsx
Finzean Sawmill (Birse Community Trust),Aberdeenshire,0.003727,1999,https://www.gov.scot/binaries/content/documents/govscot/publications/statistics/2025/11/community-ownership-in-scotland-2024/documents/community-ownership-in-scotland-2024---dataset/community-ownership-in-scotland-2024---dataset/govscot%3Adocument/Community%2BOwnership%2Bin%2BScotland%2B2024%2B-%2BDataset.xlsx
Ground on west and south side of the Finzean Old School (Birse Community Trust),Aberdeenshire,0.000223,2004,https://www.gov.scot/binaries/content/documents/govscot/publications/statistics/2025/11/community-ownership-in-scotland-2024/documents/community-ownership-in-scotland-2024---dataset/community-ownership-in-scotland-2024---dataset/govscot%3Adocument/Community%2BOwnership%2Bin%2BScotland%2B2024%2B-%2BDataset.xlsx
Mill Lade (Birse Community Trust),Aberdeenshire,0.0035,2016,https://www.gov.scot/binaries/content/documents/govscot/publications/statistics/2025/11/community-ownership-in-scotland-2024/documents/community-ownership-in-scotland-2024---dataset/community-ownership-in-scotland-2024---dataset/govscot%3Adocument/Community%2BOwnership%2Bin%2BScotland%2B2024%2B-%2BDataset.xlsx
Slewdrum Forest - Part 1 (Birse Community Trust),Aberdeenshire,1.66876,2006,https://www.gov.scot/binaries/content/documents/govscot/publications/statistics/2025/11/community-ownership-in-scotland-2024/documents/community-ownership-in-scotland-2024---dataset/community-ownership-in-scotland-2024---dataset/govscot%3Adocument/Community%2BOwnership%2Bin%2BScotland%2B2024%2B-%2BDataset.xlsx
Slewdrum Forest - Part 2 (Birse Community Trust),Aberdeenshire,0.055573,2016,https://www.gov.scot/binaries/content/documents/govscot/publications/statistics/2025/11/community-ownership-in-scotland-2024/documents/community-ownership-in-scotland-2024---dataset/community-ownership-in-scotland-2024---dataset/govscot%3Adocument/Community%2BOwnership%2Bin%2BScotland%2B2024%2B-%2BDataset.xlsx
The Old School Finzean (Birse Community Trust),Aberdeenshire,0.00148,2003,https://www.gov.scot/binaries/content/documents/govscot/publications/statistics/2025/11/community-ownership-in-scotland-2024/documents/community-ownership-in-scotland-2024---dataset/community-ownership-in-scotland-2024---dataset/govscot%3Adocument/Community%2BOwnership%2Bin%2BScotland%2B2024%2B-%2BDataset.xlsx
Souter’s Shop (Birse Community Trust),Aberdeenshire,,1999,https://www.gov.scot/binaries/content/documents/govscot/publications/statistics/2025/11/community-ownership-in-scotland-2024/documents/community-ownership-in-scotland-2024---dataset/community-ownership-in-scotland-2024---dataset/govscot%3Adocument/Community%2BOwnership%2Bin%2BScotland%2B2024%2B-%2BDataset.xlsx
Black Bull Gartmore Hub & Pub (Black Bull Gartmore Hub & Pub Ltd),Stirling,0.000826,2019,https://www.gov.scot/binaries/content/documents/govscot/publications/statistics/2025/11/community-ownership-in-scotland-2024/documents/community-ownership-in-scotland-2024---dataset/community-ownership-in-scotland-2024---dataset/govscot%3Adocument/Community%2BOwnership%2Bin%2BScotland%2B2024%2B-%2BDataset.xlsx
Loch Wood (Blackwood Estate Community Association),South Lanarkshire,0.270926,2021,https://www.gov.scot/binaries/content/documents/govscot/publications/statistics/2025/11/community-ownership-in-scotland-2024/documents/community-ownership-in-scotland-2024---dataset/community-ownership-in-scotland-2024---dataset/govscot%3Adocument/Community%2BOwnership%2Bin%2BScotland%2B2024%2B-%2BDataset.xlsx
Mount Ericht Site (Blairgowrie & Rattray Development Trust),Perth and Kinross,0.002235,2021,https://www.gov.scot/binaries/content/documents/govscot/publications/statistics/2025/11/community-ownership-in-scotland-2024/documents/community-ownership-in-scotland-2024---dataset/community-ownership-in-scotland-2024---dataset/govscot%3Adocument/Community%2BOwnership%2Bin%2BScotland%2B2024%2B-%2BDataset.xlsx
Ground at Blairmore Village Hall (Blairmore Village Hall Trust CIC),Argyll and Bute,7.1e-05,2014,https://www.gov.scot/binaries/content/documents/govscot/publications/statistics/2025/11/community-ownership-in-scotland-2024/documents/community-ownership-in-scotland-2024---dataset/community-ownership-in-scotland-2024---dataset/govscot%3Adocument/Community%2BOwnership%2Bin%2BScotland%2B2024%2B-%2BDataset.xlsx
Ground to the north of No. 3 Boarhills Farm Cottages (Boarhills and Dunino Community Trust),Fife,0.001454,2018,https://www.gov.scot/binaries/content/documents/govscot/publications/statistics/2025/11/community-ownership-in-scotland-2024/documents/community-ownership-in-scotland-2024---dataset/community-ownership-in-scotland-2024---dataset/govscot%3Adocument/Community%2BOwnership%2Bin%2BScotland%2B2024%2B-%2BDataset.xlsx
Boddam Recreation Park (Boddam Recreation Trust SCIO),Aberdeenshire,0.035476,2019,https://www.gov.scot/binaries/content/documents/govscot/publications/statistics/2025/11/community-ownership-in-scotland-2024/documents/community-ownership-in-scotland-2024---dataset/community-ownership-in-scotland-2024---dataset/govscot%3Adocument/Community%2BOwnership%2Bin%2BScotland%2B2024%2B-%2BDataset.xlsx
The Old Bowling Green (Bonnymuir Green Community Trust Limited),Aberdeen City,0.0019,2018,https://www.gov.scot/binaries/content/documents/govscot/publications/statistics/2025/11/community-ownership-in-scotland-2024/documents/community-ownership-in-scotland-2024---dataset/community-ownership-in-scotland-2024---dataset/govscot%3Adocument/Community%2BOwnership%2Bin%2BScotland%2B2024%2B-%2BDataset.xlsx
Boomerang Community Centre (Boomerang Community Centre),Dundee City,0.002462,2018,https://www.gov.scot/binaries/content/documents/govscot/publications/statistics/2025/11/community-ownership-in-scotland-2024/documents/community-ownership-in-scotland-2024---dataset/community-ownership-in-scotland-2024---dataset/govscot%3Adocument/Community%2BOwnership%2Bin%2BScotland%2B2024%2B-%2BDataset.xlsx
Borve and Annishadder Township (Borve and Annishadder Township),Highland,18.2109,1993,https://www.gov.scot/binaries/content/documents/govscot/publications/statistics/2025/11/community-ownership-in-scotland-2024/documents/community-ownership-in-scotland-2024---dataset/community-ownership-in-scotland-2024---dataset/govscot%3Adocument/Community%2BOwnership%2Bin%2BScotland%2B2024%2B-%2BDataset.xlsx
Clunie Meadow (Braemar Community Limited),Aberdeenshire,0.025061,2024,https://www.gov.scot/binaries/content/documents/govscot/publications/statistics/2025/11/community-ownership-in-scotland-2024/documents/community-ownership-in-scotland-2024---dataset/community-ownership-in-scotland-2024---dataset/govscot%3Adocument/Community%2BOwnership%2Bin%2BScotland%2B2024%2B-%2BDataset.xlsx
Branchton Community Centre (Branchton Community Centre Association),Inverclyde,0.002901,2018,https://www.gov.scot/binaries/content/documents/govscot/publications/statistics/2025/11/community-ownership-in-scotland-2024/documents/community-ownership-in-scotland-2024---dataset/community-ownership-in-scotland-2024---dataset/govscot%3Adocument/Community%2BOwnership%2Bin%2BScotland%2B2024%2B-%2BDataset.xlsx
Speldiburn (Bressay Development Ltd),Shetland Islands,0.002432,2021,https://www.gov.scot/binaries/content/documents/govscot/publications/statistics/2025/11/community-ownership-in-scotland-2024/documents/community-ownership-in-scotland-2024---dataset/community-ownership-in-scotland-2024---dataset/govscot%3Adocument/Community%2BOwnership%2Bin%2BScotland%2B2024%2B-%2BDataset.xlsx
Bridgend Farmhouse (Bridgend Farmhouse),City of Edinburgh,0.002574,2016,https://www.gov.scot/binaries/content/documents/govscot/publications/statistics/2025/11/community-ownership-in-scotland-2024/documents/community-ownership-in-scotland-2024---dataset/community-ownership-in-scotland-2024---dataset/govscot%3Adocument/Community%2BOwnership%2Bin%2BScotland%2B2024%2B-%2BDataset.xlsx
Broadford Community Woodland & Camping Skye (Broadford and Strath Community Company),Highland,0.23,2011,https://www.gov.scot/binaries/content/documents/govscot/publications/statistics/2025/11/community-ownership-in-scotland-2024/documents/community-ownership-in-scotland-2024---dataset/community-ownership-in-scotland-2024---dataset/govscot%3Adocument/Community%2BOwnership%2Bin%2BScotland%2B2024%2B-%2BDataset.xlsx
Elgol Public Toilets (Broadford and Strath Community Company),Highland,0.000106,2021,https://www.gov.scot/binaries/content/documents/govscot/publications/statistics/2025/11/community-ownership-in-scotland-2024/documents/community-ownership-in-scotland-2024---dataset/community-ownership-in-scotland-2024---dataset/govscot%3Adocument/Community%2BOwnership%2Bin%2BScotland%2B2024%2B-%2BDataset.xlsx
Brockwood Greenspace and Play Park (Brockwood Park Residents Ltd),Aberdeenshire,0.0093,2023,https://www.gov.scot/binaries/content/documents/govscot/publications/statistics/2025/11/community-ownership-in-scotland-2024/documents/community-ownership-in-scotland-2024---dataset/community-ownership-in-scotland-2024---dataset/govscot%3Adocument/Community%2BOwnership%2Bin%2BScotland%2B2024%2B-%2BDataset.xlsx
St Oswald’s Church and Hall (Bruntsfield St Oswald's Ltd),City of Edinburgh,0.001286,2021,https://www.gov.scot/binaries/content/documents/govscot/publications/statistics/2025/11/community-ownership-in-scotland-2024/documents/community-ownership-in-scotland-2024---dataset/community-ownership-in-scotland-2024---dataset/govscot%3Adocument/Community%2BOwnership%2Bin%2BScotland%2B2024%2B-%2BDataset.xlsx
Buchanhaven Heritage Society and Community Centre (Buchanhaven Heritage Society),Aberdeenshire,0.000578,2015,https://www.gov.scot/binaries/content/documents/govscot/publications/statistics/2025/11/community-ownership-in-scotland-2024/documents/community-ownership-in-scotland-2024---dataset/community-ownership-in-scotland-2024---dataset/govscot%3Adocument/Community%2BOwnership%2Bin%2BScotland%2B2024%2B-%2BDataset.xlsx
Burghead Station Yard Community Garden (Burghead Amenities Association),Moray,0.020234,2001,https://www.gov.scot/binaries/content/documents/govscot/publications/statistics/2025/11/community-ownership-in-scotland-2024/documents/community-ownership-in-scotland-2024---dataset/community-ownership-in-scotland-2024---dataset/govscot%3Adocument/Community%2BOwnership%2Bin%2BScotland%2B2024%2B-%2BDataset.xlsx
Burnfoot Community Hub (Burnfoot Community Futures),Scottish Borders,0.002221,2014,https://www.gov.scot/binaries/content/documents/govscot/publications/statistics/2025/11/community-ownership-in-scotland-2024/documents/community-ownership-in-scotland-2024---dataset/community-ownership-in-scotland-2024---dataset/govscot%3Adocument/Community%2BOwnership%2Bin%2BScotland%2B2024%2B-%2BDataset.xlsx
Jubilee Hall (Burnturk and Kettlehill Community Trust),Fife,0.000896,2017,https://www.gov.scot/binaries/content/documents/govscot/publications/statistics/2025/11/community-ownership-in-scotland-2024/documents/community-ownership-in-scotland-2024---dataset/community-ownership-in-scotland-2024---dataset/govscot%3Adocument/Community%2BOwnership%2Bin%2BScotland%2B2024%2B-%2BDataset.xlsx
Rhubodach Forest (Bute Community Land Company),Argyll and Bute,6.94118,2010,https://www.gov.scot/binaries/content/documents/govscot/publications/statistics/2025/11/community-ownership-in-scotland-2024/documents/community-ownership-in-scotland-2024---dataset/community-ownership-in-scotland-2024---dataset/govscot%3Adocument/Community%2BOwnership%2Bin%2BScotland%2B2024%2B-%2BDataset.xlsx
Bùth Bharraigh (Bùth Bharraigh Ltd),Na h-Eileanan Siar,0.000371,2023,https://www.gov.scot/binaries/content/documents/govscot/publications/statistics/2025/11/community-ownership-in-scotland-2024/documents/community-ownership-in-scotland-2024---dataset/community-ownership-in-scotland-2024---dataset/govscot%3Adocument/Community%2BOwnership%2Bin%2BScotland%2B2024%2B-%2BDataset.xlsx
The Hub (CLEAR Buckhaven & Methil),Fife,0.00012,2013,https://www.gov.scot/binaries/content/documents/govscot/publications/statistics/2025/11/community-ownership-in-scotland-2024/documents/community-ownership-in-scotland-2024---dataset/community-ownership-in-scotland-2024---dataset/govscot%3Adocument/Community%2BOwnership%2Bin%2BScotland%2B2024%2B-%2BDataset.xlsx
"The Bike Workshop, The Wood Workshop & The Kitchen (CLEAR Buckhaven & Methil)",Fife,0.000556,2017,https://www.gov.scot/binaries/content/documents/govscot/publications/statistics/2025/11/community-ownership-in-scotland-2024/documents/community-ownership-in-scotland-2024---dataset/community-ownership-in-scotland-2024---dataset/govscot%3Adocument/Community%2BOwnership%2Bin%2BScotland%2B2024%2B-%2BDataset.xlsx
111 Commercial Street (COPE Ltd),Shetland Islands,0.000133,2006,https://www.gov.scot/binaries/content/documents/govscot/publications/statistics/2025/11/community-ownership-in-scotland-2024/documents/community-ownership-in-scotland-2024---dataset/community-ownership-in-scotland-2024---dataset/govscot%3Adocument/Community%2BOwnership%2Bin%2BScotland%2B2024%2B-%2BDataset.xlsx
The Weisdale Centre (COPE Ltd),Shetland Islands,0.009638,2006,https://www.gov.scot/binaries/content/documents/govscot/publications/statistics/2025/11/community-ownership-in-scotland-2024/documents/community-ownership-in-scotland-2024---dataset/community-ownership-in-scotland-2024---dataset/govscot%3Adocument/Community%2BOwnership%2Bin%2BScotland%2B2024%2B-%2BDataset.xlsx
Gynack Cottage (Caberfeidh Horizons),Highland,0.000104,2009,https://www.gov.scot/binaries/content/documents/govscot/publications/statistics/2025/11/community-ownership-in-scotland-2024/documents/community-ownership-in-scotland-2024---dataset/community-ownership-in-scotland-2024---dataset/govscot%3Adocument/Community%2BOwnership%2Bin%2BScotland%2B2024%2B-%2BDataset.xlsx
The Bookshop (Caberfeidh Horizons),Highland,0.000633,2005,https://www.gov.scot/binaries/content/documents/govscot/publications/statistics/2025/11/community-ownership-in-scotland-2024/documents/community-ownership-in-scotland-2024---dataset/community-ownership-in-scotland-2024---dataset/govscot%3Adocument/Community%2BOwnership%2Bin%2BScotland%2B2024%2B-%2BDataset.xlsx
Old Bank Community Hub (Caberfeidh Horizons),Highland,0.000293,2019,https://www.gov.scot/binaries/content/documents/govscot/publications/statistics/2025/11/community-ownership-in-scotland-2024/documents/community-ownership-in-scotland-2024---dataset/community-ownership-in-scotland-2024---dataset/govscot%3Adocument/Community%2BOwnership%2Bin%2BScotland%2B2024%2B-%2BDataset.xlsx
Caithness FM Studio (Caithness FM),Highland,0.000101,2003,https://www.gov.scot/binaries/content/documents/govscot/publications/statistics/2025/11/community-ownership-in-scotland-2024/documents/community-ownership-in-scotland-2024---dataset/community-ownership-in-scotland-2024---dataset/govscot%3Adocument/Community%2BOwnership%2Bin%2BScotland%2B2024%2B-%2BDataset.xlsx
Caldwell Halls (Caldwell Halls Trust),East Dunbartonshire,0.000609,2011,https://www.gov.scot/binaries/content/documents/govscot/publications/statistics/2025/11/community-ownership-in-scotland-2024/documents/community-ownership-in-scotland-2024---dataset/community-ownership-in-scotland-2024---dataset/govscot%3Adocument/Community%2BOwnership%2Bin%2BScotland%2B2024%2B-%2BDataset.xlsx
Callander Visitor Information Centre (Callander Community Development Trust),Stirling,0.000143,2021,https://www.gov.scot/binaries/content/documents/govscot/publications/statistics/2025/11/community-ownership-in-scotland-2024/documents/community-ownership-in-scotland-2024---dataset/community-ownership-in-scotland-2024---dataset/govscot%3Adocument/Community%2BOwnership%2Bin%2BScotland%2B2024%2B-%2BDataset.xlsx
Bridgend House Hotel (Callander Youth Project),Stirling,0.002747,2012,https://www.gov.scot/binaries/content/documents/govscot/publications/statistics/2025/11/community-ownership-in-scotland-2024/documents/community-ownership-in-scotland-2024---dataset/community-ownership-in-scotland-2024---dataset/govscot%3Adocument/Community%2BOwnership%2Bin%2BScotland%2B2024%2B-%2BDataset.xlsx
Gillies Hill Community Woodland (Cambusbarron Community Development Trust),Stirling,0.648509,2019,https://www.gov.scot/binaries/content/documents/govscot/publications/statistics/2025/11/community-ownership-in-scotland-2024/documents/community-ownership-in-scotland-2024---dataset/community-ownership-in-scotland-2024---dataset/govscot%3Adocument/Community%2BOwnership%2Bin%2BScotland%2B2024%2B-%2BDataset.xlsx
An Crùbh (Camuscross & Duisdale Initiative),Highland,0.016766,2015,https://www.gov.scot/binaries/content/documents/govscot/publications/statistics/2025/11/community-ownership-in-scotland-2024/documents/community-ownership-in-scotland-2024---dataset/community-ownership-in-scotland-2024---dataset/govscot%3Adocument/Community%2BOwnership%2Bin%2BScotland%2B2024%2B-%2BDataset.xlsx
Allt Duisdale Reservoir (Camuscross & Duisdale Initiative),Highland,0.011047,2010,https://www.gov.scot/binaries/content/documents/govscot/publications/statistics/2025/11/community-ownership-in-scotland-2024/documents/community-ownership-in-scotland-2024---dataset/community-ownership-in-scotland-2024---dataset/govscot%3Adocument/Community%2BOwnership%2Bin%2BScotland%2B2024%2B-%2BDataset.xlsx
Carbost Stop Shop (Carbost Community Shop CIC),Highland,0.000194,2021,https://www.gov.scot/binaries/content/documents/govscot/publications/statistics/2025/11/community-ownership-in-scotland-2024/documents/community-ownership-in-scotland-2024---dataset/community-ownership-in-scotland-2024---dataset/govscot%3Adocument/Community%2BOwnership%2Bin%2BScotland%2B2024%2B-%2BDataset.xlsx
Carloway Community Playpark (Carloway Community Association),Na h-Eileanan Siar,0.000356,2002,https://www.gov.scot/binaries/content/documents/govscot/publications/statistics/2025/11/community-ownership-in-scotland-2024/documents/community-ownership-in-scotland-2024---dataset/community-ownership-in-scotland-2024---dataset/govscot%3Adocument/Community%2BOwnership%2Bin%2BScotland%2B2024%2B-%2BDataset.xlsx
Carloway Community Centre (Carloway Community Association),Na h-Eileanan Siar,0.003749,2017,https://www.gov.scot/binaries/content/documents/govscot/publications/statistics/2025/11/community-ownership-in-scotland-2024/documents/community-ownership-in-scotland-2024---dataset/community-ownership-in-scotland-2024---dataset/govscot%3Adocument/Community%2BOwnership%2Bin%2BScotland%2B2024%2B-%2BDataset.xlsx
Breasclete Community Workshop (Carloway Estate Trust (Urras Oighreachd Chàrlabhaigh)),Na h-Eileanan Siar,0.001028,2021,https://www.gov.scot/binaries/content/documents/govscot/publications/statistics/2025/11/community-ownership-in-scotland-2024/documents/community-ownership-in-scotland-2024---dataset/community-ownership-in-scotland-2024---dataset/govscot%3Adocument/Community%2BOwnership%2Bin%2BScotland%2B2024%2B-%2BDataset.xlsx
Carloway Estate (Carloway Estate Trust (Urras Oighreachd Chàrlabhaigh)),Na h-Eileanan Siar,47.5553,2015,https://www.gov.scot/binaries/content/documents/govscot/publications/statistics/2025/11/community-ownership-in-scotland-2024/documents/community-ownership-in-scotland-2024---dataset/community-ownership-in-scotland-2024---dataset/govscot%3Adocument/Community%2BOwnership%2Bin%2BScotland%2B2024%2B-%2BDataset.xlsx
Carloway Estate Foreshore (Carloway Estate Trust (Urras Oighreachd Chàrlabhaigh)),Na h-Eileanan Siar,0.713835,2015,https://www.gov.scot/binaries/content/documents/govscot/publications/statistics/2025/11/community-ownership-in-scotland-2024/documents/community-ownership-in-scotland-2024---dataset/community-ownership-in-scotland-2024---dataset/govscot%3Adocument/Community%2BOwnership%2Bin%2BScotland%2B2024%2B-%2BDataset.xlsx
Doune Broch Visitor Centre and Car Park (Carloway Estate Trust (Urras Oighreachd Chàrlabhaigh)),Na h-Eileanan Siar,0.001696,2022,https://www.gov.scot/binaries/content/documents/govscot/publications/statistics/2025/11/community-ownership-in-scotland-2024/documents/community-ownership-in-scotland-2024---dataset/community-ownership-in-scotland-2024---dataset/govscot%3Adocument/Community%2BOwnership%2Bin%2BScotland%2B2024%2B-%2BDataset.xlsx
Carluke High Mill and Community Gardens (Carluke Development Trust),South Lanarkshire,0.002594,2018,https://www.gov.scot/binaries/content/documents/govscot/publications/statistics/2025/11/community-ownership-in-scotland-2024/documents/community-ownership-in-scotland-2024---dataset/community-ownership-in-scotland-2024---dataset/govscot%3Adocument/Community%2BOwnership%2Bin%2BScotland%2B2024%2B-%2BDataset.xlsx
Carradale Community Composting Centre (Carradale Community Trust),Argyll and Bute,0.0197,2019,https://www.gov.scot/binaries/content/documents/govscot/publications/statistics/2025/11/community-ownership-in-scotland-2024/documents/community-ownership-in-scotland-2024---dataset/community-ownership-in-scotland-2024---dataset/govscot%3Adocument/Community%2BOwnership%2Bin%2BScotland%2B2024%2B-%2BDataset.xlsx
Carradale Community Shop (Carradale Community Trust),Argyll and Bute,0.000542,2021,https://www.gov.scot/binaries/content/documents/govscot/publications/statistics/2025/11/community-ownership-in-scotland-2024/documents/community-ownership-in-scotland-2024---dataset/community-ownership-in-scotland-2024---dataset/govscot%3Adocument/Community%2BOwnership%2Bin%2BScotland%2B2024%2B-%2BDataset.xlsx
Ground at Carrick Farm (Carrick Castle Community Trust),Argyll and Bute,1.8e-05,2015,https://www.gov.scot/binaries/content/documents/govscot/publications/statistics/2025/11/community-ownership-in-scotland-2024/documents/community-ownership-in-scotland-2024---dataset/community-ownership-in-scotland-2024---dataset/govscot%3Adocument/Community%2BOwnership%2Bin%2BScotland%2B2024%2B-%2BDataset.xlsx
Castlemilk Stables (Cassiltoun Trust),Glasgow City,0.005781,2007,https://www.gov.scot/binaries/content/documents/govscot/publications/statistics/2025/11/community-ownership-in-scotland-2024/documents/community-ownership-in-scotland-2024---dataset/community-ownership-in-scotland-2024---dataset/govscot%3Adocument/Community%2BOwnership%2Bin%2BScotland%2B2024%2B-%2BDataset.xlsx
Heart of Galloway Visitor Centre (Castle Douglas Development Forum),Dumfries and Galloway,6.8e-05,2021,https://www.gov.scot/binaries/content/documents/govscot/publications/statistics/2025/11/community-ownership-in-scotland-2024/documents/community-ownership-in-scotland-2024---dataset/community-ownership-in-scotland-2024---dataset/govscot%3Adocument/Community%2BOwnership%2Bin%2BScotland%2B2024%2B-%2BDataset.xlsx
Castle Loch & Lochfield Cottage (Castle Loch Lochmaben Community Trust),Dumfries and Galloway,1.14327,2014,https://www.gov.scot/binaries/content/documents/govscot/publications/statistics/2025/11/community-ownership-in-scotland-2024/documents/community-ownership-in-scotland-2024---dataset/community-ownership-in-scotland-2024---dataset/govscot%3Adocument/Community%2BOwnership%2Bin%2BScotland%2B2024%2B-%2BDataset.xlsx
Kirkhurst Plantation (Castle Loch Lochmaben Community Trust),Dumfries and Galloway,0.084906,2019,https://www.gov.scot/binaries/content/documents/govscot/publications/statistics/2025/11/community-ownership-in-scotland-2024/documents/community-ownership-in-scotland-2024---dataset/community-ownership-in-scotland-2024---dataset/govscot%3Adocument/Community%2BOwnership%2Bin%2BScotland%2B2024%2B-%2BDataset.xlsx
Poppy Lane (Castlecroft Residents Association),Glasgow City,0.000592,2017,https://www.gov.scot/binaries/content/documents/govscot/publications/statistics/2025/11/community-ownership-in-scotland-2024/documents/community-ownership-in-scotland-2024---dataset/community-ownership-in-scotland-2024---dataset/govscot%3Adocument/Community%2BOwnership%2Bin%2BScotland%2B2024%2B-%2BDataset.xlsx
Old Clachan Village Hall Grounds (Clachan Village Hall (Kintyre) SCIO),Argyll and Bute,0.009198,2021,https://www.gov.scot/binaries/content/documents/govscot/publications/statistics/2025/11/community-ownership-in-scotland-2024/documents/community-ownership-in-scotland-2024---dataset/community-ownership-in-scotland-2024---dataset/govscot%3Adocument/Community%2BOwnership%2Bin%2BScotland%2B2024%2B-%2BDataset.xlsx
Clan Macquarrie Community Centre (Clan Macquarrie Community Centre),Na h-Eileanan Siar,0.001008,2006,https://www.gov.scot/binaries/content/documents/govscot/publications/statistics/2025/11/community-ownership-in-scotland-2024/documents/community-ownership-in-scotland-2024---dataset/community-ownership-in-scotland-2024---dataset/govscot%3Adocument/Community%2BOwnership%2Bin%2BScotland%2B2024%2B-%2BDataset.xlsx
Coatbridge Indoor Bowling Stadium (Cliftonville & Coatdyke Community Group),North Lanarkshire,0.00647,2021,https://www.gov.scot/binaries/content/documents/govscot/publications/statistics/2025/11/community-ownership-in-scotland-2024/documents/community-ownership-in-scotland-2024---dataset/community-ownership-in-scotland-2024---dataset/govscot%3Adocument/Community%2BOwnership%2Bin%2BScotland%2B2024%2B-%2BDataset.xlsx
Langloch Farm (Clydesdale Community Initiatives),South Lanarkshire,0.00918,2014,https://www.gov.scot/binaries/content/documents/govscot/publications/statistics/2025/11/community-ownership-in-scotland-2024/documents/community-ownership-in-scotland-2024---dataset/community-ownership-in-scotland-2024---dataset/govscot%3Adocument/Community%2BOwnership%2Bin%2BScotland%2B2024%2B-%2BDataset.xlsx
Co-Chomunn Eirisgeidh / Eriskay Shop (Co-Chomunn Eirisgeidh Ltd),Na h-Eileanan Siar,0.000101,1979,https://www.gov.scot/binaries/content/documents/govscot/publications/statistics/2025/11/community-ownership-in-scotland-2024/documents/community-ownership-in-scotland-2024---dataset/community-ownership-in-scotland-2024---dataset/govscot%3Adocument/Community%2BOwnership%2Bin%2BScotland%2B2024%2B-%2BDataset.xlsx
Harris Community Shop / Co-Chommun Na Hearadh (Co-Chomunn na Hearadh Ltd),Na h-Eileanan Siar,0.002997,2010,https://www.gov.scot/binaries/content/documents/govscot/publications/statistics/2025/11/community-ownership-in-scotland-2024/documents/community-ownership-in-scotland-2024---dataset/community-ownership-in-scotland-2024---dataset/govscot%3Adocument/Community%2BOwnership%2Bin%2BScotland%2B2024%2B-%2BDataset.xlsx
Ravenspoint Visitor Centre (Co-Chomunn na Pairc),Na h-Eileanan Siar,0.000405,1992,https://www.gov.scot/binaries/content/documents/govscot/publications/statistics/2025/11/community-ownership-in-scotland-2024/documents/community-ownership-in-scotland-2024---dataset/community-ownership-in-scotland-2024---dataset/govscot%3Adocument/Community%2BOwnership%2Bin%2BScotland%2B2024%2B-%2BDataset.xlsx
Cocksburnpath Village Hall (Cockburnspath Village Hall),Scottish Borders,0.001461,1957,https://www.gov.scot/binaries/content/documents/govscot/publications/statistics/2025/11/community-ownership-in-scotland-2024/documents/community-ownership-in-scotland-2024---dataset/community-ownership-in-scotland-2024---dataset/govscot%3Adocument/Community%2BOwnership%2Bin%2BScotland%2B2024%2B-%2BDataset.xlsx
Cocksburnpath Allotments (Cocksburnpath Allotment Association),Scottish Borders,0.005482,2021,https://www.gov.scot/binaries/content/documents/govscot/publications/statistics/2025/11/community-ownership-in-scotland-2024/documents/community-ownership-in-scotland-2024---dataset/community-ownership-in-scotland-2024---dataset/govscot%3Adocument/Community%2BOwnership%2Bin%2BScotland%2B2024%2B-%2BDataset.xlsx
The Schoolhouse (Coigach Community Development Company),Highland,0.000665,2015,https://www.gov.scot/binaries/content/documents/govscot/publications/statistics/2025/11/community-ownership-in-scotland-2024/documents/community-ownership-in-scotland-2024---dataset/community-ownership-in-scotland-2024---dataset/govscot%3Adocument/Community%2BOwnership%2Bin%2BScotland%2B2024%2B-%2BDataset.xlsx
Achagarry (Coigach Community Development Trust),Highland,0.013347,2023,https://www.gov.scot/binaries/content/documents/govscot/publications/statistics/2025/11/community-ownership-in-scotland-2024/documents/community-ownership-in-scotland-2024---dataset/community-ownership-in-scotland-2024---dataset/govscot%3Adocument/Community%2BOwnership%2Bin%2BScotland%2B2024%2B-%2BDataset.xlsx
Coigach Community Hall (Coigach Community Trust),Highland,0.005432,1996,https://www.gov.scot/binaries/content/documents/govscot/publications/statistics/2025/11/community-ownership-in-scotland-2024/documents/community-ownership-in-scotland-2024---dataset/community-ownership-in-scotland-2024---dataset/govscot%3Adocument/Community%2BOwnership%2Bin%2BScotland%2B2024%2B-%2BDataset.xlsx
Achiltibuie Playing Field (Coigach Community Trust),Highland,0.0122,2007,https://www.gov.scot/binaries/content/documents/govscot/publications/statistics/2025/11/community-ownership-in-scotland-2024/documents/community-ownership-in-scotland-2024---dataset/community-ownership-in-scotland-2024---dataset/govscot%3Adocument/Community%2BOwnership%2Bin%2BScotland%2B2024%2B-%2BDataset.xlsx
The Coldingham Luckenbooth (Coldingham Sands Community Company),Scottish Borders,9.1e-05,2010,https://www.gov.scot/binaries/content/documents/govscot/publications/statistics/2025/11/community-ownership-in-scotland-2024/documents/community-ownership-in-scotland-2024---dataset/community-ownership-in-scotland-2024---dataset/govscot%3Adocument/Community%2BOwnership%2Bin%2BScotland%2B2024%2B-%2BDataset.xlsx
Coldstream Community Centre (Coldstream Community Trust),Scottish Borders,,1998,https://www.gov.scot/binaries/content/documents/govscot/publications/statistics/2025/11/community-ownership-in-scotland-2024/documents/community-ownership-in-scotland-2024---dataset/community-ownership-in-scotland-2024---dataset/govscot%3Adocument/Community%2BOwnership%2Bin%2BScotland%2B2024%2B-%2BDataset.xlsx
Stronafian Forest (Colintraive & Glendaruel Community Development Trust),Argyll and Bute,6.14896,2013,https://www.gov.scot/binaries/content/documents/govscot/publications/statistics/2025/11/community-ownership-in-scotland-2024/documents/community-ownership-in-scotland-2024---dataset/community-ownership-in-scotland-2024---dataset/govscot%3Adocument/Community%2BOwnership%2Bin%2BScotland%2B2024%2B-%2BDataset.xlsx
The Rivie (Collieston Community Development Group),Aberdeenshire,0.015949,2008,https://www.gov.scot/binaries/content/documents/govscot/publications/statistics/2025/11/community-ownership-in-scotland-2024/documents/community-ownership-in-scotland-2024---dataset/community-ownership-in-scotland-2024---dataset/govscot%3Adocument/Community%2BOwnership%2Bin%2BScotland%2B2024%2B-%2BDataset.xlsx
Colmonell Community Centre (Colmonell Community Association),South Ayrshire,0.000582,1890,https://www.gov.scot/binaries/content/documents/govscot/publications/statistics/2025/11/community-ownership-in-scotland-2024/documents/community-ownership-in-scotland-2024---dataset/community-ownership-in-scotland-2024---dataset/govscot%3Adocument/Community%2BOwnership%2Bin%2BScotland%2B2024%2B-%2BDataset.xlsx
Baptiste Manse (Colonsay Community Development Company),Argyll and Bute,0.003117,2021,https://www.gov.scot/binaries/content/documents/govscot/publications/statistics/2025/11/community-ownership-in-scotland-2024/documents/community-ownership-in-scotland-2024---dataset/community-ownership-in-scotland-2024---dataset/govscot%3Adocument/Community%2BOwnership%2Bin%2BScotland%2B2024%2B-%2BDataset.xlsx
Ground at Uragaig (Colonsay Community Development Company),Argyll and Bute,0.088485,2006,https://www.gov.scot/binaries/content/documents/govscot/publications/statistics/2025/11/community-ownership-in-scotland-2024/documents/community-ownership-in-scotland-2024---dataset/community-ownership-in-scotland-2024---dataset/govscot%3Adocument/Community%2BOwnership%2Bin%2BScotland%2B2024%2B-%2BDataset.xlsx
Ground at Dunoran (Colonsay Community Development Company),Argyll and Bute,0.00194,2020,https://www.gov.scot/binaries/content/documents/govscot/publications/statistics/2025/11/community-ownership-in-scotland-2024/documents/community-ownership-in-scotland-2024---dataset/community-ownership-in-scotland-2024---dataset/govscot%3Adocument/Community%2BOwnership%2Bin%2BScotland%2B2024%2B-%2BDataset.xlsx
Petrol Pump Site (Colonsay Community Development Company),Argyll and Bute,0.00036,2003,https://www.gov.scot/binaries/content/documents/govscot/publications/statistics/2025/11/community-ownership-in-scotland-2024/documents/community-ownership-in-scotland-2024---dataset/community-ownership-in-scotland-2024---dataset/govscot%3Adocument/Community%2BOwnership%2Bin%2BScotland%2B2024%2B-%2BDataset.xlsx
Ground at Lower Kilchattan Croft (Colonsay Community Development Company),Argyll and Bute,0.770084,2006,https://www.gov.scot/binaries/content/documents/govscot/publications/statistics/2025/11/community-ownership-in-scotland-2024/documents/community-ownership-in-scotland-2024---dataset/community-ownership-in-scotland-2024---dataset/govscot%3Adocument/Community%2BOwnership%2Bin%2BScotland%2B2024%2B-%2BDataset.xlsx
Affordable Housing at An Faire Mor and Units at Colonsay Business Park (Colonsay Community Development Company),Argyll and Bute,0.019516,2020,https://www.gov.scot/binaries/content/documents/govscot/publications/statistics/2025/11/community-ownership-in-scotland-2024/documents/community-ownership-in-scotland-2024---dataset/community-ownership-in-scotland-2024---dataset/govscot%3Adocument/Community%2BOwnership%2Bin%2BScotland%2B2024%2B-%2BDataset.xlsx
Old Carinish School (Comann Eachdraidh Uibhist a Tuath),Na h-Eileanan Siar,0.003498,2019,https://www.gov.scot/binaries/content/documents/govscot/publications/statistics/2025/11/community-ownership-in-scotland-2024/documents/community-ownership-in-scotland-2024---dataset/community-ownership-in-scotland-2024---dataset/govscot%3Adocument/Community%2BOwnership%2Bin%2BScotland%2B2024%2B-%2BDataset.xlsx
School House (Comann Eachdraidh Uibhist a Tuath),Na h-Eileanan Siar,0.000355,2020,https://www.gov.scot/binaries/content/documents/govscot/publications/statistics/2025/11/community-ownership-in-scotland-2024/documents/community-ownership-in-scotland-2024---dataset/community-ownership-in-scotland-2024---dataset/govscot%3Adocument/Community%2BOwnership%2Bin%2BScotland%2B2024%2B-%2BDataset.xlsx
Crunchy Carrot (Community Carrot Ltd),East Lothian,0.000148,2019,https://www.gov.scot/binaries/content/documents/govscot/publications/statistics/2025/11/community-ownership-in-scotland-2024/documents/community-ownership-in-scotland-2024---dataset/community-ownership-in-scotland-2024---dataset/govscot%3Adocument/Community%2BOwnership%2Bin%2BScotland%2B2024%2B-%2BDataset.xlsx
Aald Skül (Old School) (Community Development Company of Nesting),Shetland Islands,0.012322,2018,https://www.gov.scot/binaries/content/documents/govscot/publications/statistics/2025/11/community-ownership-in-scotland-2024/documents/community-ownership-in-scotland-2024---dataset/community-ownership-in-scotland-2024---dataset/govscot%3Adocument/Community%2BOwnership%2Bin%2BScotland%2B2024%2B-%2BDataset.xlsx
Community One Stop Shop (Community One Stop Shop),City of Edinburgh,0.000792,2019,https://www.gov.scot/binaries/content/documents/govscot/publications/statistics/2025/11/community-ownership-in-scotland-2024/documents/community-ownership-in-scotland-2024---dataset/community-ownership-in-scotland-2024---dataset/govscot%3Adocument/Community%2BOwnership%2Bin%2BScotland%2B2024%2B-%2BDataset.xlsx
Raasay Community Stores (Community of Raasay Retail Association Limited),Highland,0.000339,2013,https://www.gov.scot/binaries/content/documents/govscot/publications/statistics/2025/11/community-ownership-in-scotland-2024/documents/community-ownership-in-scotland-2024---dataset/community-ownership-in-scotland-2024---dataset/govscot%3Adocument/Community%2BOwnership%2Bin%2BScotland%2B2024%2B-%2BDataset.xlsx
Cultybraggan Camp and Community Woodland (Comrie Development Trust),Perth and Kinross,0.358247,2007,https://www.gov.scot/binaries/content/documents/govscot/publications/statistics/2025/11/community-ownership-in-scotland-2024/documents/community-ownership-in-scotland-2024---dataset/community-ownership-in-scotland-2024---dataset/govscot%3Adocument/Community%2BOwnership%2Bin%2BScotland%2B2024%2B-%2BDataset.xlsx
The Triangle (Copperworks Housing Association),Glasgow City,0.011536,2018,https://www.gov.scot/binaries/content/documents/govscot/publications/statistics/2025/11/community-ownership-in-scotland-2024/documents/community-ownership-in-scotland-2024---dataset/community-ownership-in-scotland-2024---dataset/govscot%3Adocument/Community%2BOwnership%2Bin%2BScotland%2B2024%2B-%2BDataset.xlsx
Corrie & Sannox Village Hall (Corrie & Sannox Village Hall Committee),North Ayrshire,0.000405,1967,https://www.gov.scot/binaries/content/documents/govscot/publications/statistics/2025/11/community-ownership-in-scotland-2024/documents/community-ownership-in-scotland-2024---dataset/community-ownership-in-scotland-2024---dataset/govscot%3Adocument/Community%2BOwnership%2Bin%2BScotland%2B2024%2B-%2BDataset.xlsx
Corstorphine Community Centre (Corstorphine Community Centre),City of Edinburgh,0.001704,2024,https://www.gov.scot/binaries/content/documents/govscot/publications/statistics/2025/11/community-ownership-in-scotland-2024/documents/community-ownership-in-scotland-2024---dataset/community-ownership-in-scotland-2024---dataset/govscot%3Adocument/Community%2BOwnership%2Bin%2BScotland%2B2024%2B-%2BDataset.xlsx
Cove Community Woodland (Cove Woodland Trust),Aberdeen City,0.062003,2018,https://www.gov.scot/binaries/content/documents/govscot/publications/statistics/2025/11/community-ownership-in-scotland-2024/documents/community-ownership-in-scotland-2024---dataset/community-ownership-in-scotland-2024---dataset/govscot%3Adocument/Community%2BOwnership%2Bin%2BScotland%2B2024%2B-%2BDataset.xlsx
Covesea Lighthouse & Keepers Cottages (Covesea Lighthouse Community Company Limited),Moray,0.006892,2013,https://www.gov.scot/binaries/content/documents/govscot/publications/statistics/2025/11/community-ownership-in-scotland-2024/documents/community-ownership-in-scotland-2024---dataset/community-ownership-in-scotland-2024---dataset/govscot%3Adocument/Community%2BOwnership%2Bin%2BScotland%2B2024%2B-%2BDataset.xlsx
Royal Navy & Royal Air Force Heritage Centre & Steading (Covesea Lighthouse Community Company Limited),Moray,0.044431,2014,https://www.gov.scot/binaries/content/documents/govscot/publications/statistics/2025/11/community-ownership-in-scotland-2024/documents/community-ownership-in-scotland-2024---dataset/community-ownership-in-scotland-2024---dataset/govscot%3Adocument/Community%2BOwnership%2Bin%2BScotland%2B2024%2B-%2BDataset.xlsx
Craigsfarm Community Hub (Craigsfarm Community Development Project Ltd),West Lothian,0.003654,2016,https://www.gov.scot/binaries/content/documents/govscot/publications/statistics/2025/11/community-ownership-in-scotland-2024/documents/community-ownership-in-scotland-2024---dataset/community-ownership-in-scotland-2024---dataset/govscot%3Adocument/Community%2BOwnership%2Bin%2BScotland%2B2024%2B-%2BDataset.xlsx
Crail Community Hall (Crail Community Partnership),Fife,0.000906,2021,https://www.gov.scot/binaries/content/documents/govscot/publications/statistics/2025/11/community-ownership-in-scotland-2024/documents/community-ownership-in-scotland-2024---dataset/community-ownership-in-scotland-2024---dataset/govscot%3Adocument/Community%2BOwnership%2Bin%2BScotland%2B2024%2B-%2BDataset.xlsx
Kilminning South (Crail Community Partnership),Fife,0.12548,2021,https://www.gov.scot/binaries/content/documents/govscot/publications/statistics/2025/11/community-ownership-in-scotland-2024/documents/community-ownership-in-scotland-2024---dataset/community-ownership-in-scotland-2024---dataset/govscot%3Adocument/Community%2BOwnership%2Bin%2BScotland%2B2024%2B-%2BDataset.xlsx
Bow Butts Park (Crail Community Partnership),Fife,0.003213,2021,https://www.gov.scot/binaries/content/documents/govscot/publications/statistics/2025/11/community-ownership-in-scotland-2024/documents/community-ownership-in-scotland-2024---dataset/community-ownership-in-scotland-2024---dataset/govscot%3Adocument/Community%2BOwnership%2Bin%2BScotland%2B2024%2B-%2BDataset.xlsx
Green spaces at West Braes Crescent and West Braes (Crail Community Partnership),Fife,0.002021,2021,https://www.gov.scot/binaries/content/documents/govscot/publications/statistics/2025/11/community-ownership-in-scotland-2024/documents/community-ownership-in-scotland-2024---dataset/community-ownership-in-scotland-2024---dataset/govscot%3Adocument/Community%2BOwnership%2Bin%2BScotland%2B2024%2B-%2BDataset.xlsx
Nethergate Store (Crail Community Trust),Fife,4.3e-05,2014,https://www.gov.scot/binaries/content/documents/govscot/publications/statistics/2025/11/community-ownership-in-scotland-2024/documents/community-ownership-in-scotland-2024---dataset/community-ownership-in-scotland-2024---dataset/govscot%3Adocument/Community%2BOwnership%2Bin%2BScotland%2B2024%2B-%2BDataset.xlsx
Cranhill Parish Church Building (Cranhill Development Trust),Glasgow City,0.004893,2023,https://www.gov.scot/binaries/content/documents/govscot/publications/statistics/2025/11/community-ownership-in-scotland-2024/documents/community-ownership-in-scotland-2024---dataset/community-ownership-in-scotland-2024---dataset/govscot%3Adocument/Community%2BOwnership%2Bin%2BScotland%2B2024%2B-%2BDataset.xlsx
Crathes Public Hall (Crathes Public Hall Trust),Aberdeenshire,0.000144,1929,https://www.gov.scot/binaries/content/documents/govscot/publications/statistics/2025/11/community-ownership-in-scotland-2024/documents/community-ownership-in-scotland-2024---dataset/community-ownership-in-scotland-2024---dataset/govscot%3Adocument/Community%2BOwnership%2Bin%2BScotland%2B2024%2B-%2BDataset.xlsx
Crathes Public Hall Car Park (Crathes Public Hall Trust),Aberdeenshire,0.001151,2006,https://www.gov.scot/binaries/content/documents/govscot/publications/statistics/2025/11/community-ownership-in-scotland-2024/documents/community-ownership-in-scotland-2024---dataset/community-ownership-in-scotland-2024---dataset/govscot%3Adocument/Community%2BOwnership%2Bin%2BScotland%2B2024%2B-%2BDataset.xlsx
Barholm (Creetown Initiative Limited),Dumfries and Galloway,0.000656,2014,https://www.gov.scot/binaries/content/documents/govscot/publications/statistics/2025/11/community-ownership-in-scotland-2024/documents/community-ownership-in-scotland-2024---dataset/community-ownership-in-scotland-2024---dataset/govscot%3Adocument/Community%2BOwnership%2Bin%2BScotland%2B2024%2B-%2BDataset.xlsx
54 St John Street (Creetown Initiative Limited),Dumfries and Galloway,7.7e-05,2011,https://www.gov.scot/binaries/content/documents/govscot/publications/statistics/2025/11/community-ownership-in-scotland-2024/documents/community-ownership-in-scotland-2024---dataset/community-ownership-in-scotland-2024---dataset/govscot%3Adocument/Community%2BOwnership%2Bin%2BScotland%2B2024%2B-%2BDataset.xlsx
Ground at Turret Bridge (Crieff Community Trust),Perth and Kinross,0.027528,2016,https://www.gov.scot/binaries/content/documents/govscot/publications/statistics/2025/11/community-ownership-in-scotland-2024/documents/community-ownership-in-scotland-2024---dataset/community-ownership-in-scotland-2024---dataset/govscot%3Adocument/Community%2BOwnership%2Bin%2BScotland%2B2024%2B-%2BDataset.xlsx
Cromarty Camping (Cromarty Community Development Trust),Highland,0.00359,2021,https://www.gov.scot/binaries/content/documents/govscot/publications/statistics/2025/11/community-ownership-in-scotland-2024/documents/community-ownership-in-scotland-2024---dataset/community-ownership-in-scotland-2024---dataset/govscot%3Adocument/Community%2BOwnership%2Bin%2BScotland%2B2024%2B-%2BDataset.xlsx
Townlands Barn and Stroopie Well Footpath (Cromarty Community Development Trust),Highland,0.014774,2018,https://www.gov.scot/binaries/content/documents/govscot/publications/statistics/2025/11/community-ownership-in-scotland-2024/documents/community-ownership-in-scotland-2024---dataset/community-ownership-in-scotland-2024---dataset/govscot%3Adocument/Community%2BOwnership%2Bin%2BScotland%2B2024%2B-%2BDataset.xlsx
Cromarty Hall (Cromarty Hall Trust),Orkney Islands,0.00027,2004,https://www.gov.scot/binaries/content/documents/govscot/publications/statistics/2025/11/community-ownership-in-scotland-2024/documents/community-ownership-in-scotland-2024---dataset/community-ownership-in-scotland-2024---dataset/govscot%3Adocument/Community%2BOwnership%2Bin%2BScotland%2B2024%2B-%2BDataset.xlsx
Crossgates Community Woodland (Crossgates Community Woodland Association),Fife,0.148489,2005,https://www.gov.scot/binaries/content/documents/govscot/publications/statistics/2025/11/community-ownership-in-scotland-2024/documents/community-ownership-in-scotland-2024---dataset/community-ownership-in-scotland-2024---dataset/govscot%3Adocument/Community%2BOwnership%2Bin%2BScotland%2B2024%2B-%2BDataset.xlsx
Ground at Riverside Lane (Crossmichael Community Trust SCIO),Dumfries and Galloway,0.000765,2015,https://www.gov.scot/binaries/content/documents/govscot/publications/statistics/2025/11/community-ownership-in-scotland-2024/documents/community-ownership-in-scotland-2024---dataset/community-ownership-in-scotland-2024---dataset/govscot%3Adocument/Community%2BOwnership%2Bin%2BScotland%2B2024%2B-%2BDataset.xlsx
Hearse House (Crossmichael Community Trust SCIO),Dumfries and Galloway,2.2e-05,2019,https://www.gov.scot/binaries/content/documents/govscot/publications/statistics/2025/11/community-ownership-in-scotland-2024/documents/community-ownership-in-scotland-2024---dataset/community-ownership-in-scotland-2024---dataset/govscot%3Adocument/Community%2BOwnership%2Bin%2BScotland%2B2024%2B-%2BDataset.xlsx
Crossmichael Memorial Hall (Crossmichael Community Trust SCIO),Dumfries and Galloway,0.000982,2023,https://www.gov.scot/binaries/content/documents/govscot/publications/statistics/2025/11/community-ownership-in-scotland-2024/documents/community-ownership-in-scotland-2024---dataset/community-ownership-in-scotland-2024---dataset/govscot%3Adocument/Community%2BOwnership%2Bin%2BScotland%2B2024%2B-%2BDataset.xlsx
Ayrshire Food Hub (Crossroads Community Hub),East Ayrshire,0.007179,2019,https://www.gov.scot/binaries/content/documents/govscot/publications/statistics/2025/11/community-ownership-in-scotland-2024/documents/community-ownership-in-scotland-2024---dataset/community-ownership-in-scotland-2024---dataset/govscot%3Adocument/Community%2BOwnership%2Bin%2BScotland%2B2024%2B-%2BDataset.xlsx
Croy Community Hub (Croy Community Hub Ltd),North Lanarkshire,0.000735,2023,https://www.gov.scot/binaries/content/documents/govscot/publications/statistics/2025/11/community-ownership-in-scotland-2024/documents/community-ownership-in-scotland-2024---dataset/community-ownership-in-scotland-2024---dataset/govscot%3Adocument/Community%2BOwnership%2Bin%2BScotland%2B2024%2B-%2BDataset.xlsx
1 Old Coach House (Culag Community Woodland Trust),Highland,6.7e-05,2003,https://www.gov.scot/binaries/content/documents/govscot/publications/statistics/2025/11/community-ownership-in-scotland-2024/documents/community-ownership-in-scotland-2024---dataset/community-ownership-in-scotland-2024---dataset/govscot%3Adocument/Community%2BOwnership%2Bin%2BScotland%2B2024%2B-%2BDataset.xlsx
Little Assynt Estate (Culag Community Woodland Trust),Highland,11.7359,2000,https://www.gov.scot/binaries/content/documents/govscot/publications/statistics/2025/11/community-ownership-in-scotland-2024/documents/community-ownership-in-scotland-2024---dataset/community-ownership-in-scotland-2024---dataset/govscot%3Adocument/Community%2BOwnership%2Bin%2BScotland%2B2024%2B-%2BDataset.xlsx
Culbokie Green (Culbokie Community Trust),Highland,0.009551,2015,https://www.gov.scot/binaries/content/documents/govscot/publications/statistics/2025/11/community-ownership-in-scotland-2024/documents/community-ownership-in-scotland-2024---dataset/community-ownership-in-scotland-2024---dataset/govscot%3Adocument/Community%2BOwnership%2Bin%2BScotland%2B2024%2B-%2BDataset.xlsx
Culduthel Woodland (Culduthel Woods Group),Highland,0.060417,2021,https://www.gov.scot/binaries/content/documents/govscot/publications/statistics/2025/11/community-ownership-in-scotland-2024/documents/community-ownership-in-scotland-2024---dataset/community-ownership-in-scotland-2024---dataset/govscot%3Adocument/Community%2BOwnership%2Bin%2BScotland%2B2024%2B-%2BDataset.xlsx
Cultarlann Inbhir Nis (Cultarlann Inbhir Nis),Highland,0.000788,2024,https://www.gov.scot/binaries/content/documents/govscot/publications/statistics/2025/11/community-ownership-in-scotland-2024/documents/community-ownership-in-scotland-2024---dataset/community-ownership-in-scotland-2024---dataset/govscot%3Adocument/Community%2BOwnership%2Bin%2BScotland%2B2024%2B-%2BDataset.xlsx
Garrison House (Cumbrae Community Develoment Company),North Ayrshire,0.034607,2005,https://www.gov.scot/binaries/content/documents/govscot/publications/statistics/2025/11/community-ownership-in-scotland-2024/documents/community-ownership-in-scotland-2024---dataset/community-ownership-in-scotland-2024---dataset/govscot%3Adocument/Community%2BOwnership%2Bin%2BScotland%2B2024%2B-%2BDataset.xlsx
Ground on south west of Auchinleck Road (Cumnock & District Leisure Group Limited),East Ayrshire,0.005032,2004,https://www.gov.scot/binaries/content/documents/govscot/publications/statistics/2025/11/community-ownership-in-scotland-2024/documents/community-ownership-in-scotland-2024---dataset/community-ownership-in-scotland-2024---dataset/govscot%3Adocument/Community%2BOwnership%2Bin%2BScotland%2B2024%2B-%2BDataset.xlsx
Ground at Loch Aweside Forest Cabins (Dalavich Improvement Group),Argyll and Bute,0.021044,2016,https://www.gov.scot/binaries/content/documents/govscot/publications/statistics/2025/11/community-ownership-in-scotland-2024/documents/community-ownership-in-scotland-2024---dataset/community-ownership-in-scotland-2024---dataset/govscot%3Adocument/Community%2BOwnership%2Bin%2BScotland%2B2024%2B-%2BDataset.xlsx
Dalavich Playing Field (Dalavich Improvement Group),Argyll and Bute,0.002863,2011,https://www.gov.scot/binaries/content/documents/govscot/publications/statistics/2025/11/community-ownership-in-scotland-2024/documents/community-ownership-in-scotland-2024---dataset/community-ownership-in-scotland-2024---dataset/govscot%3Adocument/Community%2BOwnership%2Bin%2BScotland%2B2024%2B-%2BDataset.xlsx
Dalavich Community Centre (Dalavich Improvement Group),Argyll and Bute,0.025,2003,https://www.gov.scot/binaries/content/documents/govscot/publications/statistics/2025/11/community-ownership-in-scotland-2024/documents/community-ownership-in-scotland-2024---dataset/community-ownership-in-scotland-2024---dataset/govscot%3Adocument/Community%2BOwnership%2Bin%2BScotland%2B2024%2B-%2BDataset.xlsx
"Mill Field, Homestead Field, Druimdarroch Field and Church Field (Dalavich Improvement Group)",Argyll and Bute,0.154569,2017,https://www.gov.scot/binaries/content/documents/govscot/publications/statistics/2025/11/community-ownership-in-scotland-2024/documents/community-ownership-in-scotland-2024---dataset/community-ownership-in-scotland-2024---dataset/govscot%3Adocument/Community%2BOwnership%2Bin%2BScotland%2B2024%2B-%2BDataset.xlsx
Dalbeattie Community Initiative Office (Dalbeattie Community Initiative),Dumfries and Galloway,5.4e-05,2003,https://www.gov.scot/binaries/content/documents/govscot/publications/statistics/2025/11/community-ownership-in-scotland-2024/documents/community-ownership-in-scotland-2024---dataset/community-ownership-in-scotland-2024---dataset/govscot%3Adocument/Community%2BOwnership%2Bin%2BScotland%2B2024%2B-%2BDataset.xlsx
Car Transport Trailer (Dalbeattie Men's Shed),Dumfries and Galloway,,2020,https://www.gov.scot/binaries/content/documents/govscot/publications/statistics/2025/11/community-ownership-in-scotland-2024/documents/community-ownership-in-scotland-2024---dataset/community-ownership-in-scotland-2024---dataset/govscot%3Adocument/Community%2BOwnership%2Bin%2BScotland%2B2024%2B-%2BDataset.xlsx
Dalmally Community Centre (Dalmally Community Company),Argyll and Bute,0.025622,2003,https://www.gov.scot/binaries/content/documents/govscot/publications/statistics/2025/11/community-ownership-in-scotland-2024/documents/community-ownership-in-scotland-2024---dataset/community-ownership-in-scotland-2024---dataset/govscot%3Adocument/Community%2BOwnership%2Bin%2BScotland%2B2024%2B-%2BDataset.xlsx
Ground at Daviot Estate (Daviot Community Trust),Aberdeenshire,0.084984,2013,https://www.gov.scot/binaries/content/documents/govscot/publications/statistics/2025/11/community-ownership-in-scotland-2024/documents/community-ownership-in-scotland-2024---dataset/community-ownership-in-scotland-2024---dataset/govscot%3Adocument/Community%2BOwnership%2Bin%2BScotland%2B2024%2B-%2BDataset.xlsx
Deer Park Community Woodland (Deer Park Community Woodland),Argyll and Bute,0.014863,2001,https://www.gov.scot/binaries/content/documents/govscot/publications/statistics/2025/11/community-ownership-in-scotland-2024/documents/community-ownership-in-scotland-2024---dataset/community-ownership-in-scotland-2024---dataset/govscot%3Adocument/Community%2BOwnership%2Bin%2BScotland%2B2024%2B-%2BDataset.xlsx
Banchory Woodland Trails (Deeside Bike Collective),Aberdeenshire,0.125142,2022,https://www.gov.scot/binaries/content/documents/govscot/publications/statistics/2025/11/community-ownership-in-scotland-2024/documents/community-ownership-in-scotland-2024---dataset/community-ownership-in-scotland-2024---dataset/govscot%3Adocument/Community%2BOwnership%2Bin%2BScotland%2B2024%2B-%2BDataset.xlsx
Ground on south west side of road from Arnabost to Aringour (Development Coll),Argyll and Bute,0.018704,2010,https://www.gov.scot/binaries/content/documents/govscot/publications/statistics/2025/11/community-ownership-in-scotland-2024/documents/community-ownership-in-scotland-2024---dataset/community-ownership-in-scotland-2024---dataset/govscot%3Adocument/Community%2BOwnership%2Bin%2BScotland%2B2024%2B-%2BDataset.xlsx
The Hive (Dollar Community Development Trust),Clackmannanshire,0.002001,2022,https://www.gov.scot/binaries/content/documents/govscot/publications/statistics/2025/11/community-ownership-in-scotland-2024/documents/community-ownership-in-scotland-2024---dataset/community-ownership-in-scotland-2024---dataset/govscot%3Adocument/Community%2BOwnership%2Bin%2BScotland%2B2024%2B-%2BDataset.xlsx
Ground in Tillydrone by the River Don (Donside Village Community SCIO),Aberdeen City,0.019905,2018,https://www.gov.scot/binaries/content/documents/govscot/publications/statistics/2025/11/community-ownership-in-scotland-2024/documents/community-ownership-in-scotland-2024---dataset/community-ownership-in-scotland-2024---dataset/govscot%3Adocument/Community%2BOwnership%2Bin%2BScotland%2B2024%2B-%2BDataset.xlsx
Dornie Café & Stores (Dornie & District Community Trust),Highland,0.00084,2023,https://www.gov.scot/binaries/content/documents/govscot/publications/statistics/2025/11/community-ownership-in-scotland-2024/documents/community-ownership-in-scotland-2024---dataset/community-ownership-in-scotland-2024---dataset/govscot%3Adocument/Community%2BOwnership%2Bin%2BScotland%2B2024%2B-%2BDataset.xlsx
Dornie and District Community Hall (Dornie & District Community Village Hall),Highland,,2007,https://www.gov.scot/binaries/content/documents/govscot/publications/statistics/2025/11/community-ownership-in-scotland-2024/documents/community-ownership-in-scotland-2024---dataset/community-ownership-in-scotland-2024---dataset/govscot%3Adocument/Community%2BOwnership%2Bin%2BScotland%2B2024%2B-%2BDataset.xlsx
Dornie and District Community Hall Toilets and Car Park (Dornie & District Community Village Hall),Highland,0.001004,2010,https://www.gov.scot/binaries/content/documents/govscot/publications/statistics/2025/11/community-ownership-in-scotland-2024/documents/community-ownership-in-scotland-2024---dataset/community-ownership-in-scotland-2024---dataset/govscot%3Adocument/Community%2BOwnership%2Bin%2BScotland%2B2024%2B-%2BDataset.xlsx
Garden and Amenity Land (Dornie Community Projects Group),Highland,0.008094,2002,https://www.gov.scot/binaries/content/documents/govscot/publications/statistics/2025/11/community-ownership-in-scotland-2024/documents/community-ownership-in-scotland-2024---dataset/community-ownership-in-scotland-2024---dataset/govscot%3Adocument/Community%2BOwnership%2Bin%2BScotland%2B2024%2B-%2BDataset.xlsx
Dornoch Hub (Dornoch Area Community Interest Company),Highland,0.00378,2020,https://www.gov.scot/binaries/content/documents/govscot/publications/statistics/2025/11/community-ownership-in-scotland-2024/documents/community-ownership-in-scotland-2024---dataset/community-ownership-in-scotland-2024---dataset/govscot%3Adocument/Community%2BOwnership%2Bin%2BScotland%2B2024%2B-%2BDataset.xlsx
Dornoch South (Dornoch Area Community Interest Company),Highland,0.034069,2021,https://www.gov.scot/binaries/content/documents/govscot/publications/statistics/2025/11/community-ownership-in-scotland-2024/documents/community-ownership-in-scotland-2024---dataset/community-ownership-in-scotland-2024---dataset/govscot%3Adocument/Community%2BOwnership%2Bin%2BScotland%2B2024%2B-%2BDataset.xlsx
Car Park at St. Bride’s Centre (Douglas St. Bride’s Community Group),South Lanarkshire,0.001213,2009,https://www.gov.scot/binaries/content/documents/govscot/publications/statistics/2025/11/community-ownership-in-scotland-2024/documents/community-ownership-in-scotland-2024---dataset/community-ownership-in-scotland-2024---dataset/govscot%3Adocument/Community%2BOwnership%2Bin%2BScotland%2B2024%2B-%2BDataset.xlsx
St. Bride’s Centre (Douglas St. Bride’s Community Group),South Lanarkshire,0.002107,2010,https://www.gov.scot/binaries/content/documents/govscot/publications/statistics/2025/11/community-ownership-in-scotland-2024/documents/community-ownership-in-scotland-2024---dataset/community-ownership-in-scotland-2024---dataset/govscot%3Adocument/Community%2BOwnership%2Bin%2BScotland%2B2024%2B-%2BDataset.xlsx
"Douglasdale Community Woodland (Douglasdale Recreation, Environment, Access and Leisure Group)",South Lanarkshire,0.190211,2023,https://www.gov.scot/binaries/content/documents/govscot/publications/statistics/2025/11/community-ownership-in-scotland-2024/documents/community-ownership-in-scotland-2024---dataset/community-ownership-in-scotland-2024---dataset/govscot%3Adocument/Community%2BOwnership%2Bin%2BScotland%2B2024%2B-%2BDataset.xlsx
"Hannahston Community Woodland (Drongan, Rankinston and Stair Regeneration Group)",East Ayrshire,0.289,2020,https://www.gov.scot/binaries/content/documents/govscot/publications/statistics/2025/11/community-ownership-in-scotland-2024/documents/community-ownership-in-scotland-2024---dataset/community-ownership-in-scotland-2024---dataset/govscot%3Adocument/Community%2BOwnership%2Bin%2BScotland%2B2024%2B-%2BDataset.xlsx
Dronley Community Woodland (Dronley Community Woodland),Angus,0.515432,2019,https://www.gov.scot/binaries/content/documents/govscot/publications/statistics/2025/11/community-ownership-in-scotland-2024/documents/community-ownership-in-scotland-2024---dataset/community-ownership-in-scotland-2024---dataset/govscot%3Adocument/Community%2BOwnership%2Bin%2BScotland%2B2024%2B-%2BDataset.xlsx
Drummuir Community Hall (Drummuir & Botriphnie Community Trust),Moray,0.00098,2005,https://www.gov.scot/binaries/content/documents/govscot/publications/statistics/2025/11/community-ownership-in-scotland-2024/documents/community-ownership-in-scotland-2024---dataset/community-ownership-in-scotland-2024---dataset/govscot%3Adocument/Community%2BOwnership%2Bin%2BScotland%2B2024%2B-%2BDataset.xlsx
Ground at Drummuir Community Hall (Drummuir & Botriphnie Community Trust),Moray,0.000467,2008,https://www.gov.scot/binaries/content/documents/govscot/publications/statistics/2025/11/community-ownership-in-scotland-2024/documents/community-ownership-in-scotland-2024---dataset/community-ownership-in-scotland-2024---dataset/govscot%3Adocument/Community%2BOwnership%2Bin%2BScotland%2B2024%2B-%2BDataset.xlsx
Whisky and Heritage Centre (Dufftown 2000 Ltd),Moray,5.3e-05,2010,https://www.gov.scot/binaries/content/documents/govscot/publications/statistics/2025/11/community-ownership-in-scotland-2024/documents/community-ownership-in-scotland-2024---dataset/community-ownership-in-scotland-2024---dataset/govscot%3Adocument/Community%2BOwnership%2Bin%2BScotland%2B2024%2B-%2BDataset.xlsx
Dufftown Community Centre (Dufftown Community Centre),Moray,0.000585,2021,https://www.gov.scot/binaries/content/documents/govscot/publications/statistics/2025/11/community-ownership-in-scotland-2024/documents/community-ownership-in-scotland-2024---dataset/community-ownership-in-scotland-2024---dataset/govscot%3Adocument/Community%2BOwnership%2Bin%2BScotland%2B2024%2B-%2BDataset.xlsx
135-139 High Street (Dumfries High Street Limited (trading as Midsteeple Quarter)),Dumfries and Galloway,0.000234,2020,https://www.gov.scot/binaries/content/documents/govscot/publications/statistics/2025/11/community-ownership-in-scotland-2024/documents/community-ownership-in-scotland-2024---dataset/community-ownership-in-scotland-2024---dataset/govscot%3Adocument/Community%2BOwnership%2Bin%2BScotland%2B2024%2B-%2BDataset.xlsx
109 High Street & 51 Bank Street (Dumfries High Street Limited (trading as Midsteeple Quarter)),Dumfries and Galloway,0.00017,2021,https://www.gov.scot/binaries/content/documents/govscot/publications/statistics/2025/11/community-ownership-in-scotland-2024/documents/community-ownership-in-scotland-2024---dataset/community-ownership-in-scotland-2024---dataset/govscot%3Adocument/Community%2BOwnership%2Bin%2BScotland%2B2024%2B-%2BDataset.xlsx
111 High Street (Dumfries High Street Limited (trading as Midsteeple Quarter)),Dumfries and Galloway,0.000722,2021,https://www.gov.scot/binaries/content/documents/govscot/publications/statistics/2025/11/community-ownership-in-scotland-2024/documents/community-ownership-in-scotland-2024---dataset/community-ownership-in-scotland-2024---dataset/govscot%3Adocument/Community%2BOwnership%2Bin%2BScotland%2B2024%2B-%2BDataset.xlsx
The Press (Dumfries High Street Limited (trading as Midsteeple Quarter)),Dumfries and Galloway,0.000426,2020,https://www.gov.scot/binaries/content/documents/govscot/publications/statistics/2025/11/community-ownership-in-scotland-2024/documents/community-ownership-in-scotland-2024---dataset/community-ownership-in-scotland-2024---dataset/govscot%3Adocument/Community%2BOwnership%2Bin%2BScotland%2B2024%2B-%2BDataset.xlsx
The Smithy (Dumfries High Street Limited (trading as Midsteeple Quarter)),Dumfries and Galloway,0.000286,2020,https://www.gov.scot/binaries/content/documents/govscot/publications/statistics/2025/11/community-ownership-in-scotland-2024/documents/community-ownership-in-scotland-2024---dataset/community-ownership-in-scotland-2024---dataset/govscot%3Adocument/Community%2BOwnership%2Bin%2BScotland%2B2024%2B-%2BDataset.xlsx
Dunbar Community Bakery (Dunbar Community Bakery),East Lothian,0.000121,2023,https://www.gov.scot/binaries/content/documents/govscot/publications/statistics/2025/11/community-ownership-in-scotland-2024/documents/community-ownership-in-scotland-2024---dataset/community-ownership-in-scotland-2024---dataset/govscot%3Adocument/Community%2BOwnership%2Bin%2BScotland%2B2024%2B-%2BDataset.xlsx
Hallhill Sports Centre (Dunbar Community Development and Heritage Trust),East Lothian,0.081502,2001,https://www.gov.scot/binaries/content/documents/govscot/publications/statistics/2025/11/community-ownership-in-scotland-2024/documents/community-ownership-in-scotland-2024---dataset/community-ownership-in-scotland-2024---dataset/govscot%3Adocument/Community%2BOwnership%2Bin%2BScotland%2B2024%2B-%2BDataset.xlsx
Hallhill Sports Centre Playing Field (Dunbar Community Development and Heritage Trust),East Lothian,0.0128,2011,https://www.gov.scot/binaries/content/documents/govscot/publications/statistics/2025/11/community-ownership-in-scotland-2024/documents/community-ownership-in-scotland-2024---dataset/community-ownership-in-scotland-2024---dataset/govscot%3Adocument/Community%2BOwnership%2Bin%2BScotland%2B2024%2B-%2BDataset.xlsx
Lochend Wood (Dunbar Community Development and Heritage Trust),East Lothian,0.192136,2007,https://www.gov.scot/binaries/content/documents/govscot/publications/statistics/2025/11/community-ownership-in-scotland-2024/documents/community-ownership-in-scotland-2024---dataset/community-ownership-in-scotland-2024---dataset/govscot%3Adocument/Community%2BOwnership%2Bin%2BScotland%2B2024%2B-%2BDataset.xlsx
Dunbeath & District Centre (Dunbeath & District Centre),Highland,,1992,https://www.gov.scot/binaries/content/documents/govscot/publications/statistics/2025/11/community-ownership-in-scotland-2024/documents/community-ownership-in-scotland-2024---dataset/community-ownership-in-scotland-2024---dataset/govscot%3Adocument/Community%2BOwnership%2Bin%2BScotland%2B2024%2B-%2BDataset.xlsx
Dunbog Community Hall (Dunbog Community Hall),Fife,0.005174,2003,https://www.gov.scot/binaries/content/documents/govscot/publications/statistics/2025/11/community-ownership-in-scotland-2024/documents/community-ownership-in-scotland-2024---dataset/community-ownership-in-scotland-2024---dataset/govscot%3Adocument/Community%2BOwnership%2Bin%2BScotland%2B2024%2B-%2BDataset.xlsx
Ground at Dunbog Community Hall (Dunbog Community Hall),Fife,0.005174,2017,https://www.gov.scot/binaries/content/documents/govscot/publications/statistics/2025/11/community-ownership-in-scotland-2024/documents/community-ownership-in-scotland-2024---dataset/community-ownership-in-scotland-2024---dataset/govscot%3Adocument/Community%2BOwnership%2Bin%2BScotland%2B2024%2B-%2BDataset.xlsx
Merito (Dunlop Community Hub Ltd),East Ayrshire,0.000232,2018,https://www.gov.scot/binaries/content/documents/govscot/publications/statistics/2025/11/community-ownership-in-scotland-2024/documents/community-ownership-in-scotland-2024---dataset/community-ownership-in-scotland-2024---dataset/govscot%3Adocument/Community%2BOwnership%2Bin%2BScotland%2B2024%2B-%2BDataset.xlsx
Dunnet Forest (Dunnet Forestry Trust),Highland,1.05081,2021,https://www.gov.scot/binaries/content/documents/govscot/publications/statistics/2025/11/community-ownership-in-scotland-2024/documents/community-ownership-in-scotland-2024---dataset/community-ownership-in-scotland-2024---dataset/govscot%3Adocument/Community%2BOwnership%2Bin%2BScotland%2B2024%2B-%2BDataset.xlsx
Kincladie Wood (Dunning Community Trust),Perth and Kinross,0.080365,2005,https://www.gov.scot/binaries/content/documents/govscot/publications/statistics/2025/11/community-ownership-in-scotland-2024/documents/community-ownership-in-scotland-2024---dataset/community-ownership-in-scotland-2024---dataset/govscot%3Adocument/Community%2BOwnership%2Bin%2BScotland%2B2024%2B-%2BDataset.xlsx
Units 1 & 2 - 8 Hamilton Street (Dunoon Community Shed),Argyll and Bute,0.00919,2023,https://www.gov.scot/binaries/content/documents/govscot/publications/statistics/2025/11/community-ownership-in-scotland-2024/documents/community-ownership-in-scotland-2024---dataset/community-ownership-in-scotland-2024---dataset/govscot%3Adocument/Community%2BOwnership%2Bin%2BScotland%2B2024%2B-%2BDataset.xlsx
Dunshalt Shop (Dunshalt Community Shop Ltd),Fife,0.000122,2018,https://www.gov.scot/binaries/content/documents/govscot/publications/statistics/2025/11/community-ownership-in-scotland-2024/documents/community-ownership-in-scotland-2024---dataset/community-ownership-in-scotland-2024---dataset/govscot%3Adocument/Community%2BOwnership%2Bin%2BScotland%2B2024%2B-%2BDataset.xlsx
Nurses House (Durness Development Group),Highland,0.000101,2001,https://www.gov.scot/binaries/content/documents/govscot/publications/statistics/2025/11/community-ownership-in-scotland-2024/documents/community-ownership-in-scotland-2024---dataset/community-ownership-in-scotland-2024---dataset/govscot%3Adocument/Community%2BOwnership%2Bin%2BScotland%2B2024%2B-%2BDataset.xlsx
1 Burley Place (East Kilbride Community Trust),South Lanarkshire,0.009301,2016,https://www.gov.scot/binaries/content/documents/govscot/publications/statistics/2025/11/community-ownership-in-scotland-2024/documents/community-ownership-in-scotland-2024---dataset/community-ownership-in-scotland-2024---dataset/govscot%3Adocument/Community%2BOwnership%2Bin%2BScotland%2B2024%2B-%2BDataset.xlsx
K-Woodland (East Kilbride Community Trust),South Lanarkshire,0.236534,2017,https://www.gov.scot/binaries/content/documents/govscot/publications/statistics/2025/11/community-ownership-in-scotland-2024/documents/community-ownership-in-scotland-2024---dataset/community-ownership-in-scotland-2024---dataset/govscot%3Adocument/Community%2BOwnership%2Bin%2BScotland%2B2024%2B-%2BDataset.xlsx
Amenity Land at Peel Park (East Kilbride Community Trust),South Lanarkshire,0.087295,2013,https://www.gov.scot/binaries/content/documents/govscot/publications/statistics/2025/11/community-ownership-in-scotland-2024/documents/community-ownership-in-scotland-2024---dataset/community-ownership-in-scotland-2024---dataset/govscot%3Adocument/Community%2BOwnership%2Bin%2BScotland%2B2024%2B-%2BDataset.xlsx
Land at Balmaha Car Park (East Loch Lomond Community Trust),Stirling,0.001614,2019,https://www.gov.scot/binaries/content/documents/govscot/publications/statistics/2025/11/community-ownership-in-scotland-2024/documents/community-ownership-in-scotland-2024---dataset/community-ownership-in-scotland-2024---dataset/govscot%3Adocument/Community%2BOwnership%2Bin%2BScotland%2B2024%2B-%2BDataset.xlsx
Balmaha Plantation Affordable Housing Project (East Loch Lomond Community Trust),Stirling,0.000809,2020,https://www.gov.scot/binaries/content/documents/govscot/publications/statistics/2025/11/community-ownership-in-scotland-2024/documents/community-ownership-in-scotland-2024---dataset/community-ownership-in-scotland-2024---dataset/govscot%3Adocument/Community%2BOwnership%2Bin%2BScotland%2B2024%2B-%2BDataset.xlsx
Ground at Arnisdale Road (Easthall Residents Association),Glasgow City,0.008613,2021,https://www.gov.scot/binaries/content/documents/govscot/publications/statistics/2025/11/community-ownership-in-scotland-2024/documents/community-ownership-in-scotland-2024---dataset/community-ownership-in-scotland-2024---dataset/govscot%3Adocument/Community%2BOwnership%2Bin%2BScotland%2B2024%2B-%2BDataset.xlsx
Ground at Ware Road (Easthall Residents Association),Glasgow City,0.010329,2021,https://www.gov.scot/binaries/content/documents/govscot/publications/statistics/2025/11/community-ownership-in-scotland-2024/documents/community-ownership-in-scotland-2024---dataset/community-ownership-in-scotland-2024---dataset/govscot%3Adocument/Community%2BOwnership%2Bin%2BScotland%2B2024%2B-%2BDataset.xlsx
Eday Community Shop (Eday Community Enterprises),Orkney Islands,0.000405,1981,https://www.gov.scot/binaries/content/documents/govscot/publications/statistics/2025/11/community-ownership-in-scotland-2024/documents/community-ownership-in-scotland-2024---dataset/community-ownership-in-scotland-2024---dataset/govscot%3Adocument/Community%2BOwnership%2Bin%2BScotland%2B2024%2B-%2BDataset.xlsx
Eday Heritage and Visitor Centre (Eday Heritage Centre Association),Orkney Islands,0.032375,2000,https://www.gov.scot/binaries/content/documents/govscot/publications/statistics/2025/11/community-ownership-in-scotland-2024/documents/community-ownership-in-scotland-2024---dataset/community-ownership-in-scotland-2024---dataset/govscot%3Adocument/Community%2BOwnership%2Bin%2BScotland%2B2024%2B-%2BDataset.xlsx
Ground at Sandybank (Eday Partnership),Orkney Islands,0.005513,2011,https://www.gov.scot/binaries/content/documents/govscot/publications/statistics/2025/11/community-ownership-in-scotland-2024/documents/community-ownership-in-scotland-2024---dataset/community-ownership-in-scotland-2024---dataset/govscot%3Adocument/Community%2BOwnership%2Bin%2BScotland%2B2024%2B-%2BDataset.xlsx
East Blett (Eday Partnership),Orkney Islands,0.043377,2016,https://www.gov.scot/binaries/content/documents/govscot/publications/statistics/2025/11/community-ownership-in-scotland-2024/documents/community-ownership-in-scotland-2024---dataset/community-ownership-in-scotland-2024---dataset/govscot%3Adocument/Community%2BOwnership%2Bin%2BScotland%2B2024%2B-%2BDataset.xlsx
Noneyha (Eday Partnership),Orkney Islands,0.092298,2023,https://www.gov.scot/binaries/content/documents/govscot/publications/statistics/2025/11/community-ownership-in-scotland-2024/documents/community-ownership-in-scotland-2024---dataset/community-ownership-in-scotland-2024---dataset/govscot%3Adocument/Community%2BOwnership%2Bin%2BScotland%2B2024%2B-%2BDataset.xlsx
Edinbane Shop (Edinbane Community Company),Highland,0.002137,2021,https://www.gov.scot/binaries/content/documents/govscot/publications/statistics/2025/11/community-ownership-in-scotland-2024/documents/community-ownership-in-scotland-2024---dataset/community-ownership-in-scotland-2024---dataset/govscot%3Adocument/Community%2BOwnership%2Bin%2BScotland%2B2024%2B-%2BDataset.xlsx
Easdale Island Folk Museum (Eilean Eisdeal),Argyll and Bute,0.000444,2008,https://www.gov.scot/binaries/content/documents/govscot/publications/statistics/2025/11/community-ownership-in-scotland-2024/documents/community-ownership-in-scotland-2024---dataset/community-ownership-in-scotland-2024---dataset/govscot%3Adocument/Community%2BOwnership%2Bin%2BScotland%2B2024%2B-%2BDataset.xlsx
Easdale Island Harbour & Adjacent Ground known as Rush and Gush (Eilean Eisdeal),Argyll and Bute,0.072494,2005,https://www.gov.scot/binaries/content/documents/govscot/publications/statistics/2025/11/community-ownership-in-scotland-2024/documents/community-ownership-in-scotland-2024---dataset/community-ownership-in-scotland-2024---dataset/govscot%3Adocument/Community%2BOwnership%2Bin%2BScotland%2B2024%2B-%2BDataset.xlsx
Easdale Island Community Hall (Eilean Eisdeal),Argyll and Bute,0.000874,2002,https://www.gov.scot/binaries/content/documents/govscot/publications/statistics/2025/11/community-ownership-in-scotland-2024/documents/community-ownership-in-scotland-2024---dataset/community-ownership-in-scotland-2024---dataset/govscot%3Adocument/Community%2BOwnership%2Bin%2BScotland%2B2024%2B-%2BDataset.xlsx
566 Findhorn Hive (Ekopia Social Investments Limited),Moray,0.000401,2014,https://www.gov.scot/binaries/content/documents/govscot/publications/statistics/2025/11/community-ownership-in-scotland-2024/documents/community-ownership-in-scotland-2024---dataset/community-ownership-in-scotland-2024---dataset/govscot%3Adocument/Community%2BOwnership%2Bin%2BScotland%2B2024%2B-%2BDataset.xlsx
567 & 568 Findhorn Hive (Ekopia Social Investments Limited),Moray,0.000762,2017,https://www.gov.scot/binaries/content/documents/govscot/publications/statistics/2025/11/community-ownership-in-scotland-2024/documents/community-ownership-in-scotland-2024---dataset/community-ownership-in-scotland-2024---dataset/govscot%3Adocument/Community%2BOwnership%2Bin%2BScotland%2B2024%2B-%2BDataset.xlsx
Longhill East Wood (Enzie Crossroads Community Woodland Association),Moray,0.028634,2016,https://www.gov.scot/binaries/content/documents/govscot/publications/statistics/2025/11/community-ownership-in-scotland-2024/documents/community-ownership-in-scotland-2024---dataset/community-ownership-in-scotland-2024---dataset/govscot%3Adocument/Community%2BOwnership%2Bin%2BScotland%2B2024%2B-%2BDataset.xlsx
Aline Community Woodland (Erisort Trust),Na h-Eileanan Siar,6.29499,2005,https://www.gov.scot/binaries/content/documents/govscot/publications/statistics/2025/11/community-ownership-in-scotland-2024/documents/community-ownership-in-scotland-2024---dataset/community-ownership-in-scotland-2024---dataset/govscot%3Adocument/Community%2BOwnership%2Bin%2BScotland%2B2024%2B-%2BDataset.xlsx
Ettrick Marshes (Ettrick and Yarrow Community Development Company),Scottish Borders,0.526436,2021,https://www.gov.scot/binaries/content/documents/govscot/publications/statistics/2025/11/community-ownership-in-scotland-2024/documents/community-ownership-in-scotland-2024---dataset/community-ownership-in-scotland-2024---dataset/govscot%3Adocument/Community%2BOwnership%2Bin%2BScotland%2B2024%2B-%2BDataset.xlsx
Kirkhope Steading (Ettrick and Yarrow Community Development Company),Scottish Borders,0.025756,2020,https://www.gov.scot/binaries/content/documents/govscot/publications/statistics/2025/11/community-ownership-in-scotland-2024/documents/community-ownership-in-scotland-2024---dataset/community-ownership-in-scotland-2024---dataset/govscot%3Adocument/Community%2BOwnership%2Bin%2BScotland%2B2024%2B-%2BDataset.xlsx
Evanton Village Green (Evanton Community Trust),Highland,0.002469,2008,https://www.gov.scot/binaries/content/documents/govscot/publications/statistics/2025/11/community-ownership-in-scotland-2024/documents/community-ownership-in-scotland-2024---dataset/community-ownership-in-scotland-2024---dataset/govscot%3Adocument/Community%2BOwnership%2Bin%2BScotland%2B2024%2B-%2BDataset.xlsx
Victoria Diamond Jubilee Hall (Evanton Community Trust),Highland,0.000755,2021,https://www.gov.scot/binaries/content/documents/govscot/publications/statistics/2025/11/community-ownership-in-scotland-2024/documents/community-ownership-in-scotland-2024---dataset/community-ownership-in-scotland-2024---dataset/govscot%3Adocument/Community%2BOwnership%2Bin%2BScotland%2B2024%2B-%2BDataset.xlsx
Ground at Victoria Diamond Jubilee Hall (Evanton Community Trust),Highland,8.9e-05,2024,https://www.gov.scot/binaries/content/documents/govscot/publications/statistics/2025/11/community-ownership-in-scotland-2024/documents/community-ownership-in-scotland-2024---dataset/community-ownership-in-scotland-2024---dataset/govscot%3Adocument/Community%2BOwnership%2Bin%2BScotland%2B2024%2B-%2BDataset.xlsx
Evanton Community Wood (Evanton Wood Community Company),Highland,0.650977,2012,https://www.gov.scot/binaries/content/documents/govscot/publications/statistics/2025/11/community-ownership-in-scotland-2024/documents/community-ownership-in-scotland-2024---dataset/community-ownership-in-scotland-2024---dataset/govscot%3Adocument/Community%2BOwnership%2Bin%2BScotland%2B2024%2B-%2BDataset.xlsx
Fauldhouse Community Hub (Fauldhouse and Breich Valley Community Development Trust),West Lothian,0.000189,2010,https://www.gov.scot/binaries/content/documents/govscot/publications/statistics/2025/11/community-ownership-in-scotland-2024/documents/community-ownership-in-scotland-2024---dataset/community-ownership-in-scotland-2024---dataset/govscot%3Adocument/Community%2BOwnership%2Bin%2BScotland%2B2024%2B-%2BDataset.xlsx
Fernaig Community Trust Land (Fernaig Community Trust),Highland,0.445154,2001,https://www.gov.scot/binaries/content/documents/govscot/publications/statistics/2025/11/community-ownership-in-scotland-2024/documents/community-ownership-in-scotland-2024---dataset/community-ownership-in-scotland-2024---dataset/govscot%3Adocument/Community%2BOwnership%2Bin%2BScotland%2B2024%2B-%2BDataset.xlsx
Brockloch Affordable Housing Project (Finderne Development Trust),Moray,0.014469,2022,https://www.gov.scot/binaries/content/documents/govscot/publications/statistics/2025/11/community-ownership-in-scotland-2024/documents/community-ownership-in-scotland-2024---dataset/community-ownership-in-scotland-2024---dataset/govscot%3Adocument/Community%2BOwnership%2Bin%2BScotland%2B2024%2B-%2BDataset.xlsx
Findhorn Village Centre (Findhorn Village Centre),Moray,0.001003,2007,https://www.gov.scot/binaries/content/documents/govscot/publications/statistics/2025/11/community-ownership-in-scotland-2024/documents/community-ownership-in-scotland-2024---dataset/community-ownership-in-scotland-2024---dataset/govscot%3Adocument/Community%2BOwnership%2Bin%2BScotland%2B2024%2B-%2BDataset.xlsx
Fittie Community Hall (Fittie Community Development Trust),Aberdeen City,0.000377,2018,https://www.gov.scot/binaries/content/documents/govscot/publications/statistics/2025/11/community-ownership-in-scotland-2024/documents/community-ownership-in-scotland-2024---dataset/community-ownership-in-scotland-2024---dataset/govscot%3Adocument/Community%2BOwnership%2Bin%2BScotland%2B2024%2B-%2BDataset.xlsx
Fochabers Public Institute (Fochabers Village Association),Moray,0.001507,2015,https://www.gov.scot/binaries/content/documents/govscot/publications/statistics/2025/11/community-ownership-in-scotland-2024/documents/community-ownership-in-scotland-2024---dataset/community-ownership-in-scotland-2024---dataset/govscot%3Adocument/Community%2BOwnership%2Bin%2BScotland%2B2024%2B-%2BDataset.xlsx
Ford Village Green (Ford Village Hall Ltd),Argyll and Bute,0.027698,2007,https://www.gov.scot/binaries/content/documents/govscot/publications/statistics/2025/11/community-ownership-in-scotland-2024/documents/community-ownership-in-scotland-2024---dataset/community-ownership-in-scotland-2024---dataset/govscot%3Adocument/Community%2BOwnership%2Bin%2BScotland%2B2024%2B-%2BDataset.xlsx
Ford Village Hall (Ford Village Hall Ltd),Argyll and Bute,0.01,1964,https://www.gov.scot/binaries/content/documents/govscot/publications/statistics/2025/11/community-ownership-in-scotland-2024/documents/community-ownership-in-scotland-2024---dataset/community-ownership-in-scotland-2024---dataset/govscot%3Adocument/Community%2BOwnership%2Bin%2BScotland%2B2024%2B-%2BDataset.xlsx
Forgan Arts Centre (Forgan Arts Centre),Fife,0.012838,2021,https://www.gov.scot/binaries/content/documents/govscot/publications/statistics/2025/11/community-ownership-in-scotland-2024/documents/community-ownership-in-scotland-2024---dataset/community-ownership-in-scotland-2024---dataset/govscot%3Adocument/Community%2BOwnership%2Bin%2BScotland%2B2024%2B-%2BDataset.xlsx
Forres Town Hall (Forres Area Community Trust),Moray,0.00076,2021,https://www.gov.scot/binaries/content/documents/govscot/publications/statistics/2025/11/community-ownership-in-scotland-2024/documents/community-ownership-in-scotland-2024---dataset/community-ownership-in-scotland-2024---dataset/govscot%3Adocument/Community%2BOwnership%2Bin%2BScotland%2B2024%2B-%2BDataset.xlsx
Coffin Field (Forres Community Woodlands Trust),Moray,0.028555,2012,https://www.gov.scot/binaries/content/documents/govscot/publications/statistics/2025/11/community-ownership-in-scotland-2024/documents/community-ownership-in-scotland-2024---dataset/community-ownership-in-scotland-2024---dataset/govscot%3Adocument/Community%2BOwnership%2Bin%2BScotland%2B2024%2B-%2BDataset.xlsx
Muiry Wood and Newforres Wood (Forres Community Woodlands Trust),Moray,0.160336,2000,https://www.gov.scot/binaries/content/documents/govscot/publications/statistics/2025/11/community-ownership-in-scotland-2024/documents/community-ownership-in-scotland-2024---dataset/community-ownership-in-scotland-2024---dataset/govscot%3Adocument/Community%2BOwnership%2Bin%2BScotland%2B2024%2B-%2BDataset.xlsx
Sanquhar Woodlands (Forres Community Woodlands Trust),Moray,0.468496,2002,https://www.gov.scot/binaries/content/documents/govscot/publications/statistics/2025/11/community-ownership-in-scotland-2024/documents/community-ownership-in-scotland-2024---dataset/community-ownership-in-scotland-2024---dataset/govscot%3Adocument/Community%2BOwnership%2Bin%2BScotland%2B2024%2B-%2BDataset.xlsx
2 Bunoich Crescent (Fort Augustus & Glenmoriston Community Company),Highland,0.000128,2017,https://www.gov.scot/binaries/content/documents/govscot/publications/statistics/2025/11/community-ownership-in-scotland-2024/documents/community-ownership-in-scotland-2024---dataset/community-ownership-in-scotland-2024---dataset/govscot%3Adocument/Community%2BOwnership%2Bin%2BScotland%2B2024%2B-%2BDataset.xlsx
Cill Chuimein Medical Centre (Fort Augustus & Glenmoriston Community Company),Highland,0.000744,2017,https://www.gov.scot/binaries/content/documents/govscot/publications/statistics/2025/11/community-ownership-in-scotland-2024/documents/community-ownership-in-scotland-2024---dataset/community-ownership-in-scotland-2024---dataset/govscot%3Adocument/Community%2BOwnership%2Bin%2BScotland%2B2024%2B-%2BDataset.xlsx
Fort Augustus Village Hall (Fort Augustus & Glenmoriston Community Company),Highland,0.001324,2011,https://www.gov.scot/binaries/content/documents/govscot/publications/statistics/2025/11/community-ownership-in-scotland-2024/documents/community-ownership-in-scotland-2024---dataset/community-ownership-in-scotland-2024---dataset/govscot%3Adocument/Community%2BOwnership%2Bin%2BScotland%2B2024%2B-%2BDataset.xlsx
Convent Land (Fort Augustus & Glenmoriston Community Company),Highland,0.070652,2018,https://www.gov.scot/binaries/content/documents/govscot/publications/statistics/2025/11/community-ownership-in-scotland-2024/documents/community-ownership-in-scotland-2024---dataset/community-ownership-in-scotland-2024---dataset/govscot%3Adocument/Community%2BOwnership%2Bin%2BScotland%2B2024%2B-%2BDataset.xlsx
Dundonald Castle Visitor Centre (Friends of Dundonald Castle),South Ayrshire,0.001165,2021,https://www.gov.scot/binaries/content/documents/govscot/publications/statistics/2025/11/community-ownership-in-scotland-2024/documents/community-ownership-in-scotland-2024---dataset/community-ownership-in-scotland-2024---dataset/govscot%3Adocument/Community%2BOwnership%2Bin%2BScotland%2B2024%2B-%2BDataset.xlsx
Glenan Wood (Friends of Glenan Wood),Argyll and Bute,1.4498,2019,https://www.gov.scot/binaries/content/documents/govscot/publications/statistics/2025/11/community-ownership-in-scotland-2024/documents/community-ownership-in-scotland-2024---dataset/community-ownership-in-scotland-2024---dataset/govscot%3Adocument/Community%2BOwnership%2Bin%2BScotland%2B2024%2B-%2BDataset.xlsx
Swimming Pool Charity Shop (Friends of Kirkcudbright Swimming Pool),Dumfries and Galloway,0.000176,2002,https://www.gov.scot/binaries/content/documents/govscot/publications/statistics/2025/11/community-ownership-in-scotland-2024/documents/community-ownership-in-scotland-2024---dataset/community-ownership-in-scotland-2024---dataset/govscot%3Adocument/Community%2BOwnership%2Bin%2BScotland%2B2024%2B-%2BDataset.xlsx
Leadburn Community Woodland - Part 1 (Friends of Leadburn Community Woodland),Scottish Borders,0.44,2007,https://www.gov.scot/binaries/content/documents/govscot/publications/statistics/2025/11/community-ownership-in-scotland-2024/documents/community-ownership-in-scotland-2024---dataset/community-ownership-in-scotland-2024---dataset/govscot%3Adocument/Community%2BOwnership%2Bin%2BScotland%2B2024%2B-%2BDataset.xlsx
Leadburn Community Woodland - Part 2 (Friends of Leadburn Community Woodland),Scottish Borders,0.094,2019,https://www.gov.scot/binaries/content/documents/govscot/publications/statistics/2025/11/community-ownership-in-scotland-2024/documents/community-ownership-in-scotland-2024---dataset/community-ownership-in-scotland-2024---dataset/govscot%3Adocument/Community%2BOwnership%2Bin%2BScotland%2B2024%2B-%2BDataset.xlsx
Portencross Castle (Friends of Portencross Castle),North Ayrshire,0.038387,2005,https://www.gov.scot/binaries/content/documents/govscot/publications/statistics/2025/11/community-ownership-in-scotland-2024/documents/community-ownership-in-scotland-2024---dataset/community-ownership-in-scotland-2024---dataset/govscot%3Adocument/Community%2BOwnership%2Bin%2BScotland%2B2024%2B-%2BDataset.xlsx
Cross Kirk (Friends of Sanday Kirk Ltd),Orkney Islands,0.001438,2024,https://www.gov.scot/binaries/content/documents/govscot/publications/statistics/2025/11/community-ownership-in-scotland-2024/documents/community-ownership-in-scotland-2024---dataset/community-ownership-in-scotland-2024---dataset/govscot%3Adocument/Community%2BOwnership%2Bin%2BScotland%2B2024%2B-%2BDataset.xlsx
Friockheim Community Hub (Friockheim Community Hub Limited),Angus,0.003058,2017,https://www.gov.scot/binaries/content/documents/govscot/publications/statistics/2025/11/community-ownership-in-scotland-2024/documents/community-ownership-in-scotland-2024---dataset/community-ownership-in-scotland-2024---dataset/govscot%3Adocument/Community%2BOwnership%2Bin%2BScotland%2B2024%2B-%2BDataset.xlsx
Fullarton Community Centre (Fullarton Community Association),North Ayrshire,0.001221,2014,https://www.gov.scot/binaries/content/documents/govscot/publications/statistics/2025/11/community-ownership-in-scotland-2024/documents/community-ownership-in-scotland-2024---dataset/community-ownership-in-scotland-2024---dataset/govscot%3Adocument/Community%2BOwnership%2Bin%2BScotland%2B2024%2B-%2BDataset.xlsx
Furnace Village Store (Furnace Community SCIO),Argyll and Bute,0.000926,2019,https://www.gov.scot/binaries/content/documents/govscot/publications/statistics/2025/11/community-ownership-in-scotland-2024/documents/community-ownership-in-scotland-2024---dataset/community-ownership-in-scotland-2024---dataset/govscot%3Adocument/Community%2BOwnership%2Bin%2BScotland%2B2024%2B-%2BDataset.xlsx
Gairloch Beach/Golf Club/Church Car Park Public Toilets (Gairloch Area Development Trust Ltd),Highland,0.000294,2020,https://www.gov.scot/binaries/content/documents/govscot/publications/statistics/2025/11/community-ownership-in-scotland-2024/documents/community-ownership-in-scotland-2024---dataset/community-ownership-in-scotland-2024---dataset/govscot%3Adocument/Community%2BOwnership%2Bin%2BScotland%2B2024%2B-%2BDataset.xlsx
The GALE Centre (Gairloch and Loch Ewe Action Forum (GALE)),Highland,0.002173,2011,https://www.gov.scot/binaries/content/documents/govscot/publications/statistics/2025/11/community-ownership-in-scotland-2024/documents/community-ownership-in-scotland-2024---dataset/community-ownership-in-scotland-2024---dataset/govscot%3Adocument/Community%2BOwnership%2Bin%2BScotland%2B2024%2B-%2BDataset.xlsx
The Community Pub at the Shieling (Gairloch and Loch Ewe Action Forum (GALE)),Highland,0.001889,2024,https://www.gov.scot/binaries/content/documents/govscot/publications/statistics/2025/11/community-ownership-in-scotland-2024/documents/community-ownership-in-scotland-2024---dataset/community-ownership-in-scotland-2024---dataset/govscot%3Adocument/Community%2BOwnership%2Bin%2BScotland%2B2024%2B-%2BDataset.xlsx
Gallan Beag (Gallan Head Community Trust),Na h-Eileanan Siar,0.000923,2016,https://www.gov.scot/binaries/content/documents/govscot/publications/statistics/2025/11/community-ownership-in-scotland-2024/documents/community-ownership-in-scotland-2024---dataset/community-ownership-in-scotland-2024---dataset/govscot%3Adocument/Community%2BOwnership%2Bin%2BScotland%2B2024%2B-%2BDataset.xlsx
Gallan Head (Gallan Head Community Trust),Na h-Eileanan Siar,0.508562,2016,https://www.gov.scot/binaries/content/documents/govscot/publications/statistics/2025/11/community-ownership-in-scotland-2024/documents/community-ownership-in-scotland-2024---dataset/community-ownership-in-scotland-2024---dataset/govscot%3Adocument/Community%2BOwnership%2Bin%2BScotland%2B2024%2B-%2BDataset.xlsx
Portland Arms (Galston Community Development Trust),East Ayrshire,0.000153,2015,https://www.gov.scot/binaries/content/documents/govscot/publications/statistics/2025/11/community-ownership-in-scotland-2024/documents/community-ownership-in-scotland-2024---dataset/community-ownership-in-scotland-2024---dataset/govscot%3Adocument/Community%2BOwnership%2Bin%2BScotland%2B2024%2B-%2BDataset.xlsx
"Sutherland Estates’ Crofting Townships of Portgower, Gartymore, West Helmsdale and Marrel (Garbh Allt Community Initiative)",Highland,12.5212,2018,https://www.gov.scot/binaries/content/documents/govscot/publications/statistics/2025/11/community-ownership-in-scotland-2024/documents/community-ownership-in-scotland-2024---dataset/community-ownership-in-scotland-2024---dataset/govscot%3Adocument/Community%2BOwnership%2Bin%2BScotland%2B2024%2B-%2BDataset.xlsx
Gargunnock Community Shop (Gargunnock Community Shop Limited),Stirling,0.0003,2024,https://www.gov.scot/binaries/content/documents/govscot/publications/statistics/2025/11/community-ownership-in-scotland-2024/documents/community-ownership-in-scotland-2024---dataset/community-ownership-in-scotland-2024---dataset/govscot%3Adocument/Community%2BOwnership%2Bin%2BScotland%2B2024%2B-%2BDataset.xlsx
Gargunnock Community Centre (Gargunnock Community Trust Limited),Stirling,0.002312,2012,https://www.gov.scot/binaries/content/documents/govscot/publications/statistics/2025/11/community-ownership-in-scotland-2024/documents/community-ownership-in-scotland-2024---dataset/community-ownership-in-scotland-2024---dataset/govscot%3Adocument/Community%2BOwnership%2Bin%2BScotland%2B2024%2B-%2BDataset.xlsx
Ground to the east of Charles Street (Gargunnock Community Trust Limited),Stirling,0.007112,2016,https://www.gov.scot/binaries/content/documents/govscot/publications/statistics/2025/11/community-ownership-in-scotland-2024/documents/community-ownership-in-scotland-2024---dataset/community-ownership-in-scotland-2024---dataset/govscot%3Adocument/Community%2BOwnership%2Bin%2BScotland%2B2024%2B-%2BDataset.xlsx
Garmouth & Kingston Community Hub (Garmouth and Kingston Community Association),Moray,0.000576,2019,https://www.gov.scot/binaries/content/documents/govscot/publications/statistics/2025/11/community-ownership-in-scotland-2024/documents/community-ownership-in-scotland-2024---dataset/community-ownership-in-scotland-2024---dataset/govscot%3Adocument/Community%2BOwnership%2Bin%2BScotland%2B2024%2B-%2BDataset.xlsx
Garmouth & Kingston Village Hall (Garmouth and Kingston Community Association),Moray,0.000394,1963,https://www.gov.scot/binaries/content/documents/govscot/publications/statistics/2025/11/community-ownership-in-scotland-2024/documents/community-ownership-in-scotland-2024---dataset/community-ownership-in-scotland-2024---dataset/govscot%3Adocument/Community%2BOwnership%2Bin%2BScotland%2B2024%2B-%2BDataset.xlsx
Garmouth Park (Garmouth and Kingston Community Association),Moray,0.018762,1929,https://www.gov.scot/binaries/content/documents/govscot/publications/statistics/2025/11/community-ownership-in-scotland-2024/documents/community-ownership-in-scotland-2024---dataset/community-ownership-in-scotland-2024---dataset/govscot%3Adocument/Community%2BOwnership%2Bin%2BScotland%2B2024%2B-%2BDataset.xlsx
Garmouth Water Tower (Garmouth and Kingston Community Association),Moray,0.001019,2022,https://www.gov.scot/binaries/content/documents/govscot/publications/statistics/2025/11/community-ownership-in-scotland-2024/documents/community-ownership-in-scotland-2024---dataset/community-ownership-in-scotland-2024---dataset/govscot%3Adocument/Community%2BOwnership%2Bin%2BScotland%2B2024%2B-%2BDataset.xlsx
Former Telephone Kiosk housing a Defibrillator (Gartmore Community Trust),Stirling,,2021,https://www.gov.scot/binaries/content/documents/govscot/publications/statistics/2025/11/community-ownership-in-scotland-2024/documents/community-ownership-in-scotland-2024---dataset/community-ownership-in-scotland-2024---dataset/govscot%3Adocument/Community%2BOwnership%2Bin%2BScotland%2B2024%2B-%2BDataset.xlsx
Gartmore Playpark and Gartmore Recreation Ground (Gartmore Community Trust),Stirling,,1955,https://www.gov.scot/binaries/content/documents/govscot/publications/statistics/2025/11/community-ownership-in-scotland-2024/documents/community-ownership-in-scotland-2024---dataset/community-ownership-in-scotland-2024---dataset/govscot%3Adocument/Community%2BOwnership%2Bin%2BScotland%2B2024%2B-%2BDataset.xlsx
Gartmore Village Hall (Gartmore Community Trust),Stirling,,1977,https://www.gov.scot/binaries/content/documents/govscot/publications/statistics/2025/11/community-ownership-in-scotland-2024/documents/community-ownership-in-scotland-2024---dataset/community-ownership-in-scotland-2024---dataset/govscot%3Adocument/Community%2BOwnership%2Bin%2BScotland%2B2024%2B-%2BDataset.xlsx
Garve Public Hall (Garve Public Hall - SCIO),Highland,0.000341,1924,https://www.gov.scot/binaries/content/documents/govscot/publications/statistics/2025/11/community-ownership-in-scotland-2024/documents/community-ownership-in-scotland-2024---dataset/community-ownership-in-scotland-2024---dataset/govscot%3Adocument/Community%2BOwnership%2Bin%2BScotland%2B2024%2B-%2BDataset.xlsx
Gearrchoille Community Wood (Gearrchoille Community Wood Ardgay),Highland,0.129499,2003,https://www.gov.scot/binaries/content/documents/govscot/publications/statistics/2025/11/community-ownership-in-scotland-2024/documents/community-ownership-in-scotland-2024---dataset/community-ownership-in-scotland-2024---dataset/govscot%3Adocument/Community%2BOwnership%2Bin%2BScotland%2B2024%2B-%2BDataset.xlsx
Springhill Community Centre (Getting Better Together Ltd),North Lanarkshire,0.010717,2019,https://www.gov.scot/binaries/content/documents/govscot/publications/statistics/2025/11/community-ownership-in-scotland-2024/documents/community-ownership-in-scotland-2024---dataset/community-ownership-in-scotland-2024---dataset/govscot%3Adocument/Community%2BOwnership%2Bin%2BScotland%2B2024%2B-%2BDataset.xlsx
Gifford Community Woodland (Gifford Community Land Company),East Lothian,0.215684,2017,https://www.gov.scot/binaries/content/documents/govscot/publications/statistics/2025/11/community-ownership-in-scotland-2024/documents/community-ownership-in-scotland-2024---dataset/community-ownership-in-scotland-2024---dataset/govscot%3Adocument/Community%2BOwnership%2Bin%2BScotland%2B2024%2B-%2BDataset.xlsx
Loch Ness Hub (Glen Urquhart Rural Community Association),Highland,0.000176,2021,https://www.gov.scot/binaries/content/documents/govscot/publications/statistics/2025/11/community-ownership-in-scotland-2024/documents/community-ownership-in-scotland-2024---dataset/community-ownership-in-scotland-2024---dataset/govscot%3Adocument/Community%2BOwnership%2Bin%2BScotland%2B2024%2B-%2BDataset.xlsx
Village Green (Glen Urquhart Rural Community Association),Highland,,1958,https://www.gov.scot/binaries/content/documents/govscot/publications/statistics/2025/11/community-ownership-in-scotland-2024/documents/community-ownership-in-scotland-2024---dataset/community-ownership-in-scotland-2024---dataset/govscot%3Adocument/Community%2BOwnership%2Bin%2BScotland%2B2024%2B-%2BDataset.xlsx
Blairbeg Park (Glen Urquhart Rural Community Association),Highland,0.020962,2013,https://www.gov.scot/binaries/content/documents/govscot/publications/statistics/2025/11/community-ownership-in-scotland-2024/documents/community-ownership-in-scotland-2024---dataset/community-ownership-in-scotland-2024---dataset/govscot%3Adocument/Community%2BOwnership%2Bin%2BScotland%2B2024%2B-%2BDataset.xlsx
Glen Urquhart Public Hall (Glen Urquhart Rural Community Association),Highland,0.001092,2018,https://www.gov.scot/binaries/content/documents/govscot/publications/statistics/2025/11/community-ownership-in-scotland-2024/documents/community-ownership-in-scotland-2024---dataset/community-ownership-in-scotland-2024---dataset/govscot%3Adocument/Community%2BOwnership%2Bin%2BScotland%2B2024%2B-%2BDataset.xlsx
Glenboig Community Centre (Glenboig Development Trust),North Lanarkshire,0.002543,2018,https://www.gov.scot/binaries/content/documents/govscot/publications/statistics/2025/11/community-ownership-in-scotland-2024/documents/community-ownership-in-scotland-2024---dataset/community-ownership-in-scotland-2024---dataset/govscot%3Adocument/Community%2BOwnership%2Bin%2BScotland%2B2024%2B-%2BDataset.xlsx
The Glencorse Centre (Glencorse Association),Midlothian,0.000405,1968,https://www.gov.scot/binaries/content/documents/govscot/publications/statistics/2025/11/community-ownership-in-scotland-2024/documents/community-ownership-in-scotland-2024---dataset/community-ownership-in-scotland-2024---dataset/govscot%3Adocument/Community%2BOwnership%2Bin%2BScotland%2B2024%2B-%2BDataset.xlsx
Glendale Community Hall (Glendale Community Hall Association),Highland,,2002,https://www.gov.scot/binaries/content/documents/govscot/publications/statistics/2025/11/community-ownership-in-scotland-2024/documents/community-ownership-in-scotland-2024---dataset/community-ownership-in-scotland-2024---dataset/govscot%3Adocument/Community%2BOwnership%2Bin%2BScotland%2B2024%2B-%2BDataset.xlsx
Glendale Estate (Glendale Estate),Highland,93.0696,1908,https://www.gov.scot/binaries/content/documents/govscot/publications/statistics/2025/11/community-ownership-in-scotland-2024/documents/community-ownership-in-scotland-2024---dataset/community-ownership-in-scotland-2024---dataset/govscot%3Adocument/Community%2BOwnership%2Bin%2BScotland%2B2024%2B-%2BDataset.xlsx
Glenelg Football Field (Glenelg and Arnisdale Development Trust),Highland,0.010479,2007,https://www.gov.scot/binaries/content/documents/govscot/publications/statistics/2025/11/community-ownership-in-scotland-2024/documents/community-ownership-in-scotland-2024---dataset/community-ownership-in-scotland-2024---dataset/govscot%3Adocument/Community%2BOwnership%2Bin%2BScotland%2B2024%2B-%2BDataset.xlsx
Glengarry Community Hall (Glengarry & District Community Association),Highland,0.005701,2004,https://www.gov.scot/binaries/content/documents/govscot/publications/statistics/2025/11/community-ownership-in-scotland-2024/documents/community-ownership-in-scotland-2024---dataset/community-ownership-in-scotland-2024---dataset/govscot%3Adocument/Community%2BOwnership%2Bin%2BScotland%2B2024%2B-%2BDataset.xlsx
Drynachan Field (Glengarry Community Woodlands),Highland,0.013797,2020,https://www.gov.scot/binaries/content/documents/govscot/publications/statistics/2025/11/community-ownership-in-scotland-2024/documents/community-ownership-in-scotland-2024---dataset/community-ownership-in-scotland-2024---dataset/govscot%3Adocument/Community%2BOwnership%2Bin%2BScotland%2B2024%2B-%2BDataset.xlsx
Invergarry Woodlands and the Old Forestry Depot (Glengarry Community Woodlands),Highland,0.307385,2015,https://www.gov.scot/binaries/content/documents/govscot/publications/statistics/2025/11/community-ownership-in-scotland-2024/documents/community-ownership-in-scotland-2024---dataset/community-ownership-in-scotland-2024---dataset/govscot%3Adocument/Community%2BOwnership%2Bin%2BScotland%2B2024%2B-%2BDataset.xlsx
Affordable Housing at Glentrool (Glentrool & Bargrennan Community Trust),Dumfries and Galloway,0.001239,2021,https://www.gov.scot/binaries/content/documents/govscot/publications/statistics/2025/11/community-ownership-in-scotland-2024/documents/community-ownership-in-scotland-2024---dataset/community-ownership-in-scotland-2024---dataset/govscot%3Adocument/Community%2BOwnership%2Bin%2BScotland%2B2024%2B-%2BDataset.xlsx
Glenuig Village Hall (Glenuig Community Association),Highland,0.000405,1995,https://www.gov.scot/binaries/content/documents/govscot/publications/statistics/2025/11/community-ownership-in-scotland-2024/documents/community-ownership-in-scotland-2024---dataset/community-ownership-in-scotland-2024---dataset/govscot%3Adocument/Community%2BOwnership%2Bin%2BScotland%2B2024%2B-%2BDataset.xlsx
Fountain Road Hall (Go Golspie),Highland,0.001359,2021,https://www.gov.scot/binaries/content/documents/govscot/publications/statistics/2025/11/community-ownership-in-scotland-2024/documents/community-ownership-in-scotland-2024---dataset/community-ownership-in-scotland-2024---dataset/govscot%3Adocument/Community%2BOwnership%2Bin%2BScotland%2B2024%2B-%2BDataset.xlsx
The Sports Field Gordon (Gordon Community Sports Field Group),Scottish Borders,0.007201,2023,https://www.gov.scot/binaries/content/documents/govscot/publications/statistics/2025/11/community-ownership-in-scotland-2024/documents/community-ownership-in-scotland-2024---dataset/community-ownership-in-scotland-2024---dataset/govscot%3Adocument/Community%2BOwnership%2Bin%2BScotland%2B2024%2B-%2BDataset.xlsx
Gordon Community Woodland (Gordon Community Woodland Trust),Scottish Borders,0.85625,2002,https://www.gov.scot/binaries/content/documents/govscot/publications/statistics/2025/11/community-ownership-in-scotland-2024/documents/community-ownership-in-scotland-2024---dataset/community-ownership-in-scotland-2024---dataset/govscot%3Adocument/Community%2BOwnership%2Bin%2BScotland%2B2024%2B-%2BDataset.xlsx
The Hive (Gorebridge Community Cares SCIO),Midlothian,0.001171,2019,https://www.gov.scot/binaries/content/documents/govscot/publications/statistics/2025/11/community-ownership-in-scotland-2024/documents/community-ownership-in-scotland-2024---dataset/community-ownership-in-scotland-2024---dataset/govscot%3Adocument/Community%2BOwnership%2Bin%2BScotland%2B2024%2B-%2BDataset.xlsx
Burnfield Toilets (Grantown Initiative),Highland,0.000204,2022,https://www.gov.scot/binaries/content/documents/govscot/publications/statistics/2025/11/community-ownership-in-scotland-2024/documents/community-ownership-in-scotland-2024---dataset/community-ownership-in-scotland-2024---dataset/govscot%3Adocument/Community%2BOwnership%2Bin%2BScotland%2B2024%2B-%2BDataset.xlsx
The Wedge (Greater Pollok Enterprise Trust),Glasgow City,0.002361,2020,https://www.gov.scot/binaries/content/documents/govscot/publications/statistics/2025/11/community-ownership-in-scotland-2024/documents/community-ownership-in-scotland-2024---dataset/community-ownership-in-scotland-2024---dataset/govscot%3Adocument/Community%2BOwnership%2Bin%2BScotland%2B2024%2B-%2BDataset.xlsx
8 East Fergus Place (Greener Kirkcaldy),Fife,0.00092,2017,https://www.gov.scot/binaries/content/documents/govscot/publications/statistics/2025/11/community-ownership-in-scotland-2024/documents/community-ownership-in-scotland-2024---dataset/community-ownership-in-scotland-2024---dataset/govscot%3Adocument/Community%2BOwnership%2Bin%2BScotland%2B2024%2B-%2BDataset.xlsx
Ceann na h-Àirigh (Grimsay Community Association),Na h-Eileanan Siar,0.00077,2014,https://www.gov.scot/binaries/content/documents/govscot/publications/statistics/2025/11/community-ownership-in-scotland-2024/documents/community-ownership-in-scotland-2024---dataset/community-ownership-in-scotland-2024---dataset/govscot%3Adocument/Community%2BOwnership%2Bin%2BScotland%2B2024%2B-%2BDataset.xlsx
Grimsay Boat Museum (Grimsay Community Association),Na h-Eileanan Siar,0.001175,2016,https://www.gov.scot/binaries/content/documents/govscot/publications/statistics/2025/11/community-ownership-in-scotland-2024/documents/community-ownership-in-scotland-2024---dataset/community-ownership-in-scotland-2024---dataset/govscot%3Adocument/Community%2BOwnership%2Bin%2BScotland%2B2024%2B-%2BDataset.xlsx
Harris Charity Shop (Harris Charity Shop SCIO),Na h-Eileanan Siar,0.000345,2024,https://www.gov.scot/binaries/content/documents/govscot/publications/statistics/2025/11/community-ownership-in-scotland-2024/documents/community-ownership-in-scotland-2024---dataset/community-ownership-in-scotland-2024---dataset/govscot%3Adocument/Community%2BOwnership%2Bin%2BScotland%2B2024%2B-%2BDataset.xlsx
The Heart of Newhaven Community (Heart of Newhaven Community SCIO),City of Edinburgh,0.003889,2022,https://www.gov.scot/binaries/content/documents/govscot/publications/statistics/2025/11/community-ownership-in-scotland-2024/documents/community-ownership-in-scotland-2024---dataset/community-ownership-in-scotland-2024---dataset/govscot%3Adocument/Community%2BOwnership%2Bin%2BScotland%2B2024%2B-%2BDataset.xlsx
Helensburgh Community Hub (Helensburgh Community Hall),Argyll and Bute,0.000787,2020,https://www.gov.scot/binaries/content/documents/govscot/publications/statistics/2025/11/community-ownership-in-scotland-2024/documents/community-ownership-in-scotland-2024---dataset/community-ownership-in-scotland-2024---dataset/govscot%3Adocument/Community%2BOwnership%2Bin%2BScotland%2B2024%2B-%2BDataset.xlsx
Castle Woods (Helensburgh Community Woodland Group),Argyll and Bute,0.02,2020,https://www.gov.scot/binaries/content/documents/govscot/publications/statistics/2025/11/community-ownership-in-scotland-2024/documents/community-ownership-in-scotland-2024---dataset/community-ownership-in-scotland-2024---dataset/govscot%3Adocument/Community%2BOwnership%2Bin%2BScotland%2B2024%2B-%2BDataset.xlsx
Helmsdale Housing Project at Rockview Place (Helmsdale & District Development Trust),Highland,0.00271,2014,https://www.gov.scot/binaries/content/documents/govscot/publications/statistics/2025/11/community-ownership-in-scotland-2024/documents/community-ownership-in-scotland-2024---dataset/community-ownership-in-scotland-2024---dataset/govscot%3Adocument/Community%2BOwnership%2Bin%2BScotland%2B2024%2B-%2BDataset.xlsx
Helmsdale Kitchen Garden (Helmsdale & District Development Trust),Highland,0.010108,2016,https://www.gov.scot/binaries/content/documents/govscot/publications/statistics/2025/11/community-ownership-in-scotland-2024/documents/community-ownership-in-scotland-2024---dataset/community-ownership-in-scotland-2024---dataset/govscot%3Adocument/Community%2BOwnership%2Bin%2BScotland%2B2024%2B-%2BDataset.xlsx
Helmsdale Multi-Use Games Area (Helmsdale & District Development Trust),Highland,0.001713,2019,https://www.gov.scot/binaries/content/documents/govscot/publications/statistics/2025/11/community-ownership-in-scotland-2024/documents/community-ownership-in-scotland-2024---dataset/community-ownership-in-scotland-2024---dataset/govscot%3Adocument/Community%2BOwnership%2Bin%2BScotland%2B2024%2B-%2BDataset.xlsx
Helmsdale Public Toilets (Helmsdale & District Development Trust),Highland,5.4e-05,2023,https://www.gov.scot/binaries/content/documents/govscot/publications/statistics/2025/11/community-ownership-in-scotland-2024/documents/community-ownership-in-scotland-2024---dataset/community-ownership-in-scotland-2024---dataset/govscot%3Adocument/Community%2BOwnership%2Bin%2BScotland%2B2024%2B-%2BDataset.xlsx
Ballure Woodland (Here We Are),Argyll and Bute,0.3708,2014,https://www.gov.scot/binaries/content/documents/govscot/publications/statistics/2025/11/community-ownership-in-scotland-2024/documents/community-ownership-in-scotland-2024---dataset/community-ownership-in-scotland-2024---dataset/govscot%3Adocument/Community%2BOwnership%2Bin%2BScotland%2B2024%2B-%2BDataset.xlsx
Dun Coillich (Highland Perthshire Communities Land Trust),Perth and Kinross,4.17194,2002,https://www.gov.scot/binaries/content/documents/govscot/publications/statistics/2025/11/community-ownership-in-scotland-2024/documents/community-ownership-in-scotland-2024---dataset/community-ownership-in-scotland-2024---dataset/govscot%3Adocument/Community%2BOwnership%2Bin%2BScotland%2B2024%2B-%2BDataset.xlsx
Wee Birks Field (Highland Perthshire Communities Land Trust),Perth and Kinross,0.009679,2016,https://www.gov.scot/binaries/content/documents/govscot/publications/statistics/2025/11/community-ownership-in-scotland-2024/documents/community-ownership-in-scotland-2024---dataset/community-ownership-in-scotland-2024---dataset/govscot%3Adocument/Community%2BOwnership%2Bin%2BScotland%2B2024%2B-%2BDataset.xlsx
Holm Community Centre (Holm Community Association),Orkney Islands,,1931,https://www.gov.scot/binaries/content/documents/govscot/publications/statistics/2025/11/community-ownership-in-scotland-2024/documents/community-ownership-in-scotland-2024---dataset/community-ownership-in-scotland-2024---dataset/govscot%3Adocument/Community%2BOwnership%2Bin%2BScotland%2B2024%2B-%2BDataset.xlsx
The Rockworks Community Ground (Holm Community Association),Orkney Islands,0.027033,2014,https://www.gov.scot/binaries/content/documents/govscot/publications/statistics/2025/11/community-ownership-in-scotland-2024/documents/community-ownership-in-scotland-2024---dataset/community-ownership-in-scotland-2024---dataset/govscot%3Adocument/Community%2BOwnership%2Bin%2BScotland%2B2024%2B-%2BDataset.xlsx
Raebhat House (Horshader Community Development),Na h-Eileanan Siar,0.0037,2014,https://www.gov.scot/binaries/content/documents/govscot/publications/statistics/2025/11/community-ownership-in-scotland-2024/documents/community-ownership-in-scotland-2024---dataset/community-ownership-in-scotland-2024---dataset/govscot%3Adocument/Community%2BOwnership%2Bin%2BScotland%2B2024%2B-%2BDataset.xlsx
Numbers 28 and 30 The Square (Huntly Development Trust),Aberdeenshire,0.000754,2019,https://www.gov.scot/binaries/content/documents/govscot/publications/statistics/2025/11/community-ownership-in-scotland-2024/documents/community-ownership-in-scotland-2024---dataset/community-ownership-in-scotland-2024---dataset/govscot%3Adocument/Community%2BOwnership%2Bin%2BScotland%2B2024%2B-%2BDataset.xlsx
Greenmyres (Huntly Development Trust),Aberdeenshire,0.249475,2014,https://www.gov.scot/binaries/content/documents/govscot/publications/statistics/2025/11/community-ownership-in-scotland-2024/documents/community-ownership-in-scotland-2024---dataset/community-ownership-in-scotland-2024---dataset/govscot%3Adocument/Community%2BOwnership%2Bin%2BScotland%2B2024%2B-%2BDataset.xlsx
Huntly Travel Hub (Huntly Development Trust),Aberdeenshire,9e-05,2020,https://www.gov.scot/binaries/content/documents/govscot/publications/statistics/2025/11/community-ownership-in-scotland-2024/documents/community-ownership-in-scotland-2024---dataset/community-ownership-in-scotland-2024---dataset/govscot%3Adocument/Community%2BOwnership%2Bin%2BScotland%2B2024%2B-%2BDataset.xlsx
Orb's Bookshop (Huntly Development Trust),Aberdeenshire,0.000316,2019,https://www.gov.scot/binaries/content/documents/govscot/publications/statistics/2025/11/community-ownership-in-scotland-2024/documents/community-ownership-in-scotland-2024---dataset/community-ownership-in-scotland-2024---dataset/govscot%3Adocument/Community%2BOwnership%2Bin%2BScotland%2B2024%2B-%2BDataset.xlsx
Pirn Wood (Innerleithen Community Trust),Scottish Borders,0.018981,2012,https://www.gov.scot/binaries/content/documents/govscot/publications/statistics/2025/11/community-ownership-in-scotland-2024/documents/community-ownership-in-scotland-2024---dataset/community-ownership-in-scotland-2024---dataset/govscot%3Adocument/Community%2BOwnership%2Bin%2BScotland%2B2024%2B-%2BDataset.xlsx
Inveraray Community Hall (Inspire Inveraray),Argyll and Bute,0.001097,2017,https://www.gov.scot/binaries/content/documents/govscot/publications/statistics/2025/11/community-ownership-in-scotland-2024/documents/community-ownership-in-scotland-2024---dataset/community-ownership-in-scotland-2024---dataset/govscot%3Adocument/Community%2BOwnership%2Bin%2BScotland%2B2024%2B-%2BDataset.xlsx
Inveraray Pier (Inspire Inveraray),Argyll and Bute,0.000926,2023,https://www.gov.scot/binaries/content/documents/govscot/publications/statistics/2025/11/community-ownership-in-scotland-2024/documents/community-ownership-in-scotland-2024---dataset/community-ownership-in-scotland-2024---dataset/govscot%3Adocument/Community%2BOwnership%2Bin%2BScotland%2B2024%2B-%2BDataset.xlsx
Inverawe Woodland (Inverawe Community Woodland),Argyll and Bute,0.076176,2021,https://www.gov.scot/binaries/content/documents/govscot/publications/statistics/2025/11/community-ownership-in-scotland-2024/documents/community-ownership-in-scotland-2024---dataset/community-ownership-in-scotland-2024---dataset/govscot%3Adocument/Community%2BOwnership%2Bin%2BScotland%2B2024%2B-%2BDataset.xlsx
Storeys above the Ground Floor at 16 Nicolson Street (Inverclyde Community Development Trust),Inverclyde,0.000123,1994,https://www.gov.scot/binaries/content/documents/govscot/publications/statistics/2025/11/community-ownership-in-scotland-2024/documents/community-ownership-in-scotland-2024---dataset/community-ownership-in-scotland-2024---dataset/govscot%3Adocument/Community%2BOwnership%2Bin%2BScotland%2B2024%2B-%2BDataset.xlsx
Devol Workshops (Inverclyde Community Development Trust),Inverclyde,0.002821,1996,https://www.gov.scot/binaries/content/documents/govscot/publications/statistics/2025/11/community-ownership-in-scotland-2024/documents/community-ownership-in-scotland-2024---dataset/community-ownership-in-scotland-2024---dataset/govscot%3Adocument/Community%2BOwnership%2Bin%2BScotland%2B2024%2B-%2BDataset.xlsx
Dutch Gable House (Inverclyde Community Development Trust),Inverclyde,0.000196,2012,https://www.gov.scot/binaries/content/documents/govscot/publications/statistics/2025/11/community-ownership-in-scotland-2024/documents/community-ownership-in-scotland-2024---dataset/community-ownership-in-scotland-2024---dataset/govscot%3Adocument/Community%2BOwnership%2Bin%2BScotland%2B2024%2B-%2BDataset.xlsx
Westburn Centre (Inverclyde Community Development Trust),Inverclyde,0.000268,1990,https://www.gov.scot/binaries/content/documents/govscot/publications/statistics/2025/11/community-ownership-in-scotland-2024/documents/community-ownership-in-scotland-2024---dataset/community-ownership-in-scotland-2024---dataset/govscot%3Adocument/Community%2BOwnership%2Bin%2BScotland%2B2024%2B-%2BDataset.xlsx
Iona Village Hall - Part 1 (Iona Village Hall Community Trust),Argyll and Bute,0.000506,2018,https://www.gov.scot/binaries/content/documents/govscot/publications/statistics/2025/11/community-ownership-in-scotland-2024/documents/community-ownership-in-scotland-2024---dataset/community-ownership-in-scotland-2024---dataset/govscot%3Adocument/Community%2BOwnership%2Bin%2BScotland%2B2024%2B-%2BDataset.xlsx
Iona Village Hall - Part 2 (Iona Village Hall Community Trust),Argyll and Bute,0.000766,2019,https://www.gov.scot/binaries/content/documents/govscot/publications/statistics/2025/11/community-ownership-in-scotland-2024/documents/community-ownership-in-scotland-2024---dataset/community-ownership-in-scotland-2024---dataset/govscot%3Adocument/Community%2BOwnership%2Bin%2BScotland%2B2024%2B-%2BDataset.xlsx
Ground at Mangurstadh (Ionad Hiort Ltd),Na h-Eileanan Siar,0.068365,2016,https://www.gov.scot/binaries/content/documents/govscot/publications/statistics/2025/11/community-ownership-in-scotland-2024/documents/community-ownership-in-scotland-2024---dataset/community-ownership-in-scotland-2024---dataset/govscot%3Adocument/Community%2BOwnership%2Bin%2BScotland%2B2024%2B-%2BDataset.xlsx
Ground for Ionad Thròndairnis (Ionad Thròndairnis),Highland,0.009897,2019,https://www.gov.scot/binaries/content/documents/govscot/publications/statistics/2025/11/community-ownership-in-scotland-2024/documents/community-ownership-in-scotland-2024---dataset/community-ownership-in-scotland-2024---dataset/govscot%3Adocument/Community%2BOwnership%2Bin%2BScotland%2B2024%2B-%2BDataset.xlsx
Mactaggart Leisure Centre (Islay & Jura Community Enterprise Ltd),Argyll and Bute,0.004047,1984,https://www.gov.scot/binaries/content/documents/govscot/publications/statistics/2025/11/community-ownership-in-scotland-2024/documents/community-ownership-in-scotland-2024---dataset/community-ownership-in-scotland-2024---dataset/govscot%3Adocument/Community%2BOwnership%2Bin%2BScotland%2B2024%2B-%2BDataset.xlsx
Cornabus Forest (Islay Development Initiative),Argyll and Bute,1.06589,2018,https://www.gov.scot/binaries/content/documents/govscot/publications/statistics/2025/11/community-ownership-in-scotland-2024/documents/community-ownership-in-scotland-2024---dataset/community-ownership-in-scotland-2024---dataset/govscot%3Adocument/Community%2BOwnership%2Bin%2BScotland%2B2024%2B-%2BDataset.xlsx
St Ninian's Hall (Isle Futures),Dumfries and Galloway,0.002351,2013,https://www.gov.scot/binaries/content/documents/govscot/publications/statistics/2025/11/community-ownership-in-scotland-2024/documents/community-ownership-in-scotland-2024---dataset/community-ownership-in-scotland-2024---dataset/govscot%3Adocument/Community%2BOwnership%2Bin%2BScotland%2B2024%2B-%2BDataset.xlsx
Auk - Pioner Multi III Boat (Isle Martin Trust),Highland,,2017,https://www.gov.scot/binaries/content/documents/govscot/publications/statistics/2025/11/community-ownership-in-scotland-2024/documents/community-ownership-in-scotland-2024---dataset/community-ownership-in-scotland-2024---dataset/govscot%3Adocument/Community%2BOwnership%2Bin%2BScotland%2B2024%2B-%2BDataset.xlsx
Isle Martin (Isle Martin Trust),Highland,1.61065,1999,https://www.gov.scot/binaries/content/documents/govscot/publications/statistics/2025/11/community-ownership-in-scotland-2024/documents/community-ownership-in-scotland-2024---dataset/community-ownership-in-scotland-2024---dataset/govscot%3Adocument/Community%2BOwnership%2Bin%2BScotland%2B2024%2B-%2BDataset.xlsx
Ardmair Jetty & Car Parking (Isle Martin Trust),Highland,0.000354,1999,https://www.gov.scot/binaries/content/documents/govscot/publications/statistics/2025/11/community-ownership-in-scotland-2024/documents/community-ownership-in-scotland-2024---dataset/community-ownership-in-scotland-2024---dataset/govscot%3Adocument/Community%2BOwnership%2Bin%2BScotland%2B2024%2B-%2BDataset.xlsx
Isle of Eigg (Isle of Eigg Heritage Trust),Highland,29.9467,1997,https://www.gov.scot/binaries/content/documents/govscot/publications/statistics/2025/11/community-ownership-in-scotland-2024/documents/community-ownership-in-scotland-2024---dataset/community-ownership-in-scotland-2024---dataset/govscot%3Adocument/Community%2BOwnership%2Bin%2BScotland%2B2024%2B-%2BDataset.xlsx
Isle of Gigha (Isle of Gigha Heritage Trust),Argyll and Bute,13.8489,2002,https://www.gov.scot/binaries/content/documents/govscot/publications/statistics/2025/11/community-ownership-in-scotland-2024/documents/community-ownership-in-scotland-2024---dataset/community-ownership-in-scotland-2024---dataset/govscot%3Adocument/Community%2BOwnership%2Bin%2BScotland%2B2024%2B-%2BDataset.xlsx
Road lying to the north of Achmore House (Isle of Gigha Heritage Trust),Argyll and Bute,0.003471,2011,https://www.gov.scot/binaries/content/documents/govscot/publications/statistics/2025/11/community-ownership-in-scotland-2024/documents/community-ownership-in-scotland-2024---dataset/community-ownership-in-scotland-2024---dataset/govscot%3Adocument/Community%2BOwnership%2Bin%2BScotland%2B2024%2B-%2BDataset.xlsx
Ground to the north and south of Cullipool (Isle of Luing Community Trust),Argyll and Bute,0.352503,2007,https://www.gov.scot/binaries/content/documents/govscot/publications/statistics/2025/11/community-ownership-in-scotland-2024/documents/community-ownership-in-scotland-2024---dataset/community-ownership-in-scotland-2024---dataset/govscot%3Adocument/Community%2BOwnership%2Bin%2BScotland%2B2024%2B-%2BDataset.xlsx
Atlantic Islands Centre (Isle of Luing Community Trust),Argyll and Bute,0.000957,2007,https://www.gov.scot/binaries/content/documents/govscot/publications/statistics/2025/11/community-ownership-in-scotland-2024/documents/community-ownership-in-scotland-2024---dataset/community-ownership-in-scotland-2024---dataset/govscot%3Adocument/Community%2BOwnership%2Bin%2BScotland%2B2024%2B-%2BDataset.xlsx
Various Areas of Ground within Cullipool (Isle of Luing Community Trust),Argyll and Bute,0.008689,2007,https://www.gov.scot/binaries/content/documents/govscot/publications/statistics/2025/11/community-ownership-in-scotland-2024/documents/community-ownership-in-scotland-2024---dataset/community-ownership-in-scotland-2024---dataset/govscot%3Adocument/Community%2BOwnership%2Bin%2BScotland%2B2024%2B-%2BDataset.xlsx
Isle of Muck Community Hall (Isle of Muck Community Enterprises Ltd),Highland,0.004047,2008,https://www.gov.scot/binaries/content/documents/govscot/publications/statistics/2025/11/community-ownership-in-scotland-2024/documents/community-ownership-in-scotland-2024---dataset/community-ownership-in-scotland-2024---dataset/govscot%3Adocument/Community%2BOwnership%2Bin%2BScotland%2B2024%2B-%2BDataset.xlsx
Kinloch Village - Part 1 (Isle of Rum Community Trust),Highland,0.436628,2009,https://www.gov.scot/binaries/content/documents/govscot/publications/statistics/2025/11/community-ownership-in-scotland-2024/documents/community-ownership-in-scotland-2024---dataset/community-ownership-in-scotland-2024---dataset/govscot%3Adocument/Community%2BOwnership%2Bin%2BScotland%2B2024%2B-%2BDataset.xlsx
Kinloch Village - Part 2 (Isle of Rum Community Trust),Highland,0.66,2010,https://www.gov.scot/binaries/content/documents/govscot/publications/statistics/2025/11/community-ownership-in-scotland-2024/documents/community-ownership-in-scotland-2024---dataset/community-ownership-in-scotland-2024---dataset/govscot%3Adocument/Community%2BOwnership%2Bin%2BScotland%2B2024%2B-%2BDataset.xlsx
MV Glenachulish - Ferry (Isle of Skye Ferry Community Interest Company),Highland,,2007,https://www.gov.scot/binaries/content/documents/govscot/publications/statistics/2025/11/community-ownership-in-scotland-2024/documents/community-ownership-in-scotland-2024---dataset/community-ownership-in-scotland-2024---dataset/govscot%3Adocument/Community%2BOwnership%2Bin%2BScotland%2B2024%2B-%2BDataset.xlsx
John O'Groats Mill and surrounding Land (John O’Groats Mill Trust),Highland,0.038651,2020,https://www.gov.scot/binaries/content/documents/govscot/publications/statistics/2025/11/community-ownership-in-scotland-2024/documents/community-ownership-in-scotland-2024---dataset/community-ownership-in-scotland-2024---dataset/govscot%3Adocument/Community%2BOwnership%2Bin%2BScotland%2B2024%2B-%2BDataset.xlsx
Johnstonebridge Community Centre (Johnstonebridge Centre and Community Development Trust Limited),Dumfries and Galloway,0.004034,2014,https://www.gov.scot/binaries/content/documents/govscot/publications/statistics/2025/11/community-ownership-in-scotland-2024/documents/community-ownership-in-scotland-2024---dataset/community-ownership-in-scotland-2024---dataset/govscot%3Adocument/Community%2BOwnership%2Bin%2BScotland%2B2024%2B-%2BDataset.xlsx
Ground at junction of B7076 and St. Ann's Road & Ground to the south of Beechfield Lane & Ground to the north Maclean Drive (Johnstonebridge Centre and Community Development Trust Limited),Dumfries and Galloway,0.023646,2014,https://www.gov.scot/binaries/content/documents/govscot/publications/statistics/2025/11/community-ownership-in-scotland-2024/documents/community-ownership-in-scotland-2024---dataset/community-ownership-in-scotland-2024---dataset/govscot%3Adocument/Community%2BOwnership%2Bin%2BScotland%2B2024%2B-%2BDataset.xlsx
Petrol Station & Enterprise Centre (Jura Community Business Ltd),Argyll and Bute,,1999,https://www.gov.scot/binaries/content/documents/govscot/publications/statistics/2025/11/community-ownership-in-scotland-2024/documents/community-ownership-in-scotland-2024---dataset/community-ownership-in-scotland-2024---dataset/govscot%3Adocument/Community%2BOwnership%2Bin%2BScotland%2B2024%2B-%2BDataset.xlsx
Antlers Tearoom (Jura Development Trust),Argyll and Bute,0.000421,2003,https://www.gov.scot/binaries/content/documents/govscot/publications/statistics/2025/11/community-ownership-in-scotland-2024/documents/community-ownership-in-scotland-2024---dataset/community-ownership-in-scotland-2024---dataset/govscot%3Adocument/Community%2BOwnership%2Bin%2BScotland%2B2024%2B-%2BDataset.xlsx
Jura Stores Community Shop (Jura Development Trust),Argyll and Bute,0.000207,2013,https://www.gov.scot/binaries/content/documents/govscot/publications/statistics/2025/11/community-ownership-in-scotland-2024/documents/community-ownership-in-scotland-2024---dataset/community-ownership-in-scotland-2024---dataset/govscot%3Adocument/Community%2BOwnership%2Bin%2BScotland%2B2024%2B-%2BDataset.xlsx
Ground adjacent to Antlers Tearoom (Jura Development Trust),Argyll and Bute,0.000261,2003,https://www.gov.scot/binaries/content/documents/govscot/publications/statistics/2025/11/community-ownership-in-scotland-2024/documents/community-ownership-in-scotland-2024---dataset/community-ownership-in-scotland-2024---dataset/govscot%3Adocument/Community%2BOwnership%2Bin%2BScotland%2B2024%2B-%2BDataset.xlsx
Old Stone Pier (Jura Development Trust),Argyll and Bute,,2009,https://www.gov.scot/binaries/content/documents/govscot/publications/statistics/2025/11/community-ownership-in-scotland-2024/documents/community-ownership-in-scotland-2024---dataset/community-ownership-in-scotland-2024---dataset/govscot%3Adocument/Community%2BOwnership%2Bin%2BScotland%2B2024%2B-%2BDataset.xlsx
Keose Glebe Estate (Keose Glebe Estate Ltd),Na h-Eileanan Siar,6.05493,2016,https://www.gov.scot/binaries/content/documents/govscot/publications/statistics/2025/11/community-ownership-in-scotland-2024/documents/community-ownership-in-scotland-2024---dataset/community-ownership-in-scotland-2024---dataset/govscot%3Adocument/Community%2BOwnership%2Bin%2BScotland%2B2024%2B-%2BDataset.xlsx
Kettins Community Hub (Kettins Community Hub),Perth and Kinross,0.010704,2016,https://www.gov.scot/binaries/content/documents/govscot/publications/statistics/2025/11/community-ownership-in-scotland-2024/documents/community-ownership-in-scotland-2024---dataset/community-ownership-in-scotland-2024---dataset/govscot%3Adocument/Community%2BOwnership%2Bin%2BScotland%2B2024%2B-%2BDataset.xlsx
Acharossan Forest (Kilfinan Community Forest Company),Argyll and Bute,1.26895,2010,https://www.gov.scot/binaries/content/documents/govscot/publications/statistics/2025/11/community-ownership-in-scotland-2024/documents/community-ownership-in-scotland-2024---dataset/community-ownership-in-scotland-2024---dataset/govscot%3Adocument/Community%2BOwnership%2Bin%2BScotland%2B2024%2B-%2BDataset.xlsx
Upper Acharossan Forest (Kilfinan Community Forest Company),Argyll and Bute,4.48618,2015,https://www.gov.scot/binaries/content/documents/govscot/publications/statistics/2025/11/community-ownership-in-scotland-2024/documents/community-ownership-in-scotland-2024---dataset/community-ownership-in-scotland-2024---dataset/govscot%3Adocument/Community%2BOwnership%2Bin%2BScotland%2B2024%2B-%2BDataset.xlsx
MacGregor's Community Hub (Killin and Ardeonaig Community Development Trust),Stirling,0.000109,2018,https://www.gov.scot/binaries/content/documents/govscot/publications/statistics/2025/11/community-ownership-in-scotland-2024/documents/community-ownership-in-scotland-2024---dataset/community-ownership-in-scotland-2024---dataset/govscot%3Adocument/Community%2BOwnership%2Bin%2BScotland%2B2024%2B-%2BDataset.xlsx
Kilmadock Information and Heritage Centre (Kilmadock Development Trust),Stirling,0.000562,2018,https://www.gov.scot/binaries/content/documents/govscot/publications/statistics/2025/11/community-ownership-in-scotland-2024/documents/community-ownership-in-scotland-2024---dataset/community-ownership-in-scotland-2024---dataset/govscot%3Adocument/Community%2BOwnership%2Bin%2BScotland%2B2024%2B-%2BDataset.xlsx
Rural Hall (Kilmadock Development Trust),Stirling,0.000689,2010,https://www.gov.scot/binaries/content/documents/govscot/publications/statistics/2025/11/community-ownership-in-scotland-2024/documents/community-ownership-in-scotland-2024---dataset/community-ownership-in-scotland-2024---dataset/govscot%3Adocument/Community%2BOwnership%2Bin%2BScotland%2B2024%2B-%2BDataset.xlsx
Kilmallie Community Centre Car Park (Kilmallie Community Centre Ltd),Highland,0.002548,2021,https://www.gov.scot/binaries/content/documents/govscot/publications/statistics/2025/11/community-ownership-in-scotland-2024/documents/community-ownership-in-scotland-2024---dataset/community-ownership-in-scotland-2024---dataset/govscot%3Adocument/Community%2BOwnership%2Bin%2BScotland%2B2024%2B-%2BDataset.xlsx
Kilmallie Community Centre (Kilmallie Community Centre Ltd),Highland,0.01159,1967,https://www.gov.scot/binaries/content/documents/govscot/publications/statistics/2025/11/community-ownership-in-scotland-2024/documents/community-ownership-in-scotland-2024---dataset/community-ownership-in-scotland-2024---dataset/govscot%3Adocument/Community%2BOwnership%2Bin%2BScotland%2B2024%2B-%2BDataset.xlsx
Cnoc Nam Faobh (Kilmallie Community Company),Highland,0.048357,2009,https://www.gov.scot/binaries/content/documents/govscot/publications/statistics/2025/11/community-ownership-in-scotland-2024/documents/community-ownership-in-scotland-2024---dataset/community-ownership-in-scotland-2024---dataset/govscot%3Adocument/Community%2BOwnership%2Bin%2BScotland%2B2024%2B-%2BDataset.xlsx
Tom Giubhais (Kilmallie Community Company),Highland,0.018947,2009,https://www.gov.scot/binaries/content/documents/govscot/publications/statistics/2025/11/community-ownership-in-scotland-2024/documents/community-ownership-in-scotland-2024---dataset/community-ownership-in-scotland-2024---dataset/govscot%3Adocument/Community%2BOwnership%2Bin%2BScotland%2B2024%2B-%2BDataset.xlsx
Kilmaronock Old Kirk (Kilmaronock Old Kirk Trust),West Dunbartonshire,0.041729,2021,https://www.gov.scot/binaries/content/documents/govscot/publications/statistics/2025/11/community-ownership-in-scotland-2024/documents/community-ownership-in-scotland-2024---dataset/community-ownership-in-scotland-2024---dataset/govscot%3Adocument/Community%2BOwnership%2Bin%2BScotland%2B2024%2B-%2BDataset.xlsx
Kilmory Haven (Kilmory Public Hall),North Ayrshire,0.000405,1934,https://www.gov.scot/binaries/content/documents/govscot/publications/statistics/2025/11/community-ownership-in-scotland-2024/documents/community-ownership-in-scotland-2024---dataset/community-ownership-in-scotland-2024---dataset/govscot%3Adocument/Community%2BOwnership%2Bin%2BScotland%2B2024%2B-%2BDataset.xlsx
The Mercat Centre (Kilmuir & Logie Easter Action & Development Group),Highland,0.002188,2010,https://www.gov.scot/binaries/content/documents/govscot/publications/statistics/2025/11/community-ownership-in-scotland-2024/documents/community-ownership-in-scotland-2024---dataset/community-ownership-in-scotland-2024---dataset/govscot%3Adocument/Community%2BOwnership%2Bin%2BScotland%2B2024%2B-%2BDataset.xlsx
Kilmuir Hall (Kilmuir Community Trust),Highland,0.002407,2021,https://www.gov.scot/binaries/content/documents/govscot/publications/statistics/2025/11/community-ownership-in-scotland-2024/documents/community-ownership-in-scotland-2024---dataset/community-ownership-in-scotland-2024---dataset/govscot%3Adocument/Community%2BOwnership%2Bin%2BScotland%2B2024%2B-%2BDataset.xlsx
Four Areas of Ground on the north and south of the road from Kinghorn to Burntisland (Kinghorn Community Land Association),Fife,0.037879,2015,https://www.gov.scot/binaries/content/documents/govscot/publications/statistics/2025/11/community-ownership-in-scotland-2024/documents/community-ownership-in-scotland-2024---dataset/community-ownership-in-scotland-2024---dataset/govscot%3Adocument/Community%2BOwnership%2Bin%2BScotland%2B2024%2B-%2BDataset.xlsx
The Inn at Kingsbarns (Kingsbarns Community Development Trust),Fife,0.001242,2024,https://www.gov.scot/binaries/content/documents/govscot/publications/statistics/2025/11/community-ownership-in-scotland-2024/documents/community-ownership-in-scotland-2024---dataset/community-ownership-in-scotland-2024---dataset/govscot%3Adocument/Community%2BOwnership%2Bin%2BScotland%2B2024%2B-%2BDataset.xlsx
Ground on east side of Gynack Road (Kingussie Community Development Company),Highland,0.023941,2012,https://www.gov.scot/binaries/content/documents/govscot/publications/statistics/2025/11/community-ownership-in-scotland-2024/documents/community-ownership-in-scotland-2024---dataset/community-ownership-in-scotland-2024---dataset/govscot%3Adocument/Community%2BOwnership%2Bin%2BScotland%2B2024%2B-%2BDataset.xlsx
Ground on south west side of Ardbroilach Road (Kingussie Community Development Company),Highland,0.00123,2017,https://www.gov.scot/binaries/content/documents/govscot/publications/statistics/2025/11/community-ownership-in-scotland-2024/documents/community-ownership-in-scotland-2024---dataset/community-ownership-in-scotland-2024---dataset/govscot%3Adocument/Community%2BOwnership%2Bin%2BScotland%2B2024%2B-%2BDataset.xlsx
The Aluminium Story (Kinlochleven Community Trust),Highland,0.000594,2009,https://www.gov.scot/binaries/content/documents/govscot/publications/statistics/2025/11/community-ownership-in-scotland-2024/documents/community-ownership-in-scotland-2024---dataset/community-ownership-in-scotland-2024---dataset/govscot%3Adocument/Community%2BOwnership%2Bin%2BScotland%2B2024%2B-%2BDataset.xlsx
Kinlochleven Community Toilets (Kinlochleven Community Trust),Highland,0.000309,2013,https://www.gov.scot/binaries/content/documents/govscot/publications/statistics/2025/11/community-ownership-in-scotland-2024/documents/community-ownership-in-scotland-2024---dataset/community-ownership-in-scotland-2024---dataset/govscot%3Adocument/Community%2BOwnership%2Bin%2BScotland%2B2024%2B-%2BDataset.xlsx
Various Areas of Ground around Kinlochleven (Kinlochleven Community Trust),Highland,0.505888,2001,https://www.gov.scot/binaries/content/documents/govscot/publications/statistics/2025/11/community-ownership-in-scotland-2024/documents/community-ownership-in-scotland-2024---dataset/community-ownership-in-scotland-2024---dataset/govscot%3Adocument/Community%2BOwnership%2Bin%2BScotland%2B2024%2B-%2BDataset.xlsx
Kinlochleven Men’s Shed (Kinlochleven Men's Shed),Highland,,2019,https://www.gov.scot/binaries/content/documents/govscot/publications/statistics/2025/11/community-ownership-in-scotland-2024/documents/community-ownership-in-scotland-2024---dataset/community-ownership-in-scotland-2024---dataset/govscot%3Adocument/Community%2BOwnership%2Bin%2BScotland%2B2024%2B-%2BDataset.xlsx
Kintessack Village Green (Kintessack Residents Association),Moray,0.00115,2005,https://www.gov.scot/binaries/content/documents/govscot/publications/statistics/2025/11/community-ownership-in-scotland-2024/documents/community-ownership-in-scotland-2024---dataset/community-ownership-in-scotland-2024---dataset/govscot%3Adocument/Community%2BOwnership%2Bin%2BScotland%2B2024%2B-%2BDataset.xlsx
Re-Use and Recycling Development (Kintyre Recycling Limited),Argyll and Bute,0.002012,2015,https://www.gov.scot/binaries/content/documents/govscot/publications/statistics/2025/11/community-ownership-in-scotland-2024/documents/community-ownership-in-scotland-2024---dataset/community-ownership-in-scotland-2024---dataset/govscot%3Adocument/Community%2BOwnership%2Bin%2BScotland%2B2024%2B-%2BDataset.xlsx
Kirkcolm Community Hub (Kirkcolm Community Trust),Dumfries and Galloway,0.000172,2020,https://www.gov.scot/binaries/content/documents/govscot/publications/statistics/2025/11/community-ownership-in-scotland-2024/documents/community-ownership-in-scotland-2024---dataset/community-ownership-in-scotland-2024---dataset/govscot%3Adocument/Community%2BOwnership%2Bin%2BScotland%2B2024%2B-%2BDataset.xlsx
40a Main Street (Kirkconnel Parish Heritage Society),Dumfries and Galloway,0.000174,2000,https://www.gov.scot/binaries/content/documents/govscot/publications/statistics/2025/11/community-ownership-in-scotland-2024/documents/community-ownership-in-scotland-2024---dataset/community-ownership-in-scotland-2024---dataset/govscot%3Adocument/Community%2BOwnership%2Bin%2BScotland%2B2024%2B-%2BDataset.xlsx
The Johnston (Kirkcudbright Development Trust),Dumfries and Galloway,0.004306,2019,https://www.gov.scot/binaries/content/documents/govscot/publications/statistics/2025/11/community-ownership-in-scotland-2024/documents/community-ownership-in-scotland-2024---dataset/community-ownership-in-scotland-2024---dataset/govscot%3Adocument/Community%2BOwnership%2Bin%2BScotland%2B2024%2B-%2BDataset.xlsx
Kirkcudbright Information Centre (Kirkcudbright Development Trust),Dumfries and Galloway,6.6e-05,2021,https://www.gov.scot/binaries/content/documents/govscot/publications/statistics/2025/11/community-ownership-in-scotland-2024/documents/community-ownership-in-scotland-2024---dataset/community-ownership-in-scotland-2024---dataset/govscot%3Adocument/Community%2BOwnership%2Bin%2BScotland%2B2024%2B-%2BDataset.xlsx
Affordable Housing at Jencks View (Kirknewton Community Development Trust Limited),West Lothian,0.003655,2016,https://www.gov.scot/binaries/content/documents/govscot/publications/statistics/2025/11/community-ownership-in-scotland-2024/documents/community-ownership-in-scotland-2024---dataset/community-ownership-in-scotland-2024---dataset/govscot%3Adocument/Community%2BOwnership%2Bin%2BScotland%2B2024%2B-%2BDataset.xlsx
The Green Room (Kirknewton Community Development Trust Limited),West Lothian,0.000114,2012,https://www.gov.scot/binaries/content/documents/govscot/publications/statistics/2025/11/community-ownership-in-scotland-2024/documents/community-ownership-in-scotland-2024---dataset/community-ownership-in-scotland-2024---dataset/govscot%3Adocument/Community%2BOwnership%2Bin%2BScotland%2B2024%2B-%2BDataset.xlsx
A Stone's Progress (Kirknewton Community Development Trust Limited),West Lothian,0.002515,2018,https://www.gov.scot/binaries/content/documents/govscot/publications/statistics/2025/11/community-ownership-in-scotland-2024/documents/community-ownership-in-scotland-2024---dataset/community-ownership-in-scotland-2024---dataset/govscot%3Adocument/Community%2BOwnership%2Bin%2BScotland%2B2024%2B-%2BDataset.xlsx
Kirkshaws Neighbourhood Centre (Kirkshaws Neighbourhood Centre),North Lanarkshire,0.000865,2018,https://www.gov.scot/binaries/content/documents/govscot/publications/statistics/2025/11/community-ownership-in-scotland-2024/documents/community-ownership-in-scotland-2024---dataset/community-ownership-in-scotland-2024---dataset/govscot%3Adocument/Community%2BOwnership%2Bin%2BScotland%2B2024%2B-%2BDataset.xlsx
Milllburn Cottage & Area of Ground to the North (Knoydart Foundation),Highland,0.499324,2021,https://www.gov.scot/binaries/content/documents/govscot/publications/statistics/2025/11/community-ownership-in-scotland-2024/documents/community-ownership-in-scotland-2024---dataset/community-ownership-in-scotland-2024---dataset/govscot%3Adocument/Community%2BOwnership%2Bin%2BScotland%2B2024%2B-%2BDataset.xlsx
Knoydart Estate (Knoydart Foundation),Highland,70.82,1999,https://www.gov.scot/binaries/content/documents/govscot/publications/statistics/2025/11/community-ownership-in-scotland-2024/documents/community-ownership-in-scotland-2024---dataset/community-ownership-in-scotland-2024---dataset/govscot%3Adocument/Community%2BOwnership%2Bin%2BScotland%2B2024%2B-%2BDataset.xlsx
Kyle Community Facilities (Kyle and Lochalsh Community Trust),Highland,0.000108,2014,https://www.gov.scot/binaries/content/documents/govscot/publications/statistics/2025/11/community-ownership-in-scotland-2024/documents/community-ownership-in-scotland-2024---dataset/community-ownership-in-scotland-2024---dataset/govscot%3Adocument/Community%2BOwnership%2Bin%2BScotland%2B2024%2B-%2BDataset.xlsx
Toll Office & Plock of Kyle (Kyle and Lochalsh Community Trust),Highland,0.000313,2019,https://www.gov.scot/binaries/content/documents/govscot/publications/statistics/2025/11/community-ownership-in-scotland-2024/documents/community-ownership-in-scotland-2024---dataset/community-ownership-in-scotland-2024---dataset/govscot%3Adocument/Community%2BOwnership%2Bin%2BScotland%2B2024%2B-%2BDataset.xlsx
Plock of Kyle (Kyle and Lochalsh Community Trust),Highland,0.298515,2019,https://www.gov.scot/binaries/content/documents/govscot/publications/statistics/2025/11/community-ownership-in-scotland-2024/documents/community-ownership-in-scotland-2024---dataset/community-ownership-in-scotland-2024---dataset/govscot%3Adocument/Community%2BOwnership%2Bin%2BScotland%2B2024%2B-%2BDataset.xlsx
The Barn & Drovers Square (Kyle of Sutherland Development Trust),Highland,0.003552,2017,https://www.gov.scot/binaries/content/documents/govscot/publications/statistics/2025/11/community-ownership-in-scotland-2024/documents/community-ownership-in-scotland-2024---dataset/community-ownership-in-scotland-2024---dataset/govscot%3Adocument/Community%2BOwnership%2Bin%2BScotland%2B2024%2B-%2BDataset.xlsx
Bonar Bridge Post Office (Kyle of Sutherland Development Trust),Highland,0.000943,2014,https://www.gov.scot/binaries/content/documents/govscot/publications/statistics/2025/11/community-ownership-in-scotland-2024/documents/community-ownership-in-scotland-2024---dataset/community-ownership-in-scotland-2024---dataset/govscot%3Adocument/Community%2BOwnership%2Bin%2BScotland%2B2024%2B-%2BDataset.xlsx
Kyle of Sutherland Hub (Kyle of Sutherland Hub),Highland,0.00137,2008,https://www.gov.scot/binaries/content/documents/govscot/publications/statistics/2025/11/community-ownership-in-scotland-2024/documents/community-ownership-in-scotland-2024---dataset/community-ownership-in-scotland-2024---dataset/govscot%3Adocument/Community%2BOwnership%2Bin%2BScotland%2B2024%2B-%2BDataset.xlsx
Kyle of Sutherland Hub Car Park - Part 1 (Kyle of Sutherland Hub),Highland,0.000457,2010,https://www.gov.scot/binaries/content/documents/govscot/publications/statistics/2025/11/community-ownership-in-scotland-2024/documents/community-ownership-in-scotland-2024---dataset/community-ownership-in-scotland-2024---dataset/govscot%3Adocument/Community%2BOwnership%2Bin%2BScotland%2B2024%2B-%2BDataset.xlsx
Kyle of Sutherland Hub Car Park - Part 2 (Kyle of Sutherland Hub),Highland,0.000323,2021,https://www.gov.scot/binaries/content/documents/govscot/publications/statistics/2025/11/community-ownership-in-scotland-2024/documents/community-ownership-in-scotland-2024---dataset/community-ownership-in-scotland-2024---dataset/govscot%3Adocument/Community%2BOwnership%2Bin%2BScotland%2B2024%2B-%2BDataset.xlsx
Strathmashie Forest (Laggan Forest Trust),Highland,0.187664,2007,https://www.gov.scot/binaries/content/documents/govscot/publications/statistics/2025/11/community-ownership-in-scotland-2024/documents/community-ownership-in-scotland-2024---dataset/community-ownership-in-scotland-2024---dataset/govscot%3Adocument/Community%2BOwnership%2Bin%2BScotland%2B2024%2B-%2BDataset.xlsx
Laide and Aultbea Community Woodland (Laide and Aultbea Community Woodland),Highland,0.862968,2003,https://www.gov.scot/binaries/content/documents/govscot/publications/statistics/2025/11/community-ownership-in-scotland-2024/documents/community-ownership-in-scotland-2024---dataset/community-ownership-in-scotland-2024---dataset/govscot%3Adocument/Community%2BOwnership%2Bin%2BScotland%2B2024%2B-%2BDataset.xlsx
Former Sutherland Arms Site (Lairg and District Community Initiatives),Highland,0.014461,2018,https://www.gov.scot/binaries/content/documents/govscot/publications/statistics/2025/11/community-ownership-in-scotland-2024/documents/community-ownership-in-scotland-2024---dataset/community-ownership-in-scotland-2024---dataset/govscot%3Adocument/Community%2BOwnership%2Bin%2BScotland%2B2024%2B-%2BDataset.xlsx
Church Hill Woodland (Lairg and District Community Initiatives),Highland,0.007184,2009,https://www.gov.scot/binaries/content/documents/govscot/publications/statistics/2025/11/community-ownership-in-scotland-2024/documents/community-ownership-in-scotland-2024---dataset/community-ownership-in-scotland-2024---dataset/govscot%3Adocument/Community%2BOwnership%2Bin%2BScotland%2B2024%2B-%2BDataset.xlsx
Ferrycroft (Lairg and District Community Initiatives),Highland,0.034141,2012,https://www.gov.scot/binaries/content/documents/govscot/publications/statistics/2025/11/community-ownership-in-scotland-2024/documents/community-ownership-in-scotland-2024---dataset/community-ownership-in-scotland-2024---dataset/govscot%3Adocument/Community%2BOwnership%2Bin%2BScotland%2B2024%2B-%2BDataset.xlsx
Lambhill Stables - Part 1 (Lambhill Stables),Glasgow City,0.00122,2010,https://www.gov.scot/binaries/content/documents/govscot/publications/statistics/2025/11/community-ownership-in-scotland-2024/documents/community-ownership-in-scotland-2024---dataset/community-ownership-in-scotland-2024---dataset/govscot%3Adocument/Community%2BOwnership%2Bin%2BScotland%2B2024%2B-%2BDataset.xlsx
Lambhill Stables - Part 2 (Lambhill Stables),Glasgow City,0.00122,2012,https://www.gov.scot/binaries/content/documents/govscot/publications/statistics/2025/11/community-ownership-in-scotland-2024/documents/community-ownership-in-scotland-2024---dataset/community-ownership-in-scotland-2024---dataset/govscot%3Adocument/Community%2BOwnership%2Bin%2BScotland%2B2024%2B-%2BDataset.xlsx
"Ground at Golticlay (Latheron, Lybster and Clyth Community Development Company)",Highland,0.399862,2011,https://www.gov.scot/binaries/content/documents/govscot/publications/statistics/2025/11/community-ownership-in-scotland-2024/documents/community-ownership-in-scotland-2024---dataset/community-ownership-in-scotland-2024---dataset/govscot%3Adocument/Community%2BOwnership%2Bin%2BScotland%2B2024%2B-%2BDataset.xlsx
Laxdale Hall (Laxdale Community Association),Na h-Eileanan Siar,0.000801,1949,https://www.gov.scot/binaries/content/documents/govscot/publications/statistics/2025/11/community-ownership-in-scotland-2024/documents/community-ownership-in-scotland-2024---dataset/community-ownership-in-scotland-2024---dataset/govscot%3Adocument/Community%2BOwnership%2Bin%2BScotland%2B2024%2B-%2BDataset.xlsx
Leverhulme Community Hub (Leverhulme Community Hub),Na h-Eileanan Siar,0.001532,2020,https://www.gov.scot/binaries/content/documents/govscot/publications/statistics/2025/11/community-ownership-in-scotland-2024/documents/community-ownership-in-scotland-2024---dataset/community-ownership-in-scotland-2024---dataset/govscot%3Adocument/Community%2BOwnership%2Bin%2BScotland%2B2024%2B-%2BDataset.xlsx
Leaf Green - Part 1 (Lilliesleaf Community Development Company),Scottish Borders,0.007297,2018,https://www.gov.scot/binaries/content/documents/govscot/publications/statistics/2025/11/community-ownership-in-scotland-2024/documents/community-ownership-in-scotland-2024---dataset/community-ownership-in-scotland-2024---dataset/govscot%3Adocument/Community%2BOwnership%2Bin%2BScotland%2B2024%2B-%2BDataset.xlsx
Leaf Green - Part 2 (Lilliesleaf Community Development Company),Scottish Borders,9.9e-05,2021,https://www.gov.scot/binaries/content/documents/govscot/publications/statistics/2025/11/community-ownership-in-scotland-2024/documents/community-ownership-in-scotland-2024---dataset/community-ownership-in-scotland-2024---dataset/govscot%3Adocument/Community%2BOwnership%2Bin%2BScotland%2B2024%2B-%2BDataset.xlsx
Linwood Community Woodland (Linwood Community Development Trust),Renfrewshire,0.023879,2017,https://www.gov.scot/binaries/content/documents/govscot/publications/statistics/2025/11/community-ownership-in-scotland-2024/documents/community-ownership-in-scotland-2024---dataset/community-ownership-in-scotland-2024---dataset/govscot%3Adocument/Community%2BOwnership%2Bin%2BScotland%2B2024%2B-%2BDataset.xlsx
Former Telephone Kiosk - Achnacroish (Lismore Community Trust),Argyll and Bute,,2016,https://www.gov.scot/binaries/content/documents/govscot/publications/statistics/2025/11/community-ownership-in-scotland-2024/documents/community-ownership-in-scotland-2024---dataset/community-ownership-in-scotland-2024---dataset/govscot%3Adocument/Community%2BOwnership%2Bin%2BScotland%2B2024%2B-%2BDataset.xlsx
Former Telephone Kiosk - The Point (Lismore Community Trust),Argyll and Bute,,2016,https://www.gov.scot/binaries/content/documents/govscot/publications/statistics/2025/11/community-ownership-in-scotland-2024/documents/community-ownership-in-scotland-2024---dataset/community-ownership-in-scotland-2024---dataset/govscot%3Adocument/Community%2BOwnership%2Bin%2BScotland%2B2024%2B-%2BDataset.xlsx
Kirkton Woodland (Lochcarron Community Development Company),Highland,0.919748,2015,https://www.gov.scot/binaries/content/documents/govscot/publications/statistics/2025/11/community-ownership-in-scotland-2024/documents/community-ownership-in-scotland-2024---dataset/community-ownership-in-scotland-2024---dataset/govscot%3Adocument/Community%2BOwnership%2Bin%2BScotland%2B2024%2B-%2BDataset.xlsx
The Smithy Community Hub (Lochcarron Community Development Company),Highland,0.000405,1990,https://www.gov.scot/binaries/content/documents/govscot/publications/statistics/2025/11/community-ownership-in-scotland-2024/documents/community-ownership-in-scotland-2024---dataset/community-ownership-in-scotland-2024---dataset/govscot%3Adocument/Community%2BOwnership%2Bin%2BScotland%2B2024%2B-%2BDataset.xlsx
Kirkton Gardens (Lochcarron Community Development Company),Highland,0.000605,2018,https://www.gov.scot/binaries/content/documents/govscot/publications/statistics/2025/11/community-ownership-in-scotland-2024/documents/community-ownership-in-scotland-2024---dataset/community-ownership-in-scotland-2024---dataset/govscot%3Adocument/Community%2BOwnership%2Bin%2BScotland%2B2024%2B-%2BDataset.xlsx
Lochcarron Gym (Lochcarron Leisure Centre),Highland,0.000187,2023,https://www.gov.scot/binaries/content/documents/govscot/publications/statistics/2025/11/community-ownership-in-scotland-2024/documents/community-ownership-in-scotland-2024---dataset/community-ownership-in-scotland-2024---dataset/govscot%3Adocument/Community%2BOwnership%2Bin%2BScotland%2B2024%2B-%2BDataset.xlsx
Lockerbie Men's Shed (Lockerbie Men's Shed),Dumfries and Galloway,0.00033,2021,https://www.gov.scot/binaries/content/documents/govscot/publications/statistics/2025/11/community-ownership-in-scotland-2024/documents/community-ownership-in-scotland-2024---dataset/community-ownership-in-scotland-2024---dataset/govscot%3Adocument/Community%2BOwnership%2Bin%2BScotland%2B2024%2B-%2BDataset.xlsx
Lumsden Village Hall (Lumsden Community Association),Aberdeenshire,0.001424,2017,https://www.gov.scot/binaries/content/documents/govscot/publications/statistics/2025/11/community-ownership-in-scotland-2024/documents/community-ownership-in-scotland-2024---dataset/community-ownership-in-scotland-2024---dataset/govscot%3Adocument/Community%2BOwnership%2Bin%2BScotland%2B2024%2B-%2BDataset.xlsx
Lumsden Toilets (Lumsden Community Association),Aberdeenshire,1.4e-05,2020,https://www.gov.scot/binaries/content/documents/govscot/publications/statistics/2025/11/community-ownership-in-scotland-2024/documents/community-ownership-in-scotland-2024---dataset/community-ownership-in-scotland-2024---dataset/govscot%3Adocument/Community%2BOwnership%2Bin%2BScotland%2B2024%2B-%2BDataset.xlsx
Lumsden Market Stance (Village Green) (Lumsden Community Association),Aberdeenshire,0.006718,1979,https://www.gov.scot/binaries/content/documents/govscot/publications/statistics/2025/11/community-ownership-in-scotland-2024/documents/community-ownership-in-scotland-2024---dataset/community-ownership-in-scotland-2024---dataset/govscot%3Adocument/Community%2BOwnership%2Bin%2BScotland%2B2024%2B-%2BDataset.xlsx
Machrihanish Airbase (Machrihanish Airbase Community Company),Argyll and Bute,4.20559,2012,https://www.gov.scot/binaries/content/documents/govscot/publications/statistics/2025/11/community-ownership-in-scotland-2024/documents/community-ownership-in-scotland-2024---dataset/community-ownership-in-scotland-2024---dataset/govscot%3Adocument/Community%2BOwnership%2Bin%2BScotland%2B2024%2B-%2BDataset.xlsx
Kirkton of Maryculter Wood (Maryculter Woodlands Trust),Aberdeenshire,0.657984,2016,https://www.gov.scot/binaries/content/documents/govscot/publications/statistics/2025/11/community-ownership-in-scotland-2024/documents/community-ownership-in-scotland-2024---dataset/community-ownership-in-scotland-2024---dataset/govscot%3Adocument/Community%2BOwnership%2Bin%2BScotland%2B2024%2B-%2BDataset.xlsx
Maryhill Burgh Halls (Maryhill Burgh Halls Trust),Glasgow City,0.003494,2009,https://www.gov.scot/binaries/content/documents/govscot/publications/statistics/2025/11/community-ownership-in-scotland-2024/documents/community-ownership-in-scotland-2024---dataset/community-ownership-in-scotland-2024---dataset/govscot%3Adocument/Community%2BOwnership%2Bin%2BScotland%2B2024%2B-%2BDataset.xlsx
Old Mart Community Resource Centre (Maud Village Trust),Aberdeenshire,0.01125,2002,https://www.gov.scot/binaries/content/documents/govscot/publications/statistics/2025/11/community-ownership-in-scotland-2024/documents/community-ownership-in-scotland-2024---dataset/community-ownership-in-scotland-2024---dataset/govscot%3Adocument/Community%2BOwnership%2Bin%2BScotland%2B2024%2B-%2BDataset.xlsx
19 & 20 London Road (McSence Limited),City of Edinburgh,0.000809,2002,https://www.gov.scot/binaries/content/documents/govscot/publications/statistics/2025/11/community-ownership-in-scotland-2024/documents/community-ownership-in-scotland-2024---dataset/community-ownership-in-scotland-2024---dataset/govscot%3Adocument/Community%2BOwnership%2Bin%2BScotland%2B2024%2B-%2BDataset.xlsx
Mayfield and Easthouses Youth 2000 Project - Youth Centre (McSence Limited),Midlothian,0.000809,1999,https://www.gov.scot/binaries/content/documents/govscot/publications/statistics/2025/11/community-ownership-in-scotland-2024/documents/community-ownership-in-scotland-2024---dataset/community-ownership-in-scotland-2024---dataset/govscot%3Adocument/Community%2BOwnership%2Bin%2BScotland%2B2024%2B-%2BDataset.xlsx
Area of ground at McSence Business Park (McSence Limited),Midlothian,0.000461,2014,https://www.gov.scot/binaries/content/documents/govscot/publications/statistics/2025/11/community-ownership-in-scotland-2024/documents/community-ownership-in-scotland-2024---dataset/community-ownership-in-scotland-2024---dataset/govscot%3Adocument/Community%2BOwnership%2Bin%2BScotland%2B2024%2B-%2BDataset.xlsx
Site for Melvich Community Hub - Part 1 (Melvich Community SCIO),Highland,8.7e-05,1951,https://www.gov.scot/binaries/content/documents/govscot/publications/statistics/2025/11/community-ownership-in-scotland-2024/documents/community-ownership-in-scotland-2024---dataset/community-ownership-in-scotland-2024---dataset/govscot%3Adocument/Community%2BOwnership%2Bin%2BScotland%2B2024%2B-%2BDataset.xlsx
Site for Melvich Community Hub - Part 2 (Melvich Community SCIO),Highland,0.0005,1977,https://www.gov.scot/binaries/content/documents/govscot/publications/statistics/2025/11/community-ownership-in-scotland-2024/documents/community-ownership-in-scotland-2024---dataset/community-ownership-in-scotland-2024---dataset/govscot%3Adocument/Community%2BOwnership%2Bin%2BScotland%2B2024%2B-%2BDataset.xlsx
Site for Melvich Community Hub - Part 3 (Melvich Community SCIO),Highland,4.4e-05,2020,https://www.gov.scot/binaries/content/documents/govscot/publications/statistics/2025/11/community-ownership-in-scotland-2024/documents/community-ownership-in-scotland-2024---dataset/community-ownership-in-scotland-2024---dataset/govscot%3Adocument/Community%2BOwnership%2Bin%2BScotland%2B2024%2B-%2BDataset.xlsx
Menstrie Wood (Menstrie Community Council),Clackmannanshire,0.111549,1999,https://www.gov.scot/binaries/content/documents/govscot/publications/statistics/2025/11/community-ownership-in-scotland-2024/documents/community-ownership-in-scotland-2024---dataset/community-ownership-in-scotland-2024---dataset/govscot%3Adocument/Community%2BOwnership%2Bin%2BScotland%2B2024%2B-%2BDataset.xlsx
MACPool Activity Hub - Part 1 (Mid Argyll Community Enterprises Ltd),Argyll and Bute,0.002852,2019,https://www.gov.scot/binaries/content/documents/govscot/publications/statistics/2025/11/community-ownership-in-scotland-2024/documents/community-ownership-in-scotland-2024---dataset/community-ownership-in-scotland-2024---dataset/govscot%3Adocument/Community%2BOwnership%2Bin%2BScotland%2B2024%2B-%2BDataset.xlsx
MACPool Activity Hub - Part 2 (Mid Argyll Community Enterprises Ltd),Argyll and Bute,0.002852,2019,https://www.gov.scot/binaries/content/documents/govscot/publications/statistics/2025/11/community-ownership-in-scotland-2024/documents/community-ownership-in-scotland-2024---dataset/community-ownership-in-scotland-2024---dataset/govscot%3Adocument/Community%2BOwnership%2Bin%2BScotland%2B2024%2B-%2BDataset.xlsx
Ground at Midlem Village Hall (Midlem Village Hall),Scottish Borders,0.001685,2013,https://www.gov.scot/binaries/content/documents/govscot/publications/statistics/2025/11/community-ownership-in-scotland-2024/documents/community-ownership-in-scotland-2024---dataset/community-ownership-in-scotland-2024---dataset/govscot%3Adocument/Community%2BOwnership%2Bin%2BScotland%2B2024%2B-%2BDataset.xlsx
Midlem Common (Midlem Village Hall),Scottish Borders,0.015945,2008,https://www.gov.scot/binaries/content/documents/govscot/publications/statistics/2025/11/community-ownership-in-scotland-2024/documents/community-ownership-in-scotland-2024---dataset/community-ownership-in-scotland-2024---dataset/govscot%3Adocument/Community%2BOwnership%2Bin%2BScotland%2B2024%2B-%2BDataset.xlsx
Midlem Village Hall (Midlem Village Hall),Scottish Borders,3e-06,1931,https://www.gov.scot/binaries/content/documents/govscot/publications/statistics/2025/11/community-ownership-in-scotland-2024/documents/community-ownership-in-scotland-2024---dataset/community-ownership-in-scotland-2024---dataset/govscot%3Adocument/Community%2BOwnership%2Bin%2BScotland%2B2024%2B-%2BDataset.xlsx
Cabins located in grounds of Midmar Hall (Midmar Men's Shed),Aberdeenshire,,2019,https://www.gov.scot/binaries/content/documents/govscot/publications/statistics/2025/11/community-ownership-in-scotland-2024/documents/community-ownership-in-scotland-2024---dataset/community-ownership-in-scotland-2024---dataset/govscot%3Adocument/Community%2BOwnership%2Bin%2BScotland%2B2024%2B-%2BDataset.xlsx
Carbon Footprint Nursery (Milnbank Housing Association),Glasgow City,0.00196,2010,https://www.gov.scot/binaries/content/documents/govscot/publications/statistics/2025/11/community-ownership-in-scotland-2024/documents/community-ownership-in-scotland-2024---dataset/community-ownership-in-scotland-2024---dataset/govscot%3Adocument/Community%2BOwnership%2Bin%2BScotland%2B2024%2B-%2BDataset.xlsx
Community Café (Milnbank Housing Association),Glasgow City,,1979,https://www.gov.scot/binaries/content/documents/govscot/publications/statistics/2025/11/community-ownership-in-scotland-2024/documents/community-ownership-in-scotland-2024---dataset/community-ownership-in-scotland-2024---dataset/govscot%3Adocument/Community%2BOwnership%2Bin%2BScotland%2B2024%2B-%2BDataset.xlsx
Community Recycling Centre (Milnbank Housing Association),Glasgow City,0.001119,1988,https://www.gov.scot/binaries/content/documents/govscot/publications/statistics/2025/11/community-ownership-in-scotland-2024/documents/community-ownership-in-scotland-2024---dataset/community-ownership-in-scotland-2024---dataset/govscot%3Adocument/Community%2BOwnership%2Bin%2BScotland%2B2024%2B-%2BDataset.xlsx
Ground at Minard (Minard Community Trust),Argyll and Bute,0.000891,2005,https://www.gov.scot/binaries/content/documents/govscot/publications/statistics/2025/11/community-ownership-in-scotland-2024/documents/community-ownership-in-scotland-2024---dataset/community-ownership-in-scotland-2024---dataset/govscot%3Adocument/Community%2BOwnership%2Bin%2BScotland%2B2024%2B-%2BDataset.xlsx
Ground on the southwest of Minard Primary School (Minard Community Trust),Argyll and Bute,0.001586,2006,https://www.gov.scot/binaries/content/documents/govscot/publications/statistics/2025/11/community-ownership-in-scotland-2024/documents/community-ownership-in-scotland-2024---dataset/community-ownership-in-scotland-2024---dataset/govscot%3Adocument/Community%2BOwnership%2Bin%2BScotland%2B2024%2B-%2BDataset.xlsx
Minard Village Hall (Minard Community Trust),Argyll and Bute,0.000381,2006,https://www.gov.scot/binaries/content/documents/govscot/publications/statistics/2025/11/community-ownership-in-scotland-2024/documents/community-ownership-in-scotland-2024---dataset/community-ownership-in-scotland-2024---dataset/govscot%3Adocument/Community%2BOwnership%2Bin%2BScotland%2B2024%2B-%2BDataset.xlsx
Minard Village Shop and Post Office (Minard Community Trust),Argyll and Bute,5.1e-05,2005,https://www.gov.scot/binaries/content/documents/govscot/publications/statistics/2025/11/community-ownership-in-scotland-2024/documents/community-ownership-in-scotland-2024---dataset/community-ownership-in-scotland-2024---dataset/govscot%3Adocument/Community%2BOwnership%2Bin%2BScotland%2B2024%2B-%2BDataset.xlsx
Fairy Pools Car Park (Minginish Community Hall Association),Highland,0.142136,2018,https://www.gov.scot/binaries/content/documents/govscot/publications/statistics/2025/11/community-ownership-in-scotland-2024/documents/community-ownership-in-scotland-2024---dataset/community-ownership-in-scotland-2024---dataset/govscot%3Adocument/Community%2BOwnership%2Bin%2BScotland%2B2024%2B-%2BDataset.xlsx
MACBI Community Hub (Mintlaw and Central Buchan Initiative),Aberdeenshire,0.00624,2013,https://www.gov.scot/binaries/content/documents/govscot/publications/statistics/2025/11/community-ownership-in-scotland-2024/documents/community-ownership-in-scotland-2024---dataset/community-ownership-in-scotland-2024---dataset/govscot%3Adocument/Community%2BOwnership%2Bin%2BScotland%2B2024%2B-%2BDataset.xlsx
Gallow Hill (Moffat Community Woodlands),Dumfries and Galloway,0.337013,2016,https://www.gov.scot/binaries/content/documents/govscot/publications/statistics/2025/11/community-ownership-in-scotland-2024/documents/community-ownership-in-scotland-2024---dataset/community-ownership-in-scotland-2024---dataset/govscot%3Adocument/Community%2BOwnership%2Bin%2BScotland%2B2024%2B-%2BDataset.xlsx
The Hive (Moniaive Initiative),Dumfries and Galloway,0.000294,2019,https://www.gov.scot/binaries/content/documents/govscot/publications/statistics/2025/11/community-ownership-in-scotland-2024/documents/community-ownership-in-scotland-2024---dataset/community-ownership-in-scotland-2024---dataset/govscot%3Adocument/Community%2BOwnership%2Bin%2BScotland%2B2024%2B-%2BDataset.xlsx
Morebattle Community Shop and Post Office (Morebattle Community Shop Limited),Scottish Borders,0.000292,2019,https://www.gov.scot/binaries/content/documents/govscot/publications/statistics/2025/11/community-ownership-in-scotland-2024/documents/community-ownership-in-scotland-2024---dataset/community-ownership-in-scotland-2024---dataset/govscot%3Adocument/Community%2BOwnership%2Bin%2BScotland%2B2024%2B-%2BDataset.xlsx
Ground at Dailrainich (Morvern Community Development Company),Highland,0.007223,2016,https://www.gov.scot/binaries/content/documents/govscot/publications/statistics/2025/11/community-ownership-in-scotland-2024/documents/community-ownership-in-scotland-2024---dataset/community-ownership-in-scotland-2024---dataset/govscot%3Adocument/Community%2BOwnership%2Bin%2BScotland%2B2024%2B-%2BDataset.xlsx
Affordable Housing at Miner's Court - Part 1 (Morvern Community Development Company),Highland,0.001263,2016,https://www.gov.scot/binaries/content/documents/govscot/publications/statistics/2025/11/community-ownership-in-scotland-2024/documents/community-ownership-in-scotland-2024---dataset/community-ownership-in-scotland-2024---dataset/govscot%3Adocument/Community%2BOwnership%2Bin%2BScotland%2B2024%2B-%2BDataset.xlsx
Affordable Housing at Miner's Court - Part 2 (Morvern Community Development Company),Highland,0.000213,2016,https://www.gov.scot/binaries/content/documents/govscot/publications/statistics/2025/11/community-ownership-in-scotland-2024/documents/community-ownership-in-scotland-2024---dataset/community-ownership-in-scotland-2024---dataset/govscot%3Adocument/Community%2BOwnership%2Bin%2BScotland%2B2024%2B-%2BDataset.xlsx
Garage at Lochaline Community Filling Station (Morvern Community Development Company),Highland,0.000133,2000,https://www.gov.scot/binaries/content/documents/govscot/publications/statistics/2025/11/community-ownership-in-scotland-2024/documents/community-ownership-in-scotland-2024---dataset/community-ownership-in-scotland-2024---dataset/govscot%3Adocument/Community%2BOwnership%2Bin%2BScotland%2B2024%2B-%2BDataset.xlsx
Lochaline Community Filling Station (Morvern Community Development Company),Highland,,1999,https://www.gov.scot/binaries/content/documents/govscot/publications/statistics/2025/11/community-ownership-in-scotland-2024/documents/community-ownership-in-scotland-2024---dataset/community-ownership-in-scotland-2024---dataset/govscot%3Adocument/Community%2BOwnership%2Bin%2BScotland%2B2024%2B-%2BDataset.xlsx
Coille a Challtainn (Morvern Community Development Company),Highland,0.017283,2003,https://www.gov.scot/binaries/content/documents/govscot/publications/statistics/2025/11/community-ownership-in-scotland-2024/documents/community-ownership-in-scotland-2024---dataset/community-ownership-in-scotland-2024---dataset/govscot%3Adocument/Community%2BOwnership%2Bin%2BScotland%2B2024%2B-%2BDataset.xlsx
Achnaha Wood (Morvern Community Woodlands Company),Highland,0.085801,2015,https://www.gov.scot/binaries/content/documents/govscot/publications/statistics/2025/11/community-ownership-in-scotland-2024/documents/community-ownership-in-scotland-2024---dataset/community-ownership-in-scotland-2024---dataset/govscot%3Adocument/Community%2BOwnership%2Bin%2BScotland%2B2024%2B-%2BDataset.xlsx
The Muir Hub (Muir of Ord Development Trust),Highland,0.000419,2015,https://www.gov.scot/binaries/content/documents/govscot/publications/statistics/2025/11/community-ownership-in-scotland-2024/documents/community-ownership-in-scotland-2024---dataset/community-ownership-in-scotland-2024---dataset/govscot%3Adocument/Community%2BOwnership%2Bin%2BScotland%2B2024%2B-%2BDataset.xlsx
Muir of Ord Village Hall (Muir of Ord Development Trust),Highland,0.001336,2012,https://www.gov.scot/binaries/content/documents/govscot/publications/statistics/2025/11/community-ownership-in-scotland-2024/documents/community-ownership-in-scotland-2024---dataset/community-ownership-in-scotland-2024---dataset/govscot%3Adocument/Community%2BOwnership%2Bin%2BScotland%2B2024%2B-%2BDataset.xlsx
Affordable Housing at Acharonich (Mull and Iona Community Trust),Argyll and Bute,0.001104,2015,https://www.gov.scot/binaries/content/documents/govscot/publications/statistics/2025/11/community-ownership-in-scotland-2024/documents/community-ownership-in-scotland-2024---dataset/community-ownership-in-scotland-2024---dataset/govscot%3Adocument/Community%2BOwnership%2Bin%2BScotland%2B2024%2B-%2BDataset.xlsx
An Roth Community Enterprise Centre (Mull and Iona Community Trust),Argyll and Bute,0.000994,2004,https://www.gov.scot/binaries/content/documents/govscot/publications/statistics/2025/11/community-ownership-in-scotland-2024/documents/community-ownership-in-scotland-2024---dataset/community-ownership-in-scotland-2024---dataset/govscot%3Adocument/Community%2BOwnership%2Bin%2BScotland%2B2024%2B-%2BDataset.xlsx
Ardura Community Forest (Mull and Iona Community Trust),Argyll and Bute,1.94036,2019,https://www.gov.scot/binaries/content/documents/govscot/publications/statistics/2025/11/community-ownership-in-scotland-2024/documents/community-ownership-in-scotland-2024---dataset/community-ownership-in-scotland-2024---dataset/govscot%3Adocument/Community%2BOwnership%2Bin%2BScotland%2B2024%2B-%2BDataset.xlsx
Ulva Ferry Community Hub (Mull and Iona Community Trust),Argyll and Bute,0.008316,2019,https://www.gov.scot/binaries/content/documents/govscot/publications/statistics/2025/11/community-ownership-in-scotland-2024/documents/community-ownership-in-scotland-2024---dataset/community-ownership-in-scotland-2024---dataset/govscot%3Adocument/Community%2BOwnership%2Bin%2BScotland%2B2024%2B-%2BDataset.xlsx
Affordable Housing at Oskamull (Mull and Iona Community Trust),Argyll and Bute,0.017018,2018,https://www.gov.scot/binaries/content/documents/govscot/publications/statistics/2025/11/community-ownership-in-scotland-2024/documents/community-ownership-in-scotland-2024---dataset/community-ownership-in-scotland-2024---dataset/govscot%3Adocument/Community%2BOwnership%2Bin%2BScotland%2B2024%2B-%2BDataset.xlsx
Pennyghael Schoolhouse (Mull and Iona Community Trust),Argyll and Bute,0.000399,2021,https://www.gov.scot/binaries/content/documents/govscot/publications/statistics/2025/11/community-ownership-in-scotland-2024/documents/community-ownership-in-scotland-2024---dataset/community-ownership-in-scotland-2024---dataset/govscot%3Adocument/Community%2BOwnership%2Bin%2BScotland%2B2024%2B-%2BDataset.xlsx
Nonhebel Park (Mull and Iona Community Trust),Argyll and Bute,0.007856,2016,https://www.gov.scot/binaries/content/documents/govscot/publications/statistics/2025/11/community-ownership-in-scotland-2024/documents/community-ownership-in-scotland-2024---dataset/community-ownership-in-scotland-2024---dataset/govscot%3Adocument/Community%2BOwnership%2Bin%2BScotland%2B2024%2B-%2BDataset.xlsx
Affordable Housing at Ulva Ferry (Mull and Iona Community Trust),Argyll and Bute,0.00201,2015,https://www.gov.scot/binaries/content/documents/govscot/publications/statistics/2025/11/community-ownership-in-scotland-2024/documents/community-ownership-in-scotland-2024---dataset/community-ownership-in-scotland-2024---dataset/govscot%3Adocument/Community%2BOwnership%2Bin%2BScotland%2B2024%2B-%2BDataset.xlsx
Ulva Ferry Pontoon (Mull and Iona Community Trust),Argyll and Bute,,2016,https://www.gov.scot/binaries/content/documents/govscot/publications/statistics/2025/11/community-ownership-in-scotland-2024/documents/community-ownership-in-scotland-2024---dataset/community-ownership-in-scotland-2024---dataset/govscot%3Adocument/Community%2BOwnership%2Bin%2BScotland%2B2024%2B-%2BDataset.xlsx
Mull of Galloway Lighthouse Keepers' Cottages & Ground (Mull of Galloway Trust),Dumfries and Galloway,0.166135,2013,https://www.gov.scot/binaries/content/documents/govscot/publications/statistics/2025/11/community-ownership-in-scotland-2024/documents/community-ownership-in-scotland-2024---dataset/community-ownership-in-scotland-2024---dataset/govscot%3Adocument/Community%2BOwnership%2Bin%2BScotland%2B2024%2B-%2BDataset.xlsx
Seaman's Hall (Nairn River Enterprise),Highland,0.000652,2022,https://www.gov.scot/binaries/content/documents/govscot/publications/statistics/2025/11/community-ownership-in-scotland-2024/documents/community-ownership-in-scotland-2024---dataset/community-ownership-in-scotland-2024---dataset/govscot%3Adocument/Community%2BOwnership%2Bin%2BScotland%2B2024%2B-%2BDataset.xlsx
The Bank (Neilston Development Trust),East Renfrewshire,0.0008,2006,https://www.gov.scot/binaries/content/documents/govscot/publications/statistics/2025/11/community-ownership-in-scotland-2024/documents/community-ownership-in-scotland-2024---dataset/community-ownership-in-scotland-2024---dataset/govscot%3Adocument/Community%2BOwnership%2Bin%2BScotland%2B2024%2B-%2BDataset.xlsx
Creag Mhor Cemetery (Nether Lochaber Community Association),Highland,0.000822,2022,https://www.gov.scot/binaries/content/documents/govscot/publications/statistics/2025/11/community-ownership-in-scotland-2024/documents/community-ownership-in-scotland-2024---dataset/community-ownership-in-scotland-2024---dataset/govscot%3Adocument/Community%2BOwnership%2Bin%2BScotland%2B2024%2B-%2BDataset.xlsx
Community Centre (Nethy Bridge Community Centre),Highland,,1911,https://www.gov.scot/binaries/content/documents/govscot/publications/statistics/2025/11/community-ownership-in-scotland-2024/documents/community-ownership-in-scotland-2024---dataset/community-ownership-in-scotland-2024---dataset/govscot%3Adocument/Community%2BOwnership%2Bin%2BScotland%2B2024%2B-%2BDataset.xlsx
Nethy Knoll (Nethy Bridge Community Centre),Highland,,2011,https://www.gov.scot/binaries/content/documents/govscot/publications/statistics/2025/11/community-ownership-in-scotland-2024/documents/community-ownership-in-scotland-2024---dataset/community-ownership-in-scotland-2024---dataset/govscot%3Adocument/Community%2BOwnership%2Bin%2BScotland%2B2024%2B-%2BDataset.xlsx
Playing Field (Nethy Bridge Community Centre),Highland,,1965,https://www.gov.scot/binaries/content/documents/govscot/publications/statistics/2025/11/community-ownership-in-scotland-2024/documents/community-ownership-in-scotland-2024---dataset/community-ownership-in-scotland-2024---dataset/govscot%3Adocument/Community%2BOwnership%2Bin%2BScotland%2B2024%2B-%2BDataset.xlsx
The Birch Wood (Nethy Bridge Community Centre),Highland,0.019023,2013,https://www.gov.scot/binaries/content/documents/govscot/publications/statistics/2025/11/community-ownership-in-scotland-2024/documents/community-ownership-in-scotland-2024---dataset/community-ownership-in-scotland-2024---dataset/govscot%3Adocument/Community%2BOwnership%2Bin%2BScotland%2B2024%2B-%2BDataset.xlsx
49 Castle (New Cumnock Development Trust),East Ayrshire,5.7e-05,2020,https://www.gov.scot/binaries/content/documents/govscot/publications/statistics/2025/11/community-ownership-in-scotland-2024/documents/community-ownership-in-scotland-2024---dataset/community-ownership-in-scotland-2024---dataset/govscot%3Adocument/Community%2BOwnership%2Bin%2BScotland%2B2024%2B-%2BDataset.xlsx
Former Castle Hotel (New Cumnock Development Trust),East Ayrshire,0.000707,2019,https://www.gov.scot/binaries/content/documents/govscot/publications/statistics/2025/11/community-ownership-in-scotland-2024/documents/community-ownership-in-scotland-2024---dataset/community-ownership-in-scotland-2024---dataset/govscot%3Adocument/Community%2BOwnership%2Bin%2BScotland%2B2024%2B-%2BDataset.xlsx
21 Castle (New Cumnock Development Trust),East Ayrshire,0.000325,2019,https://www.gov.scot/binaries/content/documents/govscot/publications/statistics/2025/11/community-ownership-in-scotland-2024/documents/community-ownership-in-scotland-2024---dataset/community-ownership-in-scotland-2024---dataset/govscot%3Adocument/Community%2BOwnership%2Bin%2BScotland%2B2024%2B-%2BDataset.xlsx
Trotters Building (New Cumnock Development Trust),East Ayrshire,0.001502,2022,https://www.gov.scot/binaries/content/documents/govscot/publications/statistics/2025/11/community-ownership-in-scotland-2024/documents/community-ownership-in-scotland-2024---dataset/community-ownership-in-scotland-2024---dataset/govscot%3Adocument/Community%2BOwnership%2Bin%2BScotland%2B2024%2B-%2BDataset.xlsx
New Galloway Community Shop and Self-Catering Cottages (New Galloway Community Enterprises Limited),Dumfries and Galloway,0.000934,2017,https://www.gov.scot/binaries/content/documents/govscot/publications/statistics/2025/11/community-ownership-in-scotland-2024/documents/community-ownership-in-scotland-2024---dataset/community-ownership-in-scotland-2024---dataset/govscot%3Adocument/Community%2BOwnership%2Bin%2BScotland%2B2024%2B-%2BDataset.xlsx
Kenmuir Arms Hotel (New Luce Community Trust),Dumfries and Galloway,0.002249,2019,https://www.gov.scot/binaries/content/documents/govscot/publications/statistics/2025/11/community-ownership-in-scotland-2024/documents/community-ownership-in-scotland-2024---dataset/community-ownership-in-scotland-2024---dataset/govscot%3Adocument/Community%2BOwnership%2Bin%2BScotland%2B2024%2B-%2BDataset.xlsx
Lochmill Reservoir and Surrounding Land (Newburgh Community Trust),Fife,0.259223,2015,https://www.gov.scot/binaries/content/documents/govscot/publications/statistics/2025/11/community-ownership-in-scotland-2024/documents/community-ownership-in-scotland-2024---dataset/community-ownership-in-scotland-2024---dataset/govscot%3Adocument/Community%2BOwnership%2Bin%2BScotland%2B2024%2B-%2BDataset.xlsx
Newburgh Waterfront Piers (Newburgh Community Trust),Fife,0.00895,2007,https://www.gov.scot/binaries/content/documents/govscot/publications/statistics/2025/11/community-ownership-in-scotland-2024/documents/community-ownership-in-scotland-2024---dataset/community-ownership-in-scotland-2024---dataset/govscot%3Adocument/Community%2BOwnership%2Bin%2BScotland%2B2024%2B-%2BDataset.xlsx
Newcastleton Community Fuel Pump (Newcastleton & District Community Trust),Scottish Borders,0.000562,2016,https://www.gov.scot/binaries/content/documents/govscot/publications/statistics/2025/11/community-ownership-in-scotland-2024/documents/community-ownership-in-scotland-2024---dataset/community-ownership-in-scotland-2024---dataset/govscot%3Adocument/Community%2BOwnership%2Bin%2BScotland%2B2024%2B-%2BDataset.xlsx
Buccleuch House (Newcastleton & District Community Trust),Scottish Borders,0.000488,2016,https://www.gov.scot/binaries/content/documents/govscot/publications/statistics/2025/11/community-ownership-in-scotland-2024/documents/community-ownership-in-scotland-2024---dataset/community-ownership-in-scotland-2024---dataset/govscot%3Adocument/Community%2BOwnership%2Bin%2BScotland%2B2024%2B-%2BDataset.xlsx
Holm Hill (Newcastleton & District Community Trust),Scottish Borders,3.0741,2020,https://www.gov.scot/binaries/content/documents/govscot/publications/statistics/2025/11/community-ownership-in-scotland-2024/documents/community-ownership-in-scotland-2024---dataset/community-ownership-in-scotland-2024---dataset/govscot%3Adocument/Community%2BOwnership%2Bin%2BScotland%2B2024%2B-%2BDataset.xlsx
Newlands Centre (Newlands Community Development Trust),Scottish Borders,0.0077,2010,https://www.gov.scot/binaries/content/documents/govscot/publications/statistics/2025/11/community-ownership-in-scotland-2024/documents/community-ownership-in-scotland-2024---dataset/community-ownership-in-scotland-2024---dataset/govscot%3Adocument/Community%2BOwnership%2Bin%2BScotland%2B2024%2B-%2BDataset.xlsx
Newlands Hall (Newlands Community Development Trust),Scottish Borders,0.000541,2014,https://www.gov.scot/binaries/content/documents/govscot/publications/statistics/2025/11/community-ownership-in-scotland-2024/documents/community-ownership-in-scotland-2024---dataset/community-ownership-in-scotland-2024---dataset/govscot%3Adocument/Community%2BOwnership%2Bin%2BScotland%2B2024%2B-%2BDataset.xlsx
Newmains Community Trust Centre (Newmains Community Trust),North Lanarkshire,0.004849,2016,https://www.gov.scot/binaries/content/documents/govscot/publications/statistics/2025/11/community-ownership-in-scotland-2024/documents/community-ownership-in-scotland-2024---dataset/community-ownership-in-scotland-2024---dataset/govscot%3Adocument/Community%2BOwnership%2Bin%2BScotland%2B2024%2B-%2BDataset.xlsx
Closeburn Passivhaus Project at Castle Crescent (Nith Valley LEAF Trust),Dumfries and Galloway,0.001426,2019,https://www.gov.scot/binaries/content/documents/govscot/publications/statistics/2025/11/community-ownership-in-scotland-2024/documents/community-ownership-in-scotland-2024---dataset/community-ownership-in-scotland-2024---dataset/govscot%3Adocument/Community%2BOwnership%2Bin%2BScotland%2B2024%2B-%2BDataset.xlsx
Community Housing at Woodend Avenue (Nith Valley LEAF Trust),Dumfries and Galloway,0.000225,2014,https://www.gov.scot/binaries/content/documents/govscot/publications/statistics/2025/11/community-ownership-in-scotland-2024/documents/community-ownership-in-scotland-2024---dataset/community-ownership-in-scotland-2024---dataset/govscot%3Adocument/Community%2BOwnership%2Bin%2BScotland%2B2024%2B-%2BDataset.xlsx
Closeburn School Playing Field (Nith Valley LEAF Trust),Dumfries and Galloway,0.02206,2023,https://www.gov.scot/binaries/content/documents/govscot/publications/statistics/2025/11/community-ownership-in-scotland-2024/documents/community-ownership-in-scotland-2024---dataset/community-ownership-in-scotland-2024---dataset/govscot%3Adocument/Community%2BOwnership%2Bin%2BScotland%2B2024%2B-%2BDataset.xlsx
Closeburn Community Shop (Nith Valley LEAF Trust),Dumfries and Galloway,0.000776,2023,https://www.gov.scot/binaries/content/documents/govscot/publications/statistics/2025/11/community-ownership-in-scotland-2024/documents/community-ownership-in-scotland-2024---dataset/community-ownership-in-scotland-2024---dataset/govscot%3Adocument/Community%2BOwnership%2Bin%2BScotland%2B2024%2B-%2BDataset.xlsx
Lochranza Country Inn (North Arran Community Benefit Society),North Ayrshire,0.002018,2022,https://www.gov.scot/binaries/content/documents/govscot/publications/statistics/2025/11/community-ownership-in-scotland-2024/documents/community-ownership-in-scotland-2024---dataset/community-ownership-in-scotland-2024---dataset/govscot%3Adocument/Community%2BOwnership%2Bin%2BScotland%2B2024%2B-%2BDataset.xlsx
46 High Street (North Carrick Community Benefit Company),South Ayrshire,0.000297,2021,https://www.gov.scot/binaries/content/documents/govscot/publications/statistics/2025/11/community-ownership-in-scotland-2024/documents/community-ownership-in-scotland-2024---dataset/community-ownership-in-scotland-2024---dataset/govscot%3Adocument/Community%2BOwnership%2Bin%2BScotland%2B2024%2B-%2BDataset.xlsx
The Gatherings (North Carrick Community Benefit Company),South Ayrshire,0.000105,2021,https://www.gov.scot/binaries/content/documents/govscot/publications/statistics/2025/11/community-ownership-in-scotland-2024/documents/community-ownership-in-scotland-2024---dataset/community-ownership-in-scotland-2024---dataset/govscot%3Adocument/Community%2BOwnership%2Bin%2BScotland%2B2024%2B-%2BDataset.xlsx
Kyle Centre (North Coast Connection),Highland,0.001183,2013,https://www.gov.scot/binaries/content/documents/govscot/publications/statistics/2025/11/community-ownership-in-scotland-2024/documents/community-ownership-in-scotland-2024---dataset/community-ownership-in-scotland-2024---dataset/govscot%3Adocument/Community%2BOwnership%2Bin%2BScotland%2B2024%2B-%2BDataset.xlsx
St David's Centre (North East Fife Community Hub),Fife,0.002474,2021,https://www.gov.scot/binaries/content/documents/govscot/publications/statistics/2025/11/community-ownership-in-scotland-2024/documents/community-ownership-in-scotland-2024---dataset/community-ownership-in-scotland-2024---dataset/govscot%3Adocument/Community%2BOwnership%2Bin%2BScotland%2B2024%2B-%2BDataset.xlsx
North Edinburgh Arts Centre (North Edinburgh Arts),City of Edinburgh,,2001,https://www.gov.scot/binaries/content/documents/govscot/publications/statistics/2025/11/community-ownership-in-scotland-2024/documents/community-ownership-in-scotland-2024---dataset/community-ownership-in-scotland-2024---dataset/govscot%3Adocument/Community%2BOwnership%2Bin%2BScotland%2B2024%2B-%2BDataset.xlsx
North Harris Estate (North Harris Trust),Na h-Eileanan Siar,213.605,2003,https://www.gov.scot/binaries/content/documents/govscot/publications/statistics/2025/11/community-ownership-in-scotland-2024/documents/community-ownership-in-scotland-2024---dataset/community-ownership-in-scotland-2024---dataset/govscot%3Adocument/Community%2BOwnership%2Bin%2BScotland%2B2024%2B-%2BDataset.xlsx
Tigh an Urrais - Part 1 (North Harris Trust),Na h-Eileanan Siar,0.000109,2003,https://www.gov.scot/binaries/content/documents/govscot/publications/statistics/2025/11/community-ownership-in-scotland-2024/documents/community-ownership-in-scotland-2024---dataset/community-ownership-in-scotland-2024---dataset/govscot%3Adocument/Community%2BOwnership%2Bin%2BScotland%2B2024%2B-%2BDataset.xlsx
Tigh an Urrais - Part 2 (North Harris Trust),Na h-Eileanan Siar,0.000104,2004,https://www.gov.scot/binaries/content/documents/govscot/publications/statistics/2025/11/community-ownership-in-scotland-2024/documents/community-ownership-in-scotland-2024---dataset/community-ownership-in-scotland-2024---dataset/govscot%3Adocument/Community%2BOwnership%2Bin%2BScotland%2B2024%2B-%2BDataset.xlsx
Ground at Tigh an Urrais (North Harris Trust),Na h-Eileanan Siar,4.5e-05,2010,https://www.gov.scot/binaries/content/documents/govscot/publications/statistics/2025/11/community-ownership-in-scotland-2024/documents/community-ownership-in-scotland-2024---dataset/community-ownership-in-scotland-2024---dataset/govscot%3Adocument/Community%2BOwnership%2Bin%2BScotland%2B2024%2B-%2BDataset.xlsx
Loch Seaforth Estate (North Harris Trust),Na h-Eileanan Siar,29.1075,2006,https://www.gov.scot/binaries/content/documents/govscot/publications/statistics/2025/11/community-ownership-in-scotland-2024/documents/community-ownership-in-scotland-2024---dataset/community-ownership-in-scotland-2024---dataset/govscot%3Adocument/Community%2BOwnership%2Bin%2BScotland%2B2024%2B-%2BDataset.xlsx
Scalpay Estate (North Harris Trust),Na h-Eileanan Siar,7.082,2013,https://www.gov.scot/binaries/content/documents/govscot/publications/statistics/2025/11/community-ownership-in-scotland-2024/documents/community-ownership-in-scotland-2024---dataset/community-ownership-in-scotland-2024---dataset/govscot%3Adocument/Community%2BOwnership%2Bin%2BScotland%2B2024%2B-%2BDataset.xlsx
Zero-Carbon Business Units - Tarbert (North Harris Trust),Na h-Eileanan Siar,,2013,https://www.gov.scot/binaries/content/documents/govscot/publications/statistics/2025/11/community-ownership-in-scotland-2024/documents/community-ownership-in-scotland-2024---dataset/community-ownership-in-scotland-2024---dataset/govscot%3Adocument/Community%2BOwnership%2Bin%2BScotland%2B2024%2B-%2BDataset.xlsx
Creag Aonaich Affordable Housing (North Harris Trust),Na h-Eileanan Siar,0.000458,2017,https://www.gov.scot/binaries/content/documents/govscot/publications/statistics/2025/11/community-ownership-in-scotland-2024/documents/community-ownership-in-scotland-2024---dataset/community-ownership-in-scotland-2024---dataset/govscot%3Adocument/Community%2BOwnership%2Bin%2BScotland%2B2024%2B-%2BDataset.xlsx
The Pund (North Ronaldsay Trust),Orkney Islands,0.028496,2021,https://www.gov.scot/binaries/content/documents/govscot/publications/statistics/2025/11/community-ownership-in-scotland-2024/documents/community-ownership-in-scotland-2024---dataset/community-ownership-in-scotland-2024---dataset/govscot%3Adocument/Community%2BOwnership%2Bin%2BScotland%2B2024%2B-%2BDataset.xlsx
Ground at the Pund (North Ronaldsay Trust),Orkney Islands,1e-06,2023,https://www.gov.scot/binaries/content/documents/govscot/publications/statistics/2025/11/community-ownership-in-scotland-2024/documents/community-ownership-in-scotland-2024---dataset/community-ownership-in-scotland-2024---dataset/govscot%3Adocument/Community%2BOwnership%2Bin%2BScotland%2B2024%2B-%2BDataset.xlsx
North Ronaldsay Lighthouse (North Ronaldsay Trust),Orkney Islands,0.006136,2004,https://www.gov.scot/binaries/content/documents/govscot/publications/statistics/2025/11/community-ownership-in-scotland-2024/documents/community-ownership-in-scotland-2024---dataset/community-ownership-in-scotland-2024---dataset/govscot%3Adocument/Community%2BOwnership%2Bin%2BScotland%2B2024%2B-%2BDataset.xlsx
The Old Kirk (North Ronaldsay Trust),Orkney Islands,0.000146,2005,https://www.gov.scot/binaries/content/documents/govscot/publications/statistics/2025/11/community-ownership-in-scotland-2024/documents/community-ownership-in-scotland-2024---dataset/community-ownership-in-scotland-2024---dataset/govscot%3Adocument/Community%2BOwnership%2Bin%2BScotland%2B2024%2B-%2BDataset.xlsx
The Drying Plant (North Sutherland Community Forestry Trust),Highland,,2002,https://www.gov.scot/binaries/content/documents/govscot/publications/statistics/2025/11/community-ownership-in-scotland-2024/documents/community-ownership-in-scotland-2024---dataset/community-ownership-in-scotland-2024---dataset/govscot%3Adocument/Community%2BOwnership%2Bin%2BScotland%2B2024%2B-%2BDataset.xlsx
Forsinain Community Woodland (North Sutherland Community Forestry Trust),Highland,0.362327,2018,https://www.gov.scot/binaries/content/documents/govscot/publications/statistics/2025/11/community-ownership-in-scotland-2024/documents/community-ownership-in-scotland-2024---dataset/community-ownership-in-scotland-2024---dataset/govscot%3Adocument/Community%2BOwnership%2Bin%2BScotland%2B2024%2B-%2BDataset.xlsx
Dervaig Public Toilet (North West Mull Community Woodland Company Limited),Argyll and Bute,0.000499,2017,https://www.gov.scot/binaries/content/documents/govscot/publications/statistics/2025/11/community-ownership-in-scotland-2024/documents/community-ownership-in-scotland-2024---dataset/community-ownership-in-scotland-2024---dataset/govscot%3Adocument/Community%2BOwnership%2Bin%2BScotland%2B2024%2B-%2BDataset.xlsx
Isle of Ulva (North West Mull Community Woodland Company Limited),Argyll and Bute,20.3509,2018,https://www.gov.scot/binaries/content/documents/govscot/publications/statistics/2025/11/community-ownership-in-scotland-2024/documents/community-ownership-in-scotland-2024---dataset/community-ownership-in-scotland-2024---dataset/govscot%3Adocument/Community%2BOwnership%2Bin%2BScotland%2B2024%2B-%2BDataset.xlsx
Langamull Woodland (North West Mull Community Woodland Company Limited),Argyll and Bute,2.46485,2006,https://www.gov.scot/binaries/content/documents/govscot/publications/statistics/2025/11/community-ownership-in-scotland-2024/documents/community-ownership-in-scotland-2024---dataset/community-ownership-in-scotland-2024---dataset/govscot%3Adocument/Community%2BOwnership%2Bin%2BScotland%2B2024%2B-%2BDataset.xlsx
West Ardhu Woodland (North West Mull Community Woodland Company Limited),Argyll and Bute,4.3726,2008,https://www.gov.scot/binaries/content/documents/govscot/publications/statistics/2025/11/community-ownership-in-scotland-2024/documents/community-ownership-in-scotland-2024---dataset/community-ownership-in-scotland-2024---dataset/govscot%3Adocument/Community%2BOwnership%2Bin%2BScotland%2B2024%2B-%2BDataset.xlsx
North Yell Community Shop (North Yell Development Council),Shetland Islands,0.004744,2024,https://www.gov.scot/binaries/content/documents/govscot/publications/statistics/2025/11/community-ownership-in-scotland-2024/documents/community-ownership-in-scotland-2024---dataset/community-ownership-in-scotland-2024---dataset/govscot%3Adocument/Community%2BOwnership%2Bin%2BScotland%2B2024%2B-%2BDataset.xlsx
Units 3 and 4 - Sellafirth Business Park (North Yell Development Council),Shetland Islands,0.000342,2024,https://www.gov.scot/binaries/content/documents/govscot/publications/statistics/2025/11/community-ownership-in-scotland-2024/documents/community-ownership-in-scotland-2024---dataset/community-ownership-in-scotland-2024---dataset/govscot%3Adocument/Community%2BOwnership%2Bin%2BScotland%2B2024%2B-%2BDataset.xlsx
Ground at Stucca (Northmavine Community Development Company),Shetland Islands,0.003869,2009,https://www.gov.scot/binaries/content/documents/govscot/publications/statistics/2025/11/community-ownership-in-scotland-2024/documents/community-ownership-in-scotland-2024---dataset/community-ownership-in-scotland-2024---dataset/govscot%3Adocument/Community%2BOwnership%2Bin%2BScotland%2B2024%2B-%2BDataset.xlsx
Hillswick Shop (Northmavine Community Development Company),Shetland Islands,0.001163,2009,https://www.gov.scot/binaries/content/documents/govscot/publications/statistics/2025/11/community-ownership-in-scotland-2024/documents/community-ownership-in-scotland-2024---dataset/community-ownership-in-scotland-2024---dataset/govscot%3Adocument/Community%2BOwnership%2Bin%2BScotland%2B2024%2B-%2BDataset.xlsx
Oban Phoenix Cinema (Oban Phoenix Cinema),Argyll and Bute,0.000976,2011,https://www.gov.scot/binaries/content/documents/govscot/publications/statistics/2025/11/community-ownership-in-scotland-2024/documents/community-ownership-in-scotland-2024---dataset/community-ownership-in-scotland-2024---dataset/govscot%3Adocument/Community%2BOwnership%2Bin%2BScotland%2B2024%2B-%2BDataset.xlsx
Ochiltree Community Hub (Ochiltree Community Hub),East Ayrshire,0.002135,2018,https://www.gov.scot/binaries/content/documents/govscot/publications/statistics/2025/11/community-ownership-in-scotland-2024/documents/community-ownership-in-scotland-2024---dataset/community-ownership-in-scotland-2024---dataset/govscot%3Adocument/Community%2BOwnership%2Bin%2BScotland%2B2024%2B-%2BDataset.xlsx
Ground at Whitefield Loch (Old Luce Community Council),Dumfries and Galloway,0.056261,2005,https://www.gov.scot/binaries/content/documents/govscot/publications/statistics/2025/11/community-ownership-in-scotland-2024/documents/community-ownership-in-scotland-2024---dataset/community-ownership-in-scotland-2024---dataset/govscot%3Adocument/Community%2BOwnership%2Bin%2BScotland%2B2024%2B-%2BDataset.xlsx
Glenluce Village Square (Old Luce Development Trust),Dumfries and Galloway,0.000252,2017,https://www.gov.scot/binaries/content/documents/govscot/publications/statistics/2025/11/community-ownership-in-scotland-2024/documents/community-ownership-in-scotland-2024---dataset/community-ownership-in-scotland-2024---dataset/govscot%3Adocument/Community%2BOwnership%2Bin%2BScotland%2B2024%2B-%2BDataset.xlsx
Café/Restaurant Premises (Old Luce Development Trust),Dumfries and Galloway,0.00014,2017,https://www.gov.scot/binaries/content/documents/govscot/publications/statistics/2025/11/community-ownership-in-scotland-2024/documents/community-ownership-in-scotland-2024---dataset/community-ownership-in-scotland-2024---dataset/govscot%3Adocument/Community%2BOwnership%2Bin%2BScotland%2B2024%2B-%2BDataset.xlsx
Balkail Glen (Old Luce Development Trust),Dumfries and Galloway,0.138786,2017,https://www.gov.scot/binaries/content/documents/govscot/publications/statistics/2025/11/community-ownership-in-scotland-2024/documents/community-ownership-in-scotland-2024---dataset/community-ownership-in-scotland-2024---dataset/govscot%3Adocument/Community%2BOwnership%2Bin%2BScotland%2B2024%2B-%2BDataset.xlsx
Glenluce Surgery (Old Luce Development Trust),Dumfries and Galloway,0.002684,2021,https://www.gov.scot/binaries/content/documents/govscot/publications/statistics/2025/11/community-ownership-in-scotland-2024/documents/community-ownership-in-scotland-2024---dataset/community-ownership-in-scotland-2024---dataset/govscot%3Adocument/Community%2BOwnership%2Bin%2BScotland%2B2024%2B-%2BDataset.xlsx
Ground to rear of GP Surgery (Old Luce Development Trust),Dumfries and Galloway,0.002897,2021,https://www.gov.scot/binaries/content/documents/govscot/publications/statistics/2025/11/community-ownership-in-scotland-2024/documents/community-ownership-in-scotland-2024---dataset/community-ownership-in-scotland-2024---dataset/govscot%3Adocument/Community%2BOwnership%2Bin%2BScotland%2B2024%2B-%2BDataset.xlsx
Woodside Industrial Estate (Old Luce Development Trust),Dumfries and Galloway,0.006487,2022,https://www.gov.scot/binaries/content/documents/govscot/publications/statistics/2025/11/community-ownership-in-scotland-2024/documents/community-ownership-in-scotland-2024---dataset/community-ownership-in-scotland-2024---dataset/govscot%3Adocument/Community%2BOwnership%2Bin%2BScotland%2B2024%2B-%2BDataset.xlsx
Dunragit Community Hub (Old Luce Development Trust),Dumfries and Galloway,0.001957,2023,https://www.gov.scot/binaries/content/documents/govscot/publications/statistics/2025/11/community-ownership-in-scotland-2024/documents/community-ownership-in-scotland-2024---dataset/community-ownership-in-scotland-2024---dataset/govscot%3Adocument/Community%2BOwnership%2Bin%2BScotland%2B2024%2B-%2BDataset.xlsx
Old School Thornhill (Old School Thornhill),Dumfries and Galloway,0.002672,2019,https://www.gov.scot/binaries/content/documents/govscot/publications/statistics/2025/11/community-ownership-in-scotland-2024/documents/community-ownership-in-scotland-2024---dataset/community-ownership-in-scotland-2024---dataset/govscot%3Adocument/Community%2BOwnership%2Bin%2BScotland%2B2024%2B-%2BDataset.xlsx
Ollaberry Shop (Ollaberry Community Enterprise Limited),Shetland Islands,0.002091,2009,https://www.gov.scot/binaries/content/documents/govscot/publications/statistics/2025/11/community-ownership-in-scotland-2024/documents/community-ownership-in-scotland-2024---dataset/community-ownership-in-scotland-2024---dataset/govscot%3Adocument/Community%2BOwnership%2Bin%2BScotland%2B2024%2B-%2BDataset.xlsx
Out of the Blue Drill Hall (Out of the Blue Arts and Education Trust),City of Edinburgh,0.002033,2003,https://www.gov.scot/binaries/content/documents/govscot/publications/statistics/2025/11/community-ownership-in-scotland-2024/documents/community-ownership-in-scotland-2024---dataset/community-ownership-in-scotland-2024---dataset/govscot%3Adocument/Community%2BOwnership%2Bin%2BScotland%2B2024%2B-%2BDataset.xlsx
Palnackie Village Shop and Café (Palnackie Village Shop Limited),Dumfries and Galloway,0.000586,2019,https://www.gov.scot/binaries/content/documents/govscot/publications/statistics/2025/11/community-ownership-in-scotland-2024/documents/community-ownership-in-scotland-2024---dataset/community-ownership-in-scotland-2024---dataset/govscot%3Adocument/Community%2BOwnership%2Bin%2BScotland%2B2024%2B-%2BDataset.xlsx
Aalsker (Papay Community Co-Operative),Orkney Islands,0.000463,2014,https://www.gov.scot/binaries/content/documents/govscot/publications/statistics/2025/11/community-ownership-in-scotland-2024/documents/community-ownership-in-scotland-2024---dataset/community-ownership-in-scotland-2024---dataset/govscot%3Adocument/Community%2BOwnership%2Bin%2BScotland%2B2024%2B-%2BDataset.xlsx
Papay Community Shop & Papa Westray Hostel (Papay Community Co-Operative),Orkney Islands,0.000405,1978,https://www.gov.scot/binaries/content/documents/govscot/publications/statistics/2025/11/community-ownership-in-scotland-2024/documents/community-ownership-in-scotland-2024---dataset/community-ownership-in-scotland-2024---dataset/govscot%3Adocument/Community%2BOwnership%2Bin%2BScotland%2B2024%2B-%2BDataset.xlsx
House and ground at Bewan (Papay Development Trust),Orkney Islands,0.107242,2019,https://www.gov.scot/binaries/content/documents/govscot/publications/statistics/2025/11/community-ownership-in-scotland-2024/documents/community-ownership-in-scotland-2024---dataset/community-ownership-in-scotland-2024---dataset/govscot%3Adocument/Community%2BOwnership%2Bin%2BScotland%2B2024%2B-%2BDataset.xlsx
Papay Community Garage (Papay Development Trust),Orkney Islands,0.000192,2004,https://www.gov.scot/binaries/content/documents/govscot/publications/statistics/2025/11/community-ownership-in-scotland-2024/documents/community-ownership-in-scotland-2024---dataset/community-ownership-in-scotland-2024---dataset/govscot%3Adocument/Community%2BOwnership%2Bin%2BScotland%2B2024%2B-%2BDataset.xlsx
Kelp Store Heritage & Art Centre (Papay Development Trust),Orkney Islands,0.000162,2000,https://www.gov.scot/binaries/content/documents/govscot/publications/statistics/2025/11/community-ownership-in-scotland-2024/documents/community-ownership-in-scotland-2024---dataset/community-ownership-in-scotland-2024---dataset/govscot%3Adocument/Community%2BOwnership%2Bin%2BScotland%2B2024%2B-%2BDataset.xlsx
Morven House & Papay Market Garden (Papay Development Trust),Orkney Islands,0.000162,2000,https://www.gov.scot/binaries/content/documents/govscot/publications/statistics/2025/11/community-ownership-in-scotland-2024/documents/community-ownership-in-scotland-2024---dataset/community-ownership-in-scotland-2024---dataset/govscot%3Adocument/Community%2BOwnership%2Bin%2BScotland%2B2024%2B-%2BDataset.xlsx
Rose Cottage (Papay Development Trust),Orkney Islands,0.000496,2015,https://www.gov.scot/binaries/content/documents/govscot/publications/statistics/2025/11/community-ownership-in-scotland-2024/documents/community-ownership-in-scotland-2024---dataset/community-ownership-in-scotland-2024---dataset/govscot%3Adocument/Community%2BOwnership%2Bin%2BScotland%2B2024%2B-%2BDataset.xlsx
Fairview (Papay Development Trust),Orkney Islands,0.000884,2023,https://www.gov.scot/binaries/content/documents/govscot/publications/statistics/2025/11/community-ownership-in-scotland-2024/documents/community-ownership-in-scotland-2024---dataset/community-ownership-in-scotland-2024---dataset/govscot%3Adocument/Community%2BOwnership%2Bin%2BScotland%2B2024%2B-%2BDataset.xlsx
Holm View (Papay Development Trust),Orkney Islands,0.001362,2024,https://www.gov.scot/binaries/content/documents/govscot/publications/statistics/2025/11/community-ownership-in-scotland-2024/documents/community-ownership-in-scotland-2024---dataset/community-ownership-in-scotland-2024---dataset/govscot%3Adocument/Community%2BOwnership%2Bin%2BScotland%2B2024%2B-%2BDataset.xlsx
Eshiels Community Woodland (Peebles Community Trust),Scottish Borders,0.069,2019,https://www.gov.scot/binaries/content/documents/govscot/publications/statistics/2025/11/community-ownership-in-scotland-2024/documents/community-ownership-in-scotland-2024---dataset/community-ownership-in-scotland-2024---dataset/govscot%3Adocument/Community%2BOwnership%2Bin%2BScotland%2B2024%2B-%2BDataset.xlsx
School Brae Hub (Peebles Community Trust),Scottish Borders,0.000585,2019,https://www.gov.scot/binaries/content/documents/govscot/publications/statistics/2025/11/community-ownership-in-scotland-2024/documents/community-ownership-in-scotland-2024---dataset/community-ownership-in-scotland-2024---dataset/govscot%3Adocument/Community%2BOwnership%2Bin%2BScotland%2B2024%2B-%2BDataset.xlsx
Pen-Y-Coe Press and Papermaking Museum (Penicuik Community Development Trust),Midlothian,0.000637,2021,https://www.gov.scot/binaries/content/documents/govscot/publications/statistics/2025/11/community-ownership-in-scotland-2024/documents/community-ownership-in-scotland-2024---dataset/community-ownership-in-scotland-2024---dataset/govscot%3Adocument/Community%2BOwnership%2Bin%2BScotland%2B2024%2B-%2BDataset.xlsx
Pennyghael Community Hall (Pennyghael Community Hall),Argyll and Bute,0.00104,2007,https://www.gov.scot/binaries/content/documents/govscot/publications/statistics/2025/11/community-ownership-in-scotland-2024/documents/community-ownership-in-scotland-2024---dataset/community-ownership-in-scotland-2024---dataset/govscot%3Adocument/Community%2BOwnership%2Bin%2BScotland%2B2024%2B-%2BDataset.xlsx
Hub@531 (Pentlands Community Space),City of Edinburgh,0.000117,2021,https://www.gov.scot/binaries/content/documents/govscot/publications/statistics/2025/11/community-ownership-in-scotland-2024/documents/community-ownership-in-scotland-2024---dataset/community-ownership-in-scotland-2024---dataset/govscot%3Adocument/Community%2BOwnership%2Bin%2BScotland%2B2024%2B-%2BDataset.xlsx
The Swan Inn (People United for Banton),North Lanarkshire,0.000317,2018,https://www.gov.scot/binaries/content/documents/govscot/publications/statistics/2025/11/community-ownership-in-scotland-2024/documents/community-ownership-in-scotland-2024---dataset/community-ownership-in-scotland-2024---dataset/govscot%3Adocument/Community%2BOwnership%2Bin%2BScotland%2B2024%2B-%2BDataset.xlsx
The Auld School Community Centre (Pinwherry and Pinmore Community Development Trust),South Ayrshire,0.001396,2021,https://www.gov.scot/binaries/content/documents/govscot/publications/statistics/2025/11/community-ownership-in-scotland-2024/documents/community-ownership-in-scotland-2024---dataset/community-ownership-in-scotland-2024---dataset/govscot%3Adocument/Community%2BOwnership%2Bin%2BScotland%2B2024%2B-%2BDataset.xlsx
Pirnmill Community Centre (Pirnmill Village Association),North Ayrshire,0.000509,2023,https://www.gov.scot/binaries/content/documents/govscot/publications/statistics/2025/11/community-ownership-in-scotland-2024/documents/community-ownership-in-scotland-2024---dataset/community-ownership-in-scotland-2024---dataset/govscot%3Adocument/Community%2BOwnership%2Bin%2BScotland%2B2024%2B-%2BDataset.xlsx
Poolewe Swimming Pool (Poolewe & District Swimming Pool Association),Highland,,1988,https://www.gov.scot/binaries/content/documents/govscot/publications/statistics/2025/11/community-ownership-in-scotland-2024/documents/community-ownership-in-scotland-2024---dataset/community-ownership-in-scotland-2024---dataset/govscot%3Adocument/Community%2BOwnership%2Bin%2BScotland%2B2024%2B-%2BDataset.xlsx
Outdoor Gym at Port William Community Youth Centre (Port William Community Development Trust),Dumfries and Galloway,0.000252,2015,https://www.gov.scot/binaries/content/documents/govscot/publications/statistics/2025/11/community-ownership-in-scotland-2024/documents/community-ownership-in-scotland-2024---dataset/community-ownership-in-scotland-2024---dataset/govscot%3Adocument/Community%2BOwnership%2Bin%2BScotland%2B2024%2B-%2BDataset.xlsx
Richmond Arms Hotel (Portgordon Community Trust),Moray,0.000292,2023,https://www.gov.scot/binaries/content/documents/govscot/publications/statistics/2025/11/community-ownership-in-scotland-2024/documents/community-ownership-in-scotland-2024---dataset/community-ownership-in-scotland-2024---dataset/govscot%3Adocument/Community%2BOwnership%2Bin%2BScotland%2B2024%2B-%2BDataset.xlsx
Portlethen & District Men's Shed Portable Cabin (Portlethen & District Men's Shed),Aberdeenshire,,2016,https://www.gov.scot/binaries/content/documents/govscot/publications/statistics/2025/11/community-ownership-in-scotland-2024/documents/community-ownership-in-scotland-2024---dataset/community-ownership-in-scotland-2024---dataset/govscot%3Adocument/Community%2BOwnership%2Bin%2BScotland%2B2024%2B-%2BDataset.xlsx
Portpatrick Harbour including the Portpatrick Harbour Community Hub (Portpatrick Harbour Community Benefit Society),Dumfries and Galloway,0.000987,2012,https://www.gov.scot/binaries/content/documents/govscot/publications/statistics/2025/11/community-ownership-in-scotland-2024/documents/community-ownership-in-scotland-2024---dataset/community-ownership-in-scotland-2024---dataset/govscot%3Adocument/Community%2BOwnership%2Bin%2BScotland%2B2024%2B-%2BDataset.xlsx
Portpatrick Public Toilets (Portpatrick Harbour Community Benefit Society),Dumfries and Galloway,9.2e-05,2017,https://www.gov.scot/binaries/content/documents/govscot/publications/statistics/2025/11/community-ownership-in-scotland-2024/documents/community-ownership-in-scotland-2024---dataset/community-ownership-in-scotland-2024---dataset/govscot%3Adocument/Community%2BOwnership%2Bin%2BScotland%2B2024%2B-%2BDataset.xlsx
Ward Shore Land (Portpatrick Harbour Community Benefit Society),Dumfries and Galloway,0.001237,2017,https://www.gov.scot/binaries/content/documents/govscot/publications/statistics/2025/11/community-ownership-in-scotland-2024/documents/community-ownership-in-scotland-2024---dataset/community-ownership-in-scotland-2024---dataset/govscot%3Adocument/Community%2BOwnership%2Bin%2BScotland%2B2024%2B-%2BDataset.xlsx
Bayfield Car Park (Portree and Braes Community Trust),Highland,0.001972,2020,https://www.gov.scot/binaries/content/documents/govscot/publications/statistics/2025/11/community-ownership-in-scotland-2024/documents/community-ownership-in-scotland-2024---dataset/community-ownership-in-scotland-2024---dataset/govscot%3Adocument/Community%2BOwnership%2Bin%2BScotland%2B2024%2B-%2BDataset.xlsx
Echline Community Woodland (Queensferry and District Community Council),City of Edinburgh,0.003,1992,https://www.gov.scot/binaries/content/documents/govscot/publications/statistics/2025/11/community-ownership-in-scotland-2024/documents/community-ownership-in-scotland-2024---dataset/community-ownership-in-scotland-2024---dataset/govscot%3Adocument/Community%2BOwnership%2Bin%2BScotland%2B2024%2B-%2BDataset.xlsx
Raasay Playpark (Raasay Community Association),Highland,0.001195,2007,https://www.gov.scot/binaries/content/documents/govscot/publications/statistics/2025/11/community-ownership-in-scotland-2024/documents/community-ownership-in-scotland-2024---dataset/community-ownership-in-scotland-2024---dataset/govscot%3Adocument/Community%2BOwnership%2Bin%2BScotland%2B2024%2B-%2BDataset.xlsx
Raasay Community Hall (Raasay Community Association),Highland,0.005832,2007,https://www.gov.scot/binaries/content/documents/govscot/publications/statistics/2025/11/community-ownership-in-scotland-2024/documents/community-ownership-in-scotland-2024---dataset/community-ownership-in-scotland-2024---dataset/govscot%3Adocument/Community%2BOwnership%2Bin%2BScotland%2B2024%2B-%2BDataset.xlsx
The Boathouse (Raasay Development Trust),Highland,0.000201,2017,https://www.gov.scot/binaries/content/documents/govscot/publications/statistics/2025/11/community-ownership-in-scotland-2024/documents/community-ownership-in-scotland-2024---dataset/community-ownership-in-scotland-2024---dataset/govscot%3Adocument/Community%2BOwnership%2Bin%2BScotland%2B2024%2B-%2BDataset.xlsx
35 Inverarish Terrace (Raasay Development Trust),Highland,9.5e-05,2024,https://www.gov.scot/binaries/content/documents/govscot/publications/statistics/2025/11/community-ownership-in-scotland-2024/documents/community-ownership-in-scotland-2024---dataset/community-ownership-in-scotland-2024---dataset/govscot%3Adocument/Community%2BOwnership%2Bin%2BScotland%2B2024%2B-%2BDataset.xlsx
The Pit (Raasay Development Trust),Highland,0.006569,2017,https://www.gov.scot/binaries/content/documents/govscot/publications/statistics/2025/11/community-ownership-in-scotland-2024/documents/community-ownership-in-scotland-2024---dataset/community-ownership-in-scotland-2024---dataset/govscot%3Adocument/Community%2BOwnership%2Bin%2BScotland%2B2024%2B-%2BDataset.xlsx
Raasay House (Raasay House Community Company),Highland,0.3709,2007,https://www.gov.scot/binaries/content/documents/govscot/publications/statistics/2025/11/community-ownership-in-scotland-2024/documents/community-ownership-in-scotland-2024---dataset/community-ownership-in-scotland-2024---dataset/govscot%3Adocument/Community%2BOwnership%2Bin%2BScotland%2B2024%2B-%2BDataset.xlsx
The CornerStone (Rannoch Community Trust),Perth and Kinross,0.002536,2021,https://www.gov.scot/binaries/content/documents/govscot/publications/statistics/2025/11/community-ownership-in-scotland-2024/documents/community-ownership-in-scotland-2024---dataset/community-ownership-in-scotland-2024---dataset/govscot%3Adocument/Community%2BOwnership%2Bin%2BScotland%2B2024%2B-%2BDataset.xlsx
The John Connolly Centre (Renton Community Development Trust),West Dunbartonshire,0.002376,2008,https://www.gov.scot/binaries/content/documents/govscot/publications/statistics/2025/11/community-ownership-in-scotland-2024/documents/community-ownership-in-scotland-2024---dataset/community-ownership-in-scotland-2024---dataset/govscot%3Adocument/Community%2BOwnership%2Bin%2BScotland%2B2024%2B-%2BDataset.xlsx
Rogart Mart (Rogart Development Trust),Highland,0.01254,2019,https://www.gov.scot/binaries/content/documents/govscot/publications/statistics/2025/11/community-ownership-in-scotland-2024/documents/community-ownership-in-scotland-2024---dataset/community-ownership-in-scotland-2024---dataset/govscot%3Adocument/Community%2BOwnership%2Bin%2BScotland%2B2024%2B-%2BDataset.xlsx
Rosyth Community Hub (Rosyth Community Projects Ltd),Fife,0.000369,2021,https://www.gov.scot/binaries/content/documents/govscot/publications/statistics/2025/11/community-ownership-in-scotland-2024/documents/community-ownership-in-scotland-2024---dataset/community-ownership-in-scotland-2024---dataset/govscot%3Adocument/Community%2BOwnership%2Bin%2BScotland%2B2024%2B-%2BDataset.xlsx
"Allotments and Community Gardens & Brinian Play Park (Rousay, Egilsay & Wyre Development Trust)",Orkney Islands,0.001867,2010,https://www.gov.scot/binaries/content/documents/govscot/publications/statistics/2025/11/community-ownership-in-scotland-2024/documents/community-ownership-in-scotland-2024---dataset/community-ownership-in-scotland-2024---dataset/govscot%3Adocument/Community%2BOwnership%2Bin%2BScotland%2B2024%2B-%2BDataset.xlsx
"Ground at Windbreck (Rousay, Egilsay & Wyre Development Trust)",Orkney Islands,0.028735,2011,https://www.gov.scot/binaries/content/documents/govscot/publications/statistics/2025/11/community-ownership-in-scotland-2024/documents/community-ownership-in-scotland-2024---dataset/community-ownership-in-scotland-2024---dataset/govscot%3Adocument/Community%2BOwnership%2Bin%2BScotland%2B2024%2B-%2BDataset.xlsx
"The Pier Store (Rousay, Egilsay & Wyre Development Trust)",Orkney Islands,0.00012,2019,https://www.gov.scot/binaries/content/documents/govscot/publications/statistics/2025/11/community-ownership-in-scotland-2024/documents/community-ownership-in-scotland-2024---dataset/community-ownership-in-scotland-2024---dataset/govscot%3Adocument/Community%2BOwnership%2Bin%2BScotland%2B2024%2B-%2BDataset.xlsx
"Pier Building (Rousay, Egilsay & Wyre Development Trust)",Orkney Islands,0.001346,2020,https://www.gov.scot/binaries/content/documents/govscot/publications/statistics/2025/11/community-ownership-in-scotland-2024/documents/community-ownership-in-scotland-2024---dataset/community-ownership-in-scotland-2024---dataset/govscot%3Adocument/Community%2BOwnership%2Bin%2BScotland%2B2024%2B-%2BDataset.xlsx
"Ground at Trumland Pier (Rousay, Egilsay & Wyre Development Trust)",Orkney Islands,0.000152,2023,https://www.gov.scot/binaries/content/documents/govscot/publications/statistics/2025/11/community-ownership-in-scotland-2024/documents/community-ownership-in-scotland-2024---dataset/community-ownership-in-scotland-2024---dataset/govscot%3Adocument/Community%2BOwnership%2Bin%2BScotland%2B2024%2B-%2BDataset.xlsx
"The Taversoe (Rousay, Egilsay & Wyre Development Trust)",Orkney Islands,0.002535,2024,https://www.gov.scot/binaries/content/documents/govscot/publications/statistics/2025/11/community-ownership-in-scotland-2024/documents/community-ownership-in-scotland-2024---dataset/community-ownership-in-scotland-2024---dataset/govscot%3Adocument/Community%2BOwnership%2Bin%2BScotland%2B2024%2B-%2BDataset.xlsx
SEAchange Woodland (SEAchange - Slains Environmental Action for change),Aberdeenshire,0.11119,2021,https://www.gov.scot/binaries/content/documents/govscot/publications/statistics/2025/11/community-ownership-in-scotland-2024/documents/community-ownership-in-scotland-2024---dataset/community-ownership-in-scotland-2024---dataset/govscot%3Adocument/Community%2BOwnership%2Bin%2BScotland%2B2024%2B-%2BDataset.xlsx
Slains Kirk & Kirk Wood (SEAchange - Slains Environmental Action for change),Aberdeenshire,0.003119,2021,https://www.gov.scot/binaries/content/documents/govscot/publications/statistics/2025/11/community-ownership-in-scotland-2024/documents/community-ownership-in-scotland-2024---dataset/community-ownership-in-scotland-2024---dataset/govscot%3Adocument/Community%2BOwnership%2Bin%2BScotland%2B2024%2B-%2BDataset.xlsx
Harbour House (Sanday Development Trust),Orkney Islands,0.000742,2017,https://www.gov.scot/binaries/content/documents/govscot/publications/statistics/2025/11/community-ownership-in-scotland-2024/documents/community-ownership-in-scotland-2024---dataset/community-ownership-in-scotland-2024---dataset/govscot%3Adocument/Community%2BOwnership%2Bin%2BScotland%2B2024%2B-%2BDataset.xlsx
Heilsa Fjold (Sanday Development Trust),Orkney Islands,0.001282,2007,https://www.gov.scot/binaries/content/documents/govscot/publications/statistics/2025/11/community-ownership-in-scotland-2024/documents/community-ownership-in-scotland-2024---dataset/community-ownership-in-scotland-2024---dataset/govscot%3Adocument/Community%2BOwnership%2Bin%2BScotland%2B2024%2B-%2BDataset.xlsx
Kettletoft Pier Stores and Yard (Sanday Development Trust),Orkney Islands,0.00432,2018,https://www.gov.scot/binaries/content/documents/govscot/publications/statistics/2025/11/community-ownership-in-scotland-2024/documents/community-ownership-in-scotland-2024---dataset/community-ownership-in-scotland-2024---dataset/govscot%3Adocument/Community%2BOwnership%2Bin%2BScotland%2B2024%2B-%2BDataset.xlsx
Land for Care for Sanday Development - Part 1 (Sanday Development Trust),Orkney Islands,0.003548,2021,https://www.gov.scot/binaries/content/documents/govscot/publications/statistics/2025/11/community-ownership-in-scotland-2024/documents/community-ownership-in-scotland-2024---dataset/community-ownership-in-scotland-2024---dataset/govscot%3Adocument/Community%2BOwnership%2Bin%2BScotland%2B2024%2B-%2BDataset.xlsx
Land for Care for Sanday Development - Part 2 (Sanday Development Trust),Orkney Islands,0.01221,2021,https://www.gov.scot/binaries/content/documents/govscot/publications/statistics/2025/11/community-ownership-in-scotland-2024/documents/community-ownership-in-scotland-2024---dataset/community-ownership-in-scotland-2024---dataset/govscot%3Adocument/Community%2BOwnership%2Bin%2BScotland%2B2024%2B-%2BDataset.xlsx
Viggie (Sanday Development Trust),Orkney Islands,0.001487,2024,https://www.gov.scot/binaries/content/documents/govscot/publications/statistics/2025/11/community-ownership-in-scotland-2024/documents/community-ownership-in-scotland-2024---dataset/community-ownership-in-scotland-2024---dataset/govscot%3Adocument/Community%2BOwnership%2Bin%2BScotland%2B2024%2B-%2BDataset.xlsx
Ardnadam Car Park (Sandbank Community Development Trust),Argyll and Bute,0.003542,2002,https://www.gov.scot/binaries/content/documents/govscot/publications/statistics/2025/11/community-ownership-in-scotland-2024/documents/community-ownership-in-scotland-2024---dataset/community-ownership-in-scotland-2024---dataset/govscot%3Adocument/Community%2BOwnership%2Bin%2BScotland%2B2024%2B-%2BDataset.xlsx
Hoswick Visitor Centre Parking Hub (Sandwick Social and Economic Development SCIO),Shetland Islands,0.000875,2018,https://www.gov.scot/binaries/content/documents/govscot/publications/statistics/2025/11/community-ownership-in-scotland-2024/documents/community-ownership-in-scotland-2024---dataset/community-ownership-in-scotland-2024---dataset/govscot%3Adocument/Community%2BOwnership%2Bin%2BScotland%2B2024%2B-%2BDataset.xlsx
Hoswick Visitor Centre (Sandwick Social and Economic Development SCIO),Shetland Islands,,2002,https://www.gov.scot/binaries/content/documents/govscot/publications/statistics/2025/11/community-ownership-in-scotland-2024/documents/community-ownership-in-scotland-2024---dataset/community-ownership-in-scotland-2024---dataset/govscot%3Adocument/Community%2BOwnership%2Bin%2BScotland%2B2024%2B-%2BDataset.xlsx
Scenic Sandbank Community Garden (Scenic Sandbank),Argyll and Bute,0.002611,2024,https://www.gov.scot/binaries/content/documents/govscot/publications/statistics/2025/11/community-ownership-in-scotland-2024/documents/community-ownership-in-scotland-2024---dataset/community-ownership-in-scotland-2024---dataset/govscot%3Adocument/Community%2BOwnership%2Bin%2BScotland%2B2024%2B-%2BDataset.xlsx
Doctor's Park (Scourie Community Development Company),Highland,0.018085,2016,https://www.gov.scot/binaries/content/documents/govscot/publications/statistics/2025/11/community-ownership-in-scotland-2024/documents/community-ownership-in-scotland-2024---dataset/community-ownership-in-scotland-2024---dataset/govscot%3Adocument/Community%2BOwnership%2Bin%2BScotland%2B2024%2B-%2BDataset.xlsx
Parcels of ground at Balintore Shore (Seaboard Initiative),Highland,0.006853,2003,https://www.gov.scot/binaries/content/documents/govscot/publications/statistics/2025/11/community-ownership-in-scotland-2024/documents/community-ownership-in-scotland-2024---dataset/community-ownership-in-scotland-2024---dataset/govscot%3Adocument/Community%2BOwnership%2Bin%2BScotland%2B2024%2B-%2BDataset.xlsx
Balintore Harbour Toilets (Seaboard Memorial Hall Ltd),Highland,4.5e-05,2023,https://www.gov.scot/binaries/content/documents/govscot/publications/statistics/2025/11/community-ownership-in-scotland-2024/documents/community-ownership-in-scotland-2024---dataset/community-ownership-in-scotland-2024---dataset/govscot%3Adocument/Community%2BOwnership%2Bin%2BScotland%2B2024%2B-%2BDataset.xlsx
John Ross Visitor Centre and Abraham Park Library (Seaboard Memorial Hall Ltd),Highland,0.000302,2020,https://www.gov.scot/binaries/content/documents/govscot/publications/statistics/2025/11/community-ownership-in-scotland-2024/documents/community-ownership-in-scotland-2024---dataset/community-ownership-in-scotland-2024---dataset/govscot%3Adocument/Community%2BOwnership%2Bin%2BScotland%2B2024%2B-%2BDataset.xlsx
Seaboard Memorial Hall (Seaboard Memorial Hall Ltd),Highland,,1958,https://www.gov.scot/binaries/content/documents/govscot/publications/statistics/2025/11/community-ownership-in-scotland-2024/documents/community-ownership-in-scotland-2024---dataset/community-ownership-in-scotland-2024---dataset/govscot%3Adocument/Community%2BOwnership%2Bin%2BScotland%2B2024%2B-%2BDataset.xlsx
South Uist Estate (Sealladh Na Beinne Moire),Na h-Eileanan Siar,376.358,2006,https://www.gov.scot/binaries/content/documents/govscot/publications/statistics/2025/11/community-ownership-in-scotland-2024/documents/community-ownership-in-scotland-2024---dataset/community-ownership-in-scotland-2024---dataset/govscot%3Adocument/Community%2BOwnership%2Bin%2BScotland%2B2024%2B-%2BDataset.xlsx
Uist Gifts and Information (Sealladh Na Beinne Moire),Na h-Eileanan Siar,6.9e-05,2018,https://www.gov.scot/binaries/content/documents/govscot/publications/statistics/2025/11/community-ownership-in-scotland-2024/documents/community-ownership-in-scotland-2024---dataset/community-ownership-in-scotland-2024---dataset/govscot%3Adocument/Community%2BOwnership%2Bin%2BScotland%2B2024%2B-%2BDataset.xlsx
Loch Druidibeg (Sealladh Na Beinne Moire),Na h-Eileanan Siar,10.2738,2019,https://www.gov.scot/binaries/content/documents/govscot/publications/statistics/2025/11/community-ownership-in-scotland-2024/documents/community-ownership-in-scotland-2024---dataset/community-ownership-in-scotland-2024---dataset/govscot%3Adocument/Community%2BOwnership%2Bin%2BScotland%2B2024%2B-%2BDataset.xlsx
Selkirk Pop Up Shops (Selkirk Regeneration),Scottish Borders,7.5e-05,2010,https://www.gov.scot/binaries/content/documents/govscot/publications/statistics/2025/11/community-ownership-in-scotland-2024/documents/community-ownership-in-scotland-2024---dataset/community-ownership-in-scotland-2024---dataset/govscot%3Adocument/Community%2BOwnership%2Bin%2BScotland%2B2024%2B-%2BDataset.xlsx
5 Tower Street (Selkirk Regeneration),Scottish Borders,7.5e-05,2016,https://www.gov.scot/binaries/content/documents/govscot/publications/statistics/2025/11/community-ownership-in-scotland-2024/documents/community-ownership-in-scotland-2024---dataset/community-ownership-in-scotland-2024---dataset/govscot%3Adocument/Community%2BOwnership%2Bin%2BScotland%2B2024%2B-%2BDataset.xlsx
Ground at Lochdar (Sgoil an Iochdair agus a'Choimhearsnachd),Na h-Eileanan Siar,0.003841,2004,https://www.gov.scot/binaries/content/documents/govscot/publications/statistics/2025/11/community-ownership-in-scotland-2024/documents/community-ownership-in-scotland-2024---dataset/community-ownership-in-scotland-2024---dataset/govscot%3Adocument/Community%2BOwnership%2Bin%2BScotland%2B2024%2B-%2BDataset.xlsx
9 Balfour (Shapinsay Development Trust),Orkney Islands,0.000357,2020,https://www.gov.scot/binaries/content/documents/govscot/publications/statistics/2025/11/community-ownership-in-scotland-2024/documents/community-ownership-in-scotland-2024---dataset/community-ownership-in-scotland-2024---dataset/govscot%3Adocument/Community%2BOwnership%2Bin%2BScotland%2B2024%2B-%2BDataset.xlsx
The Smithy Shapinsay & Heritage Centre (Shapinsay Development Trust),Orkney Islands,0.00034,2022,https://www.gov.scot/binaries/content/documents/govscot/publications/statistics/2025/11/community-ownership-in-scotland-2024/documents/community-ownership-in-scotland-2024---dataset/community-ownership-in-scotland-2024---dataset/govscot%3Adocument/Community%2BOwnership%2Bin%2BScotland%2B2024%2B-%2BDataset.xlsx
The Boathouse (Shapinsay Development Trust),Orkney Islands,0.001483,2014,https://www.gov.scot/binaries/content/documents/govscot/publications/statistics/2025/11/community-ownership-in-scotland-2024/documents/community-ownership-in-scotland-2024---dataset/community-ownership-in-scotland-2024---dataset/govscot%3Adocument/Community%2BOwnership%2Bin%2BScotland%2B2024%2B-%2BDataset.xlsx
Balfour Cottage (Shapinsay Development Trust),Orkney Islands,0.001962,2023,https://www.gov.scot/binaries/content/documents/govscot/publications/statistics/2025/11/community-ownership-in-scotland-2024/documents/community-ownership-in-scotland-2024---dataset/community-ownership-in-scotland-2024---dataset/govscot%3Adocument/Community%2BOwnership%2Bin%2BScotland%2B2024%2B-%2BDataset.xlsx
Rulinvoe (Shapinsay Development Trust),Orkney Islands,0.000419,2024,https://www.gov.scot/binaries/content/documents/govscot/publications/statistics/2025/11/community-ownership-in-scotland-2024/documents/community-ownership-in-scotland-2024---dataset/community-ownership-in-scotland-2024---dataset/govscot%3Adocument/Community%2BOwnership%2Bin%2BScotland%2B2024%2B-%2BDataset.xlsx
Ground at Browns Road (Shetland Amenity Trust),Shetland Islands,8.7e-05,2005,https://www.gov.scot/binaries/content/documents/govscot/publications/statistics/2025/11/community-ownership-in-scotland-2024/documents/community-ownership-in-scotland-2024---dataset/community-ownership-in-scotland-2024---dataset/govscot%3Adocument/Community%2BOwnership%2Bin%2BScotland%2B2024%2B-%2BDataset.xlsx
CarTakeBack (Shetland Amenity Trust),Shetland Islands,0.013704,2011,https://www.gov.scot/binaries/content/documents/govscot/publications/statistics/2025/11/community-ownership-in-scotland-2024/documents/community-ownership-in-scotland-2024---dataset/community-ownership-in-scotland-2024---dataset/govscot%3Adocument/Community%2BOwnership%2Bin%2BScotland%2B2024%2B-%2BDataset.xlsx
Eshaness Lighthouse (Shetland Amenity Trust),Shetland Islands,0.002764,2005,https://www.gov.scot/binaries/content/documents/govscot/publications/statistics/2025/11/community-ownership-in-scotland-2024/documents/community-ownership-in-scotland-2024---dataset/community-ownership-in-scotland-2024---dataset/govscot%3Adocument/Community%2BOwnership%2Bin%2BScotland%2B2024%2B-%2BDataset.xlsx
Ground at Freefield Commercial Road (Shetland Amenity Trust),Shetland Islands,9.1e-05,2004,https://www.gov.scot/binaries/content/documents/govscot/publications/statistics/2025/11/community-ownership-in-scotland-2024/documents/community-ownership-in-scotland-2024---dataset/community-ownership-in-scotland-2024---dataset/govscot%3Adocument/Community%2BOwnership%2Bin%2BScotland%2B2024%2B-%2BDataset.xlsx
Unit at Staneyhill Industrial Estate (Shetland Amenity Trust),Shetland Islands,0.005184,2013,https://www.gov.scot/binaries/content/documents/govscot/publications/statistics/2025/11/community-ownership-in-scotland-2024/documents/community-ownership-in-scotland-2024---dataset/community-ownership-in-scotland-2024---dataset/govscot%3Adocument/Community%2BOwnership%2Bin%2BScotland%2B2024%2B-%2BDataset.xlsx
Ground at Sumburgh Head (Shetland Amenity Trust),Shetland Islands,0.000432,2018,https://www.gov.scot/binaries/content/documents/govscot/publications/statistics/2025/11/community-ownership-in-scotland-2024/documents/community-ownership-in-scotland-2024---dataset/community-ownership-in-scotland-2024---dataset/govscot%3Adocument/Community%2BOwnership%2Bin%2BScotland%2B2024%2B-%2BDataset.xlsx
Ground on south west side of Unst Heritage Centre (Shetland Amenity Trust),Shetland Islands,0.001951,2013,https://www.gov.scot/binaries/content/documents/govscot/publications/statistics/2025/11/community-ownership-in-scotland-2024/documents/community-ownership-in-scotland-2024---dataset/community-ownership-in-scotland-2024---dataset/govscot%3Adocument/Community%2BOwnership%2Bin%2BScotland%2B2024%2B-%2BDataset.xlsx
Ground at Scatness (Shetland Amenity Trust),Shetland Islands,0.006347,2009,https://www.gov.scot/binaries/content/documents/govscot/publications/statistics/2025/11/community-ownership-in-scotland-2024/documents/community-ownership-in-scotland-2024---dataset/community-ownership-in-scotland-2024---dataset/govscot%3Adocument/Community%2BOwnership%2Bin%2BScotland%2B2024%2B-%2BDataset.xlsx
Park Hall (Shetland Amenity Trust),Shetland Islands,0.004215,2006,https://www.gov.scot/binaries/content/documents/govscot/publications/statistics/2025/11/community-ownership-in-scotland-2024/documents/community-ownership-in-scotland-2024---dataset/community-ownership-in-scotland-2024---dataset/govscot%3Adocument/Community%2BOwnership%2Bin%2BScotland%2B2024%2B-%2BDataset.xlsx
Site 3 - Cunningsburgh Industrial Estate (Shetland Amenity Trust),Shetland Islands,0.001076,2003,https://www.gov.scot/binaries/content/documents/govscot/publications/statistics/2025/11/community-ownership-in-scotland-2024/documents/community-ownership-in-scotland-2024---dataset/community-ownership-in-scotland-2024---dataset/govscot%3Adocument/Community%2BOwnership%2Bin%2BScotland%2B2024%2B-%2BDataset.xlsx
Site 4 - Cunningsburgh Industrial Estate (Shetland Amenity Trust),Shetland Islands,0.001138,2015,https://www.gov.scot/binaries/content/documents/govscot/publications/statistics/2025/11/community-ownership-in-scotland-2024/documents/community-ownership-in-scotland-2024---dataset/community-ownership-in-scotland-2024---dataset/govscot%3Adocument/Community%2BOwnership%2Bin%2BScotland%2B2024%2B-%2BDataset.xlsx
Site 4B - Cunningsburgh Industrial Estate (Shetland Amenity Trust),Shetland Islands,0.00023,2006,https://www.gov.scot/binaries/content/documents/govscot/publications/statistics/2025/11/community-ownership-in-scotland-2024/documents/community-ownership-in-scotland-2024---dataset/community-ownership-in-scotland-2024---dataset/govscot%3Adocument/Community%2BOwnership%2Bin%2BScotland%2B2024%2B-%2BDataset.xlsx
Sumburgh Head Lighthouse (Shetland Amenity Trust),Shetland Islands,0.001419,2018,https://www.gov.scot/binaries/content/documents/govscot/publications/statistics/2025/11/community-ownership-in-scotland-2024/documents/community-ownership-in-scotland-2024---dataset/community-ownership-in-scotland-2024---dataset/govscot%3Adocument/Community%2BOwnership%2Bin%2BScotland%2B2024%2B-%2BDataset.xlsx
Shieldaig Community Hub (Shieldaig Community Association SCIO),Highland,0.000403,2022,https://www.gov.scot/binaries/content/documents/govscot/publications/statistics/2025/11/community-ownership-in-scotland-2024/documents/community-ownership-in-scotland-2024---dataset/community-ownership-in-scotland-2024---dataset/govscot%3Adocument/Community%2BOwnership%2Bin%2BScotland%2B2024%2B-%2BDataset.xlsx
Shiskine Hall (Shiskine Public Hall Committee),North Ayrshire,0.000405,1958,https://www.gov.scot/binaries/content/documents/govscot/publications/statistics/2025/11/community-ownership-in-scotland-2024/documents/community-ownership-in-scotland-2024---dataset/community-ownership-in-scotland-2024---dataset/govscot%3Adocument/Community%2BOwnership%2Bin%2BScotland%2B2024%2B-%2BDataset.xlsx
Silverburn Community Hall and Gardens (Silverburn Community SCIO),Midlothian,0.000971,2005,https://www.gov.scot/binaries/content/documents/govscot/publications/statistics/2025/11/community-ownership-in-scotland-2024/documents/community-ownership-in-scotland-2024---dataset/community-ownership-in-scotland-2024---dataset/govscot%3Adocument/Community%2BOwnership%2Bin%2BScotland%2B2024%2B-%2BDataset.xlsx
Armadale Stores (Sleat Community Trust),Highland,0.002007,2007,https://www.gov.scot/binaries/content/documents/govscot/publications/statistics/2025/11/community-ownership-in-scotland-2024/documents/community-ownership-in-scotland-2024---dataset/community-ownership-in-scotland-2024---dataset/govscot%3Adocument/Community%2BOwnership%2Bin%2BScotland%2B2024%2B-%2BDataset.xlsx
Tormore Community Forest (Sleat Community Trust),Highland,4.35054,2011,https://www.gov.scot/binaries/content/documents/govscot/publications/statistics/2025/11/community-ownership-in-scotland-2024/documents/community-ownership-in-scotland-2024---dataset/community-ownership-in-scotland-2024---dataset/govscot%3Adocument/Community%2BOwnership%2Bin%2BScotland%2B2024%2B-%2BDataset.xlsx
The Lido Community Shop and Innellan Post Office (South Cowal Community Enterprises),Argyll and Bute,0.000696,2019,https://www.gov.scot/binaries/content/documents/govscot/publications/statistics/2025/11/community-ownership-in-scotland-2024/documents/community-ownership-in-scotland-2024---dataset/community-ownership-in-scotland-2024---dataset/govscot%3Adocument/Community%2BOwnership%2Bin%2BScotland%2B2024%2B-%2BDataset.xlsx
Port Ellen Filling Station (South Islay Development),Argyll and Bute,0.000812,2014,https://www.gov.scot/binaries/content/documents/govscot/publications/statistics/2025/11/community-ownership-in-scotland-2024/documents/community-ownership-in-scotland-2024---dataset/community-ownership-in-scotland-2024---dataset/govscot%3Adocument/Community%2BOwnership%2Bin%2BScotland%2B2024%2B-%2BDataset.xlsx
Port Ellen Playing Fields (South Islay Development),Argyll and Bute,0.066457,2021,https://www.gov.scot/binaries/content/documents/govscot/publications/statistics/2025/11/community-ownership-in-scotland-2024/documents/community-ownership-in-scotland-2024---dataset/community-ownership-in-scotland-2024---dataset/govscot%3Adocument/Community%2BOwnership%2Bin%2BScotland%2B2024%2B-%2BDataset.xlsx
Campbeltown Town Hall (South Kintyre Development Trust),Argyll and Bute,0.000273,2014,https://www.gov.scot/binaries/content/documents/govscot/publications/statistics/2025/11/community-ownership-in-scotland-2024/documents/community-ownership-in-scotland-2024---dataset/community-ownership-in-scotland-2024---dataset/govscot%3Adocument/Community%2BOwnership%2Bin%2BScotland%2B2024%2B-%2BDataset.xlsx
Tiroran Community Forest (South West Mull and Iona Development),Argyll and Bute,8.03162,2015,https://www.gov.scot/binaries/content/documents/govscot/publications/statistics/2025/11/community-ownership-in-scotland-2024/documents/community-ownership-in-scotland-2024---dataset/community-ownership-in-scotland-2024---dataset/govscot%3Adocument/Community%2BOwnership%2Bin%2BScotland%2B2024%2B-%2BDataset.xlsx
"Old Church Depot (Space to Grow, Moffat)",Dumfries and Galloway,0.004321,2010,https://www.gov.scot/binaries/content/documents/govscot/publications/statistics/2025/11/community-ownership-in-scotland-2024/documents/community-ownership-in-scotland-2024---dataset/community-ownership-in-scotland-2024---dataset/govscot%3Adocument/Community%2BOwnership%2Bin%2BScotland%2B2024%2B-%2BDataset.xlsx
St Andrews Men's Shed Workshop (St Andrews Men's Shed),Fife,,2017,https://www.gov.scot/binaries/content/documents/govscot/publications/statistics/2025/11/community-ownership-in-scotland-2024/documents/community-ownership-in-scotland-2024---dataset/community-ownership-in-scotland-2024---dataset/govscot%3Adocument/Community%2BOwnership%2Bin%2BScotland%2B2024%2B-%2BDataset.xlsx
Glenkens Community Centre (St John's Town of Dalry Community Properties Trust),Dumfries and Galloway,0.000628,2017,https://www.gov.scot/binaries/content/documents/govscot/publications/statistics/2025/11/community-ownership-in-scotland-2024/documents/community-ownership-in-scotland-2024---dataset/community-ownership-in-scotland-2024---dataset/govscot%3Adocument/Community%2BOwnership%2Bin%2BScotland%2B2024%2B-%2BDataset.xlsx
Talla Stafainn (Staffin Community Hall) (Staffin Community Hall Association),Highland,0.000405,1982,https://www.gov.scot/binaries/content/documents/govscot/publications/statistics/2025/11/community-ownership-in-scotland-2024/documents/community-ownership-in-scotland-2024---dataset/community-ownership-in-scotland-2024---dataset/govscot%3Adocument/Community%2BOwnership%2Bin%2BScotland%2B2024%2B-%2BDataset.xlsx
Taighean a’ Chaiseil Development (Staffin Community Trust),Highland,0.008134,2020,https://www.gov.scot/binaries/content/documents/govscot/publications/statistics/2025/11/community-ownership-in-scotland-2024/documents/community-ownership-in-scotland-2024---dataset/community-ownership-in-scotland-2024---dataset/govscot%3Adocument/Community%2BOwnership%2Bin%2BScotland%2B2024%2B-%2BDataset.xlsx
37 Knock (Stornoway Trust),Na h-Eileanan Siar,0.000549,2015,https://www.gov.scot/binaries/content/documents/govscot/publications/statistics/2025/11/community-ownership-in-scotland-2024/documents/community-ownership-in-scotland-2024---dataset/community-ownership-in-scotland-2024---dataset/govscot%3Adocument/Community%2BOwnership%2Bin%2BScotland%2B2024%2B-%2BDataset.xlsx
Glen House (Stornoway Trust),Na h-Eileanan Siar,0.00123,2016,https://www.gov.scot/binaries/content/documents/govscot/publications/statistics/2025/11/community-ownership-in-scotland-2024/documents/community-ownership-in-scotland-2024---dataset/community-ownership-in-scotland-2024---dataset/govscot%3Adocument/Community%2BOwnership%2Bin%2BScotland%2B2024%2B-%2BDataset.xlsx
Ground at 10 Tong (Stornoway Trust),Na h-Eileanan Siar,0.000163,2007,https://www.gov.scot/binaries/content/documents/govscot/publications/statistics/2025/11/community-ownership-in-scotland-2024/documents/community-ownership-in-scotland-2024---dataset/community-ownership-in-scotland-2024---dataset/govscot%3Adocument/Community%2BOwnership%2Bin%2BScotland%2B2024%2B-%2BDataset.xlsx
Ground at 125 Newmarket (Stornoway Trust),Na h-Eileanan Siar,0.002029,2018,https://www.gov.scot/binaries/content/documents/govscot/publications/statistics/2025/11/community-ownership-in-scotland-2024/documents/community-ownership-in-scotland-2024---dataset/community-ownership-in-scotland-2024---dataset/govscot%3Adocument/Community%2BOwnership%2Bin%2BScotland%2B2024%2B-%2BDataset.xlsx
Ground at Croft 46 (Stornoway Trust),Na h-Eileanan Siar,6.6e-05,2008,https://www.gov.scot/binaries/content/documents/govscot/publications/statistics/2025/11/community-ownership-in-scotland-2024/documents/community-ownership-in-scotland-2024---dataset/community-ownership-in-scotland-2024---dataset/govscot%3Adocument/Community%2BOwnership%2Bin%2BScotland%2B2024%2B-%2BDataset.xlsx
Ground at Knock (Stornoway Trust),Na h-Eileanan Siar,0.000665,2015,https://www.gov.scot/binaries/content/documents/govscot/publications/statistics/2025/11/community-ownership-in-scotland-2024/documents/community-ownership-in-scotland-2024---dataset/community-ownership-in-scotland-2024---dataset/govscot%3Adocument/Community%2BOwnership%2Bin%2BScotland%2B2024%2B-%2BDataset.xlsx
Ground at Marybank (Stornoway Trust),Na h-Eileanan Siar,0.000104,2012,https://www.gov.scot/binaries/content/documents/govscot/publications/statistics/2025/11/community-ownership-in-scotland-2024/documents/community-ownership-in-scotland-2024---dataset/community-ownership-in-scotland-2024---dataset/govscot%3Adocument/Community%2BOwnership%2Bin%2BScotland%2B2024%2B-%2BDataset.xlsx
Ground at School Road (Stornoway Trust),Na h-Eileanan Siar,0.014669,2016,https://www.gov.scot/binaries/content/documents/govscot/publications/statistics/2025/11/community-ownership-in-scotland-2024/documents/community-ownership-in-scotland-2024---dataset/community-ownership-in-scotland-2024---dataset/govscot%3Adocument/Community%2BOwnership%2Bin%2BScotland%2B2024%2B-%2BDataset.xlsx
Melbost Farm (Stornoway Trust),Na h-Eileanan Siar,1.20192,2000,https://www.gov.scot/binaries/content/documents/govscot/publications/statistics/2025/11/community-ownership-in-scotland-2024/documents/community-ownership-in-scotland-2024---dataset/community-ownership-in-scotland-2024---dataset/govscot%3Adocument/Community%2BOwnership%2Bin%2BScotland%2B2024%2B-%2BDataset.xlsx
Stornoway Trust Estate (Stornoway Trust),Na h-Eileanan Siar,279.998,1923,https://www.gov.scot/binaries/content/documents/govscot/publications/statistics/2025/11/community-ownership-in-scotland-2024/documents/community-ownership-in-scotland-2024---dataset/community-ownership-in-scotland-2024---dataset/govscot%3Adocument/Community%2BOwnership%2Bin%2BScotland%2B2024%2B-%2BDataset.xlsx
Ground to the east of Strachur Memorial Hall (Strachur & District Community Development Company Limited),Argyll and Bute,0.016308,2003,https://www.gov.scot/binaries/content/documents/govscot/publications/statistics/2025/11/community-ownership-in-scotland-2024/documents/community-ownership-in-scotland-2024---dataset/community-ownership-in-scotland-2024---dataset/govscot%3Adocument/Community%2BOwnership%2Bin%2BScotland%2B2024%2B-%2BDataset.xlsx
Strachurmore Sports Centre (Strachur & District Community Development Company Limited),Argyll and Bute,0.036581,2004,https://www.gov.scot/binaries/content/documents/govscot/publications/statistics/2025/11/community-ownership-in-scotland-2024/documents/community-ownership-in-scotland-2024---dataset/community-ownership-in-scotland-2024---dataset/govscot%3Adocument/Community%2BOwnership%2Bin%2BScotland%2B2024%2B-%2BDataset.xlsx
Millennium Centre (Stranraer Millennium Centre Community Trust),Dumfries and Galloway,0.002051,1999,https://www.gov.scot/binaries/content/documents/govscot/publications/statistics/2025/11/community-ownership-in-scotland-2024/documents/community-ownership-in-scotland-2024---dataset/community-ownership-in-scotland-2024---dataset/govscot%3Adocument/Community%2BOwnership%2Bin%2BScotland%2B2024%2B-%2BDataset.xlsx
The Strathdearn (Strathdearn Community Developments),Highland,0.005228,1961,https://www.gov.scot/binaries/content/documents/govscot/publications/statistics/2025/11/community-ownership-in-scotland-2024/documents/community-ownership-in-scotland-2024---dataset/community-ownership-in-scotland-2024---dataset/govscot%3Adocument/Community%2BOwnership%2Bin%2BScotland%2B2024%2B-%2BDataset.xlsx
Ground for Community Housing Project (Strathdearn Community Developments),Highland,0.025333,2021,https://www.gov.scot/binaries/content/documents/govscot/publications/statistics/2025/11/community-ownership-in-scotland-2024/documents/community-ownership-in-scotland-2024---dataset/community-ownership-in-scotland-2024---dataset/govscot%3Adocument/Community%2BOwnership%2Bin%2BScotland%2B2024%2B-%2BDataset.xlsx
Affordable Housing at Dodd's Park (Stratherrick & Foyers Community Trust),Highland,0.003949,2024,https://www.gov.scot/binaries/content/documents/govscot/publications/statistics/2025/11/community-ownership-in-scotland-2024/documents/community-ownership-in-scotland-2024---dataset/community-ownership-in-scotland-2024---dataset/govscot%3Adocument/Community%2BOwnership%2Bin%2BScotland%2B2024%2B-%2BDataset.xlsx
Riverside Field (Stratherrick and Foyers Community Trust),Highland,0.027204,2016,https://www.gov.scot/binaries/content/documents/govscot/publications/statistics/2025/11/community-ownership-in-scotland-2024/documents/community-ownership-in-scotland-2024---dataset/community-ownership-in-scotland-2024---dataset/govscot%3Adocument/Community%2BOwnership%2Bin%2BScotland%2B2024%2B-%2BDataset.xlsx
The Wildside Centre (Stratherrick and Foyers Community Trust),Highland,0.010492,2019,https://www.gov.scot/binaries/content/documents/govscot/publications/statistics/2025/11/community-ownership-in-scotland-2024/documents/community-ownership-in-scotland-2024---dataset/community-ownership-in-scotland-2024---dataset/govscot%3Adocument/Community%2BOwnership%2Bin%2BScotland%2B2024%2B-%2BDataset.xlsx
Errogie Church (Stratherrick and Foyers Community Trust),Highland,0.001649,2020,https://www.gov.scot/binaries/content/documents/govscot/publications/statistics/2025/11/community-ownership-in-scotland-2024/documents/community-ownership-in-scotland-2024---dataset/community-ownership-in-scotland-2024---dataset/govscot%3Adocument/Community%2BOwnership%2Bin%2BScotland%2B2024%2B-%2BDataset.xlsx
Ground by The Wildside Centre (Stratherrick and Foyers Community Trust),Highland,0.005757,2023,https://www.gov.scot/binaries/content/documents/govscot/publications/statistics/2025/11/community-ownership-in-scotland-2024/documents/community-ownership-in-scotland-2024---dataset/community-ownership-in-scotland-2024---dataset/govscot%3Adocument/Community%2BOwnership%2Bin%2BScotland%2B2024%2B-%2BDataset.xlsx
Crianlarich Railway Line (Strathfillan Community Development Trust),Stirling,0.00824,2011,https://www.gov.scot/binaries/content/documents/govscot/publications/statistics/2025/11/community-ownership-in-scotland-2024/documents/community-ownership-in-scotland-2024---dataset/community-ownership-in-scotland-2024---dataset/govscot%3Adocument/Community%2BOwnership%2Bin%2BScotland%2B2024%2B-%2BDataset.xlsx
Ground at Pine Trees Leisure Park (Strathfillan Community Development Trust),Stirling,0.070477,2000,https://www.gov.scot/binaries/content/documents/govscot/publications/statistics/2025/11/community-ownership-in-scotland-2024/documents/community-ownership-in-scotland-2024---dataset/community-ownership-in-scotland-2024---dataset/govscot%3Adocument/Community%2BOwnership%2Bin%2BScotland%2B2024%2B-%2BDataset.xlsx
Tyndrum Community Shelterbelt (Strathfillan Community Development Trust),Stirling,0.010716,2003,https://www.gov.scot/binaries/content/documents/govscot/publications/statistics/2025/11/community-ownership-in-scotland-2024/documents/community-ownership-in-scotland-2024---dataset/community-ownership-in-scotland-2024---dataset/govscot%3Adocument/Community%2BOwnership%2Bin%2BScotland%2B2024%2B-%2BDataset.xlsx
Tyndrum Community Woodland (Strathfillan Community Development Trust),Stirling,0.866465,2006,https://www.gov.scot/binaries/content/documents/govscot/publications/statistics/2025/11/community-ownership-in-scotland-2024/documents/community-ownership-in-scotland-2024---dataset/community-ownership-in-scotland-2024---dataset/govscot%3Adocument/Community%2BOwnership%2Bin%2BScotland%2B2024%2B-%2BDataset.xlsx
Cannich Hall (Strathglass and Affric Community Company),Highland,0.002897,2012,https://www.gov.scot/binaries/content/documents/govscot/publications/statistics/2025/11/community-ownership-in-scotland-2024/documents/community-ownership-in-scotland-2024---dataset/community-ownership-in-scotland-2024---dataset/govscot%3Adocument/Community%2BOwnership%2Bin%2BScotland%2B2024%2B-%2BDataset.xlsx
Nurse's House Affordable Housing (Strathglass and Affric Community Company),Highland,0.000481,2021,https://www.gov.scot/binaries/content/documents/govscot/publications/statistics/2025/11/community-ownership-in-scotland-2024/documents/community-ownership-in-scotland-2024---dataset/community-ownership-in-scotland-2024---dataset/govscot%3Adocument/Community%2BOwnership%2Bin%2BScotland%2B2024%2B-%2BDataset.xlsx
Bishop’s Wood (Strathkinness Community Trust),Fife,0.123456,2017,https://www.gov.scot/binaries/content/documents/govscot/publications/statistics/2025/11/community-ownership-in-scotland-2024/documents/community-ownership-in-scotland-2024---dataset/community-ownership-in-scotland-2024---dataset/govscot%3Adocument/Community%2BOwnership%2Bin%2BScotland%2B2024%2B-%2BDataset.xlsx
Strathnairn Community Woodlands (Strathnairn Community Woodland),Highland,0.400639,2002,https://www.gov.scot/binaries/content/documents/govscot/publications/statistics/2025/11/community-ownership-in-scotland-2024/documents/community-ownership-in-scotland-2024---dataset/community-ownership-in-scotland-2024---dataset/govscot%3Adocument/Community%2BOwnership%2Bin%2BScotland%2B2024%2B-%2BDataset.xlsx
Strathnaver Museum Annex (Strathnaver Museum),Highland,0.000259,2021,https://www.gov.scot/binaries/content/documents/govscot/publications/statistics/2025/11/community-ownership-in-scotland-2024/documents/community-ownership-in-scotland-2024---dataset/community-ownership-in-scotland-2024---dataset/govscot%3Adocument/Community%2BOwnership%2Bin%2BScotland%2B2024%2B-%2BDataset.xlsx
Strathnaver Museum (Strathnaver Museum),Highland,0.00024,1962,https://www.gov.scot/binaries/content/documents/govscot/publications/statistics/2025/11/community-ownership-in-scotland-2024/documents/community-ownership-in-scotland-2024---dataset/community-ownership-in-scotland-2024---dataset/govscot%3Adocument/Community%2BOwnership%2Bin%2BScotland%2B2024%2B-%2BDataset.xlsx
Strathpeffer Pavilion Garden (Strathpeffer Pavilion Community Trust),Highland,0.018434,2020,https://www.gov.scot/binaries/content/documents/govscot/publications/statistics/2025/11/community-ownership-in-scotland-2024/documents/community-ownership-in-scotland-2024---dataset/community-ownership-in-scotland-2024---dataset/govscot%3Adocument/Community%2BOwnership%2Bin%2BScotland%2B2024%2B-%2BDataset.xlsx
Strathpeffer Pavilion (Strathpeffer Pavilion Community Trust),Highland,0.001918,2020,https://www.gov.scot/binaries/content/documents/govscot/publications/statistics/2025/11/community-ownership-in-scotland-2024/documents/community-ownership-in-scotland-2024---dataset/community-ownership-in-scotland-2024---dataset/govscot%3Adocument/Community%2BOwnership%2Bin%2BScotland%2B2024%2B-%2BDataset.xlsx
Strathpeffer Community Park (Strathpeffer Resident Association),Highland,0.02116,2020,https://www.gov.scot/binaries/content/documents/govscot/publications/statistics/2025/11/community-ownership-in-scotland-2024/documents/community-ownership-in-scotland-2024---dataset/community-ownership-in-scotland-2024---dataset/govscot%3Adocument/Community%2BOwnership%2Bin%2BScotland%2B2024%2B-%2BDataset.xlsx
Strichen Community Park - Part 1 (Strichen Community Park Company),Aberdeenshire,0.15,1998,https://www.gov.scot/binaries/content/documents/govscot/publications/statistics/2025/11/community-ownership-in-scotland-2024/documents/community-ownership-in-scotland-2024---dataset/community-ownership-in-scotland-2024---dataset/govscot%3Adocument/Community%2BOwnership%2Bin%2BScotland%2B2024%2B-%2BDataset.xlsx
Strichen Community Park - Part 2 (Strichen Community Park Company),Aberdeenshire,0.025394,2004,https://www.gov.scot/binaries/content/documents/govscot/publications/statistics/2025/11/community-ownership-in-scotland-2024/documents/community-ownership-in-scotland-2024---dataset/community-ownership-in-scotland-2024---dataset/govscot%3Adocument/Community%2BOwnership%2Bin%2BScotland%2B2024%2B-%2BDataset.xlsx
Strichen Town House (Strichen Town House Trust),Aberdeenshire,0.000442,2016,https://www.gov.scot/binaries/content/documents/govscot/publications/statistics/2025/11/community-ownership-in-scotland-2024/documents/community-ownership-in-scotland-2024---dataset/community-ownership-in-scotland-2024---dataset/govscot%3Adocument/Community%2BOwnership%2Bin%2BScotland%2B2024%2B-%2BDataset.xlsx
Strichen Town House Extension (Strichen Town House Trust),Aberdeenshire,2.7e-05,2023,https://www.gov.scot/binaries/content/documents/govscot/publications/statistics/2025/11/community-ownership-in-scotland-2024/documents/community-ownership-in-scotland-2024---dataset/community-ownership-in-scotland-2024---dataset/govscot%3Adocument/Community%2BOwnership%2Bin%2BScotland%2B2024%2B-%2BDataset.xlsx
Beachwood (Stronsay Development Trust),Orkney Islands,0.000362,2020,https://www.gov.scot/binaries/content/documents/govscot/publications/statistics/2025/11/community-ownership-in-scotland-2024/documents/community-ownership-in-scotland-2024---dataset/community-ownership-in-scotland-2024---dataset/govscot%3Adocument/Community%2BOwnership%2Bin%2BScotland%2B2024%2B-%2BDataset.xlsx
Mission Hall (Stronsay Development Trust),Orkney Islands,0.000498,2021,https://www.gov.scot/binaries/content/documents/govscot/publications/statistics/2025/11/community-ownership-in-scotland-2024/documents/community-ownership-in-scotland-2024---dataset/community-ownership-in-scotland-2024---dataset/govscot%3Adocument/Community%2BOwnership%2Bin%2BScotland%2B2024%2B-%2BDataset.xlsx
Stronsay Hotel (Stronsay Development Trust),Orkney Islands,0.001077,2022,https://www.gov.scot/binaries/content/documents/govscot/publications/statistics/2025/11/community-ownership-in-scotland-2024/documents/community-ownership-in-scotland-2024---dataset/community-ownership-in-scotland-2024---dataset/govscot%3Adocument/Community%2BOwnership%2Bin%2BScotland%2B2024%2B-%2BDataset.xlsx
Wood's Yard (Stronsay Development Trust),Orkney Islands,0.002197,2012,https://www.gov.scot/binaries/content/documents/govscot/publications/statistics/2025/11/community-ownership-in-scotland-2024/documents/community-ownership-in-scotland-2024---dataset/community-ownership-in-scotland-2024---dataset/govscot%3Adocument/Community%2BOwnership%2Bin%2BScotland%2B2024%2B-%2BDataset.xlsx
Strontian Primary School (Strontian Community School Building Limited),Highland,0.006178,2016,https://www.gov.scot/binaries/content/documents/govscot/publications/statistics/2025/11/community-ownership-in-scotland-2024/documents/community-ownership-in-scotland-2024---dataset/community-ownership-in-scotland-2024---dataset/govscot%3Adocument/Community%2BOwnership%2Bin%2BScotland%2B2024%2B-%2BDataset.xlsx
Ground at Croft 29 (Sunart Community Company),Highland,6.3e-05,2015,https://www.gov.scot/binaries/content/documents/govscot/publications/statistics/2025/11/community-ownership-in-scotland-2024/documents/community-ownership-in-scotland-2024---dataset/community-ownership-in-scotland-2024---dataset/govscot%3Adocument/Community%2BOwnership%2Bin%2BScotland%2B2024%2B-%2BDataset.xlsx
Ground at Strontian (Sunart Community Company),Highland,0.006678,2006,https://www.gov.scot/binaries/content/documents/govscot/publications/statistics/2025/11/community-ownership-in-scotland-2024/documents/community-ownership-in-scotland-2024---dataset/community-ownership-in-scotland-2024---dataset/govscot%3Adocument/Community%2BOwnership%2Bin%2BScotland%2B2024%2B-%2BDataset.xlsx
Raw Water Intake on the Allt nan Cailleach Burn (Sunart Community Company),Highland,0.000145,2014,https://www.gov.scot/binaries/content/documents/govscot/publications/statistics/2025/11/community-ownership-in-scotland-2024/documents/community-ownership-in-scotland-2024---dataset/community-ownership-in-scotland-2024---dataset/govscot%3Adocument/Community%2BOwnership%2Bin%2BScotland%2B2024%2B-%2BDataset.xlsx
Salmon Fishing Rights (Sunart Community Company),Highland,,2006,https://www.gov.scot/binaries/content/documents/govscot/publications/statistics/2025/11/community-ownership-in-scotland-2024/documents/community-ownership-in-scotland-2024---dataset/community-ownership-in-scotland-2024---dataset/govscot%3Adocument/Community%2BOwnership%2Bin%2BScotland%2B2024%2B-%2BDataset.xlsx
The Old School House Plot (Sunart Community Company),Highland,0.001421,2016,https://www.gov.scot/binaries/content/documents/govscot/publications/statistics/2025/11/community-ownership-in-scotland-2024/documents/community-ownership-in-scotland-2024---dataset/community-ownership-in-scotland-2024---dataset/govscot%3Adocument/Community%2BOwnership%2Bin%2BScotland%2B2024%2B-%2BDataset.xlsx
Oakwood Tourism & Crafts (Sunart Community Company),Highland,0.000108,2018,https://www.gov.scot/binaries/content/documents/govscot/publications/statistics/2025/11/community-ownership-in-scotland-2024/documents/community-ownership-in-scotland-2024---dataset/community-ownership-in-scotland-2024---dataset/govscot%3Adocument/Community%2BOwnership%2Bin%2BScotland%2B2024%2B-%2BDataset.xlsx
Tarbert Castle (Tarbert Castle Trust),Argyll and Bute,0.040064,2013,https://www.gov.scot/binaries/content/documents/govscot/publications/statistics/2025/11/community-ownership-in-scotland-2024/documents/community-ownership-in-scotland-2024---dataset/community-ownership-in-scotland-2024---dataset/govscot%3Adocument/Community%2BOwnership%2Bin%2BScotland%2B2024%2B-%2BDataset.xlsx
The Murly Tuck Community Hub (Tarves Development Trust),Aberdeenshire,0.00011,2019,https://www.gov.scot/binaries/content/documents/govscot/publications/statistics/2025/11/community-ownership-in-scotland-2024/documents/community-ownership-in-scotland-2024---dataset/community-ownership-in-scotland-2024---dataset/govscot%3Adocument/Community%2BOwnership%2Bin%2BScotland%2B2024%2B-%2BDataset.xlsx
Abertay Works (Tayport Community Trust),Fife,0.013283,2016,https://www.gov.scot/binaries/content/documents/govscot/publications/statistics/2025/11/community-ownership-in-scotland-2024/documents/community-ownership-in-scotland-2024---dataset/community-ownership-in-scotland-2024---dataset/govscot%3Adocument/Community%2BOwnership%2Bin%2BScotland%2B2024%2B-%2BDataset.xlsx
Ground at Carsaig (Tayvallich Community Company),Argyll and Bute,0.005265,2017,https://www.gov.scot/binaries/content/documents/govscot/publications/statistics/2025/11/community-ownership-in-scotland-2024/documents/community-ownership-in-scotland-2024---dataset/community-ownership-in-scotland-2024---dataset/govscot%3Adocument/Community%2BOwnership%2Bin%2BScotland%2B2024%2B-%2BDataset.xlsx
Tayvallich Shop and Cafe (Tayvallich Community Company),Argyll and Bute,0.000365,2008,https://www.gov.scot/binaries/content/documents/govscot/publications/statistics/2025/11/community-ownership-in-scotland-2024/documents/community-ownership-in-scotland-2024---dataset/community-ownership-in-scotland-2024---dataset/govscot%3Adocument/Community%2BOwnership%2Bin%2BScotland%2B2024%2B-%2BDataset.xlsx
Polldearg and Cnoc Leis (Tayvallich Initiative Ltd),Argyll and Bute,0.522928,2023,https://www.gov.scot/binaries/content/documents/govscot/publications/statistics/2025/11/community-ownership-in-scotland-2024/documents/community-ownership-in-scotland-2024---dataset/community-ownership-in-scotland-2024---dataset/govscot%3Adocument/Community%2BOwnership%2Bin%2BScotland%2B2024%2B-%2BDataset.xlsx
The Ardchatten Centre (The Ardchattan Centre Ltd),Argyll and Bute,0.002069,2021,https://www.gov.scot/binaries/content/documents/govscot/publications/statistics/2025/11/community-ownership-in-scotland-2024/documents/community-ownership-in-scotland-2024---dataset/community-ownership-in-scotland-2024---dataset/govscot%3Adocument/Community%2BOwnership%2Bin%2BScotland%2B2024%2B-%2BDataset.xlsx
The Kings Arms (The Ballantrae Trust),South Ayrshire,0.001676,2020,https://www.gov.scot/binaries/content/documents/govscot/publications/statistics/2025/11/community-ownership-in-scotland-2024/documents/community-ownership-in-scotland-2024---dataset/community-ownership-in-scotland-2024---dataset/govscot%3Adocument/Community%2BOwnership%2Bin%2BScotland%2B2024%2B-%2BDataset.xlsx
Broomhouse Community Centre (The Broomhouse Centre),City of Edinburgh,0.001343,2018,https://www.gov.scot/binaries/content/documents/govscot/publications/statistics/2025/11/community-ownership-in-scotland-2024/documents/community-ownership-in-scotland-2024---dataset/community-ownership-in-scotland-2024---dataset/govscot%3Adocument/Community%2BOwnership%2Bin%2BScotland%2B2024%2B-%2BDataset.xlsx
Burn O' Fochabers Woods (The Burn O' Fochabers Woodlands Community Trust),Moray,0.053429,2007,https://www.gov.scot/binaries/content/documents/govscot/publications/statistics/2025/11/community-ownership-in-scotland-2024/documents/community-ownership-in-scotland-2024---dataset/community-ownership-in-scotland-2024---dataset/govscot%3Adocument/Community%2BOwnership%2Bin%2BScotland%2B2024%2B-%2BDataset.xlsx
Inverharroch Farm (The Cabrach Trust),Moray,0.659028,2011,https://www.gov.scot/binaries/content/documents/govscot/publications/statistics/2025/11/community-ownership-in-scotland-2024/documents/community-ownership-in-scotland-2024---dataset/community-ownership-in-scotland-2024---dataset/govscot%3Adocument/Community%2BOwnership%2Bin%2BScotland%2B2024%2B-%2BDataset.xlsx
Dorran Cottage (The Cabrach Trust),Moray,0.000336,2018,https://www.gov.scot/binaries/content/documents/govscot/publications/statistics/2025/11/community-ownership-in-scotland-2024/documents/community-ownership-in-scotland-2024---dataset/community-ownership-in-scotland-2024---dataset/govscot%3Adocument/Community%2BOwnership%2Bin%2BScotland%2B2024%2B-%2BDataset.xlsx
The Acorn Centre (The Cabrach Trust),Moray,0.003847,2018,https://www.gov.scot/binaries/content/documents/govscot/publications/statistics/2025/11/community-ownership-in-scotland-2024/documents/community-ownership-in-scotland-2024---dataset/community-ownership-in-scotland-2024---dataset/govscot%3Adocument/Community%2BOwnership%2Bin%2BScotland%2B2024%2B-%2BDataset.xlsx
Ground on the north west of the road from Kinghorn to Burntisland (The Ecology Centre),Fife,0.001937,2014,https://www.gov.scot/binaries/content/documents/govscot/publications/statistics/2025/11/community-ownership-in-scotland-2024/documents/community-ownership-in-scotland-2024---dataset/community-ownership-in-scotland-2024---dataset/govscot%3Adocument/Community%2BOwnership%2Bin%2BScotland%2B2024%2B-%2BDataset.xlsx
The Ecology Centre (The Ecology Centre),Fife,0.017926,2014,https://www.gov.scot/binaries/content/documents/govscot/publications/statistics/2025/11/community-ownership-in-scotland-2024/documents/community-ownership-in-scotland-2024---dataset/community-ownership-in-scotland-2024---dataset/govscot%3Adocument/Community%2BOwnership%2Bin%2BScotland%2B2024%2B-%2BDataset.xlsx
Embo Community Centre (The Embo Trust (Urras Euraboil)),Highland,0.002093,2012,https://www.gov.scot/binaries/content/documents/govscot/publications/statistics/2025/11/community-ownership-in-scotland-2024/documents/community-ownership-in-scotland-2024---dataset/community-ownership-in-scotland-2024---dataset/govscot%3Adocument/Community%2BOwnership%2Bin%2BScotland%2B2024%2B-%2BDataset.xlsx
Fourpenny Plantation (The Embo Trust (Urras Euraboil)),Highland,0.174261,2015,https://www.gov.scot/binaries/content/documents/govscot/publications/statistics/2025/11/community-ownership-in-scotland-2024/documents/community-ownership-in-scotland-2024---dataset/community-ownership-in-scotland-2024---dataset/govscot%3Adocument/Community%2BOwnership%2Bin%2BScotland%2B2024%2B-%2BDataset.xlsx
Police House (The Eskdale Foundation),Dumfries and Galloway,0.000664,2018,https://www.gov.scot/binaries/content/documents/govscot/publications/statistics/2025/11/community-ownership-in-scotland-2024/documents/community-ownership-in-scotland-2024---dataset/community-ownership-in-scotland-2024---dataset/govscot%3Adocument/Community%2BOwnership%2Bin%2BScotland%2B2024%2B-%2BDataset.xlsx
Eskdale Community Shop (The Eskdale Foundation),Dumfries and Galloway,,1999,https://www.gov.scot/binaries/content/documents/govscot/publications/statistics/2025/11/community-ownership-in-scotland-2024/documents/community-ownership-in-scotland-2024---dataset/community-ownership-in-scotland-2024---dataset/govscot%3Adocument/Community%2BOwnership%2Bin%2BScotland%2B2024%2B-%2BDataset.xlsx
Greenbank Housing Complex - Flat 1 (The Eskdale Foundation),Dumfries and Galloway,0.003565,2006,https://www.gov.scot/binaries/content/documents/govscot/publications/statistics/2025/11/community-ownership-in-scotland-2024/documents/community-ownership-in-scotland-2024---dataset/community-ownership-in-scotland-2024---dataset/govscot%3Adocument/Community%2BOwnership%2Bin%2BScotland%2B2024%2B-%2BDataset.xlsx
Greenbank Housing Complex - Flat 2 (The Eskdale Foundation),Dumfries and Galloway,0.003565,2006,https://www.gov.scot/binaries/content/documents/govscot/publications/statistics/2025/11/community-ownership-in-scotland-2024/documents/community-ownership-in-scotland-2024---dataset/community-ownership-in-scotland-2024---dataset/govscot%3Adocument/Community%2BOwnership%2Bin%2BScotland%2B2024%2B-%2BDataset.xlsx
Greenbank Housing Complex - Flat 13 (The Eskdale Foundation),Dumfries and Galloway,0.003565,2006,https://www.gov.scot/binaries/content/documents/govscot/publications/statistics/2025/11/community-ownership-in-scotland-2024/documents/community-ownership-in-scotland-2024---dataset/community-ownership-in-scotland-2024---dataset/govscot%3Adocument/Community%2BOwnership%2Bin%2BScotland%2B2024%2B-%2BDataset.xlsx
Greenbank Housing Complex - Flat 14 (The Eskdale Foundation),Dumfries and Galloway,0.003565,2006,https://www.gov.scot/binaries/content/documents/govscot/publications/statistics/2025/11/community-ownership-in-scotland-2024/documents/community-ownership-in-scotland-2024---dataset/community-ownership-in-scotland-2024---dataset/govscot%3Adocument/Community%2BOwnership%2Bin%2BScotland%2B2024%2B-%2BDataset.xlsx
Findorn Bay (The Findhorn Village Conservation Company),Moray,4.28355,2016,https://www.gov.scot/binaries/content/documents/govscot/publications/statistics/2025/11/community-ownership-in-scotland-2024/documents/community-ownership-in-scotland-2024---dataset/community-ownership-in-scotland-2024---dataset/govscot%3Adocument/Community%2BOwnership%2Bin%2BScotland%2B2024%2B-%2BDataset.xlsx
Findhorn Village Amenity Land (The Findhorn Village Conservation Company),Moray,0.374964,2016,https://www.gov.scot/binaries/content/documents/govscot/publications/statistics/2025/11/community-ownership-in-scotland-2024/documents/community-ownership-in-scotland-2024---dataset/community-ownership-in-scotland-2024---dataset/govscot%3Adocument/Community%2BOwnership%2Bin%2BScotland%2B2024%2B-%2BDataset.xlsx
Ground at 54 Findhorn and Ground to the north of 63 Findhorn (The Findhorn Village Conservation Company),Moray,9.2e-05,2016,https://www.gov.scot/binaries/content/documents/govscot/publications/statistics/2025/11/community-ownership-in-scotland-2024/documents/community-ownership-in-scotland-2024---dataset/community-ownership-in-scotland-2024---dataset/govscot%3Adocument/Community%2BOwnership%2Bin%2BScotland%2B2024%2B-%2BDataset.xlsx
Armstrong Garages (The Findhorn Village Conservation Company),Moray,0.000928,2018,https://www.gov.scot/binaries/content/documents/govscot/publications/statistics/2025/11/community-ownership-in-scotland-2024/documents/community-ownership-in-scotland-2024---dataset/community-ownership-in-scotland-2024---dataset/govscot%3Adocument/Community%2BOwnership%2Bin%2BScotland%2B2024%2B-%2BDataset.xlsx
Borrodale School Housing Project (The Glendale Trust),Highland,0.002017,2015,https://www.gov.scot/binaries/content/documents/govscot/publications/statistics/2025/11/community-ownership-in-scotland-2024/documents/community-ownership-in-scotland-2024---dataset/community-ownership-in-scotland-2024---dataset/govscot%3Adocument/Community%2BOwnership%2Bin%2BScotland%2B2024%2B-%2BDataset.xlsx
Meanish Pier and Surrounding Ground (The Glendale Trust),Highland,0.002227,2013,https://www.gov.scot/binaries/content/documents/govscot/publications/statistics/2025/11/community-ownership-in-scotland-2024/documents/community-ownership-in-scotland-2024---dataset/community-ownership-in-scotland-2024---dataset/govscot%3Adocument/Community%2BOwnership%2Bin%2BScotland%2B2024%2B-%2BDataset.xlsx
The Grantown Hub (The Grantown Society (SCIO)),Highland,0.000316,2024,https://www.gov.scot/binaries/content/documents/govscot/publications/statistics/2025/11/community-ownership-in-scotland-2024/documents/community-ownership-in-scotland-2024---dataset/community-ownership-in-scotland-2024---dataset/govscot%3Adocument/Community%2BOwnership%2Bin%2BScotland%2B2024%2B-%2BDataset.xlsx
The Muirshiel Lane Community Garden Classroom (The Inverclyde Shed),Inverclyde,,2022,https://www.gov.scot/binaries/content/documents/govscot/publications/statistics/2025/11/community-ownership-in-scotland-2024/documents/community-ownership-in-scotland-2024---dataset/community-ownership-in-scotland-2024---dataset/govscot%3Adocument/Community%2BOwnership%2Bin%2BScotland%2B2024%2B-%2BDataset.xlsx
Car Park at YM Community Hall (The Island of Hoy Development Trust),Orkney Islands,0.002927,2012,https://www.gov.scot/binaries/content/documents/govscot/publications/statistics/2025/11/community-ownership-in-scotland-2024/documents/community-ownership-in-scotland-2024---dataset/community-ownership-in-scotland-2024---dataset/govscot%3Adocument/Community%2BOwnership%2Bin%2BScotland%2B2024%2B-%2BDataset.xlsx
YM Community Hall (The Island of Hoy Development Trust),Orkney Islands,0.004047,2013,https://www.gov.scot/binaries/content/documents/govscot/publications/statistics/2025/11/community-ownership-in-scotland-2024/documents/community-ownership-in-scotland-2024---dataset/community-ownership-in-scotland-2024---dataset/govscot%3Adocument/Community%2BOwnership%2Bin%2BScotland%2B2024%2B-%2BDataset.xlsx
Kerrera Old School (The Isle of Kerrera Development Trust),Argyll and Bute,0.001649,2019,https://www.gov.scot/binaries/content/documents/govscot/publications/statistics/2025/11/community-ownership-in-scotland-2024/documents/community-ownership-in-scotland-2024---dataset/community-ownership-in-scotland-2024---dataset/govscot%3Adocument/Community%2BOwnership%2Bin%2BScotland%2B2024%2B-%2BDataset.xlsx
Slipways and Breakwater (The Isle of Kerrera Development Trust),Argyll and Bute,0.00062,2015,https://www.gov.scot/binaries/content/documents/govscot/publications/statistics/2025/11/community-ownership-in-scotland-2024/documents/community-ownership-in-scotland-2024---dataset/community-ownership-in-scotland-2024---dataset/govscot%3Adocument/Community%2BOwnership%2Bin%2BScotland%2B2024%2B-%2BDataset.xlsx
Tarras Valley Nature Reserve - Part 1 (The Langholm Initiative),Dumfries and Galloway,21.0118,2021,https://www.gov.scot/binaries/content/documents/govscot/publications/statistics/2025/11/community-ownership-in-scotland-2024/documents/community-ownership-in-scotland-2024---dataset/community-ownership-in-scotland-2024---dataset/govscot%3Adocument/Community%2BOwnership%2Bin%2BScotland%2B2024%2B-%2BDataset.xlsx
Tarras Valley Nature Reserve - Part 2 (The Langholm Initiative),Dumfries and Galloway,21.2019,2022,https://www.gov.scot/binaries/content/documents/govscot/publications/statistics/2025/11/community-ownership-in-scotland-2024/documents/community-ownership-in-scotland-2024---dataset/community-ownership-in-scotland-2024---dataset/govscot%3Adocument/Community%2BOwnership%2Bin%2BScotland%2B2024%2B-%2BDataset.xlsx
Lochgair Hall (The Lochgair Association),Argyll and Bute,0.000919,2022,https://www.gov.scot/binaries/content/documents/govscot/publications/statistics/2025/11/community-ownership-in-scotland-2024/documents/community-ownership-in-scotland-2024---dataset/community-ownership-in-scotland-2024---dataset/govscot%3Adocument/Community%2BOwnership%2Bin%2BScotland%2B2024%2B-%2BDataset.xlsx
The Old Forge Pub - Part 1 (The Old Forge Community Benefit Society),Highland,0.001183,2022,https://www.gov.scot/binaries/content/documents/govscot/publications/statistics/2025/11/community-ownership-in-scotland-2024/documents/community-ownership-in-scotland-2024---dataset/community-ownership-in-scotland-2024---dataset/govscot%3Adocument/Community%2BOwnership%2Bin%2BScotland%2B2024%2B-%2BDataset.xlsx
The Old Forge Pub - Part 2 (The Old Forge Community Benefit Society),Highland,8.8e-05,2023,https://www.gov.scot/binaries/content/documents/govscot/publications/statistics/2025/11/community-ownership-in-scotland-2024/documents/community-ownership-in-scotland-2024---dataset/community-ownership-in-scotland-2024---dataset/govscot%3Adocument/Community%2BOwnership%2Bin%2BScotland%2B2024%2B-%2BDataset.xlsx
Affordable Housing at Carn Aonghais (The Pairc Trust),Na h-Eileanan Siar,0.000781,2018,https://www.gov.scot/binaries/content/documents/govscot/publications/statistics/2025/11/community-ownership-in-scotland-2024/documents/community-ownership-in-scotland-2024---dataset/community-ownership-in-scotland-2024---dataset/govscot%3Adocument/Community%2BOwnership%2Bin%2BScotland%2B2024%2B-%2BDataset.xlsx
Kershader Resource Centre (The Pairc Trust),Na h-Eileanan Siar,0.000847,2021,https://www.gov.scot/binaries/content/documents/govscot/publications/statistics/2025/11/community-ownership-in-scotland-2024/documents/community-ownership-in-scotland-2024---dataset/community-ownership-in-scotland-2024---dataset/govscot%3Adocument/Community%2BOwnership%2Bin%2BScotland%2B2024%2B-%2BDataset.xlsx
The Pairc Estate (The Pairc Trust),Na h-Eileanan Siar,108.4,2015,https://www.gov.scot/binaries/content/documents/govscot/publications/statistics/2025/11/community-ownership-in-scotland-2024/documents/community-ownership-in-scotland-2024---dataset/community-ownership-in-scotland-2024---dataset/govscot%3Adocument/Community%2BOwnership%2Bin%2BScotland%2B2024%2B-%2BDataset.xlsx
Tigh Ceilidh (The Pairc Trust),Na h-Eileanan Siar,0.000338,2023,https://www.gov.scot/binaries/content/documents/govscot/publications/statistics/2025/11/community-ownership-in-scotland-2024/documents/community-ownership-in-scotland-2024---dataset/community-ownership-in-scotland-2024---dataset/govscot%3Adocument/Community%2BOwnership%2Bin%2BScotland%2B2024%2B-%2BDataset.xlsx
The Pyramid at Anderston (The Pyramid at Anderston),Glasgow City,0.002334,2019,https://www.gov.scot/binaries/content/documents/govscot/publications/statistics/2025/11/community-ownership-in-scotland-2024/documents/community-ownership-in-scotland-2024---dataset/community-ownership-in-scotland-2024---dataset/govscot%3Adocument/Community%2BOwnership%2Bin%2BScotland%2B2024%2B-%2BDataset.xlsx
86-88 High Street (The Ridge SCIO),East Lothian,0.000669,2020,https://www.gov.scot/binaries/content/documents/govscot/publications/statistics/2025/11/community-ownership-in-scotland-2024/documents/community-ownership-in-scotland-2024---dataset/community-ownership-in-scotland-2024---dataset/govscot%3Adocument/Community%2BOwnership%2Bin%2BScotland%2B2024%2B-%2BDataset.xlsx
Empire Close (The Ridge SCIO),East Lothian,0.002016,2023,https://www.gov.scot/binaries/content/documents/govscot/publications/statistics/2025/11/community-ownership-in-scotland-2024/documents/community-ownership-in-scotland-2024---dataset/community-ownership-in-scotland-2024---dataset/govscot%3Adocument/Community%2BOwnership%2Bin%2BScotland%2B2024%2B-%2BDataset.xlsx
Ross of Mull Historical Centre (The Ross of Mull Historical Centre),Argyll and Bute,0.003122,2001,https://www.gov.scot/binaries/content/documents/govscot/publications/statistics/2025/11/community-ownership-in-scotland-2024/documents/community-ownership-in-scotland-2024---dataset/community-ownership-in-scotland-2024---dataset/govscot%3Adocument/Community%2BOwnership%2Bin%2BScotland%2B2024%2B-%2BDataset.xlsx
The Village Cafe (The Village Cafe - Ceres Community Café),Fife,6e-05,2023,https://www.gov.scot/binaries/content/documents/govscot/publications/statistics/2025/11/community-ownership-in-scotland-2024/documents/community-ownership-in-scotland-2024---dataset/community-ownership-in-scotland-2024---dataset/govscot%3Adocument/Community%2BOwnership%2Bin%2BScotland%2B2024%2B-%2BDataset.xlsx
Thornton Road Community Centre (Thornton Road Community Centre Association),South Lanarkshire,0.000223,2018,https://www.gov.scot/binaries/content/documents/govscot/publications/statistics/2025/11/community-ownership-in-scotland-2024/documents/community-ownership-in-scotland-2024---dataset/community-ownership-in-scotland-2024---dataset/govscot%3Adocument/Community%2BOwnership%2Bin%2BScotland%2B2024%2B-%2BDataset.xlsx
1 Portlong Road (Three Harbours Association),Moray,0.00034,2016,https://www.gov.scot/binaries/content/documents/govscot/publications/statistics/2025/11/community-ownership-in-scotland-2024/documents/community-ownership-in-scotland-2024---dataset/community-ownership-in-scotland-2024---dataset/govscot%3Adocument/Community%2BOwnership%2Bin%2BScotland%2B2024%2B-%2BDataset.xlsx
Heritage Centre (Tighnabruaich District Development Trust),Argyll and Bute,0.00022,2024,https://www.gov.scot/binaries/content/documents/govscot/publications/statistics/2025/11/community-ownership-in-scotland-2024/documents/community-ownership-in-scotland-2024---dataset/community-ownership-in-scotland-2024---dataset/govscot%3Adocument/Community%2BOwnership%2Bin%2BScotland%2B2024%2B-%2BDataset.xlsx
Retail Unit (Tighnabruaich District Development Trust),Argyll and Bute,0.00022,2024,https://www.gov.scot/binaries/content/documents/govscot/publications/statistics/2025/11/community-ownership-in-scotland-2024/documents/community-ownership-in-scotland-2024---dataset/community-ownership-in-scotland-2024---dataset/govscot%3Adocument/Community%2BOwnership%2Bin%2BScotland%2B2024%2B-%2BDataset.xlsx
Unused land (Tiree Community Business Ltd),Argyll and Bute,0.002061,2021,https://www.gov.scot/binaries/content/documents/govscot/publications/statistics/2025/11/community-ownership-in-scotland-2024/documents/community-ownership-in-scotland-2024---dataset/community-ownership-in-scotland-2024---dataset/govscot%3Adocument/Community%2BOwnership%2Bin%2BScotland%2B2024%2B-%2BDataset.xlsx
Bùth a Bhàile and Stèisean Connaidh Chrosabol (Tiree Community Development Trust),Argyll and Bute,0.002585,2015,https://www.gov.scot/binaries/content/documents/govscot/publications/statistics/2025/11/community-ownership-in-scotland-2024/documents/community-ownership-in-scotland-2024---dataset/community-ownership-in-scotland-2024---dataset/govscot%3Adocument/Community%2BOwnership%2Bin%2BScotland%2B2024%2B-%2BDataset.xlsx
Scarinish Harbour (Tiree Community Development Trust),Argyll and Bute,0.027013,2018,https://www.gov.scot/binaries/content/documents/govscot/publications/statistics/2025/11/community-ownership-in-scotland-2024/documents/community-ownership-in-scotland-2024---dataset/community-ownership-in-scotland-2024---dataset/govscot%3Adocument/Community%2BOwnership%2Bin%2BScotland%2B2024%2B-%2BDataset.xlsx
Milton Harbour (Tiree Community Development Trust),Argyll and Bute,0.014507,2019,https://www.gov.scot/binaries/content/documents/govscot/publications/statistics/2025/11/community-ownership-in-scotland-2024/documents/community-ownership-in-scotland-2024---dataset/community-ownership-in-scotland-2024---dataset/govscot%3Adocument/Community%2BOwnership%2Bin%2BScotland%2B2024%2B-%2BDataset.xlsx
Ground at Ledaig adjacent to Taigh Solais (Tobermory Harbour Association),Argyll and Bute,0.004199,2006,https://www.gov.scot/binaries/content/documents/govscot/publications/statistics/2025/11/community-ownership-in-scotland-2024/documents/community-ownership-in-scotland-2024---dataset/community-ownership-in-scotland-2024---dataset/govscot%3Adocument/Community%2BOwnership%2Bin%2BScotland%2B2024%2B-%2BDataset.xlsx
Taigh Solais & Foreshore and seabed at Ledaig (Tobermory Harbour Association),Argyll and Bute,0.001296,2007,https://www.gov.scot/binaries/content/documents/govscot/publications/statistics/2025/11/community-ownership-in-scotland-2024/documents/community-ownership-in-scotland-2024---dataset/community-ownership-in-scotland-2024---dataset/govscot%3Adocument/Community%2BOwnership%2Bin%2BScotland%2B2024%2B-%2BDataset.xlsx
Woodland at Beadoun (Tobermory Harbour Association),Argyll and Bute,0.012071,2016,https://www.gov.scot/binaries/content/documents/govscot/publications/statistics/2025/11/community-ownership-in-scotland-2024/documents/community-ownership-in-scotland-2024---dataset/community-ownership-in-scotland-2024---dataset/govscot%3Adocument/Community%2BOwnership%2Bin%2BScotland%2B2024%2B-%2BDataset.xlsx
Aros Waterfront Development (Tobermory Harbour Association),Argyll and Bute,0.015721,2019,https://www.gov.scot/binaries/content/documents/govscot/publications/statistics/2025/11/community-ownership-in-scotland-2024/documents/community-ownership-in-scotland-2024---dataset/community-ownership-in-scotland-2024---dataset/govscot%3Adocument/Community%2BOwnership%2Bin%2BScotland%2B2024%2B-%2BDataset.xlsx
Buth Tholastaidh (Tolsta Community Development Ltd),Na h-Eileanan Siar,0.000144,2010,https://www.gov.scot/binaries/content/documents/govscot/publications/statistics/2025/11/community-ownership-in-scotland-2024/documents/community-ownership-in-scotland-2024---dataset/community-ownership-in-scotland-2024---dataset/govscot%3Adocument/Community%2BOwnership%2Bin%2BScotland%2B2024%2B-%2BDataset.xlsx
Tigh Ceilidh (Tolsta Community Development Ltd),Na h-Eileanan Siar,0.000213,2011,https://www.gov.scot/binaries/content/documents/govscot/publications/statistics/2025/11/community-ownership-in-scotland-2024/documents/community-ownership-in-scotland-2024---dataset/community-ownership-in-scotland-2024---dataset/govscot%3Adocument/Community%2BOwnership%2Bin%2BScotland%2B2024%2B-%2BDataset.xlsx
Affordable Housing at Auld School Close (Tomintoul & Glenlivet Development Trust),Moray,0.003397,2020,https://www.gov.scot/binaries/content/documents/govscot/publications/statistics/2025/11/community-ownership-in-scotland-2024/documents/community-ownership-in-scotland-2024---dataset/community-ownership-in-scotland-2024---dataset/govscot%3Adocument/Community%2BOwnership%2Bin%2BScotland%2B2024%2B-%2BDataset.xlsx
Tomintoul & Glenlivet Discovery Centre & Museum (Tomintoul & Glenlivet Development Trust),Moray,0.000759,2017,https://www.gov.scot/binaries/content/documents/govscot/publications/statistics/2025/11/community-ownership-in-scotland-2024/documents/community-ownership-in-scotland-2024---dataset/community-ownership-in-scotland-2024---dataset/govscot%3Adocument/Community%2BOwnership%2Bin%2BScotland%2B2024%2B-%2BDataset.xlsx
The Smugglers Hostel (Tomintoul & Glenlivet Development Trust),Moray,0.001287,2017,https://www.gov.scot/binaries/content/documents/govscot/publications/statistics/2025/11/community-ownership-in-scotland-2024/documents/community-ownership-in-scotland-2024---dataset/community-ownership-in-scotland-2024---dataset/govscot%3Adocument/Community%2BOwnership%2Bin%2BScotland%2B2024%2B-%2BDataset.xlsx
Loch Torridon Community Centre (Torridon District Community Association),Highland,0.002021,2009,https://www.gov.scot/binaries/content/documents/govscot/publications/statistics/2025/11/community-ownership-in-scotland-2024/documents/community-ownership-in-scotland-2024---dataset/community-ownership-in-scotland-2024---dataset/govscot%3Adocument/Community%2BOwnership%2Bin%2BScotland%2B2024%2B-%2BDataset.xlsx
Townhead Village Hall (Townhead Village Hall),Glasgow City,0.005238,2012,https://www.gov.scot/binaries/content/documents/govscot/publications/statistics/2025/11/community-ownership-in-scotland-2024/documents/community-ownership-in-scotland-2024---dataset/community-ownership-in-scotland-2024---dataset/govscot%3Adocument/Community%2BOwnership%2Bin%2BScotland%2B2024%2B-%2BDataset.xlsx
The Garage - Community Shop & Fuel (Trossachs Area Community Transport),Stirling,0.002453,2011,https://www.gov.scot/binaries/content/documents/govscot/publications/statistics/2025/11/community-ownership-in-scotland-2024/documents/community-ownership-in-scotland-2024---dataset/community-ownership-in-scotland-2024---dataset/govscot%3Adocument/Community%2BOwnership%2Bin%2BScotland%2B2024%2B-%2BDataset.xlsx
The Old Trossachs School (Trossachs Community Trust),Stirling,0.00165,2021,https://www.gov.scot/binaries/content/documents/govscot/publications/statistics/2025/11/community-ownership-in-scotland-2024/documents/community-ownership-in-scotland-2024---dataset/community-ownership-in-scotland-2024---dataset/govscot%3Adocument/Community%2BOwnership%2Bin%2BScotland%2B2024%2B-%2BDataset.xlsx
Tullibody Civic Centre (Tullibody Community Development Trust),Clackmannanshire,0.007007,2021,https://www.gov.scot/binaries/content/documents/govscot/publications/statistics/2025/11/community-ownership-in-scotland-2024/documents/community-ownership-in-scotland-2024---dataset/community-ownership-in-scotland-2024---dataset/govscot%3Adocument/Community%2BOwnership%2Bin%2BScotland%2B2024%2B-%2BDataset.xlsx
Ground at the Crook Inn (Tweedsmuir Community Company),Scottish Borders,0.017092,2015,https://www.gov.scot/binaries/content/documents/govscot/publications/statistics/2025/11/community-ownership-in-scotland-2024/documents/community-ownership-in-scotland-2024---dataset/community-ownership-in-scotland-2024---dataset/govscot%3Adocument/Community%2BOwnership%2Bin%2BScotland%2B2024%2B-%2BDataset.xlsx
The Crook Inn (Tweedsmuir Community Company),Scottish Borders,0.002923,2013,https://www.gov.scot/binaries/content/documents/govscot/publications/statistics/2025/11/community-ownership-in-scotland-2024/documents/community-ownership-in-scotland-2024---dataset/community-ownership-in-scotland-2024---dataset/govscot%3Adocument/Community%2BOwnership%2Bin%2BScotland%2B2024%2B-%2BDataset.xlsx
No. 3 Oldmeldrum Road (Udny Community Trust Company),Aberdeenshire,1.7e-05,2012,https://www.gov.scot/binaries/content/documents/govscot/publications/statistics/2025/11/community-ownership-in-scotland-2024/documents/community-ownership-in-scotland-2024---dataset/community-ownership-in-scotland-2024---dataset/govscot%3Adocument/Community%2BOwnership%2Bin%2BScotland%2B2024%2B-%2BDataset.xlsx
The Medan Centre (Udny Community Trust Company),Aberdeenshire,0.002867,2020,https://www.gov.scot/binaries/content/documents/govscot/publications/statistics/2025/11/community-ownership-in-scotland-2024/documents/community-ownership-in-scotland-2024---dataset/community-ownership-in-scotland-2024---dataset/govscot%3Adocument/Community%2BOwnership%2Bin%2BScotland%2B2024%2B-%2BDataset.xlsx
"Uig Filling Station, Shop and Takeaway (Uig Community Trust)",Highland,,2000,https://www.gov.scot/binaries/content/documents/govscot/publications/statistics/2025/11/community-ownership-in-scotland-2024/documents/community-ownership-in-scotland-2024---dataset/community-ownership-in-scotland-2024---dataset/govscot%3Adocument/Community%2BOwnership%2Bin%2BScotland%2B2024%2B-%2BDataset.xlsx
Uig Community Shop (Uig Development Trust),Na h-Eileanan Siar,0.006273,2004,https://www.gov.scot/binaries/content/documents/govscot/publications/statistics/2025/11/community-ownership-in-scotland-2024/documents/community-ownership-in-scotland-2024---dataset/community-ownership-in-scotland-2024---dataset/govscot%3Adocument/Community%2BOwnership%2Bin%2BScotland%2B2024%2B-%2BDataset.xlsx
Ground at Eireastadh Industrial Estate (Uig Development Trust),Na h-Eileanan Siar,0.007469,2023,https://www.gov.scot/binaries/content/documents/govscot/publications/statistics/2025/11/community-ownership-in-scotland-2024/documents/community-ownership-in-scotland-2024---dataset/community-ownership-in-scotland-2024---dataset/govscot%3Adocument/Community%2BOwnership%2Bin%2BScotland%2B2024%2B-%2BDataset.xlsx
28 Argyle Street (Ullapool Community Trust Ltd.),Highland,0.000458,2017,https://www.gov.scot/binaries/content/documents/govscot/publications/statistics/2025/11/community-ownership-in-scotland-2024/documents/community-ownership-in-scotland-2024---dataset/community-ownership-in-scotland-2024---dataset/govscot%3Adocument/Community%2BOwnership%2Bin%2BScotland%2B2024%2B-%2BDataset.xlsx
Unst Partnership Office & Second-hand Shop (Unst Partnership Ltd),Shetland Islands,7.2e-05,2018,https://www.gov.scot/binaries/content/documents/govscot/publications/statistics/2025/11/community-ownership-in-scotland-2024/documents/community-ownership-in-scotland-2024---dataset/community-ownership-in-scotland-2024---dataset/govscot%3Adocument/Community%2BOwnership%2Bin%2BScotland%2B2024%2B-%2BDataset.xlsx
Eskdalemuir Community Hub & Old School Café (Upper Eskdale Development Group),Dumfries and Galloway,0.002647,2007,https://www.gov.scot/binaries/content/documents/govscot/publications/statistics/2025/11/community-ownership-in-scotland-2024/documents/community-ownership-in-scotland-2024---dataset/community-ownership-in-scotland-2024---dataset/govscot%3Adocument/Community%2BOwnership%2Bin%2BScotland%2B2024%2B-%2BDataset.xlsx
A’ The Airts Community Art Centre and Cafe (Upper Nithsdale Arts and Crafts Community Initiative Ltd),Dumfries and Galloway,0.000191,2004,https://www.gov.scot/binaries/content/documents/govscot/publications/statistics/2025/11/community-ownership-in-scotland-2024/documents/community-ownership-in-scotland-2024---dataset/community-ownership-in-scotland-2024---dataset/govscot%3Adocument/Community%2BOwnership%2Bin%2BScotland%2B2024%2B-%2BDataset.xlsx
Broughton Village Store (Upper Tweed Community Enterprises Ltd),Scottish Borders,0.000184,2019,https://www.gov.scot/binaries/content/documents/govscot/publications/statistics/2025/11/community-ownership-in-scotland-2024/documents/community-ownership-in-scotland-2024---dataset/community-ownership-in-scotland-2024---dataset/govscot%3Adocument/Community%2BOwnership%2Bin%2BScotland%2B2024%2B-%2BDataset.xlsx
Grinngabhat (Urras Coimhearsnachd Bhradhagair agus Arnoil),Na h-Eileanan Siar,0.004479,2014,https://www.gov.scot/binaries/content/documents/govscot/publications/statistics/2025/11/community-ownership-in-scotland-2024/documents/community-ownership-in-scotland-2024---dataset/community-ownership-in-scotland-2024---dataset/govscot%3Adocument/Community%2BOwnership%2Bin%2BScotland%2B2024%2B-%2BDataset.xlsx
Galson Estate (Urras Oighreachd Ghabhsainn),Na h-Eileanan Siar,232.343,2007,https://www.gov.scot/binaries/content/documents/govscot/publications/statistics/2025/11/community-ownership-in-scotland-2024/documents/community-ownership-in-scotland-2024---dataset/community-ownership-in-scotland-2024---dataset/govscot%3Adocument/Community%2BOwnership%2Bin%2BScotland%2B2024%2B-%2BDataset.xlsx
Urras Oighreachd Ghabhsainn Business Centre (Urras Oighreachd Ghabhsainn),Na h-Eileanan Siar,,2010,https://www.gov.scot/binaries/content/documents/govscot/publications/statistics/2025/11/community-ownership-in-scotland-2024/documents/community-ownership-in-scotland-2024---dataset/community-ownership-in-scotland-2024---dataset/govscot%3Adocument/Community%2BOwnership%2Bin%2BScotland%2B2024%2B-%2BDataset.xlsx
Barvas Estate (Urras Sgire Oighreachd Bharabhais),Na h-Eileanan Siar,136.763,2016,https://www.gov.scot/binaries/content/documents/govscot/publications/statistics/2025/11/community-ownership-in-scotland-2024/documents/community-ownership-in-scotland-2024---dataset/community-ownership-in-scotland-2024---dataset/govscot%3Adocument/Community%2BOwnership%2Bin%2BScotland%2B2024%2B-%2BDataset.xlsx
Aros An Rubha (Urras Storas an Rubha),Na h-Eileanan Siar,0.001694,2015,https://www.gov.scot/binaries/content/documents/govscot/publications/statistics/2025/11/community-ownership-in-scotland-2024/documents/community-ownership-in-scotland-2024---dataset/community-ownership-in-scotland-2024---dataset/govscot%3Adocument/Community%2BOwnership%2Bin%2BScotland%2B2024%2B-%2BDataset.xlsx
Carron Valley Community Woodland (Valley Renewables Group),Stirling,0.218956,2018,https://www.gov.scot/binaries/content/documents/govscot/publications/statistics/2025/11/community-ownership-in-scotland-2024/documents/community-ownership-in-scotland-2024---dataset/community-ownership-in-scotland-2024---dataset/govscot%3Adocument/Community%2BOwnership%2Bin%2BScotland%2B2024%2B-%2BDataset.xlsx
The Douglas Support Estate (Viewpark Conservation Group),North Lanarkshire,0.672646,2020,https://www.gov.scot/binaries/content/documents/govscot/publications/statistics/2025/11/community-ownership-in-scotland-2024/documents/community-ownership-in-scotland-2024---dataset/community-ownership-in-scotland-2024---dataset/govscot%3Adocument/Community%2BOwnership%2Bin%2BScotland%2B2024%2B-%2BDataset.xlsx
Weigh Ahead (Weigh CIC),Stirling,0.000358,2024,https://www.gov.scot/binaries/content/documents/govscot/publications/statistics/2025/11/community-ownership-in-scotland-2024/documents/community-ownership-in-scotland-2024---dataset/community-ownership-in-scotland-2024---dataset/govscot%3Adocument/Community%2BOwnership%2Bin%2BScotland%2B2024%2B-%2BDataset.xlsx
Scottish Co-operative Discovery Centre (West Calder and Harburn Community Development Trust),West Lothian,0.002248,2020,https://www.gov.scot/binaries/content/documents/govscot/publications/statistics/2025/11/community-ownership-in-scotland-2024/documents/community-ownership-in-scotland-2024---dataset/community-ownership-in-scotland-2024---dataset/govscot%3Adocument/Community%2BOwnership%2Bin%2BScotland%2B2024%2B-%2BDataset.xlsx
The Red Lion Inn (West Fife Community Trading Ltd),Fife,0.001194,2022,https://www.gov.scot/binaries/content/documents/govscot/publications/statistics/2025/11/community-ownership-in-scotland-2024/documents/community-ownership-in-scotland-2024---dataset/community-ownership-in-scotland-2024---dataset/govscot%3Adocument/Community%2BOwnership%2Bin%2BScotland%2B2024%2B-%2BDataset.xlsx
West Glenmoriston Hub (West Glenmoriston Community Company),Highland,0.002886,2014,https://www.gov.scot/binaries/content/documents/govscot/publications/statistics/2025/11/community-ownership-in-scotland-2024/documents/community-ownership-in-scotland-2024---dataset/community-ownership-in-scotland-2024---dataset/govscot%3Adocument/Community%2BOwnership%2Bin%2BScotland%2B2024%2B-%2BDataset.xlsx
2 Pairc Niseaboist (West Harris Trust),Na h-Eileanan Siar,0.001827,2017,https://www.gov.scot/binaries/content/documents/govscot/publications/statistics/2025/11/community-ownership-in-scotland-2024/documents/community-ownership-in-scotland-2024---dataset/community-ownership-in-scotland-2024---dataset/govscot%3Adocument/Community%2BOwnership%2Bin%2BScotland%2B2024%2B-%2BDataset.xlsx
Intake Weir - Seilebost (West Harris Trust),Na h-Eileanan Siar,0.000124,2015,https://www.gov.scot/binaries/content/documents/govscot/publications/statistics/2025/11/community-ownership-in-scotland-2024/documents/community-ownership-in-scotland-2024---dataset/community-ownership-in-scotland-2024---dataset/govscot%3Adocument/Community%2BOwnership%2Bin%2BScotland%2B2024%2B-%2BDataset.xlsx
"Luskentyre, Borve and Scaristavore Estates (West Harris Trust)",Na h-Eileanan Siar,73.4694,2010,https://www.gov.scot/binaries/content/documents/govscot/publications/statistics/2025/11/community-ownership-in-scotland-2024/documents/community-ownership-in-scotland-2024---dataset/community-ownership-in-scotland-2024---dataset/govscot%3Adocument/Community%2BOwnership%2Bin%2BScotland%2B2024%2B-%2BDataset.xlsx
Seilebost School Camping Site (West Harris Trust),Na h-Eileanan Siar,0.002712,2014,https://www.gov.scot/binaries/content/documents/govscot/publications/statistics/2025/11/community-ownership-in-scotland-2024/documents/community-ownership-in-scotland-2024---dataset/community-ownership-in-scotland-2024---dataset/govscot%3Adocument/Community%2BOwnership%2Bin%2BScotland%2B2024%2B-%2BDataset.xlsx
West Highland Museum (West Highland Museum Trust),Highland,0.000929,1961,https://www.gov.scot/binaries/content/documents/govscot/publications/statistics/2025/11/community-ownership-in-scotland-2024/documents/community-ownership-in-scotland-2024---dataset/community-ownership-in-scotland-2024---dataset/govscot%3Adocument/Community%2BOwnership%2Bin%2BScotland%2B2024%2B-%2BDataset.xlsx
MacFarlane's Barn (West Highland Museum Trust),Highland,0.000342,2006,https://www.gov.scot/binaries/content/documents/govscot/publications/statistics/2025/11/community-ownership-in-scotland-2024/documents/community-ownership-in-scotland-2024---dataset/community-ownership-in-scotland-2024---dataset/govscot%3Adocument/Community%2BOwnership%2Bin%2BScotland%2B2024%2B-%2BDataset.xlsx
40 High Street (West Highland Museum Trust),Highland,0.000115,2018,https://www.gov.scot/binaries/content/documents/govscot/publications/statistics/2025/11/community-ownership-in-scotland-2024/documents/community-ownership-in-scotland-2024---dataset/community-ownership-in-scotland-2024---dataset/govscot%3Adocument/Community%2BOwnership%2Bin%2BScotland%2B2024%2B-%2BDataset.xlsx
The Barony Centre (West Kilbride Community Initiative),North Ayrshire,0.000383,2000,https://www.gov.scot/binaries/content/documents/govscot/publications/statistics/2025/11/community-ownership-in-scotland-2024/documents/community-ownership-in-scotland-2024---dataset/community-ownership-in-scotland-2024---dataset/govscot%3Adocument/Community%2BOwnership%2Bin%2BScotland%2B2024%2B-%2BDataset.xlsx
West Kilbride Community Orchard & Woodland (West Kilbride Community Initiative),North Ayrshire,0.03006,2006,https://www.gov.scot/binaries/content/documents/govscot/publications/statistics/2025/11/community-ownership-in-scotland-2024/documents/community-ownership-in-scotland-2024---dataset/community-ownership-in-scotland-2024---dataset/govscot%3Adocument/Community%2BOwnership%2Bin%2BScotland%2B2024%2B-%2BDataset.xlsx
Garratt Gardens (West Kilbride Community Initiative),North Ayrshire,0.00512,2004,https://www.gov.scot/binaries/content/documents/govscot/publications/statistics/2025/11/community-ownership-in-scotland-2024/documents/community-ownership-in-scotland-2024---dataset/community-ownership-in-scotland-2024---dataset/govscot%3Adocument/Community%2BOwnership%2Bin%2BScotland%2B2024%2B-%2BDataset.xlsx
Craft Town Scotland - Studio 99b (West Kilbride Community Initiative),North Ayrshire,0.000907,2004,https://www.gov.scot/binaries/content/documents/govscot/publications/statistics/2025/11/community-ownership-in-scotland-2024/documents/community-ownership-in-scotland-2024---dataset/community-ownership-in-scotland-2024---dataset/govscot%3Adocument/Community%2BOwnership%2Bin%2BScotland%2B2024%2B-%2BDataset.xlsx
Craft Town Scotland - Studio 86 (West Kilbride Community Initiative),North Ayrshire,0.000482,2010,https://www.gov.scot/binaries/content/documents/govscot/publications/statistics/2025/11/community-ownership-in-scotland-2024/documents/community-ownership-in-scotland-2024---dataset/community-ownership-in-scotland-2024---dataset/govscot%3Adocument/Community%2BOwnership%2Bin%2BScotland%2B2024%2B-%2BDataset.xlsx
Happyhills Studios (West Kilbride Community Initiative),North Ayrshire,0.000327,2015,https://www.gov.scot/binaries/content/documents/govscot/publications/statistics/2025/11/community-ownership-in-scotland-2024/documents/community-ownership-in-scotland-2024---dataset/community-ownership-in-scotland-2024---dataset/govscot%3Adocument/Community%2BOwnership%2Bin%2BScotland%2B2024%2B-%2BDataset.xlsx
The Knot (West Linton Enterprise Group Limited),Scottish Borders,4.5e-05,2023,https://www.gov.scot/binaries/content/documents/govscot/publications/statistics/2025/11/community-ownership-in-scotland-2024/documents/community-ownership-in-scotland-2024---dataset/community-ownership-in-scotland-2024---dataset/govscot%3Adocument/Community%2BOwnership%2Bin%2BScotland%2B2024%2B-%2BDataset.xlsx
Ground beside Poolewe Burial Ground (Wester Loch Ewe Community Council),Highland,0.000389,2005,https://www.gov.scot/binaries/content/documents/govscot/publications/statistics/2025/11/community-ownership-in-scotland-2024/documents/community-ownership-in-scotland-2024---dataset/community-ownership-in-scotland-2024---dataset/govscot%3Adocument/Community%2BOwnership%2Bin%2BScotland%2B2024%2B-%2BDataset.xlsx
Inverasdale Community Centre (Wester Loch Ewe Trust),Highland,0.004887,2018,https://www.gov.scot/binaries/content/documents/govscot/publications/statistics/2025/11/community-ownership-in-scotland-2024/documents/community-ownership-in-scotland-2024---dataset/community-ownership-in-scotland-2024---dataset/govscot%3Adocument/Community%2BOwnership%2Bin%2BScotland%2B2024%2B-%2BDataset.xlsx
Ground opposite Inverasdale Community Centre (Wester Loch Ewe Trust),Highland,0.000543,2018,https://www.gov.scot/binaries/content/documents/govscot/publications/statistics/2025/11/community-ownership-in-scotland-2024/documents/community-ownership-in-scotland-2024---dataset/community-ownership-in-scotland-2024---dataset/govscot%3Adocument/Community%2BOwnership%2Bin%2BScotland%2B2024%2B-%2BDataset.xlsx
Access track to ground at Breckowall (Westray Development Trust),Orkney Islands,0.004804,2006,https://www.gov.scot/binaries/content/documents/govscot/publications/statistics/2025/11/community-ownership-in-scotland-2024/documents/community-ownership-in-scotland-2024---dataset/community-ownership-in-scotland-2024---dataset/govscot%3Adocument/Community%2BOwnership%2Bin%2BScotland%2B2024%2B-%2BDataset.xlsx
Ground on south west of Gill Pier Road (Westray Development Trust),Orkney Islands,0.001851,2006,https://www.gov.scot/binaries/content/documents/govscot/publications/statistics/2025/11/community-ownership-in-scotland-2024/documents/community-ownership-in-scotland-2024---dataset/community-ownership-in-scotland-2024---dataset/govscot%3Adocument/Community%2BOwnership%2Bin%2BScotland%2B2024%2B-%2BDataset.xlsx
Harbour Master's House (Westray Development Trust),Orkney Islands,0.001018,2019,https://www.gov.scot/binaries/content/documents/govscot/publications/statistics/2025/11/community-ownership-in-scotland-2024/documents/community-ownership-in-scotland-2024---dataset/community-ownership-in-scotland-2024---dataset/govscot%3Adocument/Community%2BOwnership%2Bin%2BScotland%2B2024%2B-%2BDataset.xlsx
Hofn Youth Centre (Westray Development Trust),Orkney Islands,,2000,https://www.gov.scot/binaries/content/documents/govscot/publications/statistics/2025/11/community-ownership-in-scotland-2024/documents/community-ownership-in-scotland-2024---dataset/community-ownership-in-scotland-2024---dataset/govscot%3Adocument/Community%2BOwnership%2Bin%2BScotland%2B2024%2B-%2BDataset.xlsx
Ground at Breckowall - Part 1 (Westray Development Trust),Orkney Islands,0.013621,2006,https://www.gov.scot/binaries/content/documents/govscot/publications/statistics/2025/11/community-ownership-in-scotland-2024/documents/community-ownership-in-scotland-2024---dataset/community-ownership-in-scotland-2024---dataset/govscot%3Adocument/Community%2BOwnership%2Bin%2BScotland%2B2024%2B-%2BDataset.xlsx
Ground at Breckowall - Part 2 (Westray Development Trust),Orkney Islands,0.001536,2006,https://www.gov.scot/binaries/content/documents/govscot/publications/statistics/2025/11/community-ownership-in-scotland-2024/documents/community-ownership-in-scotland-2024---dataset/community-ownership-in-scotland-2024---dataset/govscot%3Adocument/Community%2BOwnership%2Bin%2BScotland%2B2024%2B-%2BDataset.xlsx
Westray Community Garden (Westray Development Trust),Orkney Islands,0.002362,2016,https://www.gov.scot/binaries/content/documents/govscot/publications/statistics/2025/11/community-ownership-in-scotland-2024/documents/community-ownership-in-scotland-2024---dataset/community-ownership-in-scotland-2024---dataset/govscot%3Adocument/Community%2BOwnership%2Bin%2BScotland%2B2024%2B-%2BDataset.xlsx
Unit 1 Pierowall (Westray Development Trust),Orkney Islands,0.000158,2012,https://www.gov.scot/binaries/content/documents/govscot/publications/statistics/2025/11/community-ownership-in-scotland-2024/documents/community-ownership-in-scotland-2024---dataset/community-ownership-in-scotland-2024---dataset/govscot%3Adocument/Community%2BOwnership%2Bin%2BScotland%2B2024%2B-%2BDataset.xlsx
Westray Golf Course (Westray Development Trust),Orkney Islands,0.245997,2005,https://www.gov.scot/binaries/content/documents/govscot/publications/statistics/2025/11/community-ownership-in-scotland-2024/documents/community-ownership-in-scotland-2024---dataset/community-ownership-in-scotland-2024---dataset/govscot%3Adocument/Community%2BOwnership%2Bin%2BScotland%2B2024%2B-%2BDataset.xlsx
Whalsay Kirk (Whalsay Kirk Development Company),Shetland Islands,0.000156,2023,https://www.gov.scot/binaries/content/documents/govscot/publications/statistics/2025/11/community-ownership-in-scotland-2024/documents/community-ownership-in-scotland-2024---dataset/community-ownership-in-scotland-2024---dataset/govscot%3Adocument/Community%2BOwnership%2Bin%2BScotland%2B2024%2B-%2BDataset.xlsx
Whitekirk Village Hall (Whitekirk Community Company),East Lothian,0.000712,2020,https://www.gov.scot/binaries/content/documents/govscot/publications/statistics/2025/11/community-ownership-in-scotland-2024/documents/community-ownership-in-scotland-2024---dataset/community-ownership-in-scotland-2024---dataset/govscot%3Adocument/Community%2BOwnership%2Bin%2BScotland%2B2024%2B-%2BDataset.xlsx
Rosebank Playing Fields & Pavilion (Wick Community Hub),Highland,0.007965,2021,https://www.gov.scot/binaries/content/documents/govscot/publications/statistics/2025/11/community-ownership-in-scotland-2024/documents/community-ownership-in-scotland-2024---dataset/community-ownership-in-scotland-2024---dataset/govscot%3Adocument/Community%2BOwnership%2Bin%2BScotland%2B2024%2B-%2BDataset.xlsx
Booktown Bunkhouse (Wigtown & Bladnoch Community Initiative),Dumfries and Galloway,0.000691,2019,https://www.gov.scot/binaries/content/documents/govscot/publications/statistics/2025/11/community-ownership-in-scotland-2024/documents/community-ownership-in-scotland-2024---dataset/community-ownership-in-scotland-2024---dataset/govscot%3Adocument/Community%2BOwnership%2Bin%2BScotland%2B2024%2B-%2BDataset.xlsx
"Affordable Housing at Tarbrax (Woolfords, Auchengray & Tarbrax Improvement Foundation)",South Lanarkshire,0.001141,2017,https://www.gov.scot/binaries/content/documents/govscot/publications/statistics/2025/11/community-ownership-in-scotland-2024/documents/community-ownership-in-scotland-2024---dataset/community-ownership-in-scotland-2024---dataset/govscot%3Adocument/Community%2BOwnership%2Bin%2BScotland%2B2024%2B-%2BDataset.xlsx
Wooplaw Woods (Wooplaw Community Woodlands),Scottish Borders,0.2,1987,https://www.gov.scot/binaries/content/documents/govscot/publications/statistics/2025/11/community-ownership-in-scotland-2024/documents/community-ownership-in-scotland-2024---dataset/community-ownership-in-scotland-2024---dataset/govscot%3Adocument/Community%2BOwnership%2Bin%2BScotland%2B2024%2B-%2BDataset.xlsx
