nom,subdivision,surface_km2,annee,source_url
MAINTSO VONONA (ALMAN3464),Alaotra Mangoro / Ambatondrazaka / AMBOHIDAVA,3.6,2016,https://www.e-voary.mg/tgrn/
LOVASOA (ALMAN3482),Alaotra Mangoro / Ambatondrazaka / Ambatondrazaka Suburbaine,14.65,2014,https://www.e-voary.mg/tgrn/
ARO AINA NY ZETRA (ALMAN3615),Alaotra Mangoro / Ambatondrazaka / Ambatosoratra,,,https://www.e-voary.mg/tgrn/
TAHIA ANGOJA (ALMAN3660),Alaotra Mangoro / Ambatondrazaka / Ambatosoratra,,2002,https://www.e-voary.mg/tgrn/
AHARA (ALMAN3595),Alaotra Mangoro / Ambatondrazaka / Ambohitsilaozana,17.0,2017,https://www.e-voary.mg/tgrn/
TATAMO BETSIMIHILANA (ALMAN3616),Alaotra Mangoro / Ambatondrazaka / Ambohitsilaozana,5.5585,2002,https://www.e-voary.mg/tgrn/
FANASINA (ALMAN3470),Alaotra Mangoro / Ambatondrazaka / Amparihintsokatra,3.859,2016,https://www.e-voary.mg/tgrn/
IMAINTSOANALA (ALMAN3462),Alaotra Mangoro / Ambatondrazaka / Andilanatoby,3.0219,2016,https://www.e-voary.mg/tgrn/
LOVASOA (ALMAN3454),Alaotra Mangoro / Ambatondrazaka / Andilanatoby,3.904,2016,https://www.e-voary.mg/tgrn/
ALA MEVA (ALMAN3184),Alaotra Mangoro / Ambatondrazaka / Antanandava,3.1512,2016,https://www.e-voary.mg/tgrn/
ALA SOA (ALMAN3185),Alaotra Mangoro / Ambatondrazaka / Antanandava,2.9314,2017,https://www.e-voary.mg/tgrn/
FANDROSOANA I (ALMAN3251),Alaotra Mangoro / Ambatondrazaka / Antanandava,4.0424,2018,https://www.e-voary.mg/tgrn/
FANDROSOANA II (ALMAN3310),Alaotra Mangoro / Ambatondrazaka / Antanandava,8.474,2017,https://www.e-voary.mg/tgrn/
ALA MAITSO (ALMAN3641),Alaotra Mangoro / Ambatondrazaka / Didy,40.68,2012,https://www.e-voary.mg/tgrn/
ANJARASOA (ALMAN3186),Alaotra Mangoro / Ambatondrazaka / Didy,157.1115,2005,https://www.e-voary.mg/tgrn/
EZAKA II (ALMAN3190),Alaotra Mangoro / Ambatondrazaka / Didy,27.2732,2007,https://www.e-voary.mg/tgrn/
FANAVAOZANA (ALMAN3191),Alaotra Mangoro / Ambatondrazaka / Didy,19.53,2010,https://www.e-voary.mg/tgrn/
FANDROSOANA (ALMAN3665),Alaotra Mangoro / Ambatondrazaka / Didy,52.29,2010,https://www.e-voary.mg/tgrn/
FENOMANANA I (ALMAN3193),Alaotra Mangoro / Ambatondrazaka / Didy,9.59,2008,https://www.e-voary.mg/tgrn/
FENOMANANA II (ALMAN3194),Alaotra Mangoro / Ambatondrazaka / Didy,10.83,2005,https://www.e-voary.mg/tgrn/
FIMIFA (ALMAN3195),Alaotra Mangoro / Ambatondrazaka / Didy,6.7108,2007,https://www.e-voary.mg/tgrn/
FIVOARANA (ALMAN3196),Alaotra Mangoro / Ambatondrazaka / Didy,76.1052,2010,https://www.e-voary.mg/tgrn/
LAZASOA LOVASOA (ALMAN3198),Alaotra Mangoro / Ambatondrazaka / Didy,12.27,2004,https://www.e-voary.mg/tgrn/
LIANTSOA (ALMAN3197),Alaotra Mangoro / Ambatondrazaka / Didy,29.4403,2005,https://www.e-voary.mg/tgrn/
MANOVOSOA (ALMAN3199),Alaotra Mangoro / Ambatondrazaka / Didy,13.84,2005,https://www.e-voary.mg/tgrn/
MAROMANIRY (ALMAN3200),Alaotra Mangoro / Ambatondrazaka / Didy,4.7068,2007,https://www.e-voary.mg/tgrn/
MEVA MAITSO (ALMAN3455),Alaotra Mangoro / Ambatondrazaka / Didy,5.8497,2016,https://www.e-voary.mg/tgrn/
MISI (ALMAN3201),Alaotra Mangoro / Ambatondrazaka / Didy,58.88,2004,https://www.e-voary.mg/tgrn/
RAVINALA I (ALMAN3202),Alaotra Mangoro / Ambatondrazaka / Didy,13.61,2004,https://www.e-voary.mg/tgrn/
RAVINALA II (ALMAN3203),Alaotra Mangoro / Ambatondrazaka / Didy,97.78,2004,https://www.e-voary.mg/tgrn/
SAROBIDY (ALMAN3511),Alaotra Mangoro / Ambatondrazaka / Didy,62.9654,2007,https://www.e-voary.mg/tgrn/
TAFITASOA (ALMAN3205),Alaotra Mangoro / Ambatondrazaka / Didy,14.64,2008,https://www.e-voary.mg/tgrn/
TARATRA (ALMAN3206),Alaotra Mangoro / Ambatondrazaka / Didy,157.08,2004,https://www.e-voary.mg/tgrn/
TOKOTELO (ALMAN3207),Alaotra Mangoro / Ambatondrazaka / Didy,30.7594,2005,https://www.e-voary.mg/tgrn/
TSARAHONENANA (ALMAN3208),Alaotra Mangoro / Ambatondrazaka / Didy,10.678,2004,https://www.e-voary.mg/tgrn/
VOI BELANONANA (ALMAN3187),Alaotra Mangoro / Ambatondrazaka / Didy,16.28,2004,https://www.e-voary.mg/tgrn/
VOI BERIRININA (ALMAN3188),Alaotra Mangoro / Ambatondrazaka / Didy,24.2039,2005,https://www.e-voary.mg/tgrn/
VOI EZAKA (ALMAN3189),Alaotra Mangoro / Ambatondrazaka / Didy,30.25,2004,https://www.e-voary.mg/tgrn/
VOLATANTELY (ALMAN3209),Alaotra Mangoro / Ambatondrazaka / Didy,6.86,2005,https://www.e-voary.mg/tgrn/
ZINA (ALMAN3210),Alaotra Mangoro / Ambatondrazaka / Didy,15.1821,2005,https://www.e-voary.mg/tgrn/
BAKOZETRA MIRAY (ALMAN3663),Alaotra Mangoro / Ambatondrazaka / Imerimandroso,1.85,2002,https://www.e-voary.mg/tgrn/
KIADIN NY ZETRA (ALMAN3655),Alaotra Mangoro / Ambatondrazaka / Imerimandroso,,2002,https://www.e-voary.mg/tgrn/
AINGA VAO (ALMAN3212),Alaotra Mangoro / Ambatondrazaka / Manakambahiny Antsinanana,0.9244,2011,https://www.e-voary.mg/tgrn/
FAMELONA I (ALMAN3213),Alaotra Mangoro / Ambatondrazaka / Manakambahiny Antsinanana,6.8016,2011,https://www.e-voary.mg/tgrn/
FAMELONA II (ALMAN3496),Alaotra Mangoro / Ambatondrazaka / Manakambahiny Antsinanana,18.11,2013,https://www.e-voary.mg/tgrn/
LOVASOA (ALMAN3214),Alaotra Mangoro / Ambatondrazaka / Manakambahiny Antsinanana,17.2662,2014,https://www.e-voary.mg/tgrn/
NATO (ALMAN3311),Alaotra Mangoro / Ambatondrazaka / Manakambahiny Antsinanana,9.0439,2017,https://www.e-voary.mg/tgrn/
VSMM (ALMAN3215),Alaotra Mangoro / Ambatondrazaka / Manakambahiny Antsinanana,22.6,2009,https://www.e-voary.mg/tgrn/
FIVOARANA FITARIKANDRO (ALMAN3308),Alaotra Mangoro / Ambatondrazaka / Tanambao Besakay,20.04,2017,https://www.e-voary.mg/tgrn/
LOVASOA (ALMAN3489),Alaotra Mangoro / Ambatondrazaka / Tanambao Besakay,5.4139,2014,https://www.e-voary.mg/tgrn/
LST (ALMAN3664),Alaotra Mangoro / Ambatondrazaka / Tanambao Besakay,7.4587,2008,https://www.e-voary.mg/tgrn/
SANTATRA (ALMAN3649),Alaotra Mangoro / Ambatondrazaka / Tanambao Besakay,11.02,2011,https://www.e-voary.mg/tgrn/
MIARO (ALMAN3475),Alaotra Mangoro / Amparafaravola / Ambohitrarivo,16.2221,2015,https://www.e-voary.mg/tgrn/
TANJONA (ALMAN3609),Alaotra Mangoro / Amparafaravola / Ambohitrarivo,,,https://www.e-voary.mg/tgrn/
VORONTSARA (ALMAN3623),Alaotra Mangoro / Amparafaravola / Amparafaravola,,2002,https://www.e-voary.mg/tgrn/
FANANTENANA (ALMAN3633),Alaotra Mangoro / Amparafaravola / Andilana Nord,3.15,2002,https://www.e-voary.mg/tgrn/
TAHIA (ALMAN3658),Alaotra Mangoro / Amparafaravola / Andilana Nord,1.98,2010,https://www.e-voary.mg/tgrn/
TAVAZA (ALMAN3634),Alaotra Mangoro / Amparafaravola / Andilana Nord,,,https://www.e-voary.mg/tgrn/
FINARITRA (ALMAN3568),Alaotra Mangoro / Amparafaravola / Andrebakely Nord,127.32,2013,https://www.e-voary.mg/tgrn/
HAZA (ALMAN3608),Alaotra Mangoro / Amparafaravola / Andrebakely Nord,,,https://www.e-voary.mg/tgrn/
ZEVONA (ALMAN3602),Alaotra Mangoro / Amparafaravola / Anororo,,2017,https://www.e-voary.mg/tgrn/
MANASOA (ALMAN3500),Alaotra Mangoro / Amparafaravola / Sahamamy,0.01,2013,https://www.e-voary.mg/tgrn/
TSIRIRY (ALMAN3624),Alaotra Mangoro / Amparafaravola / Sahamamy,,,https://www.e-voary.mg/tgrn/
FAMELONA (ALMAN3473),Alaotra Mangoro / Amparafaravola / Vohimena,37.0,2015,https://www.e-voary.mg/tgrn/
LOVASOA (ALMAN3309),Alaotra Mangoro / Amparafaravola / Vohimena,20.8837,2017,https://www.e-voary.mg/tgrn/
TANTANA (ALMAN3628),Alaotra Mangoro / Amparafaravola / Vohitsara,,,https://www.e-voary.mg/tgrn/
MAINTSOANALA (ALMAN3481),Alaotra Mangoro / Andilamena / Andilamena,67.9,2015,https://www.e-voary.mg/tgrn/
TSINJO (ALMAN3220),Alaotra Mangoro / Andilamena / Andilamena,92.5691,2017,https://www.e-voary.mg/tgrn/
ZAMIA (ALMAN3269),Alaotra Mangoro / Andilamena / Andilamena,80.0,2018,https://www.e-voary.mg/tgrn/
FANILO FENOARIVO (ALMAN3607),Alaotra Mangoro / Anosibe-An'ala / AMBODIMERANA,5.8082,2018,https://www.e-voary.mg/tgrn/
FANANTENANA-SAHOFIKA (ALMAN3627),Alaotra Mangoro / Anosibe-An'ala / Ambalaomby,17.185,2021,https://www.e-voary.mg/tgrn/
FANILO ANDRORANGAVOLA (ALMAN3604),Alaotra Mangoro / Anosibe-An'ala / Ambalaomby,25.0,2016,https://www.e-voary.mg/tgrn/
LOVASOA (ALMAN3620),Alaotra Mangoro / Anosibe-An'ala / Ambalaomby,6.3,2016,https://www.e-voary.mg/tgrn/
MAROMANIRY (ALMAN3636),Alaotra Mangoro / Anosibe-An'ala / Ambalaomby,39.793,2021,https://www.e-voary.mg/tgrn/
MITSINJO (ALMAN3650),Alaotra Mangoro / Anosibe-An'ala / Ambalaomby,16.71,2021,https://www.e-voary.mg/tgrn/
MITSINJOLAVITRA (ALMAN3643),Alaotra Mangoro / Anosibe-An'ala / Ambalaomby,9.96,2021,https://www.e-voary.mg/tgrn/
MEVASOA (ALMAN3170),Alaotra Mangoro / Anosibe-An'ala / Ampandroantraka,15.9,2008,https://www.e-voary.mg/tgrn/
ANJARASOA (ALMAN3514),Alaotra Mangoro / Anosibe-An'ala / Ampasimaneva,12.05,2016,https://www.e-voary.mg/tgrn/
AVOTRA MIARA MIASA (ALMAN3173),Alaotra Mangoro / Anosibe-An'ala / Ampasimaneva,2.89,2016,https://www.e-voary.mg/tgrn/
FANDRESENA (ALMAN3515),Alaotra Mangoro / Anosibe-An'ala / Ampasimaneva,16.05,2016,https://www.e-voary.mg/tgrn/
MAHASOA MAHATSARA (ALMAN3127),Alaotra Mangoro / Anosibe-An'ala / Ampasimaneva,15.0,2013,https://www.e-voary.mg/tgrn/
MIARAMANDROSO (ALMAN3174),Alaotra Mangoro / Anosibe-An'ala / Ampasimaneva,14.97,2012,https://www.e-voary.mg/tgrn/
MIARAMIRINDRA ANDRANONTSARA (ALMAN3509),Alaotra Mangoro / Anosibe-An'ala / Ampasimaneva,21.75,2015,https://www.e-voary.mg/tgrn/
MIHARY (ALMAN3505),Alaotra Mangoro / Anosibe-An'ala / Ampasimaneva,2.89,,https://www.e-voary.mg/tgrn/
SOAMIRAY (ALMAN3172),Alaotra Mangoro / Anosibe-An'ala / Ampasimaneva,23.0,2009,https://www.e-voary.mg/tgrn/
TOKOTELO (ALMAN3502),Alaotra Mangoro / Anosibe-An'ala / Ampasimaneva,16.7,2019,https://www.e-voary.mg/tgrn/
FARIMBONALA (ALMAN3179),Alaotra Mangoro / Anosibe-An'ala / Anosibe An'ala,28.85,2007,https://www.e-voary.mg/tgrn/
MAHAVITA SOA (ALMAN3178),Alaotra Mangoro / Anosibe-An'ala / Anosibe An'ala,0.92,2004,https://www.e-voary.mg/tgrn/
RAVINALA (ALMAN3171),Alaotra Mangoro / Anosibe-An'ala / Anosibe An'ala,11.25,2007,https://www.e-voary.mg/tgrn/
SOANAVELA (ALMAN3176),Alaotra Mangoro / Anosibe-An'ala / Anosibe An'ala,0.01,2007,https://www.e-voary.mg/tgrn/
VOLOSOA (ALMAN3177),Alaotra Mangoro / Anosibe-An'ala / Anosibe An'ala,15.0,2006,https://www.e-voary.mg/tgrn/
ARO ANKORABE (ALMAN3600),Alaotra Mangoro / Anosibe-An'ala / Antandrokomby,0.9726,2018,https://www.e-voary.mg/tgrn/
MANAMBINA (ALMAN3181),Alaotra Mangoro / Anosibe-An'ala / Antandrokomby,27.5,,https://www.e-voary.mg/tgrn/
MIARO MIASA (ALMAN3182),Alaotra Mangoro / Anosibe-An'ala / Antandrokomby,6.0,2010,https://www.e-voary.mg/tgrn/
TAHIRY (ALMAN3610),Alaotra Mangoro / Anosibe-An'ala / Tratramarina,4.5776,2018,https://www.e-voary.mg/tgrn/
TSINJO (ALMAN3613),Alaotra Mangoro / Anosibe-An'ala / Tratramarina,5.5669,2018,https://www.e-voary.mg/tgrn/
FANANTENANA ANDONABE (ALMAN3596),Alaotra Mangoro / Anosibe-An'ala / Tsaravinany,17.5,2018,https://www.e-voary.mg/tgrn/
FANIRISOA (ALMAN3183),Alaotra Mangoro / Anosibe-An'ala / Tsaravinany,16.75,2006,https://www.e-voary.mg/tgrn/
FITAHIANA TSARAVINANY (ALMAN3593),Alaotra Mangoro / Anosibe-An'ala / Tsaravinany,31.2,2013,https://www.e-voary.mg/tgrn/
MIRANDAVA (ALMAN3544),Alaotra Mangoro / Anosibe-An'ala / Tsaravinany,18.5,2014,https://www.e-voary.mg/tgrn/
MITSINJOFARA (ALMAN3548),Alaotra Mangoro / Anosibe-An'ala / Tsaravinany,32.5,2014,https://www.e-voary.mg/tgrn/
MAROALA (ALMAN3675),Alaotra Mangoro / Moramanga / Ambatovola,1.5,2017,https://www.e-voary.mg/tgrn/
AAM (ALMAN3122),Alaotra Mangoro / Moramanga / Ambohibary,2.87,2022,https://www.e-voary.mg/tgrn/
EZAKA SY FANDROSOANA (ALMAN3273),Alaotra Mangoro / Moramanga / Ambohibary,1.59,2011,https://www.e-voary.mg/tgrn/
FANAZAVA (ALMAN3657),Alaotra Mangoro / Moramanga / Ambohibary,33.88,2017,https://www.e-voary.mg/tgrn/
FITAHIANA (ALMAN3124),Alaotra Mangoro / Moramanga / Ambohibary,32.0,2002,https://www.e-voary.mg/tgrn/
FIVOARANA (ALMAN3671),Alaotra Mangoro / Moramanga / Ambohibary,20.5,2021,https://www.e-voary.mg/tgrn/
HAFASAHONA (ALMAN3677),Alaotra Mangoro / Moramanga / Ambohibary,41.0,2021,https://www.e-voary.mg/tgrn/
MENDRIKA (ALMAN3128),Alaotra Mangoro / Moramanga / Ambohibary,26.5,2009,https://www.e-voary.mg/tgrn/
MIAVOTENA (ALMAN3679),Alaotra Mangoro / Moramanga / Ambohibary,50.34,2021,https://www.e-voary.mg/tgrn/
MTI (ALMAN3130),Alaotra Mangoro / Moramanga / Ambohibary,8.79,2001,https://www.e-voary.mg/tgrn/
SOAMIAFARA (ALMAN3129),Alaotra Mangoro / Moramanga / Ambohibary,24.2,2007,https://www.e-voary.mg/tgrn/
TSARADIA (ALMAN3669),Alaotra Mangoro / Moramanga / Ambohibary,18.0,2021,https://www.e-voary.mg/tgrn/
MIRINDRA (ALMAN3138),Alaotra Mangoro / Moramanga / Ampasimpotsy Gara,2.25,2002,https://www.e-voary.mg/tgrn/
FAHAZAVANA (ALMAN3250),Alaotra Mangoro / Moramanga / Andaingo,3.26,2019,https://www.e-voary.mg/tgrn/
FANORENANA (ALMAN3709),Alaotra Mangoro / Moramanga / Andaingo,17.0,2019,https://www.e-voary.mg/tgrn/
FIVOARANAMIRINDRA (ALMAN3712),Alaotra Mangoro / Moramanga / Andaingo,1.92,2019,https://www.e-voary.mg/tgrn/
RIANALA (ALMAN3717),Alaotra Mangoro / Moramanga / Andaingo,14.5,2017,https://www.e-voary.mg/tgrn/
TSIMANAVAKA (ALMAN3133),Alaotra Mangoro / Moramanga / Andaingo,28.0,2006,https://www.e-voary.mg/tgrn/
FANANTENANA (ALMAN3685),Alaotra Mangoro / Moramanga / Andasibe,1.3,2017,https://www.e-voary.mg/tgrn/
FIRAISANKINA (ALMAN3135),Alaotra Mangoro / Moramanga / Andasibe,33.0,2008,https://www.e-voary.mg/tgrn/
FITAMA (ALMAN3687),Alaotra Mangoro / Moramanga / Andasibe,21.59,2017,https://www.e-voary.mg/tgrn/
FIVOARANA (ALMAN3681),Alaotra Mangoro / Moramanga / Andasibe,9.1171,2020,https://www.e-voary.mg/tgrn/
HARENA (ALMAN3680),Alaotra Mangoro / Moramanga / Andasibe,1.24,2020,https://www.e-voary.mg/tgrn/
MAROMIZAHA (ALMAN3683),Alaotra Mangoro / Moramanga / Andasibe,3.75,2017,https://www.e-voary.mg/tgrn/
MIARAMIRINDRA BERANO (ALMAN3156),Alaotra Mangoro / Moramanga / Andasibe,9.46,2019,https://www.e-voary.mg/tgrn/
MMA ANDASIBE (ALMAN3136),Alaotra Mangoro / Moramanga / Andasibe,0.28,2006,https://www.e-voary.mg/tgrn/
TAMAMIFFI (ALMAN3706),Alaotra Mangoro / Moramanga / Andasibe,6.12,2015,https://www.e-voary.mg/tgrn/
VOIMI (ALMAN3625),Alaotra Mangoro / Moramanga / Anosibe Ifody,12.5,2021,https://www.e-voary.mg/tgrn/
KOLOINA (ALMAN3139),Alaotra Mangoro / Moramanga / Antanandava,13.84,2012,https://www.e-voary.mg/tgrn/
VONJY (ALMAN3140),Alaotra Mangoro / Moramanga / Antanandava,15.24,2012,https://www.e-voary.mg/tgrn/
MANOVAHOSOA (ALMAN3828),Alaotra Mangoro / Moramanga / Antaniditra,42.0,2014,https://www.e-voary.mg/tgrn/
FANDREFIALA (ALMAN3141),Alaotra Mangoro / Moramanga / Beforona,0.9,2005,https://www.e-voary.mg/tgrn/
RANOALA (ALMAN3142),Alaotra Mangoro / Moramanga / Beforona,15.49,2003,https://www.e-voary.mg/tgrn/
3SI (ALMAN3148),Alaotra Mangoro / Moramanga / Fierenana,13.25,2003,https://www.e-voary.mg/tgrn/
FARIHIVOLA (ALMAN3149),Alaotra Mangoro / Moramanga / Fierenana,8.5,2010,https://www.e-voary.mg/tgrn/
IMAITSOANALA (ALMAN3672),Alaotra Mangoro / Moramanga / Fierenana,15.3,2006,https://www.e-voary.mg/tgrn/
LOVASOA (ALMAN3150),Alaotra Mangoro / Moramanga / Fierenana,2.9,2003,https://www.e-voary.mg/tgrn/
LOVASOA (ALMAN3670),Alaotra Mangoro / Moramanga / Fierenana,3.5,2010,https://www.e-voary.mg/tgrn/
MAMAFI (ALMAN3152),Alaotra Mangoro / Moramanga / Fierenana,5.89,2010,https://www.e-voary.mg/tgrn/
MIAVOTRA (ALMAN3153),Alaotra Mangoro / Moramanga / Fierenana,6.0,2010,https://www.e-voary.mg/tgrn/
RAVINALA (ALMAN3667),Alaotra Mangoro / Moramanga / Fierenana,2.5355,2019,https://www.e-voary.mg/tgrn/
VONONA (ALMAN3154),Alaotra Mangoro / Moramanga / Fierenana,4.57,2010,https://www.e-voary.mg/tgrn/
FIMPAMIA (ALMAN3335),Alaotra Mangoro / Moramanga / Lakato,8.0,2009,https://www.e-voary.mg/tgrn/
FITAMALS (ALMAN3662),Alaotra Mangoro / Moramanga / Lakato,8.0,2013,https://www.e-voary.mg/tgrn/
FITAMAMIA (ALMAN3652),Alaotra Mangoro / Moramanga / Lakato,0.77,2022,https://www.e-voary.mg/tgrn/
FITAMI (ALMAN3263),Alaotra Mangoro / Moramanga / Lakato,12.63,2011,https://www.e-voary.mg/tgrn/
FMFHV (ALMAN3159),Alaotra Mangoro / Moramanga / Lakato,13.47,2011,https://www.e-voary.mg/tgrn/
FTMA (ALMAN3169),Alaotra Mangoro / Moramanga / Lakato,4.5,,https://www.e-voary.mg/tgrn/
TAMIMIHAVO (ALMAN3656),Alaotra Mangoro / Moramanga / Lakato,8.0,2016,https://www.e-voary.mg/tgrn/
EZAKA TANTSAHA AVOLO (ALMAN3686),Alaotra Mangoro / Moramanga / Mangarivotra,26.75,2017,https://www.e-voary.mg/tgrn/
FANIRY AMBODIROTRA (ALMAN3160),Alaotra Mangoro / Moramanga / Mangarivotra,20.26,2017,https://www.e-voary.mg/tgrn/
LIMPIVOARANA (ALMAN3708),Alaotra Mangoro / Moramanga / Mangarivotra,12.5,2015,https://www.e-voary.mg/tgrn/
MANAMPISOA (ALMAN3145),Alaotra Mangoro / Moramanga / Mangarivotra,16.5,2013,https://www.e-voary.mg/tgrn/
MIAROSOA (ALMAN3704),Alaotra Mangoro / Moramanga / Mangarivotra,11.0,2015,https://www.e-voary.mg/tgrn/
SAMIFA (ALMAN3734),Alaotra Mangoro / Moramanga / Mangarivotra,27.0,2015,https://www.e-voary.mg/tgrn/
SOAMANANTSARA (ALMAN3682),Alaotra Mangoro / Moramanga / Mangarivotra,20.26,2017,https://www.e-voary.mg/tgrn/
TAMI (ALMAN3716),Alaotra Mangoro / Moramanga / Mangarivotra,15.0,2015,https://www.e-voary.mg/tgrn/
TANTSAHA MIAVO-TENA (ALMAN3146),Alaotra Mangoro / Moramanga / Mangarivotra,16.0,2007,https://www.e-voary.mg/tgrn/
ARO (ALMAN3248),Alaotra Mangoro / Moramanga / Morarano Gara,18.7,2016,https://www.e-voary.mg/tgrn/
FANDREFIALA (ALMAN3629),Alaotra Mangoro / Moramanga / Morarano Gara,9.0,2021,https://www.e-voary.mg/tgrn/
FANIRY (ALMAN3302),Alaotra Mangoro / Moramanga / Morarano Gara,20.75,2002,https://www.e-voary.mg/tgrn/
FITAMIA (ALMAN3639),Alaotra Mangoro / Moramanga / Morarano Gara,8.5,2013,https://www.e-voary.mg/tgrn/
MAMELONTSOA (ALMAN3164),Alaotra Mangoro / Moramanga / Morarano Gara,45.12,2006,https://www.e-voary.mg/tgrn/
MAMY (ALMAN3120),Alaotra Mangoro / Moramanga / Morarano Gara,14.15,2009,https://www.e-voary.mg/tgrn/
MMA AMBOHIDRAY (ALMAN3322),Alaotra Mangoro / Moramanga / Morarano Gara,7.1,,https://www.e-voary.mg/tgrn/
RAVINALA (ALMAN3165),Alaotra Mangoro / Moramanga / Morarano Gara,14.0,,https://www.e-voary.mg/tgrn/
TELOMIRA (ALMAN3648),Alaotra Mangoro / Moramanga / Morarano Gara,0.03,2006,https://www.e-voary.mg/tgrn/
VELONAINA (ALMAN3131),Alaotra Mangoro / Moramanga / Morarano Gara,13.84,,https://www.e-voary.mg/tgrn/
MITSINJO (ALMAN3167),Alaotra Mangoro / Moramanga / Sabotsy Anjiro,0.01,,https://www.e-voary.mg/tgrn/
RIANTSOA (ALMAN3166),Alaotra Mangoro / Moramanga / Sabotsy Anjiro,0.02,2003,https://www.e-voary.mg/tgrn/
FIKAMBANANTSOA (AIM3787),Amoron I Mania / Ambatofinandrahana / Ambatofinandrahana,4.0855,2022,https://www.e-voary.mg/tgrn/
FIRAISANKINA (AIM1929),Amoron I Mania / Ambatofinandrahana / Ambatofinandrahana,11.2545,2009,https://www.e-voary.mg/tgrn/
FITAMIHALA (AIM1931),Amoron I Mania / Ambatofinandrahana / Ambatofinandrahana,20.0532,2009,https://www.e-voary.mg/tgrn/
LOVASOA AVOTRA (AIM3780),Amoron I Mania / Ambatofinandrahana / Ambatofinandrahana,14.175,2020,https://www.e-voary.mg/tgrn/
MAHAIMIRAY (AIM1938),Amoron I Mania / Ambatofinandrahana / Ambatofinandrahana,4.27,2005,https://www.e-voary.mg/tgrn/
MANIRISOA ABT (AIM1942),Amoron I Mania / Ambatofinandrahana / Ambatofinandrahana,9.7807,2009,https://www.e-voary.mg/tgrn/
MITSINJO AMBATOFINANDRAHANA (AIM3781),Amoron I Mania / Ambatofinandrahana / Ambatofinandrahana,5.455,2020,https://www.e-voary.mg/tgrn/
MITSINJOSOA (AIM1947),Amoron I Mania / Ambatofinandrahana / Ambatofinandrahana,21.44,2009,https://www.e-voary.mg/tgrn/
SOAMANDROSO (AIM1955),Amoron I Mania / Ambatofinandrahana / Ambatofinandrahana,71.59,2009,https://www.e-voary.mg/tgrn/
TANTSAHA MIANALA (AIM1960),Amoron I Mania / Ambatofinandrahana / Ambatofinandrahana,11.45,2005,https://www.e-voary.mg/tgrn/
TARATRA ABT (AIM1962),Amoron I Mania / Ambatofinandrahana / Ambatofinandrahana,5.3,2009,https://www.e-voary.mg/tgrn/
TSARAHASINA (AIM1965),Amoron I Mania / Ambatofinandrahana / Ambatofinandrahana,10.75,2005,https://www.e-voary.mg/tgrn/
FI MPA BE (AIM1926),Amoron I Mania / Ambatofinandrahana / Ambondromisotra,8.98,2006,https://www.e-voary.mg/tgrn/
FANAVAOZANA (AIM1923),Amoron I Mania / Ambatofinandrahana / Itremo,18.0139,2006,https://www.e-voary.mg/tgrn/
FANILO (AIM1925),Amoron I Mania / Ambatofinandrahana / Itremo,24.1615,2009,https://www.e-voary.mg/tgrn/
SOAHOTANTERAKA (AIM1953),Amoron I Mania / Ambatofinandrahana / Itremo,30.7294,2006,https://www.e-voary.mg/tgrn/
MIARO AN'ITSITO (AIM3785),Amoron I Mania / Ambositra / Alakamisy Ambohijato,3.0895,2020,https://www.e-voary.mg/tgrn/
LOVANTSIKANIALA (AIM1934),Amoron I Mania / Ambositra / Ambalamanakana,16.0,2006,https://www.e-voary.mg/tgrn/
MITSINJO AMBOSITRA (AIM1946),Amoron I Mania / Ambositra / Ambinanindrano,2.62,,https://www.e-voary.mg/tgrn/
LOVABEFANIRY (AIM1933),Amoron I Mania / Ambositra / Ambohimitombo I,8.0,2014,https://www.e-voary.mg/tgrn/
LOVATSARAINDRINDRA (AIM1937),Amoron I Mania / Ambositra / Ambohimitombo I,14.7731,2006,https://www.e-voary.mg/tgrn/
PARC ZAFIMANIRY (AIM1948),Amoron I Mania / Ambositra / Ambohimitombo I,24.0,2003,https://www.e-voary.mg/tgrn/
RAVAKINIALA (AIM1949),Amoron I Mania / Ambositra / Ambohimitombo I,5.8,2003,https://www.e-voary.mg/tgrn/
TAFITASOA RANOMENA FIRAISANA (AIM1958),Amoron I Mania / Ambositra / Ambohimitombo II,15.6243,2014,https://www.e-voary.mg/tgrn/
ANDRAIMBE (AIM3824),Amoron I Mania / Ambositra / Ambositra II,3.0662,2023,https://www.e-voary.mg/tgrn/
TSIMIALONJAFY (AIM3825),Amoron I Mania / Ambositra / Andina,2.23,2023,https://www.e-voary.mg/tgrn/
AMSM (AIM3226),Amoron I Mania / Ambositra / Antoetra,1.5,2013,https://www.e-voary.mg/tgrn/
FANAHY MIRAY SOA MIARADIA (AIM1920),Amoron I Mania / Ambositra / Antoetra,5.363,2005,https://www.e-voary.mg/tgrn/
FANAMBINANA (AIM1921),Amoron I Mania / Ambositra / Antoetra,7.0,2006,https://www.e-voary.mg/tgrn/
FANANTENANA (AIM1922),Amoron I Mania / Ambositra / Antoetra,0.66,2006,https://www.e-voary.mg/tgrn/
MAMILAZA (AIM1941),Amoron I Mania / Ambositra / Antoetra,31.13,2006,https://www.e-voary.mg/tgrn/
SOAIMBONANA (AIM1954),Amoron I Mania / Ambositra / Antoetra,1.5048,2006,https://www.e-voary.mg/tgrn/
LOVASOA (AIM1935),Amoron I Mania / Ambositra / Ilaka Centre,3.19,2007,https://www.e-voary.mg/tgrn/
MIARADIA (AIM1944),Amoron I Mania / Ambositra / Ilaka Centre,6.0,2007,https://www.e-voary.mg/tgrn/
FOMISAME (AIM1932),Amoron I Mania / Ambositra / Ivato,1.7,2009,https://www.e-voary.mg/tgrn/
MAITINANDRY MIKOLO (AIM3779),Amoron I Mania / Ambositra / Kianjandrakefina,9.5633,2020,https://www.e-voary.mg/tgrn/
SANTATRA (AIM1951),Amoron I Mania / Ambositra / Mahazina Ambohipierenana,5.2022,2006,https://www.e-voary.mg/tgrn/
TARATRINIHOAVY AMBOSITRA (AIM3778),Amoron I Mania / Ambositra / Marosoa,0.3014,2020,https://www.e-voary.mg/tgrn/
FANDRESENA (AIM1924),Amoron I Mania / Ambositra / Sahatsiho Ambohimanjaka,4.1515,2007,https://www.e-voary.mg/tgrn/
FIOMBONANA (AIM1928),Amoron I Mania / Ambositra / Sahatsiho Ambohimanjaka,14.0,2007,https://www.e-voary.mg/tgrn/
FIOMBONANTSOA (AIM3336),Amoron I Mania / Ambositra / Sahatsiho Ambohimanjaka,1.27,2020,https://www.e-voary.mg/tgrn/
FIVOARANTSOA (AIM3340),Amoron I Mania / Ambositra / Sahatsiho Ambohimanjaka,9.51,2020,https://www.e-voary.mg/tgrn/
MIARAMIVOATRA (AIM1945),Amoron I Mania / Ambositra / Sahatsiho Ambohimanjaka,2.9869,2005,https://www.e-voary.mg/tgrn/
FIVOARANA (AIM1917),Amoron I Mania / Ambositra / Tsarasaotra,2.08,2020,https://www.e-voary.mg/tgrn/
EZAKA (AIM1919),Amoron I Mania / Ambositra / Vohidahy,109.19,2006,https://www.e-voary.mg/tgrn/
TARATRA (AIM1961),Amoron I Mania / Ambositra / Vohidahy,53.15,2006,https://www.e-voary.mg/tgrn/
SOA NY ALA (AIM1952),Amoron I Mania / Fandriana / Alakamisy Ambohimahazo,16.0,2012,https://www.e-voary.mg/tgrn/
RAVINALA (AIM1950),Amoron I Mania / Fandriana / Ankarinoro,31.96,2011,https://www.e-voary.mg/tgrn/
SOANIERANA (AIM1957),Amoron I Mania / Fandriana / Ankarinoro,38.99,2011,https://www.e-voary.mg/tgrn/
TSINJOLAVITRA (AIM1967),Amoron I Mania / Fandriana / Ankarinoro,22.52,2011,https://www.e-voary.mg/tgrn/
TSARA AROVANA (AIM1964),Amoron I Mania / Fandriana / Betsimisotra,30.0,2015,https://www.e-voary.mg/tgrn/
FIRAISANTSOA (AIM1930),Amoron I Mania / Fandriana / Fiadanana,32.2438,2011,https://www.e-voary.mg/tgrn/
FIARAHAMANANA (AIM1927),Amoron I Mania / Fandriana / ISANDRANDAHY AMBONY,27.91,2016,https://www.e-voary.mg/tgrn/
LOVASOA SARANDRANA (AIM1936),Amoron I Mania / Fandriana / Miarinavaratra,109.29,2012,https://www.e-voary.mg/tgrn/
TSINJO (AIM1966),Amoron I Mania / Fandriana / Miarinavaratra,95.1911,2010,https://www.e-voary.mg/tgrn/
TANJONA (AIM1959),Amoron I Mania / Fandriana / Sandrandahy,0.4744,2018,https://www.e-voary.mg/tgrn/
ALAMANDROSO (AIM1915),Amoron I Mania / Manandriana / Ambohimahazo,2.656,2006,https://www.e-voary.mg/tgrn/
AVOTRA (AIM1918),Amoron I Mania / Manandriana / Ambohimahazo,0.5626,2005,https://www.e-voary.mg/tgrn/
MAITSOANALA (AIM1940),Amoron I Mania / Manandriana / Ambohimahazo,5.5274,2019,https://www.e-voary.mg/tgrn/
SOAMIARADIA (AIM1956),Amoron I Mania / Manandriana / Ambohimahazo,0.6395,2007,https://www.e-voary.mg/tgrn/
FILAMATRA (AIM3786),Amoron I Mania / Manandriana / Ambohimilanja,2.2059,2022,https://www.e-voary.mg/tgrn/
MAINTSOVOLO (AIM1939),Amoron I Mania / Manandriana / Anjoman'ankona,1.9483,2007,https://www.e-voary.mg/tgrn/
MANIRISOA MND (AIM1943),Amoron I Mania / Manandriana / Anjoman'ankona,0.64,2019,https://www.e-voary.mg/tgrn/
FMMKA (ANLG2837),Analamanga / Ambohidratrimo / Ambatolampy,10.5,2008,https://www.e-voary.mg/tgrn/
TATSINANANA (ANLG2841),Analamanga / Andramasina / Ambohimiadana,3.18,2010,https://www.e-voary.mg/tgrn/
TMTI (ANLG2843),Analamanga / Andramasina / Ambohimiadana,7.24,2011,https://www.e-voary.mg/tgrn/
TSARAFARA (ANLG2839),Analamanga / Andramasina / Ambohimiadana,10.59,2004,https://www.e-voary.mg/tgrn/
FITARIKANDRO (ANLG3319),Analamanga / Andramasina / Anosibe Trimoloharano,3.68,2004,https://www.e-voary.mg/tgrn/
MIHARANTSOA (ANLG2851),Analamanga / Andramasina / Anosibe Trimoloharano,6.23,2005,https://www.e-voary.mg/tgrn/
VERT (ANLG2844),Analamanga / Andramasina / Anosibe Trimoloharano,1.53,2011,https://www.e-voary.mg/tgrn/
ANDRIANTSOA (ANLG2845),Analamanga / Andramasina / Fitsinjovana Bakaro,2.8,2013,https://www.e-voary.mg/tgrn/
FANEVA (ANLG2842),Analamanga / Andramasina / Fitsinjovana Bakaro,6.55,2011,https://www.e-voary.mg/tgrn/
FITAMIFA (ANLG3301),Analamanga / Andramasina / Fitsinjovana Bakaro,9.0,2013,https://www.e-voary.mg/tgrn/
MIARAMIVOY (ANLG2847),Analamanga / Andramasina / Fitsinjovana Bakaro,6.29,2013,https://www.e-voary.mg/tgrn/
FEFI (ANLG2850),Analamanga / Andramasina / MORARANOSOAFIRAISANA,9.86,2007,https://www.e-voary.mg/tgrn/
FIARO (ANLG3288),Analamanga / Andramasina / MORARANOSOAFIRAISANA,14.31,2007,https://www.e-voary.mg/tgrn/
LOVASOA (ANLG2849),Analamanga / Andramasina / Tankafatra,5.55,2007,https://www.e-voary.mg/tgrn/
SAROBIDY (ANLG2848),Analamanga / Andramasina / Tankafatra,6.58,2013,https://www.e-voary.mg/tgrn/
FIAM (ANLG2861),Analamanga / Anjozorobe / Ambongamarina,6.8,2007,https://www.e-voary.mg/tgrn/
HENINTSOA (ANLG3430),Analamanga / Anjozorobe / Ambongamarina,8.99,2022,https://www.e-voary.mg/tgrn/
IMAITSOANALA (ANLG3438),Analamanga / Anjozorobe / Ambongamarina,6.6,2021,https://www.e-voary.mg/tgrn/
RIAN'ALA (ANLG3406),Analamanga / Anjozorobe / Ambongamarina,12.82,2011,https://www.e-voary.mg/tgrn/
SAHATSINJO SAKAIZAN'NY VOAHARY (ANLG3417),Analamanga / Anjozorobe / Ambongamarina,4.21,2022,https://www.e-voary.mg/tgrn/
MORARANO AN'ALA (ANLG3601),Analamanga / Anjozorobe / Amparatanjona,9.5,2003,https://www.e-voary.mg/tgrn/
FITAMITI (ANLG2853),Analamanga / Anjozorobe / Betatao,12.0,2005,https://www.e-voary.mg/tgrn/
FT2HTA (ANLG3445),Analamanga / Anjozorobe / Betatao,3.1,2003,https://www.e-voary.mg/tgrn/
MITSINJOFARA (ANLG2857),Analamanga / Anjozorobe / Betatao,5.35,2014,https://www.e-voary.mg/tgrn/
SAH'VOARY (ANLG2859),Analamanga / Anjozorobe / Betatao,10.38,2013,https://www.e-voary.mg/tgrn/
VOARY MAITSO (ANLG2858),Analamanga / Anjozorobe / Betatao,9.04,2013,https://www.e-voary.mg/tgrn/
TARATRA (ANLG2856),Analamanga / Anjozorobe / Marotsipoy,16.5,2014,https://www.e-voary.mg/tgrn/
SOHISIKA (ANLG3437),Analamanga / Ankazobe / Ankazobe,1.32,2011,https://www.e-voary.mg/tgrn/
ANTSAHALOVAMANARIVO (ANLG2864),Analamanga / Manjakandriana / Merikanjaka,0.26,2003,https://www.e-voary.mg/tgrn/
AROLOVA (ANLG2863),Analamanga / Manjakandriana / Merikanjaka,0.1,2002,https://www.e-voary.mg/tgrn/
FANIRISOA (ANLG2866),Analamanga / Manjakandriana / Merikanjaka,0.08,2003,https://www.e-voary.mg/tgrn/
FIVOARANA AMBIATY (ANLG2868),Analamanga / Manjakandriana / Merikanjaka,0.23,2003,https://www.e-voary.mg/tgrn/
HANITRINIALA (ANLG2869),Analamanga / Manjakandriana / Merikanjaka,0.27,2003,https://www.e-voary.mg/tgrn/
LOVASOA (ANLG2862),Analamanga / Manjakandriana / Merikanjaka,0.6,2002,https://www.e-voary.mg/tgrn/
MITSINJO (ANLG2871),Analamanga / Manjakandriana / Merikanjaka,0.48,2007,https://www.e-voary.mg/tgrn/
MITSINJOFARA (ANLG2867),Analamanga / Manjakandriana / Merikanjaka,0.22,2003,https://www.e-voary.mg/tgrn/
TSINJOEZAKA (ANLG2865),Analamanga / Manjakandriana / Merikanjaka,0.12,2003,https://www.e-voary.mg/tgrn/
VMM/VMHF (ANLG2872),Analamanga / Manjakandriana / Merikanjaka,11.56,2006,https://www.e-voary.mg/tgrn/
VOARY TAFARAY (ANLG2873),Analamanga / Manjakandriana / Merikanjaka,0.1,2007,https://www.e-voary.mg/tgrn/
FIVOARANA MANGABE ANATIVORY (ANLG2870),Analamanga / Manjakandriana / Soavinandriana,,2004,https://www.e-voary.mg/tgrn/
""" FMTA "" Fikambanana Mitsinjo ny Taranaka Afara"" (ANJL2080)",Analanjirofo / Fenerive Est / Ambodimanga II,0.1027,2004,https://www.e-voary.mg/tgrn/
"""LOVAINJAFY"" (ANJL2084)",Analanjirofo / Fenerive Est / Ampasina Maningory,2.21,2002,https://www.e-voary.mg/tgrn/
"""MAROALA"" Takobôla (ANJL2037)",Analanjirofo / Fenerive Est / Ampasina Maningory,1.11,2002,https://www.e-voary.mg/tgrn/
""" FI.FI.A.FA.NA "" na Fikambanana Fiarovana ny Ala Faritra Nantoroa (ANJL2075)",Analanjirofo / Fenerive Est / Saranambana,111.25,2016,https://www.e-voary.mg/tgrn/
""" FI.MI.A.BE"" na Fikambanana Miaro ny Atiala Bekotro (ANJL2076)",Analanjirofo / Fenerive Est / Saranambana,127.75,2016,https://www.e-voary.mg/tgrn/
F.V.T na Fikambanana Vondron'ny Tantsaha (ANJL2073),Analanjirofo / Fenerive Est / Saranambana,120.97,2016,https://www.e-voary.mg/tgrn/
"""FIMIAA"" ou ""Fikambanana Miaro ny Atialan'Andraboana"" (ANJL2078)",Analanjirofo / Fenerive Est / Vohipeno,0.25,2004,https://www.e-voary.mg/tgrn/
"""S.T.T.S"" na ""SAHASOA TSARAVATO TONGA SAINA"" (ANJL2017)",Analanjirofo / Mananara-Avaratra / Ambatoharanana,3.64,2008,https://www.e-voary.mg/tgrn/
"""SAMIA"" (ANJL2018)",Analanjirofo / Mananara-Avaratra / Ambatoharanana,0.825,2005,https://www.e-voary.mg/tgrn/
F.M.S.H (Fikambanana Mitsinjo ny Hoavin'i Saharango sy Anjiafotsy (ANJL2072),Analanjirofo / Mananara-Avaratra / Ambatoharanana,11.37,2019,https://www.e-voary.mg/tgrn/
"""TSARA MIARAKA"" (ANJL2029)",Analanjirofo / Mananara-Avaratra / Ambodivoanio,2.9416,2011,https://www.e-voary.mg/tgrn/
"""SOA IOMBONANA"" (ANJL2020)",Analanjirofo / Mananara-Avaratra / Antanambaobe,0.8225,2001,https://www.e-voary.mg/tgrn/
"“MIRAY"" (ANJL2041)",Analanjirofo / Mananara-Avaratra / Antanambaobe,0.4147,2001,https://www.e-voary.mg/tgrn/
""" MAMITA "" Mandrisy (ANJL2004)",Analanjirofo / Mananara-Avaratra / Antanambe,0.17,2006,https://www.e-voary.mg/tgrn/
""" MIARA-MIZOTRA "" (ANJL2008)",Analanjirofo / Mananara-Avaratra / Antanambe,12.08,2006,https://www.e-voary.mg/tgrn/
"""AMMT"" Antanambe Mandray Andraikitra Miaro ny Tontolo Iainana (ANJL1981)",Analanjirofo / Mananara-Avaratra / Antanambe,9.826,2011,https://www.e-voary.mg/tgrn/
"""FMM"" (Fikambananan'i Marotoko Maharitra) (ANJL1997)",Analanjirofo / Mananara-Avaratra / Antanambe,2.2208,2006,https://www.e-voary.mg/tgrn/
"""MAHARITRA"" (ANJL2001)",Analanjirofo / Mananara-Avaratra / Antanambe,4.7,2006,https://www.e-voary.mg/tgrn/
"""MAINTSOALA"" Ambatorao et Antevialabe (ANJL2002)",Analanjirofo / Mananara-Avaratra / Antanambe,13.23,2013,https://www.e-voary.mg/tgrn/
"""MAKALOMBO"" (ANJL2003)",Analanjirofo / Mananara-Avaratra / Antanambe,15.9,2008,https://www.e-voary.mg/tgrn/
"""MITAMBATRA"" (ANJL2009)",Analanjirofo / Mananara-Avaratra / Antanambe,7.06,2006,https://www.e-voary.mg/tgrn/
"""MITSINJO"" (ANJL2010)",Analanjirofo / Mananara-Avaratra / Antanambe,4.22,2006,https://www.e-voary.mg/tgrn/
"""OMBILAHIVANGA"" (ANJL2012)",Analanjirofo / Mananara-Avaratra / Antanambe,0.7,2009,https://www.e-voary.mg/tgrn/
"""S.M.T"" na ""SARAHANDRANO MIAVO-TENA"" (ANJL2019)",Analanjirofo / Mananara-Avaratra / Antanambe,2.73,2006,https://www.e-voary.mg/tgrn/
"""SOA MAHARITRA"" (ANJL2021)",Analanjirofo / Mananara-Avaratra / Antanambe,3.12,2001,https://www.e-voary.mg/tgrn/
"""SOAMAMILAZA"" (ANJL2023)",Analanjirofo / Mananara-Avaratra / Antanambe,23.12,2008,https://www.e-voary.mg/tgrn/
"""TSIVERILAZA"" (ANJL2032)",Analanjirofo / Mananara-Avaratra / Antanambe,12.48,2004,https://www.e-voary.mg/tgrn/
"""TSIZARAINA"" (ANJL2033)",Analanjirofo / Mananara-Avaratra / Antanambe,1.8454,2005,https://www.e-voary.mg/tgrn/
"""VONDROMAHARITRA"" (ANJL2038)",Analanjirofo / Mananara-Avaratra / Antanambe,1.41,2008,https://www.e-voary.mg/tgrn/
""" AMMTI "" ou ""Antanambaomeloka Miaro ny Tontolo Iainana"" (ANJL2070)",Analanjirofo / Mananara-Avaratra / Antanananivo,1.27,2013,https://www.e-voary.mg/tgrn/
"""T.I.A"" na ""Tombotsoa Iombonan'’ Andratamarina"" (ANJL2027)",Analanjirofo / Mananara-Avaratra / Antanananivo,1.4019,2005,https://www.e-voary.mg/tgrn/
“Firaisana Iombonana Mahasoa Inara” FIMI (ANJL2040),Analanjirofo / Mananara-Avaratra / Antanananivo,5.49,2006,https://www.e-voary.mg/tgrn/
"""Fikambanana Miaro ny Alan’Ambodivoandrozana"" (ANJL1994)",Analanjirofo / Mananara-Avaratra / Imorona,0.7377,2003,https://www.e-voary.mg/tgrn/
"""T.M.A.I"" na ""Tantsaha Miaro ny Alan’ Ivontaka"" (ANJL2025)",Analanjirofo / Mananara-Avaratra / Imorona,1.6147,2005,https://www.e-voary.mg/tgrn/
""" VATO ""ou ""Vodivohitra Atambatry ny Tombotsoany"" (ANJL2090)",Analanjirofo / Mananara-Avaratra / Mananara Avaratra,0.83,2017,https://www.e-voary.mg/tgrn/
"""F.A.M.A.A"" na ""Fikambanana Andry Miaro ny Alan’Andasibe"" (ANJL1992)",Analanjirofo / Mananara-Avaratra / Mananara Avaratra,0.77,2005,https://www.e-voary.mg/tgrn/
""" FIMIASOVA "" ou Fikambanana Miaro Ala Sompitra Varary"" (ANJL2079)",Analanjirofo / Mananara-Avaratra / Sandrakatsy,8.46,2006,https://www.e-voary.mg/tgrn/
"""LOVASOA"" (ANJL2000)",Analanjirofo / Mananara-Avaratra / Sandrakatsy,0.85,2013,https://www.e-voary.mg/tgrn/
""" Mamy Rano "" (ANJL2005)",Analanjirofo / Maroantsetra / Ambanizana,35.6503,2009,https://www.e-voary.mg/tgrn/
""" RAVINTSARA "" (ANJL3240)",Analanjirofo / Maroantsetra / Ambanizana,3.9,2021,https://www.e-voary.mg/tgrn/
"""Ambony Vato Miray"" (ANJL1980)",Analanjirofo / Maroantsetra / Ambanizana,2.1469,2009,https://www.e-voary.mg/tgrn/
"""Tsara Ala"" (ANJL2028)",Analanjirofo / Maroantsetra / Ambanizana,7.3818,2009,https://www.e-voary.mg/tgrn/
"""Tsara Vohitra"" (ANJL2030)",Analanjirofo / Maroantsetra / Ambanizana,16.7231,2009,https://www.e-voary.mg/tgrn/
""" A.A.T.F "" Antseranana (ANJL1974)",Analanjirofo / Maroantsetra / Ambinanitelo,24.4,2008,https://www.e-voary.mg/tgrn/
""" A.T.M "" ou Anjiamazava sy Antanambao Miray (ANJL1975)",Analanjirofo / Maroantsetra / Ambinanitelo,20.5,2004,https://www.e-voary.mg/tgrn/
""" FAM ""ou ""Fiarovana ny Alan' ny Marovovonana"" (ANJL2074)",Analanjirofo / Maroantsetra / Ambinanitelo,50.95,2004,https://www.e-voary.mg/tgrn/
""" FMTIA "" ou ""Fikambanana Miaro ny Tontolo Iainana Ambalamahogo"" (ANJL2081)",Analanjirofo / Maroantsetra / Ambinanitelo,16.55,2001,https://www.e-voary.mg/tgrn/
""" V.H.F "" ou ""Vonona Hifanampy amn'ny Fampandrosoana"" (ANJL2091)",Analanjirofo / Maroantsetra / Ambinanitelo,25.06,2004,https://www.e-voary.mg/tgrn/
"""Ambodivoangy Miray"" (ANJL1979)",Analanjirofo / Maroantsetra / Ambinanitelo,28.42,2004,https://www.e-voary.mg/tgrn/
"""F.V.A.S"" na ""Fiarovan'ny Vahoaka ny Alan'i Soanafindra"" (ANJL1988)",Analanjirofo / Maroantsetra / Ambinanitelo,8.26,2008,https://www.e-voary.mg/tgrn/
"""SOA"" (ANJL2022)",Analanjirofo / Maroantsetra / Ambodimanga Rantabe,62.37,2004,https://www.e-voary.mg/tgrn/
"""TSARA"" (ANJL2031)",Analanjirofo / Maroantsetra / Ambodimanga Rantabe,39.82,2004,https://www.e-voary.mg/tgrn/
"""Antsoraka Mandroso"" (ANJL1984)",Analanjirofo / Maroantsetra / Anandrivola,18.43,2009,https://www.e-voary.mg/tgrn/
"""Fikambanana Tontolo Iainana sy ny fampandrosoana Anena"" (ANJL1995)",Analanjirofo / Maroantsetra / Anandrivola,28.71,2009,https://www.e-voary.mg/tgrn/
"""Fikambanana Tsara Farankaraina"" na ""FI.TSA.FA"" (ANJL3242)",Analanjirofo / Maroantsetra / Andranofotsy,12.3098,2011,https://www.e-voary.mg/tgrn/
""" Ambalavoangy Mandroso "" (ANJL1977)",Analanjirofo / Maroantsetra / Androndrono,10.95,2010,https://www.e-voary.mg/tgrn/
"""Antsahamilemaka Tia Fandrosoana"" (ANJL1982)",Analanjirofo / Maroantsetra / Androndrono,25.2,2010,https://www.e-voary.mg/tgrn/
"""BEMIRAY"" Nanoharana (ANJL1986)",Analanjirofo / Maroantsetra / Androndrono,40.0,2012,https://www.e-voary.mg/tgrn/
"""FIARAHANA"" Beravina (ANJL1990)",Analanjirofo / Maroantsetra / Androndrono,14.46,2013,https://www.e-voary.mg/tgrn/
"""FIARO"" Tanambao Ambahy (ANJL1991)",Analanjirofo / Maroantsetra / Androndrono,24.29,2010,https://www.e-voary.mg/tgrn/
"""MOARAMENA"" (ANJL2011)",Analanjirofo / Maroantsetra / Androndrono,28.96,2012,https://www.e-voary.mg/tgrn/
"""Sahafekona Mandroso"" (ANJL2014)",Analanjirofo / Maroantsetra / Androndrono,17.79,2017,https://www.e-voary.mg/tgrn/
"""VARIKANDANA"" (ANJL2036)",Analanjirofo / Maroantsetra / Androndrono,20.5,2012,https://www.e-voary.mg/tgrn/
"""VORIALA"" (ANJL2039)",Analanjirofo / Maroantsetra / Androndrono,70.31,2013,https://www.e-voary.mg/tgrn/
"""FI.NA.MA"" ou Fikambanana Navana Miaro Atiala (ANJL3241)",Analanjirofo / Maroantsetra / Anjahana,7.18,2011,https://www.e-voary.mg/tgrn/
"""FITSINJOVANA"" (ANJL1996)",Analanjirofo / Maroantsetra / Anjahana,27.24,2007,https://www.e-voary.mg/tgrn/
"""RAVIMBE"" (ANJL2013)",Analanjirofo / Maroantsetra / Anjahana,9.75,2010,https://www.e-voary.mg/tgrn/
VOI “FI.NA.MA” (ANJL3857),Analanjirofo / Maroantsetra / Anjahana,7.1418,2024,https://www.e-voary.mg/tgrn/
"""F.M.L.A"" ou Fikambanana Mitsinjo Lavitra (ANJL1987)",Analanjirofo / Maroantsetra / Ankofa,22.0,2017,https://www.e-voary.mg/tgrn/
"""Antsiranambato Mandroso"" (ANJL1983)",Analanjirofo / Maroantsetra / Antakotako,36.6,2009,https://www.e-voary.mg/tgrn/
"""FANASINA"" (ANJL1989)",Analanjirofo / Maroantsetra / Antakotako,70.9,2014,https://www.e-voary.mg/tgrn/
"""Lazan'i Sasomba"" (ANJL1999)",Analanjirofo / Maroantsetra / Antakotako,25.88,2004,https://www.e-voary.mg/tgrn/
"""S.M.M"" na ""Sahambatra Miara-Mizotra"" (ANJL2016)",Analanjirofo / Maroantsetra / Antakotako,10.625,2004,https://www.e-voary.mg/tgrn/
"""Somisika Mirindra"" (ANJL2024)",Analanjirofo / Maroantsetra / Antakotako,11.38,2004,https://www.e-voary.mg/tgrn/
"""TMA"" (Tsara Mandroso Ambanivalotra) (ANJL2026)",Analanjirofo / Maroantsetra / Antakotako,48.0,2014,https://www.e-voary.mg/tgrn/
"""Fiarovan'ny Vahoaka ny faritr'Anjiahely"" na ""FVFA"" (ANJL2083)",Analanjirofo / Maroantsetra / Antsirabe Sahatany,25.88,2004,https://www.e-voary.mg/tgrn/
"Vinanibe Miaro Atiala Mitsinjo Lavitra na ""V.M.A.M.L"" (ANJL3801)",Analanjirofo / Maroantsetra / Antsirabe Sahatany,40.88,2023,https://www.e-voary.mg/tgrn/
""" Ala Maintso "" (ANJL1976)",Analanjirofo / Maroantsetra / Mahalevona,28.8264,2009,https://www.e-voary.mg/tgrn/
"""AVOTRA"" (ANJL1985)",Analanjirofo / Maroantsetra / Mahalevona,42.06,2010,https://www.e-voary.mg/tgrn/
"""VARIGNENA"" (ANJL2035)",Analanjirofo / Maroantsetra / Mahalevona,12.43,2010,https://www.e-voary.mg/tgrn/
""" FILIMA "" ou ""Fikambanana Liam-pivoarana Manambolo"" (ANJL2077)",Analanjirofo / Maroantsetra / Manambolo,18.3537,2009,https://www.e-voary.mg/tgrn/
"""F.L.M.A.A"" na ""Fikambanana Liam-pivoarana Miaro Atiala Andravindalandana"" (ANJL1993)",Analanjirofo / Maroantsetra / Manambolo,31.25,2023,https://www.e-voary.mg/tgrn/
"""Sahajinja Miavotra"" (ANJL2015)",Analanjirofo / Maroantsetra / Manambolo,8.4477,2004,https://www.e-voary.mg/tgrn/
"""T.L.M"" na ""Tanambao Liampivoarana Maharitra"" (ANJL3245)",Analanjirofo / Maroantsetra / Mariarano,6.5,2021,https://www.e-voary.mg/tgrn/
""" FVA "" Fikambanana Vondron'Olona Amboditavolo (ANJL2082)",Analanjirofo / Maroantsetra / Morafeno,18.69,2014,https://www.e-voary.mg/tgrn/
""" MAROSAHA "" (ANJL2006)",Analanjirofo / Maroantsetra / Morafeno,58.1,2014,https://www.e-voary.mg/tgrn/
""" MAROTANETY "" (ANJL2007)",Analanjirofo / Maroantsetra / Morafeno,40.7,2014,https://www.e-voary.mg/tgrn/
"""MAHASOA"" (ANJL3244)",Analanjirofo / Maroantsetra / Morafeno,18.43,2020,https://www.e-voary.mg/tgrn/
""" MIALAM "" ou ""Maro ny Alan'Ambinanindrano"" (ANJL2086)",Analanjirofo / Maroantsetra / Voloina,29.56,2004,https://www.e-voary.mg/tgrn/
"""S.M.F"" na ""Sahamalaza Mila Fandrosoana"" (ANJL3243)",Analanjirofo / Maroantsetra / Voloina,33.95,2020,https://www.e-voary.mg/tgrn/
"""Z.M.A"" na ""Zanakin'ny Mandroso Ambodihazomamy (ANJL3647)",Analanjirofo / Maroantsetra / Voloina,38.59,2020,https://www.e-voary.mg/tgrn/
"""Saint Joseph"" (ANJL2089)",Analanjirofo / Sainte Marie / Sainte Marie,2.2,2007,https://www.e-voary.mg/tgrn/
"""A.S.A"" na «Ala Soan’Ambinaniroa» (ANJL2049)",Analanjirofo / Soanierana Ivongo / Ambahoabe,42.32,2009,https://www.e-voary.mg/tgrn/
"""A.T.T.A"" na « Atiala Tsara Tantana Ambarimay » (ANJL1972)",Analanjirofo / Soanierana Ivongo / Ambahoabe,20.2,2009,https://www.e-voary.mg/tgrn/
"""M.A.M"" na «Miaro ny Alamaintson’I Menara» (ANJL2059)",Analanjirofo / Soanierana Ivongo / Ambahoabe,18.95,2009,https://www.e-voary.mg/tgrn/
"""SMTI"" na ""Sahamalaza Miaro ny Tontolo Iainana (ANJL2060)",Analanjirofo / Soanierana Ivongo / Ambahoabe,13.45,2009,https://www.e-voary.mg/tgrn/
"""TAHIRY"" (ANJL3247)",Analanjirofo / Soanierana Ivongo / Ambahoabe,2.99,2022,https://www.e-voary.mg/tgrn/
« Sahateza Miatrika ny Hoavin’ny Taranaka » (ANJL1973),Analanjirofo / Soanierana Ivongo / Ambahoabe,31.68,2009,https://www.e-voary.mg/tgrn/
« Sasomanga Miaro ny Tontolo Iainana» (ANJL2042),Analanjirofo / Soanierana Ivongo / Ambahoabe,50.2,2009,https://www.e-voary.mg/tgrn/
«Santatra» (ANJL2062),Analanjirofo / Soanierana Ivongo / Ambahoabe,10.06,2007,https://www.e-voary.mg/tgrn/
«Soa Iombonan’I Mandoakondro» (ANJL2063),Analanjirofo / Soanierana Ivongo / Ambahoabe,16.85,2009,https://www.e-voary.mg/tgrn/
«Tantsahan’I Antanetilava Mitantana an’I Vohilolo» (ANJL2065),Analanjirofo / Soanierana Ivongo / Ambahoabe,1.37,2009,https://www.e-voary.mg/tgrn/
«Zanatany Tonga saina» (ZTS) (ANJL2069),Analanjirofo / Soanierana Ivongo / Ambahoabe,17.97,2007,https://www.e-voary.mg/tgrn/
"""KAJY ALA"" (ANJL1998)",Analanjirofo / Soanierana Ivongo / Andapafito,56.3451,2015,https://www.e-voary.mg/tgrn/
«Maintsovolo» (ANJL2055),Analanjirofo / Soanierana Ivongo / Andapafito,,2003,https://www.e-voary.mg/tgrn/
«A.M.M» (ANJL2048),Analanjirofo / Soanierana Ivongo / Antanifotsy,28.42,2001,https://www.e-voary.mg/tgrn/
«Miray Hina» (ANJL2058),Analanjirofo / Soanierana Ivongo / Antanifotsy,13.5,2001,https://www.e-voary.mg/tgrn/
«Tsy Mialona» (ANJL2067),Analanjirofo / Soanierana Ivongo / Antanifotsy,8.0,2002,https://www.e-voary.mg/tgrn/
« Ala Mahavonjin’I Kiaraby » (ANJL1971),Analanjirofo / Soanierana Ivongo / Antenina,56.6357,2009,https://www.e-voary.mg/tgrn/
«Lovasoan’ Antsiradava» (ANJL2053),Analanjirofo / Soanierana Ivongo / Antenina,57.3708,2009,https://www.e-voary.mg/tgrn/
«Mahavonjy» (ANJL2054),Analanjirofo / Soanierana Ivongo / Antenina,64.4303,2003,https://www.e-voary.mg/tgrn/
"""VAHONA"" (ANJL2034)",Analanjirofo / Soanierana Ivongo / Manompana,,2003,https://www.e-voary.mg/tgrn/
"""Z.M.T.I"" na « Zanakankavia Miaro ny Tontolo Iainana » (ANJL2047)",Analanjirofo / Soanierana Ivongo / Manompana,14.29,2009,https://www.e-voary.mg/tgrn/
LOVASOA IAROVANA (ANJL3856),Analanjirofo / Soanierana Ivongo / Manompana,9.23,2024,https://www.e-voary.mg/tgrn/
« Ankoriraika Miara Mitantana Ala » (ANJL1969),Analanjirofo / Soanierana Ivongo / Manompana,33.2,2009,https://www.e-voary.mg/tgrn/
« Soa Maniry Miaro ny Tontolo Iainana » (ANJL1970),Analanjirofo / Soanierana Ivongo / Manompana,16.76,2009,https://www.e-voary.mg/tgrn/
« Tontolo Iainana Tsara Fitantanana Sahave » (ANJL1968),Analanjirofo / Soanierana Ivongo / Manompana,32.72,2009,https://www.e-voary.mg/tgrn/
«Fanantenana» (ANJL2050),Analanjirofo / Soanierana Ivongo / Manompana,12.13,2000,https://www.e-voary.mg/tgrn/
«Fivoarana» (ANJL2051),Analanjirofo / Soanierana Ivongo / Manompana,,2002,https://www.e-voary.mg/tgrn/
«Lova sy Harena» (ANJL2052),Analanjirofo / Soanierana Ivongo / Manompana,31.52,2001,https://www.e-voary.mg/tgrn/
«Sahatsara» (ANJL2061),Analanjirofo / Soanierana Ivongo / Manompana,36.21,2009,https://www.e-voary.mg/tgrn/
«Soamiafara» (ANJL2064),Analanjirofo / Soanierana Ivongo / Manompana,3.17,2003,https://www.e-voary.mg/tgrn/
«Tsy Ambanilahatra» (ANJL2066),Analanjirofo / Soanierana Ivongo / Manompana,6.22,2002,https://www.e-voary.mg/tgrn/
«Tsy Mifandao» (ANJL2068),Analanjirofo / Soanierana Ivongo / Manompana,,2002,https://www.e-voary.mg/tgrn/
""" Andilankely"" (ANJL2071)",Analanjirofo / Soanierana Ivongo / Soanierana Ivongo,0.5,2001,https://www.e-voary.mg/tgrn/
""" Menatany "" (ANJL2085)",Analanjirofo / Soanierana Ivongo / Soanierana Ivongo,0.3,2001,https://www.e-voary.mg/tgrn/
"""Manankatafana"" (ANJL2092)",Analanjirofo / Soanierana Ivongo / Soanierana Ivongo,,2001,https://www.e-voary.mg/tgrn/
«Maroala Fanantenana » (ANJL2056),Analanjirofo / Vavatenina / Ambohibe,25.24,2011,https://www.e-voary.mg/tgrn/
"""EZAKA"" (ANJL3777)",Analanjirofo / Vavatenina / Maromitety,9.8123,2023,https://www.e-voary.mg/tgrn/
« Fandrama » (ANJL2043),Analanjirofo / Vavatenina / Miarinarivo,11.04,2008,https://www.e-voary.mg/tgrn/
« Lova Soa » (ANJL2044),Analanjirofo / Vavatenina / Miarinarivo,8.87,2008,https://www.e-voary.mg/tgrn/
« MAMIRANO » (ANJL2045),Analanjirofo / Vavatenina / Miarinarivo,20.33,2008,https://www.e-voary.mg/tgrn/
« Tsara Disa » (ANJL2046),Analanjirofo / Vavatenina / Vavatenina,0.22,2008,https://www.e-voary.mg/tgrn/
FANDROSOANTSOA (AND2093),Androy / Ambovombe-Androy / Ambohimalaza,47.92,2012,https://www.e-voary.mg/tgrn/
MAHASOA ANDAMILAMY (AND2100),Androy / Ambovombe-Androy / Ambovombe,21.82,2011,https://www.e-voary.mg/tgrn/
FOKONTANY MIRAIHINA (AND2094),Androy / Ambovombe-Androy / Antanimora Atsimo,34.5,2012,https://www.e-voary.mg/tgrn/
MANAVY MIJORO (AND3291),Androy / Ambovombe-Androy / Antanimora Atsimo,22.12,2008,https://www.e-voary.mg/tgrn/
TSIRANDRANY MIRAY (AND2107),Androy / Ambovombe-Androy / Jafaro,121.2,2005,https://www.e-voary.mg/tgrn/
MIRAY (AND2103),Androy / Ambovombe-Androy / Sihanamaro,70.65,2012,https://www.e-voary.mg/tgrn/
MAGNITSE (AND3307),Androy / Bekily / BELINDO/MAHASOA,2.12,2005,https://www.e-voary.mg/tgrn/
RANDRANTSOA MITAONDAHY (AND2104),Androy / Bekily / BELINDO/MAHASOA,25.2,2005,https://www.e-voary.mg/tgrn/
LOVASOA (AND2098),Androy / Bekily / Beraketa,18.64,2007,https://www.e-voary.mg/tgrn/
IVARIGNANTSOA (AND2095),Androy / Beloha / Marolinta,18.43,2009,https://www.e-voary.mg/tgrn/
KOBAY (AND2097),Androy / Beloha / Marolinta,8.6,2012,https://www.e-voary.mg/tgrn/
MAHASOA ANKILISOA (AND2101),Androy / Beloha / Marolinta,26.76,2012,https://www.e-voary.mg/tgrn/
SIHANAKAMBA MAHAVELO (AND2105),Androy / Beloha / Marolinta,12.12,2012,https://www.e-voary.mg/tgrn/
TOMBONTSOA (AND2106),Androy / Beloha / Marolinta,7.62,2012,https://www.e-voary.mg/tgrn/
VOLAMIRAIKY (AND2108),Androy / Beloha / Marolinta,30.08,2012,https://www.e-voary.mg/tgrn/
AMBATOSAROTSE MIAVOTSE (AND3788),Androy / Tsihombe / Imongy,12.35,2022,https://www.e-voary.mg/tgrn/
AMBAVANTANY MILAMINA (AND3421),Androy / Tsihombe / Imongy,,2017,https://www.e-voary.mg/tgrn/
MAKIFAHA MIVOATRA (AND3419),Androy / Tsihombe / Imongy,,2017,https://www.e-voary.mg/tgrn/
SOAHARENA AMBORIMAHASOA (AND3428),Androy / Tsihombe / Imongy,2.64,2017,https://www.e-voary.mg/tgrn/
SOAHARENA MALIHIRA (AND3390),Androy / Tsihombe / Imongy,,2017,https://www.e-voary.mg/tgrn/
TAGNALA MIHARE BIBY (AND3409),Androy / Tsihombe / Imongy,,2017,https://www.e-voary.mg/tgrn/
TSINGOKY MIRAY HINA (AND3412),Androy / Tsihombe / Imongy,1.9,2017,https://www.e-voary.mg/tgrn/
JOROSOA (AND2096),Androy / Tsihombe / Marovato,13.25,2008,https://www.e-voary.mg/tgrn/
Avotse (ANS2138),Anosy / Amboasary-Atsimo / Amboasary Atsimo,20.45,2008,https://www.e-voary.mg/tgrn/
MAHAVELO (ANS2194),Anosy / Amboasary-Atsimo / Amboasary Atsimo,,2008,https://www.e-voary.mg/tgrn/
ANADROAZAGNE (ANS2117),Anosy / Amboasary-Atsimo / Behara,37.12,2013,https://www.e-voary.mg/tgrn/
Aronifiainana (ANS2135),Anosy / Amboasary-Atsimo / Behara,44.17,2013,https://www.e-voary.mg/tgrn/
FIVOARAGNE (ANS2169),Anosy / Amboasary-Atsimo / Behara,62.13,2013,https://www.e-voary.mg/tgrn/
Fihareasoa (ANS2157),Anosy / Amboasary-Atsimo / Behara,27.81,2013,https://www.e-voary.mg/tgrn/
Fitehirizantsoa (ANS2167),Anosy / Amboasary-Atsimo / Behara,45.81,2013,https://www.e-voary.mg/tgrn/
HARENASOA (ANS2174),Anosy / Amboasary-Atsimo / Behara,10.25,2013,https://www.e-voary.mg/tgrn/
Havana no Harena (ANS2177),Anosy / Amboasary-Atsimo / Behara,10.74,2013,https://www.e-voary.mg/tgrn/
LAZASOA (ANS2180),Anosy / Amboasary-Atsimo / Behara,92.49,2013,https://www.e-voary.mg/tgrn/
MITOHY (ANS2232),Anosy / Amboasary-Atsimo / Behara,26.76,2013,https://www.e-voary.mg/tgrn/
Mahavonjy (ANS2196),Anosy / Amboasary-Atsimo / Behara,9.26,2013,https://www.e-voary.mg/tgrn/
Mandroso (ANS2202),Anosy / Amboasary-Atsimo / Behara,12.69,2013,https://www.e-voary.mg/tgrn/
Manomboarivo (ANS2204),Anosy / Amboasary-Atsimo / Behara,83.0,2013,https://www.e-voary.mg/tgrn/
Soatantagne (ANS2248),Anosy / Amboasary-Atsimo / Behara,16.04,2013,https://www.e-voary.mg/tgrn/
Soatarike (ANS2249),Anosy / Amboasary-Atsimo / Behara,16.84,2013,https://www.e-voary.mg/tgrn/
Tahiry (ANS2253),Anosy / Amboasary-Atsimo / Behara,29.83,2013,https://www.e-voary.mg/tgrn/
Tongalaza (ANS2266),Anosy / Amboasary-Atsimo / Behara,12.2,2013,https://www.e-voary.mg/tgrn/
ANDRIAMAGNARE MANANDILY (ANS2121),Anosy / Amboasary-Atsimo / Ebelo,,2013,https://www.e-voary.mg/tgrn/
EKINTSO MIRAY HINA (ANS2142),Anosy / Amboasary-Atsimo / Ebelo,69.32,2013,https://www.e-voary.mg/tgrn/
FAFIALA (ANS2148),Anosy / Amboasary-Atsimo / Ebelo,115.54,2013,https://www.e-voary.mg/tgrn/
MIARAMAMINDRA (ANS2212),Anosy / Amboasary-Atsimo / Ebelo,89.74,2013,https://www.e-voary.mg/tgrn/
MITIA (ANS2231),Anosy / Amboasary-Atsimo / Ebelo,16.14,2013,https://www.e-voary.mg/tgrn/
TAHA (ANS2252),Anosy / Amboasary-Atsimo / Ebelo,51.05,2013,https://www.e-voary.mg/tgrn/
TATAMO (ANS2261),Anosy / Amboasary-Atsimo / Ebelo,87.86,2013,https://www.e-voary.mg/tgrn/
TSY JAMBA MIARO NY ALA (ANS2272),Anosy / Amboasary-Atsimo / Ebelo,45.22,2013,https://www.e-voary.mg/tgrn/
VARAMAMIAVO (ANS2276),Anosy / Amboasary-Atsimo / Ebelo,70.83,2013,https://www.e-voary.mg/tgrn/
AGNALOALO MAZOTO (ANS2109),Anosy / Amboasary-Atsimo / Ifotaka,52.0,2013,https://www.e-voary.mg/tgrn/
ANALAMITOMBO VOAJANAHARY (ANS2119),Anosy / Amboasary-Atsimo / Ifotaka,16.03,2003,https://www.e-voary.mg/tgrn/
FIAROVANTSOA (ANS2154),Anosy / Amboasary-Atsimo / Ifotaka,27.04,2008,https://www.e-voary.mg/tgrn/
Lovatsara (ANS2185),Anosy / Amboasary-Atsimo / Ifotaka,5.26,2008,https://www.e-voary.mg/tgrn/
Mahasoanay (ANS2190),Anosy / Amboasary-Atsimo / Ifotaka,54.8,2008,https://www.e-voary.mg/tgrn/
Mahatsara (ANS2191),Anosy / Amboasary-Atsimo / Ifotaka,94.84,2003,https://www.e-voary.mg/tgrn/
Miaro Soa (ANS2214),Anosy / Amboasary-Atsimo / Ifotaka,40.0,2013,https://www.e-voary.mg/tgrn/
Andebe (ANS2120),Anosy / Amboasary-Atsimo / Manevy,4.5,2013,https://www.e-voary.mg/tgrn/
Avotra (ANS2137),Anosy / Amboasary-Atsimo / Manevy,11.2952,2013,https://www.e-voary.mg/tgrn/
Betsipela Tsimanda (ANS2139),Anosy / Amboasary-Atsimo / Manevy,5.71,2013,https://www.e-voary.mg/tgrn/
Mahasoa (ANS2188),Anosy / Amboasary-Atsimo / Manevy,14.78,2013,https://www.e-voary.mg/tgrn/
Mateza (ANS2207),Anosy / Amboasary-Atsimo / Manevy,114.61,2013,https://www.e-voary.mg/tgrn/
Miraihinasoa (ANS2220),Anosy / Amboasary-Atsimo / Manevy,17.69,2013,https://www.e-voary.mg/tgrn/
Miray (ANS2225),Anosy / Amboasary-Atsimo / Manevy,14.1,2013,https://www.e-voary.mg/tgrn/
Tsarafandrosoa (ANS2269),Anosy / Amboasary-Atsimo / Manevy,16.24,2013,https://www.e-voary.mg/tgrn/
FILAMINANTSOA (ANS2163),Anosy / Amboasary-Atsimo / Marotsiraka,95.36,2013,https://www.e-voary.mg/tgrn/
AVISOA (ANS2136),Anosy / Amboasary-Atsimo / Ranobe,80.1,2013,https://www.e-voary.mg/tgrn/
FIFITI (ANS3630),Anosy / Amboasary-Atsimo / Ranobe,86.36,2013,https://www.e-voary.mg/tgrn/
FISOMA (ANS2165),Anosy / Amboasary-Atsimo / Ranobe,73.73,2013,https://www.e-voary.mg/tgrn/
TIAVO (ANS2264),Anosy / Amboasary-Atsimo / Ranobe,70.69,2013,https://www.e-voary.mg/tgrn/
TOVOA (ANS2267),Anosy / Amboasary-Atsimo / Ranobe,16.17,2013,https://www.e-voary.mg/tgrn/
ANDRIAMASY (ANS2122),Anosy / Amboasary-Atsimo / Tranomaro,98.31,2013,https://www.e-voary.mg/tgrn/
SOAMANA (ANS2244),Anosy / Amboasary-Atsimo / Tranomaro,63.88,2013,https://www.e-voary.mg/tgrn/
Taitse (ANS2254),Anosy / Amboasary-Atsimo / Tranomaro,72.18,2013,https://www.e-voary.mg/tgrn/
Tamboroky Miray (ANS2255),Anosy / Amboasary-Atsimo / Tranomaro,158.86,2013,https://www.e-voary.mg/tgrn/
Ezaka Mahasoa (ANS2147),Anosy / Taolagnaro / Ambatoabo,17.02,2013,https://www.e-voary.mg/tgrn/
Fivoarana ho Anay (ANS2173),Anosy / Taolagnaro / Ambatoabo,7.93,2013,https://www.e-voary.mg/tgrn/
Miaramony (ANS2213),Anosy / Taolagnaro / Ambatoabo,11.66,2013,https://www.e-voary.mg/tgrn/
Miraihina (ANS2219),Anosy / Taolagnaro / Ambatoabo,14.63,2013,https://www.e-voary.mg/tgrn/
Mirailahatsy (ANS2221),Anosy / Taolagnaro / Ambatoabo,14.11,2013,https://www.e-voary.mg/tgrn/
Soamandroso (ANS2245),Anosy / Taolagnaro / Ambatoabo,8.29,2013,https://www.e-voary.mg/tgrn/
TAFITA (ANS2251),Anosy / Taolagnaro / Ambatoabo,13.95,2013,https://www.e-voary.mg/tgrn/
VONONA_MAROTOKO (ANS2289),Anosy / Taolagnaro / Ambatoabo,9.57,2013,https://www.e-voary.mg/tgrn/
Firaisankina (ANS2164),Anosy / Taolagnaro / Ampasimena,17.19,2013,https://www.e-voary.mg/tgrn/
Hasoava (ANS2175),Anosy / Taolagnaro / Ampasimena,0.01,2019,https://www.e-voary.mg/tgrn/
Mandroso (ANS2201),Anosy / Taolagnaro / Ampasimena,33.02,2013,https://www.e-voary.mg/tgrn/
Miray Miasa (ANS2227),Anosy / Taolagnaro / Ampasimena,83.96,2013,https://www.e-voary.mg/tgrn/
Mitsinjo Taranaka (ANS3510),Anosy / Taolagnaro / Ampasimena,45.11,2013,https://www.e-voary.mg/tgrn/
VOHIMAVO (ANS2280),Anosy / Taolagnaro / Ampasimena,32.17,2013,https://www.e-voary.mg/tgrn/
Vohinkarana (ANS2281),Anosy / Taolagnaro / Ampasimena,6.31,2013,https://www.e-voary.mg/tgrn/
Fikambanan'ny TantsahaMangaiky (ANS2162),Anosy / Taolagnaro / Ampasy Nahampoana,1.62,2003,https://www.e-voary.mg/tgrn/
Fiveloma (ANS2168),Anosy / Taolagnaro / Ampasy Nahampoana,10.97,2009,https://www.e-voary.mg/tgrn/
Fivoarana AMBANIALA (ANS2172),Anosy / Taolagnaro / Ampasy Nahampoana,6.83,2003,https://www.e-voary.mg/tgrn/
MAHASOA (ANS3774),Anosy / Taolagnaro / Ampasy Nahampoana,0.57,2022,https://www.e-voary.mg/tgrn/
MIRAY (ANS2224),Anosy / Taolagnaro / Ampasy Nahampoana,8.45,2005,https://www.e-voary.mg/tgrn/
MiraY (ANS2223),Anosy / Taolagnaro / Ampasy Nahampoana,8.3,2002,https://www.e-voary.mg/tgrn/
Mirindra (ANS2228),Anosy / Taolagnaro / Ampasy Nahampoana,386.84,2005,https://www.e-voary.mg/tgrn/
Soavogny (ANS2250),Anosy / Taolagnaro / Ampasy Nahampoana,7.38,2001,https://www.e-voary.mg/tgrn/
MANAJARY MITAMBATRA (ANS3821),Anosy / Taolagnaro / Analamary,75.97,2023,https://www.e-voary.mg/tgrn/
TRAGNOBE (ANS3817),Anosy / Taolagnaro / Analamary,18.8,2023,https://www.e-voary.mg/tgrn/
VATOVONDRO (ANS3822),Anosy / Taolagnaro / Analamary,79.52,2017,https://www.e-voary.mg/tgrn/
ANZARASOA (ANS2134),Anosy / Taolagnaro / Analapatsy,0.63,2013,https://www.e-voary.mg/tgrn/
Andrin'ny tantsaha (ANS2123),Anosy / Taolagnaro / Analapatsy,1.2,2003,https://www.e-voary.mg/tgrn/
Fitehirizana Ala Maharitsy (ANS2166),Anosy / Taolagnaro / Analapatsy,2.54,2013,https://www.e-voary.mg/tgrn/
HASOAVA_BELAY (ANS2176),Anosy / Taolagnaro / Analapatsy,1.0,2013,https://www.e-voary.mg/tgrn/
Tantsaha te Handroso2 (ANS3653),Anosy / Taolagnaro / Analapatsy,1.04,2013,https://www.e-voary.mg/tgrn/
Tantsaha te Hivoatra (ANS3651),Anosy / Taolagnaro / Analapatsy,1.84,2013,https://www.e-voary.mg/tgrn/
Vondron'olona Andranotsimira Rasaihisatsy (ANS2284),Anosy / Taolagnaro / Analapatsy,1.42,2013,https://www.e-voary.mg/tgrn/
AMANJAVATSARA (ANS2113),Anosy / Taolagnaro / Andranobory,4.38,2003,https://www.e-voary.mg/tgrn/
Analafia (ANS3484),Anosy / Taolagnaro / Andranobory,,2008,https://www.e-voary.mg/tgrn/
Soalova (ANS2243),Anosy / Taolagnaro / Andranobory,14.95,2008,https://www.e-voary.mg/tgrn/
TEHOSOA (ANS2262),Anosy / Taolagnaro / Andranobory,7.31,2013,https://www.e-voary.mg/tgrn/
Tanàna Miray (ANS2256),Anosy / Taolagnaro / Andranobory,1.17,2013,https://www.e-voary.mg/tgrn/
MAHASOA (ANS2187),Anosy / Taolagnaro / Ankariera,8.54,2008,https://www.e-voary.mg/tgrn/
Soamita (ANS2247),Anosy / Taolagnaro / Ankariera,16.03,2008,https://www.e-voary.mg/tgrn/
Tanteraka (ANS2257),Anosy / Taolagnaro / Bevoay,1.83,2013,https://www.e-voary.mg/tgrn/
VATOFOTSY (ANS2277),Anosy / Taolagnaro / Bevoay,8.97,2013,https://www.e-voary.mg/tgrn/
Fandrosoana (ANS2153),Anosy / Taolagnaro / Emagnobo,2.8352,2005,https://www.e-voary.mg/tgrn/
MAHAVAGNO (ANS2192),Anosy / Taolagnaro / Emagnobo,6.76,2005,https://www.e-voary.mg/tgrn/
MASOANDRO (ANS2206),Anosy / Taolagnaro / Emagnobo,5.31,2005,https://www.e-voary.mg/tgrn/
VOLANA (ANS3442),Anosy / Taolagnaro / Emagnobo,8.44,2005,https://www.e-voary.mg/tgrn/
Volamena (ANS2282),Anosy / Taolagnaro / Emagnobo,3.6342,2005,https://www.e-voary.mg/tgrn/
Ezaka (ANS2144),Anosy / Taolagnaro / Enakara-Haut,13.23,2013,https://www.e-voary.mg/tgrn/
Fanantenana (ANS2151),Anosy / Taolagnaro / Enakara-Haut,16.572,2005,https://www.e-voary.mg/tgrn/
Mandroso (ANS2200),Anosy / Taolagnaro / Fenoevo-Efita,17.22,2005,https://www.e-voary.mg/tgrn/
LOVA (ANS2181),Anosy / Taolagnaro / Iaboakoho,,2006,https://www.e-voary.mg/tgrn/
MIRAIHINA (ANS2217),Anosy / Taolagnaro / Iaboakoho,0.61,2006,https://www.e-voary.mg/tgrn/
Matsinjo (ANS2208),Anosy / Taolagnaro / Iaboakoho,1.02,2006,https://www.e-voary.mg/tgrn/
Mazoto (ANS2210),Anosy / Taolagnaro / Iaboakoho,0.01,2018,https://www.e-voary.mg/tgrn/
Mirarisoa (ANS2222),Anosy / Taolagnaro / Iaboakoho,0.41,2006,https://www.e-voary.mg/tgrn/
Mitsinjo (ANS2234),Anosy / Taolagnaro / Iaboakoho,1.02,2006,https://www.e-voary.mg/tgrn/
Sedra (ANS2241),Anosy / Taolagnaro / Iaboakoho,7.01,2019,https://www.e-voary.mg/tgrn/
Vonona Iaboakoho (ANS2288),Anosy / Taolagnaro / Iaboakoho,13.32,2019,https://www.e-voary.mg/tgrn/
AINGA (ANS2292),Anosy / Taolagnaro / Ifarantsa,127.75,1999,https://www.e-voary.mg/tgrn/
ANDRY (ANS2126),Anosy / Taolagnaro / Ifarantsa,19.86,2009,https://www.e-voary.mg/tgrn/
FIFOMITITA (ANS2156),Anosy / Taolagnaro / Ifarantsa,0.64,2005,https://www.e-voary.mg/tgrn/
Fahasoava (ANS2149),Anosy / Taolagnaro / Ifarantsa,12.01,2005,https://www.e-voary.mg/tgrn/
Fiharoa (ANS2158),Anosy / Taolagnaro / Ifarantsa,6.67,2005,https://www.e-voary.mg/tgrn/
MAHAVATSY (ANS2193),Anosy / Taolagnaro / Ifarantsa,0.92,2005,https://www.e-voary.mg/tgrn/
MAHAVITA (ANS2195),Anosy / Taolagnaro / Ifarantsa,0.65,,https://www.e-voary.mg/tgrn/
MAHIRATSY (ANS2197),Anosy / Taolagnaro / Ifarantsa,1.13,2007,https://www.e-voary.mg/tgrn/
Mahomby (ANS2198),Anosy / Taolagnaro / Ifarantsa,2.2,2005,https://www.e-voary.mg/tgrn/
Mirindra (ANS2230),Anosy / Taolagnaro / Ifarantsa,6.93,2005,https://www.e-voary.mg/tgrn/
Santatra (ANS2240),Anosy / Taolagnaro / Ifarantsa,9.62,2001,https://www.e-voary.mg/tgrn/
TOKY (ANS2265),Anosy / Taolagnaro / Ifarantsa,3.6426,1999,https://www.e-voary.mg/tgrn/
Tsara Fototra (ANS2268),Anosy / Taolagnaro / Ifarantsa,1.99,2004,https://www.e-voary.mg/tgrn/
Zoro (ANS2291),Anosy / Taolagnaro / Ifarantsa,4.18,2004,https://www.e-voary.mg/tgrn/
AINA (ANS2111),Anosy / Taolagnaro / Isaka-Ivondro,1.7,2007,https://www.e-voary.mg/tgrn/
HERY (ANS2178),Anosy / Taolagnaro / Isaka-Ivondro,1.2629,1999,https://www.e-voary.mg/tgrn/
Sambatra (ANS2238),Anosy / Taolagnaro / Isaka-Ivondro,,2002,https://www.e-voary.mg/tgrn/
Ambato Vonona (AVO) (ANS2114),Anosy / Taolagnaro / Mahatalaky,4.33,2006,https://www.e-voary.mg/tgrn/
Antanimena-Andohavolo (ANS2130),Anosy / Taolagnaro / Mahatalaky,2.36,1999,https://www.e-voary.mg/tgrn/
Antoremiriky (ANS2131),Anosy / Taolagnaro / Mahatalaky,0.49,2006,https://www.e-voary.mg/tgrn/
Antorendriky (ANS2132),Anosy / Taolagnaro / Mahatalaky,9.91,2006,https://www.e-voary.mg/tgrn/
Ezaka (ANS2143),Anosy / Taolagnaro / Mahatalaky,1.05,2006,https://www.e-voary.mg/tgrn/
Fampandrosoana (ANS2150),Anosy / Taolagnaro / Mahatalaky,25.3494,2005,https://www.e-voary.mg/tgrn/
Fikambanan'ny TamborabaoMamokatra (ANS2161),Anosy / Taolagnaro / Mahatalaky,2.91,2004,https://www.e-voary.mg/tgrn/
FikambananaTontolo Iainana (ANS2159),Anosy / Taolagnaro / Mahatalaky,7.32,2002,https://www.e-voary.mg/tgrn/
LOVASOA (ANS2182),Anosy / Taolagnaro / Mahatalaky,0.8,2009,https://www.e-voary.mg/tgrn/
LOVASOA (ANS2183),Anosy / Taolagnaro / Mahatalaky,21.53,2005,https://www.e-voary.mg/tgrn/
MIEZAKA (ANS2216),Anosy / Taolagnaro / Mahatalaky,9.94,2005,https://www.e-voary.mg/tgrn/
MIVOATSY (ANS2235),Anosy / Taolagnaro / Mahatalaky,,2006,https://www.e-voary.mg/tgrn/
Manavotra (ANS2199),Anosy / Taolagnaro / Mahatalaky,0.78,2006,https://www.e-voary.mg/tgrn/
Mazoto (ANS2209),Anosy / Taolagnaro / Mahatalaky,35.96,2005,https://www.e-voary.mg/tgrn/
Miaradia (ANS2211),Anosy / Taolagnaro / Mahatalaky,1.851,2005,https://www.e-voary.mg/tgrn/
Miray Hina (ANS2226),Anosy / Taolagnaro / Mahatalaky,9.7887,2005,https://www.e-voary.mg/tgrn/
TSIKIVY (ANS2270),Anosy / Taolagnaro / Mahatalaky,19.77,2005,https://www.e-voary.mg/tgrn/
VARABE (ANS2273),Anosy / Taolagnaro / Mahatalaky,3.28,2004,https://www.e-voary.mg/tgrn/
VONONA MAHATALAKY (ANS2286),Anosy / Taolagnaro / Mahatalaky,6.56,2005,https://www.e-voary.mg/tgrn/
Varabe Barakoa (ANS2274),Anosy / Taolagnaro / Mahatalaky,1.67,2006,https://www.e-voary.mg/tgrn/
Varabebaraka (ANS2275),Anosy / Taolagnaro / Mahatalaky,0.78,2006,https://www.e-voary.mg/tgrn/
Vonjy (ANS2285),Anosy / Taolagnaro / Mahatalaky,3.61,2004,https://www.e-voary.mg/tgrn/
Votsira (ANS2290),Anosy / Taolagnaro / Mahatalaky,111.25,2016,https://www.e-voary.mg/tgrn/
RAVINALA I (ANS2236),Anosy / Taolagnaro / Manambaro,2.41,2007,https://www.e-voary.mg/tgrn/
RAVINALA II (ANS2237),Anosy / Taolagnaro / Manambaro,1.81,2007,https://www.e-voary.mg/tgrn/
TAROKOVAVY (ANS2260),Anosy / Taolagnaro / Manambaro,1.81,2007,https://www.e-voary.mg/tgrn/
MANOVOSOA (ANS2205),Anosy / Taolagnaro / Manantenina,37.11,2018,https://www.e-voary.mg/tgrn/
VEROMAGNITSY (ANS2279),Anosy / Taolagnaro / Manantenina,23.47,2018,https://www.e-voary.mg/tgrn/
EZAKA (ANS2145),Anosy / Taolagnaro / Mandiso,0.56,2007,https://www.e-voary.mg/tgrn/
MITSINJO NY HO AVY (ANS3776),Anosy / Taolagnaro / Mandromondromotra,1.07,2022,https://www.e-voary.mg/tgrn/
Mirindra (ANS2229),Anosy / Taolagnaro / Mandromondromotra,0.44,2005,https://www.e-voary.mg/tgrn/
Vonona Etapera (ANS2287),Anosy / Taolagnaro / Mandromondromotra,0.7,2006,https://www.e-voary.mg/tgrn/
Ezaka (ANS2146),Anosy / Taolagnaro / Ranomafana,54.48,2013,https://www.e-voary.mg/tgrn/
Ivagna (ANS2179),Anosy / Taolagnaro / Ranomafana,18.02,2013,https://www.e-voary.mg/tgrn/
Miraihina (ANS2218),Anosy / Taolagnaro / Ranomafana,51.01,2013,https://www.e-voary.mg/tgrn/
Tiako (ANS2263),Anosy / Taolagnaro / Ranomafana,5.8338,2005,https://www.e-voary.mg/tgrn/
Mahasoa (ANS2189),Anosy / Taolagnaro / Ranopiso,2.29,2013,https://www.e-voary.mg/tgrn/
Soahoanay (ANS2242),Anosy / Taolagnaro / Ranopiso,7.07,2013,https://www.e-voary.mg/tgrn/
FIVOARANA (ANS2170),Anosy / Taolagnaro / Sarisambo,1.7,2006,https://www.e-voary.mg/tgrn/
FIMAMA (ANS2160),Anosy / Taolagnaro / Soanierana,14.77,2002,https://www.e-voary.mg/tgrn/
Fanantenana (ANS2152),Anosy / Taolagnaro / Soanierana,0.18,2005,https://www.e-voary.mg/tgrn/
Lovasoa (ANS2184),Anosy / Taolagnaro / Soanierana,0.06,2005,https://www.e-voary.mg/tgrn/
Sambatra (ANS2239),Anosy / Taolagnaro / Soanierana,0.48,2004,https://www.e-voary.mg/tgrn/
Soamiray (ANS2246),Anosy / Taolagnaro / Soanierana,12.962,2003,https://www.e-voary.mg/tgrn/
Mahaleotena (ANS2186),Anosy / Taolagnaro / TANANDAVA MANDRERE,74.94,2013,https://www.e-voary.mg/tgrn/
 (AAND2387),Atsimo Andrefana,1.2,2005,https://www.e-voary.mg/tgrn/
HAREANTSOA (AAND2332),Atsimo Andrefana,13.25,2006,https://www.e-voary.mg/tgrn/
Lovasoa ny ala (AAND2338),Atsimo Andrefana,2.12,2005,https://www.e-voary.mg/tgrn/
MAFAIDRANO LOVASOA (AAND2340),Atsimo Andrefana,21.82,2011,https://www.e-voary.mg/tgrn/
MAHALEOTSE TAFITA (AAND2344),Atsimo Andrefana,22.12,2006,https://www.e-voary.mg/tgrn/
MAHAVITA TSARA (AAND2350),Atsimo Andrefana,12.12,2012,https://www.e-voary.mg/tgrn/
MAMELO HONKO (AAND2352),Atsimo Andrefana,14.16,2012,https://www.e-voary.mg/tgrn/
MANGARAHARA (AAND2356),Atsimo Andrefana,30.06,2012,https://www.e-voary.mg/tgrn/
MIRAY (AAND2364),Atsimo Andrefana,1.75,2005,https://www.e-voary.mg/tgrn/
TSIDIAVALOMONGO (AAND2379),Atsimo Andrefana,16.03,2005,https://www.e-voary.mg/tgrn/
ALASOA (AAND2304),Atsimo Andrefana / Ampanihy Ouest / Amborompotsy,12.18,2006,https://www.e-voary.mg/tgrn/
MARIMPOTOTSE (AAND2359),Atsimo Andrefana / Ampanihy Ouest / Amborompotsy,180.62,,https://www.e-voary.mg/tgrn/
ANTSIRABE MAMELOMBAHOAKA (AAND2306),Atsimo Andrefana / Ampanihy Ouest / Androka,23.32,2005,https://www.e-voary.mg/tgrn/
MAEVASOA (AAND2339),Atsimo Andrefana / Ampanihy Ouest / Androka,387.94,2011,https://www.e-voary.mg/tgrn/
TSILAKANE MAHASOA MIARO NY ALA (AAND2381),Atsimo Andrefana / Ampanihy Ouest / Androka,15.0,2003,https://www.e-voary.mg/tgrn/
MIALANANKI (AAND3807),Atsimo Andrefana / Ampanihy Ouest / Ankiliabo,80.0,2008,https://www.e-voary.mg/tgrn/
MAGNASOA TANE (AAND2341),Atsimo Andrefana / Ampanihy Ouest / Beahitse,429.99,2009,https://www.e-voary.mg/tgrn/
MAGNASOA TANY MITSINJO TARANAKA (AAND2342),Atsimo Andrefana / Ampanihy Ouest / Beahitse,235.5,2011,https://www.e-voary.mg/tgrn/
FILOVO (AAND2321),Atsimo Andrefana / Ampanihy Ouest / Ejeda,0.7,2005,https://www.e-voary.mg/tgrn/
FIMPABE (AAND2323),Atsimo Andrefana / Ampanihy Ouest / Ejeda,2.127,2011,https://www.e-voary.mg/tgrn/
FITAMISA (AAND2329),Atsimo Andrefana / Ampanihy Ouest / Ejeda,947.44,2012,https://www.e-voary.mg/tgrn/
LOVASOA (AAND2337),Atsimo Andrefana / Ampanihy Ouest / Ejeda,0.1,2005,https://www.e-voary.mg/tgrn/
TARANAKA ANKAZONTA (AAND3806),Atsimo Andrefana / Ampanihy Ouest / Ejeda,7.4,2018,https://www.e-voary.mg/tgrn/
FIAROVANTSOA (AAND2316),Atsimo Andrefana / Ampanihy Ouest / Itampolo,317.86,2009,https://www.e-voary.mg/tgrn/
FIVELOMA (AAND2330),Atsimo Andrefana / Ampanihy Ouest / Itampolo,13.41,2012,https://www.e-voary.mg/tgrn/
MAHASOA (AAND2345),Atsimo Andrefana / Ampanihy Ouest / Itampolo,145.96,2006,https://www.e-voary.mg/tgrn/
MAHASOA (AAND2346),Atsimo Andrefana / Ampanihy Ouest / Itampolo,66.36,2006,https://www.e-voary.mg/tgrn/
MAHAZOARIVO (AAND2351),Atsimo Andrefana / Ampanihy Ouest / Itampolo,21.16,2002,https://www.e-voary.mg/tgrn/
MANDROSOA (AAND2355),Atsimo Andrefana / Ampanihy Ouest / Itampolo,98.39,2005,https://www.e-voary.mg/tgrn/
MIAHI (AAND2360),Atsimo Andrefana / Ampanihy Ouest / Itampolo,70.9,2005,https://www.e-voary.mg/tgrn/
MILAMINTSOA (AAND2362),Atsimo Andrefana / Ampanihy Ouest / Itampolo,111.3,2011,https://www.e-voary.mg/tgrn/
MITAHISOA (AAND3594),Atsimo Andrefana / Ampanihy Ouest / Itampolo,121.3,2015,https://www.e-voary.mg/tgrn/
MITEZA MANONTOLO (AAND2368),Atsimo Andrefana / Ampanihy Ouest / Itampolo,43.6,2020,https://www.e-voary.mg/tgrn/
MIZAKAMASY (AAND2370),Atsimo Andrefana / Ampanihy Ouest / Itampolo,97.64,2005,https://www.e-voary.mg/tgrn/
SENDRENALY (AAND2374),Atsimo Andrefana / Ampanihy Ouest / Itampolo,71.74,2002,https://www.e-voary.mg/tgrn/
TSIMANDIKA LILINDRAZA (AAND2382),Atsimo Andrefana / Ampanihy Ouest / Itampolo,31.38,2010,https://www.e-voary.mg/tgrn/
TSY VERY ANJARA MAHASOA (AAND2383),Atsimo Andrefana / Ampanihy Ouest / Itampolo,39.87,2009,https://www.e-voary.mg/tgrn/
HAVOHA (AAND2333),Atsimo Andrefana / Beroroha / Mandronarivo,1.48,2006,https://www.e-voary.mg/tgrn/
EZAKA (AAND2309),Atsimo Andrefana / Betioky Atsimo / Ambatry Mitsinjo,60.939,2012,https://www.e-voary.mg/tgrn/
ALA LOVASOA (AAND2299),Atsimo Andrefana / Betioky Atsimo / Ankazombalala,1.3,2019,https://www.e-voary.mg/tgrn/
ALA MAHASOA (AAND3654),Atsimo Andrefana / Betioky Atsimo / Ankazombalala,1.1,2019,https://www.e-voary.mg/tgrn/
IHAZOARA VOAFITO (AAND2334),Atsimo Andrefana / Betioky Atsimo / Ankazombalala,5.49,2019,https://www.e-voary.mg/tgrn/
MANIRISOA HO SAMBATRA (AAND2358),Atsimo Andrefana / Betioky Atsimo / Ankazombalala,1.1558,2019,https://www.e-voary.mg/tgrn/
ALA MAHASOA (AAND2300),Atsimo Andrefana / Betioky Atsimo / Beantake,0.5,2004,https://www.e-voary.mg/tgrn/
MAHAVITA AZY Anjambalo (AAND2349),Atsimo Andrefana / Betioky Atsimo / Beantake,8.18,2011,https://www.e-voary.mg/tgrn/
RAZA MITAHY (AAND3292),Atsimo Andrefana / Betioky Atsimo / Beantake,18.608,2011,https://www.e-voary.mg/tgrn/
SOA HO ANAY (AAND2375),Atsimo Andrefana / Betioky Atsimo / Maroarivo Ankazomanga,10.53,,https://www.e-voary.mg/tgrn/
MAHASOA TANY (AAND3305),Atsimo Andrefana / Betioky Atsimo / Masiaboay,91.39,2011,https://www.e-voary.mg/tgrn/
FITAHIA (AAND2328),Atsimo Andrefana / Betioky Atsimo / Salobe,409.0,2018,https://www.e-voary.mg/tgrn/
TSIFA (AAND2380),Atsimo Andrefana / Betioky Atsimo / Tameantsoa,30.0,2018,https://www.e-voary.mg/tgrn/
FANDROSOANA (AAND2312),Atsimo Andrefana / Betioky Atsimo / Tongobory,22.63,2012,https://www.e-voary.mg/tgrn/
MAHAVITA AZY (AAND2298),Atsimo Andrefana / Betioky Atsimo / Tongobory,20.0,2005,https://www.e-voary.mg/tgrn/
BEKAPAKA MIARISOA (AAND2297),Atsimo Andrefana / Morombe / Ambahikily,4.155,2022,https://www.e-voary.mg/tgrn/
MANDROSOA (AAND3304),Atsimo Andrefana / Morombe / Ambahikily,12.7329,2022,https://www.e-voary.mg/tgrn/
MAHASOA (AAND2347),Atsimo Andrefana / Morombe / Antanimieva,,,https://www.e-voary.mg/tgrn/
MIKEA MANDROSO (AAND3388),Atsimo Andrefana / Morombe / Basibasy,205.4945,2022,https://www.e-voary.mg/tgrn/
FIBEMAHABE (AAND3266),Atsimo Andrefana / Morombe / Befandriana Sud,90.6014,2022,https://www.e-voary.mg/tgrn/
MIARAMPANAHY (AAND3429),Atsimo Andrefana / Morombe / Befandriana Sud,29.0729,2022,https://www.e-voary.mg/tgrn/
TABE (AAND3323),Atsimo Andrefana / Morombe / Befandriana Sud,41.92,2022,https://www.e-voary.mg/tgrn/
VONDRO MAHASOA (AAND3411),Atsimo Andrefana / Morombe / Befandriana Sud,26.5959,2022,https://www.e-voary.mg/tgrn/
IARINDRANO AMPIO (AAND2384),Atsimo Andrefana / Sakaraha / Ambinany,45.95,2002,https://www.e-voary.mg/tgrn/
FIMPIAA (AAND3606),Atsimo Andrefana / Sakaraha / Andamasiny Vineta,6.5,2002,https://www.e-voary.mg/tgrn/
RAVINDAHY (AAND2371),Atsimo Andrefana / Sakaraha / Andamasiny Vineta,0.7,2002,https://www.e-voary.mg/tgrn/
FIMPIMA (AAND3752),Atsimo Andrefana / Sakaraha / Andranolava,8.6138,2001,https://www.e-voary.mg/tgrn/
FIMPIAHA (AAND2324),Atsimo Andrefana / Sakaraha / Sakaraha,,2000,https://www.e-voary.mg/tgrn/
FIMPIAMIA (AAND2325),Atsimo Andrefana / Sakaraha / Sakaraha,15.5,2000,https://www.e-voary.mg/tgrn/
FIMPIZAM (AAND3598),Atsimo Andrefana / Sakaraha / Sakaraha,52.9,2000,https://www.e-voary.mg/tgrn/
ALA MAHAVONJY (AAND2302),Atsimo Andrefana / Toliara II / Ambohimahavelona,155.0,2000,https://www.e-voary.mg/tgrn/
FIMITOA (AAND3805),Atsimo Andrefana / Toliara II / Ambohimahavelona,13.86,2014,https://www.e-voary.mg/tgrn/
SOAMANAMPY (AAND3804),Atsimo Andrefana / Toliara II / Ambohimahavelona,16.7,2015,https://www.e-voary.mg/tgrn/
LOVASOA NY ALA (AAND3397),Atsimo Andrefana / Toliara II / Analamisampy,22.464,2022,https://www.e-voary.mg/tgrn/
ANKILIABO MIVOATSE (AAND2305),Atsimo Andrefana / Toliara II / Ankililoaka,23.13,2011,https://www.e-voary.mg/tgrn/
LOVASOA (AAND3812),Atsimo Andrefana / Toliara II / Ankililoaka,,2014,https://www.e-voary.mg/tgrn/
MIHAROSOA (AAND3337),Atsimo Andrefana / Toliara II / Ankililoaka,14.16,2022,https://www.e-voary.mg/tgrn/
TSIMIALOKE (AAND3343),Atsimo Andrefana / Toliara II / Ankililoaka,36.15,2022,https://www.e-voary.mg/tgrn/
EZAKA (AAND2310),Atsimo Andrefana / Toliara II / Ankilimalinike,,,https://www.e-voary.mg/tgrn/
FANDROSOANA (AAND2313),Atsimo Andrefana / Toliara II / Beheloka,354.99,2009,https://www.e-voary.mg/tgrn/
MIOVASOA (AAND2363),Atsimo Andrefana / Toliara II / Beheloka,137.73,2018,https://www.e-voary.mg/tgrn/
FIFIAA (AAND2317),Atsimo Andrefana / Toliara II / Belalanda,12.33,2009,https://www.e-voary.mg/tgrn/
FIFIAMA (AAND2318),Atsimo Andrefana / Toliara II / Belalanda,,2005,https://www.e-voary.mg/tgrn/
FIAROVANTSOA (AAND3333),Atsimo Andrefana / Toliara II / Manombo Sud,10.59,2022,https://www.e-voary.mg/tgrn/
FIHARATSI (AAND2319),Atsimo Andrefana / Toliara II / Manombo Sud,3.0,2001,https://www.e-voary.mg/tgrn/
FIKASOA (AAND2320),Atsimo Andrefana / Toliara II / Manombo Sud,0.64,2002,https://www.e-voary.mg/tgrn/
FITAHIANTSOA (AAND3808),Atsimo Andrefana / Toliara II / Manombo Sud,0.13,2022,https://www.e-voary.mg/tgrn/
MIKAMBA (AAND2361),Atsimo Andrefana / Toliara II / Manombo Sud,0.249,2009,https://www.e-voary.mg/tgrn/
FIHAMY (AAND3375),Atsimo Andrefana / Toliara II / Marofoty,35.3834,2022,https://www.e-voary.mg/tgrn/
BEMIRAY (AAND2308),Atsimo Andrefana / Toliara II / SOAHAZO,,2014,https://www.e-voary.mg/tgrn/
FANASOAVA (AAND2311),Atsimo Andrefana / Toliara II / Saint Augustin,0.89,2012,https://www.e-voary.mg/tgrn/
ALA MATEVY MAHAVELO (AAND2303),Atsimo Andrefana / Toliara II / Soalara Sud,133.4,2009,https://www.e-voary.mg/tgrn/
FIAMA (AAND2314),Atsimo Andrefana / Toliara II / Soalara Sud,1.62,2009,https://www.e-voary.mg/tgrn/
FIVEMASA (AAND3810),Atsimo Andrefana / Toliara II / TSIFOTA,11.13,2014,https://www.e-voary.mg/tgrn/
MANAOVAKOA (AAND2353),Atsimo Andrefana / Toliara II / TSIFOTA,72.9,2012,https://www.e-voary.mg/tgrn/
MANDRARAHO AMPATIKA (AAND2354),Atsimo Andrefana / Toliara II / Tsianisiha,6.48,2006,https://www.e-voary.mg/tgrn/
FITEA (AATS3744),Atsimo Atsinanana / Farafangana / Ankarana Miraihina,87.0,2004,https://www.e-voary.mg/tgrn/
EZAKA (AATS3006),Atsimo Atsinanana / Farafangana / Evato,4.56,2008,https://www.e-voary.mg/tgrn/
FIOMBONANTSOA (AATS3007),Atsimo Atsinanana / Farafangana / Iabohazo,2.46,2003,https://www.e-voary.mg/tgrn/
MAHAVITASOA (AATS3432),Atsimo Atsinanana / Farafangana / Iabohazo,9.87,2020,https://www.e-voary.mg/tgrn/
SOAZAGNAHARY (AATS3261),Atsimo Atsinanana / Farafangana / Mahabo Mananivo,225.0,2020,https://www.e-voary.mg/tgrn/
AMI (AATS3479),Atsimo Atsinanana / Midongy-Atsimo / Andranolalina,34.73,2010,https://www.e-voary.mg/tgrn/
AMITA (AATS3491),Atsimo Atsinanana / Midongy-Atsimo / Andranolalina,26.05,2010,https://www.e-voary.mg/tgrn/
VONONA (AATS3434),Atsimo Atsinanana / Midongy-Atsimo / Andranolalina,20.86,2011,https://www.e-voary.mg/tgrn/
BEALA (AATS3740),Atsimo Atsinanana / Midongy-Atsimo / Maliorano,,2006,https://www.e-voary.mg/tgrn/
FITABE (AATS3741),Atsimo Atsinanana / Midongy-Atsimo / Maliorano,27.0,2006,https://www.e-voary.mg/tgrn/
FITATSA (AATS3495),Atsimo Atsinanana / Midongy-Atsimo / Maliorano,31.6,2011,https://www.e-voary.mg/tgrn/
FITOVISA (AATS3468),Atsimo Atsinanana / Midongy-Atsimo / Maliorano,17.0,2008,https://www.e-voary.mg/tgrn/
FIZAFAM (AATS3463),Atsimo Atsinanana / Midongy-Atsimo / Maliorano,88.6179,2009,https://www.e-voary.mg/tgrn/
MIASA (AATS3447),Atsimo Atsinanana / Midongy-Atsimo / Maliorano,27.17,2010,https://www.e-voary.mg/tgrn/
MMM (AATS3747),Atsimo Atsinanana / Midongy-Atsimo / Maliorano,,2004,https://www.e-voary.mg/tgrn/
ZAMAFIFA (AATS3750),Atsimo Atsinanana / Midongy-Atsimo / Maliorano,,2001,https://www.e-voary.mg/tgrn/
FITAMA (AATS3474),Atsimo Atsinanana / Vangaindrano / Bevata,80.0,2010,https://www.e-voary.mg/tgrn/
FMM_BEVATA (AATS3745),Atsimo Atsinanana / Vangaindrano / Bevata,,2004,https://www.e-voary.mg/tgrn/
MAITSOANALA (AATS3451),Atsimo Atsinanana / Vangaindrano / Karimbary,38.85,2010,https://www.e-voary.mg/tgrn/
MIHARY (AATS3439),Atsimo Atsinanana / Vangaindrano / Karimbary,46.25,2010,https://www.e-voary.mg/tgrn/
MANAMA (AATS3674),Atsimo Atsinanana / Vangaindrano / Manambondro,12.0,2001,https://www.e-voary.mg/tgrn/
DIMAPOLOLAHY (AATS3279),Atsimo Atsinanana / Vangaindrano / Marokibo,17.7,2001,https://www.e-voary.mg/tgrn/
TARATRA (AATS3002),Atsimo Atsinanana / Vondrozo / Ambohimana,41.64,2009,https://www.e-voary.mg/tgrn/
TSARAMANDROSO_TSARATANANA (AATS3348),Atsimo Atsinanana / Vondrozo / Ambohimana,41.0,2009,https://www.e-voary.mg/tgrn/
IFOITRY_MIVOATRA (AATS2986),Atsimo Atsinanana / Vondrozo / Anandravy,,2002,https://www.e-voary.mg/tgrn/
AVOTRA (AATS2993),Atsimo Atsinanana / Vondrozo / Ivato,24.98,2004,https://www.e-voary.mg/tgrn/
FOKONOLONA_VONONA_HANDROSO (AATS2996),Atsimo Atsinanana / Vondrozo / Ivato,68.25,2009,https://www.e-voary.mg/tgrn/
MANDROSO (AATS2994),Atsimo Atsinanana / Vondrozo / Ivato,46.75,2011,https://www.e-voary.mg/tgrn/
TSARAMANDROSO_IVATO (AATS2990),Atsimo Atsinanana / Vondrozo / Ivato,27.0,2003,https://www.e-voary.mg/tgrn/
TSARATEZA (AATS2995),Atsimo Atsinanana / Vondrozo / Ivato,42.28,2000,https://www.e-voary.mg/tgrn/
FAHAZAVANA_ANTANINARY (AATS3003),Atsimo Atsinanana / Vondrozo / Mahazoarivo,65.0,2002,https://www.e-voary.mg/tgrn/
FIMAMA (AATS3477),Atsimo Atsinanana / Vondrozo / Mahazoarivo,21.78,2006,https://www.e-voary.mg/tgrn/
MAROMAGNITRY_MANDROSO (AATS3000),Atsimo Atsinanana / Vondrozo / Mahazoarivo,,2008,https://www.e-voary.mg/tgrn/
KERIMALAZA_FANANTENANA (AATS2998),Atsimo Atsinanana / Vondrozo / Manambidala,28.84,2008,https://www.e-voary.mg/tgrn/
MADIORANO_MAHOMBY (AATS3004),Atsimo Atsinanana / Vondrozo / Manambidala,128.99,2002,https://www.e-voary.mg/tgrn/
VOHILAVA_MIARADIA (AATS2997),Atsimo Atsinanana / Vondrozo / Manambidala,23.1,2007,https://www.e-voary.mg/tgrn/
ANTEFAMOA_MAHARITRA (AATS2992),Atsimo Atsinanana / Vondrozo / Moroteza,64.17,2011,https://www.e-voary.mg/tgrn/
IAPOMBOSOA_MAHASAMBATRA (AATS2988),Atsimo Atsinanana / Vondrozo / Moroteza,21.47,2009,https://www.e-voary.mg/tgrn/
MAHASOA (AATS3483),Atsimo Atsinanana / Vondrozo / Moroteza,22.15,2010,https://www.e-voary.mg/tgrn/
MAHAVONJY (AATS2991),Atsimo Atsinanana / Vondrozo / Moroteza,1.86,2004,https://www.e-voary.mg/tgrn/
SAMBOARA_AMIN_NY_FAMPADROSOANA (AATS2987),Atsimo Atsinanana / Vondrozo / Moroteza,1.85,2003,https://www.e-voary.mg/tgrn/
FMM (AATS3456),Atsimo Atsinanana / Vondrozo / Vohiboreka,17.7,2011,https://www.e-voary.mg/tgrn/
ANTEMANA MIRAY (AATS3858),Atsimo Atsinanana / Vondrozo / Vohimary,28.6,2006,https://www.e-voary.mg/tgrn/
FIKAMBANASOA (AATS2982),Atsimo Atsinanana / Vondrozo / Vohimary,31.15,2010,https://www.e-voary.mg/tgrn/
MAHAVITEGNA (AATS3746),Atsimo Atsinanana / Vondrozo / Vohimary,27.0,2001,https://www.e-voary.mg/tgrn/
MANANKERY (AATS2985),Atsimo Atsinanana / Vondrozo / Vohimary,34.01,2007,https://www.e-voary.mg/tgrn/
MANANTENASOA (AATS3485),Atsimo Atsinanana / Vondrozo / Vohimary,63.93,2010,https://www.e-voary.mg/tgrn/
MAROMANGA (AATS2984),Atsimo Atsinanana / Vondrozo / Vohimary,46.15,2010,https://www.e-voary.mg/tgrn/
TENA_MANDROSO (AATS3748),Atsimo Atsinanana / Vondrozo / Vohimary,27.0,2004,https://www.e-voary.mg/tgrn/
VELOMIHAONA (AATS2983),Atsimo Atsinanana / Vondrozo / Vohimary,8.23,2005,https://www.e-voary.mg/tgrn/
ANTEVONGO_MAROMANIRY (AATS3739),Atsimo Atsinanana / Vondrozo / Vondrozo,21.3,2001,https://www.e-voary.mg/tgrn/
MAROMANIRY (AATS3005),Atsimo Atsinanana / Vondrozo / Vondrozo,3.5,2004,https://www.e-voary.mg/tgrn/
LOVA (ATS2877),Atsinanana / Brickaville / Ambinaninony,7.0,2010,https://www.e-voary.mg/tgrn/
AMBAHIVOLA (ATS3328),Atsinanana / Brickaville / Ambohimanana,0.96,2017,https://www.e-voary.mg/tgrn/
ARO ALA (ATS3341),Atsinanana / Brickaville / Ambohimanana,1.25,2017,https://www.e-voary.mg/tgrn/
HITSIKITSIKA (ATS3321),Atsinanana / Brickaville / Ambohimanana,2.46,2017,https://www.e-voary.mg/tgrn/
VOROMAHERY (ATS3324),Atsinanana / Brickaville / Ambohimanana,0.75,2017,https://www.e-voary.mg/tgrn/
ALAMANGA (ATS3290),Atsinanana / Brickaville / Andekaleka,17.38,2014,https://www.e-voary.mg/tgrn/
FANALOLAHY (ATS3285),Atsinanana / Brickaville / Andekaleka,11.17,2014,https://www.e-voary.mg/tgrn/
MAINTSO AN'ALA (ATS3275),Atsinanana / Brickaville / Andovoranto,3.42,2021,https://www.e-voary.mg/tgrn/
FANAZAVA (ATS3759),Atsinanana / Brickaville / Anjahamana,,2007,https://www.e-voary.mg/tgrn/
MITSINJO (ATS2895),Atsinanana / Brickaville / Anjahamana,12.64,2006,https://www.e-voary.mg/tgrn/
NY VOAARY (ATS2892),Atsinanana / Brickaville / Anjahamana,6.68,2007,https://www.e-voary.mg/tgrn/
TSARAJORO (ATS3758),Atsinanana / Brickaville / Anjahamana,,2007,https://www.e-voary.mg/tgrn/
AINGA VAO (ATS2899),Atsinanana / Brickaville / Fanasana,1.29,2012,https://www.e-voary.mg/tgrn/
DIMBIAZANJAFY (ATS2900),Atsinanana / Brickaville / Fanasana,4.0,2014,https://www.e-voary.mg/tgrn/
ANDRIANTANTELY (ATS2906),Atsinanana / Brickaville / Fetraomby,22.31,2008,https://www.e-voary.mg/tgrn/
SOAFANIRY SAHANIO (ATS3265),Atsinanana / Brickaville / Fetraomby,3.5975,2022,https://www.e-voary.mg/tgrn/
SOAFANIRY (ATS3314),Atsinanana / Brickaville / Lohariandava,11.58,2014,https://www.e-voary.mg/tgrn/
TAMBATRA (ATS3303),Atsinanana / Brickaville / Lohariandava,6.94,2014,https://www.e-voary.mg/tgrn/
ANDRANOBOLAHA (ATS3330),Atsinanana / Brickaville / Maroseranana,1.87,2017,https://www.e-voary.mg/tgrn/
EFITIAMA (ATS3345),Atsinanana / Brickaville / Maroseranana,3.74,2017,https://www.e-voary.mg/tgrn/
FANILO (ATS3320),Atsinanana / Brickaville / Maroseranana,0.96,2017,https://www.e-voary.mg/tgrn/
RAVINALA (ATS2916),Atsinanana / Brickaville / Maroseranana,5.75,2017,https://www.e-voary.mg/tgrn/
VOHITSIRINGANA (ATS2919),Atsinanana / Brickaville / Ranomafana Est,,2000,https://www.e-voary.mg/tgrn/
AMPANALANA (ATS3360),Atsinanana / Mahanoro / ANDRANAMBOMARO,,2005,https://www.e-voary.mg/tgrn/
MIARISOA (ATS3422),Atsinanana / Mahanoro / Ambodiharina,7.1418,2005,https://www.e-voary.mg/tgrn/
AMBILABE (ATS2922),Atsinanana / Mahanoro / Mahanoro,,2005,https://www.e-voary.mg/tgrn/
AMBODIHARINA (ATS3351),Atsinanana / Mahanoro / Mahanoro,,2005,https://www.e-voary.mg/tgrn/
AMBOHIMIARINA (ATS3757),Atsinanana / Mahanoro / Mahanoro,,2004,https://www.e-voary.mg/tgrn/
MAHATSARA (ATS3367),Atsinanana / Mahanoro / Mahanoro,,2005,https://www.e-voary.mg/tgrn/
MIAKARA (ATS3378),Atsinanana / Mahanoro / Mahanoro,,2005,https://www.e-voary.mg/tgrn/
TANDROROHO (ATS2929),Atsinanana / Mahanoro / Mahanoro,,2005,https://www.e-voary.mg/tgrn/
MAMELONA ZAFINDRAZANA (ATS2930),Atsinanana / Mahanoro / Masomeloka,20.125,2005,https://www.e-voary.mg/tgrn/
MITABE (ATS2933),Atsinanana / Marolambo / Ambalapaiso II,4.72,2013,https://www.e-voary.mg/tgrn/
TEHOAVOTRA (ATS3416),Atsinanana / Marolambo / Ambodinonoka,8.89,2015,https://www.e-voary.mg/tgrn/
HASINA MIARAMIZOTRA (ATS3410),Atsinanana / Marolambo / Ambodivoangy,15.01,2015,https://www.e-voary.mg/tgrn/
MAHAMANINA (ATS2932),Atsinanana / Marolambo / Ambodivoangy,13.18,2013,https://www.e-voary.mg/tgrn/
AMBOHIMIADANA (ATS2935),Atsinanana / Marolambo / Ambohimilanja,,2012,https://www.e-voary.mg/tgrn/
ARO (ATS3399),Atsinanana / Marolambo / Ambohimilanja,5.13,2013,https://www.e-voary.mg/tgrn/
MIAINGA (ATS3415),Atsinanana / Marolambo / Sahakevo,4.46,2015,https://www.e-voary.mg/tgrn/
ANALAMAITSO (ATS2942),Atsinanana / Toamasina II / Ambodilazana,3.87,2008,https://www.e-voary.mg/tgrn/
FIARENANA (ATS2943),Atsinanana / Toamasina II / Ambodilazana,36.13,2008,https://www.e-voary.mg/tgrn/
FIVOY (ATS3391),Atsinanana / Toamasina II / Ambodilazana,0.16,2008,https://www.e-voary.mg/tgrn/
FITARATRA (ATS3352),Atsinanana / Toamasina II / Ambodiriana,0.9789,2022,https://www.e-voary.mg/tgrn/
FITSINJO (ATS3326),Atsinanana / Toamasina II / Ambodiriana,0.7427,2022,https://www.e-voary.mg/tgrn/
FIZAMMITO (ATS3262),Atsinanana / Toamasina II / Ambodiriana,0.15,2022,https://www.e-voary.mg/tgrn/
ANJARASOA (ATS2952),Atsinanana / Toamasina II / Andranobolaha,4.0,2007,https://www.e-voary.mg/tgrn/
DONGAVELONA (ATS2955),Atsinanana / Toamasina II / Andranobolaha,1.19,2007,https://www.e-voary.mg/tgrn/
FIKOLOINA (ATS2950),Atsinanana / Toamasina II / Andranobolaha,1.02,2017,https://www.e-voary.mg/tgrn/
HAZOVOLA (ATS2939),Atsinanana / Toamasina II / Andranobolaha,4.3,2007,https://www.e-voary.mg/tgrn/
LOVASOA (ATS2951),Atsinanana / Toamasina II / Andranobolaha,,2007,https://www.e-voary.mg/tgrn/
TAHIRY HASOAVINA (ATS3386),Atsinanana / Toamasina II / Andranobolaha,1.53,2007,https://www.e-voary.mg/tgrn/
MANANDRIANA CENTRE (ATS3382),Atsinanana / Toamasina II / Antenina,24.29,2014,https://www.e-voary.mg/tgrn/
SAZOMENA (ATS2972),Atsinanana / Toamasina II / Antenina,33.02,2014,https://www.e-voary.mg/tgrn/
SIMPONA (ATS3389),Atsinanana / Toamasina II / Antenina,13.41,2014,https://www.e-voary.mg/tgrn/
TSINJO (ATS3379),Atsinanana / Toamasina II / Antenina,57.35,2014,https://www.e-voary.mg/tgrn/
LOVASOA (ATS3401),Atsinanana / Toamasina II / Antetezambaro,0.9954,2016,https://www.e-voary.mg/tgrn/
ALA HARENA (ATS2975),Atsinanana / Toamasina II / Fito,,2008,https://www.e-voary.mg/tgrn/
ALA TSARA FIAROVANA RAVINALA (ATS2969),Atsinanana / Toamasina II / Fito,22.53,2014,https://www.e-voary.mg/tgrn/
ALAMANITR'EZAKA (ATS3435),Atsinanana / Toamasina II / Fito,,2008,https://www.e-voary.mg/tgrn/
ANALAMANGA (ATS2961),Atsinanana / Toamasina II / Fito,17.36,2014,https://www.e-voary.mg/tgrn/
FIZALAMI (ATS2971),Atsinanana / Toamasina II / Sahambala,0.6019,2022,https://www.e-voary.mg/tgrn/
LOVASOA (ATS3268),Atsinanana / Toamasina II / Sahambala,0.151,2022,https://www.e-voary.mg/tgrn/
SOAVINALA (ATS3342),Atsinanana / Vatomandry / Ambalabe,31.17,2005,https://www.e-voary.mg/tgrn/
AFAKA (ATS2976),Atsinanana / Vatomandry / Amboditavolo,0.63,2004,https://www.e-voary.mg/tgrn/
MIARA-MIRINDRA (ATS2978),Atsinanana / Vatomandry / Maintinandry,1.3,2005,https://www.e-voary.mg/tgrn/
ANKARA MIRAY (BTS3271),Betsiboka / Kandreho / Behazomaty,,2017,https://www.e-voary.mg/tgrn/
FARIHINAJORO (BTS3344),Betsiboka / Maevatanana / Ambalanjanakomby,,2021,https://www.e-voary.mg/tgrn/
TSIMIALONJAFY (BTS3418),Betsiboka / Maevatanana / Bemokotra,,2020,https://www.e-voary.mg/tgrn/
AINA (BTS3346),Betsiboka / Maevatanana / Madiromirafy,,2017,https://www.e-voary.mg/tgrn/
MIRAY (BTS3012),Betsiboka / Maevatanana / Maevatanana II,,2016,https://www.e-voary.mg/tgrn/
MITSINJO (BTS3413),Betsiboka / Maevatanana / Maevatanana II,,2020,https://www.e-voary.mg/tgrn/
SOANAVELA (BTS3408),Betsiboka / Maevatanana / Mangabe,,2020,https://www.e-voary.mg/tgrn/
SOANAVELA (BTS3842),Betsiboka / Maevatanana / Mangabe,41.7491,2023,https://www.e-voary.mg/tgrn/
MAMIRATRA (BTS3015),Betsiboka / Maevatanana / Maria,,2017,https://www.e-voary.mg/tgrn/
VOARY (BTS3339),Betsiboka / Maevatanana / Tsararano,,2021,https://www.e-voary.mg/tgrn/
FIAROMAINTSO (BTS3286),Betsiboka / Tsaratanana / Bekapaika,,2019,https://www.e-voary.mg/tgrn/
MANDRESY (BTS3009),Betsiboka / Tsaratanana / Bekapaika,78.6415,2013,https://www.e-voary.mg/tgrn/
MIKAJY AINA (BTS3008),Betsiboka / Tsaratanana / Sarobaratra,41.48,2011,https://www.e-voary.mg/tgrn/
TAFITA (BTS3742),Betsiboka / Tsaratanana / Sarobaratra,160.89,2016,https://www.e-voary.mg/tgrn/
VOI LOVASOA Anosikary (BOE3318),Boeny / Ambato Boeni / Ambato Ambarimay,32.2,2015,https://www.e-voary.mg/tgrn/
TONGASOA (BOE3246),Boeny / Ambato Boeni / Ambondromamy,56.74,,https://www.e-voary.mg/tgrn/
VOI FIFA (BOE3355),Boeny / Ambato Boeni / Ambondromamy,24.78,2005,https://www.e-voary.mg/tgrn/
VOI KOLO (BOE3350),Boeny / Ambato Boeni / Ambondromamy,43.85,,https://www.e-voary.mg/tgrn/
VOI MANDROSOA Betaramahamay (BOE3356),Boeny / Ambato Boeni / Ambondromamy,46.21,,https://www.e-voary.mg/tgrn/
LOVAINJAFY Ambongamaranitra (BOE3361),Boeny / Ambato Boeni / Andranofasika,,2009,https://www.e-voary.mg/tgrn/
VOI EZAKA (BOE3357),Boeny / Ambato Boeni / Andranofasika,,2006,https://www.e-voary.mg/tgrn/
VOI TRAHAJANDRINY (BOE3381),Boeny / Ambato Boeni / Andranofasika,4.65,,https://www.e-voary.mg/tgrn/
VOI TSIMIALONJAFY (BOE3385),Boeny / Ambato Boeni / Andranomamy,30.31,,https://www.e-voary.mg/tgrn/
VOI TSINJO TARANAKA (BOE3402),Boeny / Ambato Boeni / Andranomamy,7.44,,https://www.e-voary.mg/tgrn/
VOI TSINJOHARENA (BOE3400),Boeny / Ambato Boeni / Andranomamy,11.35,,https://www.e-voary.mg/tgrn/
VOI FIMIHAVO (BOE3404),Boeny / Ambato Boeni / Anjiajia,56.32,2006,https://www.e-voary.mg/tgrn/
VOI TSILANIMAMY (BOE3405),Boeny / Ambato Boeni / Anjiajia,34.85,,https://www.e-voary.mg/tgrn/
VOI LOVASOA FANANTENANA (BOE3726),Boeny / Ambato Boeni / Ankijabe,,,https://www.e-voary.mg/tgrn/
VOI SOAFINARITRA (BOE3407),Boeny / Ambato Boeni / Ankijabe,8.96,,https://www.e-voary.mg/tgrn/
VOI VOAVONJY (BOE3512),Boeny / Ambato Boeni / Ankirihitra,,2007,https://www.e-voary.mg/tgrn/
VOI TSARAZAZAMANDIMBY (BOE3507),Boeny / Ambato Boeni / Madirovalo,8.55,2003,https://www.e-voary.mg/tgrn/
VOI LOVASOA Bedoa (BOE3503),Boeny / Ambato Boeni / Manerinerina,7.24,,https://www.e-voary.mg/tgrn/
VOI SOAMAHARITRA (BOE3518),Boeny / Ambato Boeni / Manerinerina,16.86,,https://www.e-voary.mg/tgrn/
VOI TSARAVINTANA (BOE3728),Boeny / Ambato Boeni / Manerinerina,,,https://www.e-voary.mg/tgrn/
VOI FITAMI (BOE3523),Boeny / Ambato Boeni / Sitampiky,4.25,,https://www.e-voary.mg/tgrn/
VOI DIMBIASINJAFY (BOE3528),Boeny / Ambato Boeni / Tsaramandroso,,,https://www.e-voary.mg/tgrn/
VOI HERISOA (BOE3542),Boeny / Ambato Boeni / Tsaramandroso,12.46,2006,https://www.e-voary.mg/tgrn/
VOI MAMELONARIVO (BOE3543),Boeny / Ambato Boeni / Tsaramandroso,,,https://www.e-voary.mg/tgrn/
VOI MANAVOTRELA (BOE3532),Boeny / Ambato Boeni / Tsaramandroso,,,https://www.e-voary.mg/tgrn/
VOI MANDROSO (BOE3538),Boeny / Ambato Boeni / Tsaramandroso,,,https://www.e-voary.mg/tgrn/
VOI SOANAVELA (BOE3540),Boeny / Ambato Boeni / Tsaramandroso,,,https://www.e-voary.mg/tgrn/
EZAKA Ambalakida (BOE3692),Boeny / Mahajanga II / Ambalakida,,2004,https://www.e-voary.mg/tgrn/
VOI FITAMA (BOE3705),Boeny / Mahajanga II / Ambalakida,,2004,https://www.e-voary.mg/tgrn/
VOI LOVASOA Ankoby (BOE3720),Boeny / Mahajanga II / Ambalakida,,2009,https://www.e-voary.mg/tgrn/
VOI MAEVASOA (BOE3724),Boeny / Mahajanga II / Ambalakida,,2008,https://www.e-voary.mg/tgrn/
VOI MAHARITRA (BOE3727),Boeny / Mahajanga II / Ambalakida,,2003,https://www.e-voary.mg/tgrn/
VOI MAHAVONJY (BOE3730),Boeny / Mahajanga II / Ambalakida,,2000,https://www.e-voary.mg/tgrn/
VOI VELONTENA (BOE3766),Boeny / Mahajanga II / Ambalakida,,2010,https://www.e-voary.mg/tgrn/
VOI MANGARAHARA (BOE3784),Boeny / Mahajanga II / Andranoboka,58.38,2019,https://www.e-voary.mg/tgrn/
VOI SOANAJORO (BOE3769),Boeny / Mahajanga II / Andranoboka,,2021,https://www.e-voary.mg/tgrn/
VOI TANTERAKA Antafiamirango (BOE3770),Boeny / Mahajanga II / Andranoboka,,2022,https://www.e-voary.mg/tgrn/
VOI KIADY (BOE3718),Boeny / Mahajanga II / Bekobay,,2012,https://www.e-voary.mg/tgrn/
VOI FITAHIANA (BOE3466),Boeny / Mahajanga II / Belobaka,2.0,2022,https://www.e-voary.mg/tgrn/
VOI TARATRA (BOE3735),Boeny / Mahajanga II / Belobaka,,2016,https://www.e-voary.mg/tgrn/
VOI VONONA (BOE3478),Boeny / Mahajanga II / Belobaka,1.83,2022,https://www.e-voary.mg/tgrn/
VOI SANTATRA (BOE3732),Boeny / Mahajanga II / Betsako,,2008,https://www.e-voary.mg/tgrn/
VOI TSIMIHOZO (BOE3767),Boeny / Mahajanga II / Betsako,,2022,https://www.e-voary.mg/tgrn/
VOI ZAMIA (BOE3765),Boeny / Mahajanga II / Betsako,,2008,https://www.e-voary.mg/tgrn/
VOI AVOTR'I MORAHARIVA (BOE3729),Boeny / Mahajanga II / Boanamary,,,https://www.e-voary.mg/tgrn/
VOI AVOTRA Tsararivotra (BOE3764),Boeny / Mahajanga II / Boanamary,,2004,https://www.e-voary.mg/tgrn/
VOI FAB (BOE3698),Boeny / Mahajanga II / Boanamary,,2014,https://www.e-voary.mg/tgrn/
VOI FIFAMBE (BOE3703),Boeny / Mahajanga II / Boanamary,,2014,https://www.e-voary.mg/tgrn/
VOI FITARATRA (BOE3710),Boeny / Mahajanga II / Boanamary,,2017,https://www.e-voary.mg/tgrn/
VOI VONONA Ambatomalama (BOE3762),Boeny / Mahajanga II / Boanamary,,2002,https://www.e-voary.mg/tgrn/
VOI ZAMAMI (BOE3783),Boeny / Mahajanga II / Mahajamba Usine,5.77,2006,https://www.e-voary.mg/tgrn/
VOI ALA MAHAVELONA Fenoarivo (BOE3688),Boeny / Mahajanga II / Mariarano,,2020,https://www.e-voary.mg/tgrn/
VOI FANARENANA (BOE3701),Boeny / Mahajanga II / Mariarano,,2014,https://www.e-voary.mg/tgrn/
VOI FANAVOTANA Marosakoa (BOE3768),Boeny / Mahajanga II / Mariarano,,2007,https://www.e-voary.mg/tgrn/
VOI SAMBATRA (BOE3731),Boeny / Mahajanga II / Mariarano,,2016,https://www.e-voary.mg/tgrn/
VOI TANTERAKA (BOE3733),Boeny / Mahajanga II / Mariarano,37.63,1999,https://www.e-voary.mg/tgrn/
VOI TSARAMI (BOE3738),Boeny / Mahajanga II / Mariarano,,2015,https://www.e-voary.mg/tgrn/
VOI TSELATRA (BOE3753),Boeny / Mahajanga II / Mariarano,,2014,https://www.e-voary.mg/tgrn/
VOI TSINJOAVY (BOE3480),Boeny / Mahajanga II / Mariarano,151.91,2020,https://www.e-voary.mg/tgrn/
VOI FMMTA (BOE2398),Boeny / Marovoay / Ankaraobato,,,https://www.e-voary.mg/tgrn/
VOI TSIANALOKA MANDROSO (BOE2407),Boeny / Marovoay / Ankaraobato,22.47,,https://www.e-voary.mg/tgrn/
GPT TSARALOVA (BOE3535),Boeny / Marovoay / Ankazomborona,,2009,https://www.e-voary.mg/tgrn/
GPT TSIKIVY (BOE3541),Boeny / Marovoay / Ankazomborona,,2009,https://www.e-voary.mg/tgrn/
GPT TSIMIVERINDALANA (BOE3644),Boeny / Marovoay / Ankazomborona,,2009,https://www.e-voary.mg/tgrn/
VOI ALA MAHAVELONA (BOE2404),Boeny / Marovoay / Ankazomborona,,2002,https://www.e-voary.mg/tgrn/
VOI AMBOHIMENA MIJORO (BOE3547),Boeny / Marovoay / Ankazomborona,,2010,https://www.e-voary.mg/tgrn/
VOI FANILO (BOE3571),Boeny / Marovoay / Ankazomborona,,2004,https://www.e-voary.mg/tgrn/
VOI FFLA (BOE2392),Boeny / Marovoay / Ankazomborona,,,https://www.e-voary.mg/tgrn/
VOI FIMIMA (BOE3552),Boeny / Marovoay / Ankazomborona,1.63,,https://www.e-voary.mg/tgrn/
VOI FIMITO (BOE2395),Boeny / Marovoay / Ankazomborona,0.49,,https://www.e-voary.mg/tgrn/
VOI FTMTI (BOE2399),Boeny / Marovoay / Ankazomborona,5.69,,https://www.e-voary.mg/tgrn/
VOI MAITSOANALA Ambolodia (BOE2401),Boeny / Marovoay / Ankazomborona,1.9,2002,https://www.e-voary.mg/tgrn/
VOI PARE (BOE2403),Boeny / Marovoay / Ankazomborona,1.81,2006,https://www.e-voary.mg/tgrn/
VOI SOANALA (BOE3521),Boeny / Marovoay / Ankazomborona,,2002,https://www.e-voary.mg/tgrn/
VOI TANDREMO TSARA (BOE3526),Boeny / Marovoay / Ankazomborona,0.71,,https://www.e-voary.mg/tgrn/
GPT MIARAMANDROSO (BOE3719),Boeny / Marovoay / Anosinalainolona,,2011,https://www.e-voary.mg/tgrn/
GPT TANIMIARINA (BOE3599),Boeny / Marovoay / Anosinalainolona,,2011,https://www.e-voary.mg/tgrn/
VOI FIAROVANA (BOE2393),Boeny / Marovoay / Anosinalainolona,16.93,,https://www.e-voary.mg/tgrn/
VOI HERY FANAVOTANA (BOE2400),Boeny / Marovoay / Anosinalainolona,,,https://www.e-voary.mg/tgrn/
VOI AVOTRA Ampijoroa (BOE2391),Boeny / Marovoay / Antanimasaka,,2004,https://www.e-voary.mg/tgrn/
VOI FIRAISAMBE (BOE2396),Boeny / Marovoay / Antanimasaka,,2004,https://www.e-voary.mg/tgrn/
VOI FITSINJO (BOE2397),Boeny / Marovoay / Antanimasaka,,2004,https://www.e-voary.mg/tgrn/
VOI MANDRESY Antsarimiala (BOE2402),Boeny / Marovoay / Antanimasaka,,2004,https://www.e-voary.mg/tgrn/
VOI TSARAMANDROSO Antanimasaka (BOE3638),Boeny / Marovoay / Antanimasaka,,2004,https://www.e-voary.mg/tgrn/
VOI TSY MANARY HAVANA (BOE2408),Boeny / Marovoay / Antanimasaka,,2004,https://www.e-voary.mg/tgrn/
GPT AGNALA AVOTRA (BOE3689),Boeny / Marovoay / Marosakoa,,2009,https://www.e-voary.mg/tgrn/
GPT AKON'NY ALA (BOE3694),Boeny / Marovoay / Marosakoa,,2009,https://www.e-voary.mg/tgrn/
GPT FANEVAN'NY ALA (BOE3699),Boeny / Marovoay / Marosakoa,,2009,https://www.e-voary.mg/tgrn/
GPT LOVASOA - BEFOTOANA (BOE3702),Boeny / Marovoay / Marosakoa,,2009,https://www.e-voary.mg/tgrn/
GPT RANO AN'ALA (BOE3707),Boeny / Marovoay / Marosakoa,,2009,https://www.e-voary.mg/tgrn/
GPT TATATRY NY ALA (BOE3711),Boeny / Marovoay / Marosakoa,,2009,https://www.e-voary.mg/tgrn/
GPT TOKIN'NY ALA (BOE3713),Boeny / Marovoay / Marosakoa,,2009,https://www.e-voary.mg/tgrn/
VOI FIMPIABE (BOE3715),Boeny / Marovoay / Marovoay Banlieue,,2009,https://www.e-voary.mg/tgrn/
VOI FIVABE (BOE2388),Boeny / Marovoay / Marovoay Banlieue,36.61,2012,https://www.e-voary.mg/tgrn/
VOI MAHASOA (BOE3721),Boeny / Marovoay / Marovoay Banlieue,,,https://www.e-voary.mg/tgrn/
VOI TE HOVELONA (BOE3723),Boeny / Marovoay / Marovoay Banlieue,,,https://www.e-voary.mg/tgrn/
GPT SOAMIARADIA (BOE3725),Boeny / Marovoay / Tsararano,,2012,https://www.e-voary.mg/tgrn/
MAKAMBY (BOE3549),Boeny / Mitsinjo / Antongomena Bevary,,,https://www.e-voary.mg/tgrn/
VOI BAOBAB (BOE3545),Boeny / Mitsinjo / Antongomena Bevary,,,https://www.e-voary.mg/tgrn/
VOI FIRAISAN-KINA Anjiamaloto (BOE3673),Boeny / Mitsinjo / Antongomena Bevary,,2016,https://www.e-voary.mg/tgrn/
VOI FITAMAMA (BOE3570),Boeny / Mitsinjo / Antseza,,2014,https://www.e-voary.mg/tgrn/
VOI FIRAISAN-KINA Bemaratoly (BOE3558),Boeny / Mitsinjo / Bekipay,,,https://www.e-voary.mg/tgrn/
VOI FMTA (BOE3578),Boeny / Mitsinjo / Katsepy,,,https://www.e-voary.mg/tgrn/
VOI LOVAINJAFY ANALATELO (BOE3585),Boeny / Mitsinjo / Katsepy,,2014,https://www.e-voary.mg/tgrn/
VOI MAHAVONJY Antrema (BOE3763),Boeny / Mitsinjo / Katsepy,,2019,https://www.e-voary.mg/tgrn/
VOI KOMANGA (BOE3589),Boeny / Mitsinjo / Matsakabanja,,2009,https://www.e-voary.mg/tgrn/
VOI MARAMBINTSY MIRANGA (BOE3645),Boeny / Mitsinjo / Matsakabanja,,2010,https://www.e-voary.mg/tgrn/
VOI RAVINALA (BOE3659),Boeny / Mitsinjo / Matsakabanja,,2010,https://www.e-voary.mg/tgrn/
VOI VOROFALY MANONJO (BOE3646),Boeny / Mitsinjo / Matsakabanja,,2009,https://www.e-voary.mg/tgrn/
VOI AMI (BOE3668),Boeny / Mitsinjo / Mitsinjo,,,https://www.e-voary.mg/tgrn/
VOI LOVASOA Anaborengy (BOE3661),Boeny / Mitsinjo / Mitsinjo,,2010,https://www.e-voary.mg/tgrn/
VOI TAMBATRA (BOE3666),Boeny / Mitsinjo / Mitsinjo,,2016,https://www.e-voary.mg/tgrn/
VOI ANALAMAINTSO (BOE3684),Boeny / Soalala / Ambohipaky,,2016,https://www.e-voary.mg/tgrn/
VOI ANALAVONONA (BOE3676),Boeny / Soalala / Andranomavo,,2010,https://www.e-voary.mg/tgrn/
FIARO (BGL3252),Bongolava / Fenoarivobe / Mahajeby,12.75,2017,https://www.e-voary.mg/tgrn/
MAMISOA (Diana2441),Diana / Ambanja / Ambalahonko,1.09,2018,https://www.e-voary.mg/tgrn/
MIARAMIASA (Diana2446),Diana / Ambanja / Ambalahonko,2.7,2018,https://www.e-voary.mg/tgrn/
MIEZAKA (Diana2449),Diana / Ambanja / Ambalahonko,6.32,2018,https://www.e-voary.mg/tgrn/
MIRAY HINA (Diana2450),Diana / Ambanja / Ambalahonko,4.56,2018,https://www.e-voary.mg/tgrn/
Miavotra (Diana2448),Diana / Ambanja / Ambalahonko,2.13,2018,https://www.e-voary.mg/tgrn/
Vognono (Diana2474),Diana / Ambanja / Ambaliha,,2008,https://www.e-voary.mg/tgrn/
FIZAMITI (Diana2426),Diana / Ambanja / Ambanja,74.23,2000,https://www.e-voary.mg/tgrn/
MANDRESY (Diana3838),Diana / Ambanja / Ambohimena,,2023,https://www.e-voary.mg/tgrn/
TANJAKA MIARO (Diana3836),Diana / Ambanja / Ambohimena,5.4,2020,https://www.e-voary.mg/tgrn/
Tsiomekavana (Diana2471),Diana / Ambanja / Ankatafa,2.48,2003,https://www.e-voary.mg/tgrn/
TONGASOA (Diana2463),Diana / Ambanja / Ankingameloka,15.1,2004,https://www.e-voary.mg/tgrn/
Akomba (Diana2410),Diana / Ambanja / Anorontsangana,6.04,2011,https://www.e-voary.mg/tgrn/
Taratra (Diana2459),Diana / Ambanja / Anorontsangana,,2011,https://www.e-voary.mg/tgrn/
Ankonkomankavana (Diana3316),Diana / Ambanja / Antranokarany,48.03,2003,https://www.e-voary.mg/tgrn/
MAHOMBY (Diana2415),Diana / Ambanja / Antranokarany,35.41,2003,https://www.e-voary.mg/tgrn/
MANDROSO (Diana2443),Diana / Ambanja / Antsakoamanondro,0.78,2018,https://www.e-voary.mg/tgrn/
Mitsinjo (Diana2452),Diana / Ambanja / Antsakoamanondro,3.73,2018,https://www.e-voary.mg/tgrn/
Tsaralaza (Diana2465),Diana / Ambanja / Antsakoamanondro,3.18,2011,https://www.e-voary.mg/tgrn/
Tsaratantana (Diana2469),Diana / Ambanja / Antsakoamanondro,4.96,2018,https://www.e-voary.mg/tgrn/
Mampingo (Diana2442),Diana / Ambanja / Bemaneviky Ouest,6.31,2008,https://www.e-voary.mg/tgrn/
FTS (Diana2435),Diana / Ambanja / Djangoa,36.42,2009,https://www.e-voary.mg/tgrn/
Tsimanavandrazana (Diana2470),Diana / Ambanja / Maevatanana,,2003,https://www.e-voary.mg/tgrn/
Ampijoroa (Diana2411),Diana / Ambanja / Maherivaratra,2.57,2018,https://www.e-voary.mg/tgrn/
MANJARY (Diana3868),Diana / Ambanja / Maherivaratra,3.348,2026,https://www.e-voary.mg/tgrn/
MAZOTO (Diana3835),Diana / Ambanja / Maherivaratra,6.3,2022,https://www.e-voary.mg/tgrn/
MIARADIA (Diana3855),Diana / Ambanja / Maherivaratra,1.25,2024,https://www.e-voary.mg/tgrn/
MIARIGNY (Diana3867),Diana / Ambanja / Maherivaratra,3.5267,2026,https://www.e-voary.mg/tgrn/
TAMA (Diana2424),Diana / Ambanja / Maherivaratra,1.86,2004,https://www.e-voary.mg/tgrn/
TSY LAVONDRIVOTRA (Diana3854),Diana / Ambanja / Maherivaratra,1.51,2024,https://www.e-voary.mg/tgrn/
Amborondolo TONGA MAITSO (Diana3492),Diana / Ambilobe / Ambatoben'anjavy,36.21,2021,https://www.e-voary.mg/tgrn/
MAHAVITA AZY (Diana3494),Diana / Ambilobe / Ambatoben'anjavy,71.08,2021,https://www.e-voary.mg/tgrn/
MIFANDRAY SALAMA (Diana3490),Diana / Ambilobe / Ambatoben'anjavy,43.34,2021,https://www.e-voary.mg/tgrn/
Matsaborilava MAITSO BONGO (Diana3498),Diana / Ambilobe / Ambatoben'anjavy,,2021,https://www.e-voary.mg/tgrn/
VAGNONALA LOVAINJAFY (Diana3832),Diana / Ambilobe / Ambatoben'anjavy,,2023,https://www.e-voary.mg/tgrn/
VELONKAZO (Diana3499),Diana / Ambilobe / Ambatoben'anjavy,18.59,2021,https://www.e-voary.mg/tgrn/
FMHT (Diana2432),Diana / Ambilobe / Ambodibonara,9.03,2002,https://www.e-voary.mg/tgrn/
Tsara Vintagna (Diana2464),Diana / Ambilobe / Ambodibonara,12.3897,2003,https://www.e-voary.mg/tgrn/
MANDROSO (Diana3493),Diana / Ambilobe / Anaborano Ifasy,26.04,2021,https://www.e-voary.mg/tgrn/
TMMTIA (Diana2462),Diana / Ambilobe / Anjiabe Ambony,,2009,https://www.e-voary.mg/tgrn/
Analasatrana Mitombo Faritra (Diana3537),Diana / Ambilobe / Ankaratra,,2019,https://www.e-voary.mg/tgrn/
Ampanasina Maitso (Diana3534),Diana / Ambilobe / Antsaravibe,,2019,https://www.e-voary.mg/tgrn/
KOFAMA (Diana2437),Diana / Ambilobe / Antsaravibe,8.96,2019,https://www.e-voary.mg/tgrn/
MANDROSO (Diana3504),Diana / Ambilobe / Antsaravibe,2.28,2021,https://www.e-voary.mg/tgrn/
MANONGALAZA (Diana3533),Diana / Ambilobe / Antsaravibe,,2019,https://www.e-voary.mg/tgrn/
TAFITA (Diana2458),Diana / Ambilobe / Antsaravibe,,2001,https://www.e-voary.mg/tgrn/
FMTAM (Diana2431),Diana / Ambilobe / Antsohimbondrona,11.48,2004,https://www.e-voary.mg/tgrn/
TARATRA (Diana3605),Diana / Ambilobe / Antsohimbondrona,10.391,2019,https://www.e-voary.mg/tgrn/
AHV (Diana3530),Diana / Ambilobe / Beramanja,4.9108,2006,https://www.e-voary.mg/tgrn/
ANKAMEVA (Diana3258),Diana / Ambilobe / Beramanja,16.67,2006,https://www.e-voary.mg/tgrn/
FMTA (Diana2429),Diana / Ambilobe / Beramanja,23.04,2003,https://www.e-voary.mg/tgrn/
FTI (Diana3536),Diana / Ambilobe / Beramanja,,2019,https://www.e-voary.mg/tgrn/
HARENA TSARA LOVA (Diana2461),Diana / Ambilobe / Beramanja,2.244,2019,https://www.e-voary.mg/tgrn/
MANDROSO (Diana3853),Diana / Ambilobe / Beramanja,4.2937,2019,https://www.e-voary.mg/tgrn/
MIARADIA (Diana3850),Diana / Ambilobe / Beramanja,2.9413,2024,https://www.e-voary.mg/tgrn/
TAFITA (Diana3487),Diana / Ambilobe / Beramanja,31.67,2019,https://www.e-voary.mg/tgrn/
VOGNONO (Diana3529),Diana / Ambilobe / Beramanja,5.2761,2019,https://www.e-voary.mg/tgrn/
Vatosoa (Diana2472),Diana / Ambilobe / Beramanja,,2003,https://www.e-voary.mg/tgrn/
Vognono Hiaraka (Diana2475),Diana / Ambilobe / Beramanja,11.43,2019,https://www.e-voary.mg/tgrn/
AMIRA (Diana3508),Diana / Ambilobe / Manambato,26.03,2014,https://www.e-voary.mg/tgrn/
FAMMIRA (Diana3517),Diana / Ambilobe / Manambato,,2015,https://www.e-voary.mg/tgrn/
FIZAMA (Diana3513),Diana / Ambilobe / Manambato,,2015,https://www.e-voary.mg/tgrn/
TSIMITIA (Diana3516),Diana / Ambilobe / Manambato,,2014,https://www.e-voary.mg/tgrn/
FZMMTI (Diana3539),Diana / Ambilobe / Mantaly,,2019,https://www.e-voary.mg/tgrn/
Fandrosoana (Diana2420),Diana / Antsiranana II / AMBOLOBOZOBE,8.23,2003,https://www.e-voary.mg/tgrn/
FIVOARANA (Diana3520),Diana / Antsiranana II / Andrafiabe,,2022,https://www.e-voary.mg/tgrn/
EZAKA (Diana2418),Diana / Antsiranana II / Andranovondronina,10.0159,2007,https://www.e-voary.mg/tgrn/
FANAZAVA (Diana3525),Diana / Antsiranana II / Andranovondronina,54.73,2021,https://www.e-voary.mg/tgrn/
FEON’I BEDARABE (Diana3617),Diana / Antsiranana II / Andranovondronina,15.03,2013,https://www.e-voary.mg/tgrn/
MITIA (Diana2451),Diana / Antsiranana II / Andranovondronina,45.5157,2007,https://www.e-voary.mg/tgrn/
Maro Matanjaka Miray (Diana3524),Diana / Antsiranana II / Andranovondronina,36.32,2021,https://www.e-voary.mg/tgrn/
Tanora Miara Miasa (Diana3522),Diana / Antsiranana II / Andranovondronina,17.2474,2007,https://www.e-voary.mg/tgrn/
VAGNONO (Diana2477),Diana / Antsiranana II / Anivorano Nord,,2012,https://www.e-voary.mg/tgrn/
Irodo Ankorera Mitambatra (Diana2436),Diana / Antsiranana II / Ankarongana,,2009,https://www.e-voary.mg/tgrn/
MOMAM (Diana2454),Diana / Antsiranana II / Ankarongana,4.2,2012,https://www.e-voary.mg/tgrn/
Miavotra (Diana2447),Diana / Antsiranana II / Ankarongana,38.41,2006,https://www.e-voary.mg/tgrn/
Tsaramandroso (Diana2466),Diana / Antsiranana II / Ankarongana,1.57,2007,https://www.e-voary.mg/tgrn/
VITATSARA (Diana2473),Diana / Antsiranana II / Antsahampano,6.0,2015,https://www.e-voary.mg/tgrn/
FMI (Diana2427),Diana / Antsiranana II / Mahalina,23.1,2007,https://www.e-voary.mg/tgrn/
MAMA (Diana2440),Diana / Antsiranana II / Mahavanona,2.5,2006,https://www.e-voary.mg/tgrn/
ZAA (Diana2476),Diana / Antsiranana II / Mahavanona,,2003,https://www.e-voary.mg/tgrn/
FIVATSI (Diana3527),Diana / Antsiranana II / Mangaoka,,2021,https://www.e-voary.mg/tgrn/
Tsarataiza Mananara (Diana2467),Diana / Antsiranana II / Mangaoka,6.52,2007,https://www.e-voary.mg/tgrn/
ASMA (Diana2416),Diana / Antsiranana II / Mosorolava,,2001,https://www.e-voary.mg/tgrn/
FTA (Diana2434),Diana / Antsiranana II / Ramena,,2011,https://www.e-voary.mg/tgrn/
MAHAVELOGNO (Diana3831),Diana / Antsiranana II / Ramena,,2011,https://www.e-voary.mg/tgrn/
Sambiravo (Diana2457),Diana / Antsiranana II / Ramena,3.4,2011,https://www.e-voary.mg/tgrn/
FOMIASA (Diana2433),Diana / Antsiranana II / Sadjoavato,2.83,2003,https://www.e-voary.mg/tgrn/
F.M.H.A (Diana2419),Diana / Nosy-Be / Bemanondrobe,4.27,2003,https://www.e-voary.mg/tgrn/
Mont Passot Tsararivotra (Diana2455),Diana / Nosy-Be / Dzamandzar,0.02,2013,https://www.e-voary.mg/tgrn/
RASIS (Diana2456),Diana / Nosy-Be / Dzamandzar,,2002,https://www.e-voary.mg/tgrn/
A.D.E.A (Diana2409),Diana / Nosy-Be / NOSY-BE,17.5,2005,https://www.e-voary.mg/tgrn/
ANABOVAHATRA (Diana2412),Diana / Nosy-Be / NOSY-BE,0.1,2019,https://www.e-voary.mg/tgrn/
AVOTR’I MONT PASSOT (Diana2417),Diana / Nosy-Be / NOSY-BE,20.45,2012,https://www.e-voary.mg/tgrn/
Ankomba Tia Ala (Diana2414),Diana / Nosy-Be / NOSY-BE,,2006,https://www.e-voary.mg/tgrn/
FI.TA.MI.TI (Diana2422),Diana / Nosy-Be / NOSY-BE,0.75,2003,https://www.e-voary.mg/tgrn/
FI.VA.MI.TI.NA (Diana2423),Diana / Nosy-Be / NOSY-BE,7.2,2003,https://www.e-voary.mg/tgrn/
FIFAMA (Diana3839),Diana / Nosy-Be / NOSY-BE,,2023,https://www.e-voary.mg/tgrn/
FIVAMITI (Diana2425),Diana / Nosy-Be / NOSY-BE,1.14,2004,https://www.e-voary.mg/tgrn/
FMMT (Diana2428),Diana / Nosy-Be / NOSY-BE,,2002,https://www.e-voary.mg/tgrn/
FMTA (Diana2430),Diana / Nosy-Be / NOSY-BE,65.0,2001,https://www.e-voary.mg/tgrn/
MAHILAKA (Diana3426),Diana / Nosy-Be / NOSY-BE,0.91,2012,https://www.e-voary.mg/tgrn/
MAITSO ALA (Diana3754),Diana / Nosy-Be / NOSY-BE,8.15,2007,https://www.e-voary.mg/tgrn/
MAMIA (Diana3852),Diana / Nosy-Be / NOSY-BE,,2023,https://www.e-voary.mg/tgrn/
MAROMANIRY TSY MANAVAKA (Diana2444),Diana / Nosy-Be / NOSY-BE,,2011,https://www.e-voary.mg/tgrn/
Mateza (Diana2445),Diana / Nosy-Be / NOSY-BE,,2012,https://www.e-voary.mg/tgrn/
Mitsinjo (Diana2453),Diana / Nosy-Be / NOSY-BE,0.56,2011,https://www.e-voary.mg/tgrn/
Taratra (Diana2460),Diana / Nosy-Be / NOSY-BE,,2011,https://www.e-voary.mg/tgrn/
AMBOASARY (MA2483),Haute Matsiatra / Ambalavao / Ambohimahamasina,12.99,2002,https://www.e-voary.mg/tgrn/
FITAMITO (MA2491),Haute Matsiatra / Ambalavao / Ambohimahamasina,96.17,2002,https://www.e-voary.mg/tgrn/
ITAOLANA MIJORO (MA2497),Haute Matsiatra / Ambalavao / Ambohimahamasina,28.39,2002,https://www.e-voary.mg/tgrn/
LOVASOA I (MA2498),Haute Matsiatra / Ambalavao / Ambohimahamasina,40.06,2002,https://www.e-voary.mg/tgrn/
MASOLAVITRA (MA2500),Haute Matsiatra / Ambalavao / Ankaramena,6.7,2004,https://www.e-voary.mg/tgrn/
AMI I (MA2485),Haute Matsiatra / Ambalavao / Iarintsena,4.25,2001,https://www.e-voary.mg/tgrn/
FAGNINA (MA2488),Haute Matsiatra / Ambalavao / Iarintsena,10.57,2009,https://www.e-voary.mg/tgrn/
FIMIVA (MA2489),Haute Matsiatra / Ambalavao / Iarintsena,2.9,2007,https://www.e-voary.mg/tgrn/
Z.S.M.T (MA2512),Haute Matsiatra / Ambalavao / Iarintsena,10.28,2009,https://www.e-voary.mg/tgrn/
ALFA (MA2482),Haute Matsiatra / Ambalavao / Miarinarivo,15.0,2001,https://www.e-voary.mg/tgrn/
AMBOHIBALO MIRAY (MA2484),Haute Matsiatra / Ambalavao / Miarinarivo,24.5,2007,https://www.e-voary.mg/tgrn/
FITEMA VOHIBOAY (MA2493),Haute Matsiatra / Ambalavao / Miarinarivo,40.33,2005,https://www.e-voary.mg/tgrn/
MIORA ATSIMO (MA2502),Haute Matsiatra / Ambalavao / NAMOLY,20.75,2003,https://www.e-voary.mg/tgrn/
MIORA AVARATRA (MA2503),Haute Matsiatra / Ambalavao / NAMOLY,24.41,2001,https://www.e-voary.mg/tgrn/
TOHANA (MA2509),Haute Matsiatra / Ambalavao / NAMOLY,1.25,2008,https://www.e-voary.mg/tgrn/
FITEMA MORAFENO (MA2492),Haute Matsiatra / Ambalavao / Sendrisoa,41.41,2001,https://www.e-voary.mg/tgrn/
FITAHIA (MA2490),Haute Matsiatra / Ambalavao / Vohitsaoka,5.0,2002,https://www.e-voary.mg/tgrn/
GENAM (MA2494),Haute Matsiatra / Ambalavao / Vohitsaoka,23.54,2003,https://www.e-voary.mg/tgrn/
LOVASOA II (MA2499),Haute Matsiatra / Ambalavao / Vohitsaoka,4.8,2003,https://www.e-voary.mg/tgrn/
RABENATOANDRO MIRAY (MA2505),Haute Matsiatra / Ambalavao / Vohitsaoka,5.0,2001,https://www.e-voary.mg/tgrn/
RAMAHAZOSOA (MA2506),Haute Matsiatra / Ambalavao / Vohitsaoka,1.0,2003,https://www.e-voary.mg/tgrn/
TAMIA (MA2507),Haute Matsiatra / Ambalavao / Vohitsaoka,5.5,2002,https://www.e-voary.mg/tgrn/
TANTELY (MA2508),Haute Matsiatra / Ambalavao / Vohitsaoka,3.8,2002,https://www.e-voary.mg/tgrn/
TSARA HO AVY (MA2510),Haute Matsiatra / Ambohimahasoa / Ambalakindresy,3.04,2013,https://www.e-voary.mg/tgrn/
IMAITSOANALA (MA2495),Haute Matsiatra / Lalangina / Alatsinainy Ialamarina,25.6,2004,https://www.e-voary.mg/tgrn/
MANIRISOA (MA3450),Haute Matsiatra / Lalangina / Alatsinainy Ialamarina,25.81,2022,https://www.e-voary.mg/tgrn/
MITSINJO (MA2504),Haute Matsiatra / Lalangina / Alatsinainy Ialamarina,9.0566,2002,https://www.e-voary.mg/tgrn/
3FT (MA2481),Haute Matsiatra / Lalangina / Androy,20.77,2005,https://www.e-voary.mg/tgrn/
ANALAMEVA (MA2486),Haute Matsiatra / Lalangina / Androy,52.12,2003,https://www.e-voary.mg/tgrn/
ANALASOA (MA2487),Haute Matsiatra / Lalangina / Androy,14.96,2001,https://www.e-voary.mg/tgrn/
IMAITSORIRININA (MA2496),Haute Matsiatra / Lalangina / Androy,49.23,2003,https://www.e-voary.mg/tgrn/
IKONGO SY ANTARAMBIBY (MA3436),Haute Matsiatra / Vohibato / Andranomiditra,,2021,https://www.e-voary.mg/tgrn/
LOVASOA SERANANA VOHIBATO (MA3443),Haute Matsiatra / Vohibato / Andranomiditra,,2021,https://www.e-voary.mg/tgrn/
MAROKONA MIARADIA (MA3446),Haute Matsiatra / Vohibato / Andranomiditra,,2021,https://www.e-voary.mg/tgrn/
MIARAMITANTANA (MA2501),Haute Matsiatra / Vohibato / Andranomiditra,72.25,2005,https://www.e-voary.mg/tgrn/
MIARADIA (MA3453),Haute Matsiatra / Vohibato / Vinanitelo,35.23,2019,https://www.e-voary.mg/tgrn/
MIARAMITANTANA II (MA3457),Haute Matsiatra / Vohibato / Vinanitelo,36.1,2019,https://www.e-voary.mg/tgrn/
BEHAVA (IHRB3281),Ihorombe / Ihosy / Analavoka,8.465,2008,https://www.e-voary.mg/tgrn/
LOVASOA (IHRB2526),Ihorombe / Ihosy / Analavoka,6.438,2008,https://www.e-voary.mg/tgrn/
HANAGNA (IHRB2515),Ihorombe / Ihosy / Ankily,0.7,2012,https://www.e-voary.mg/tgrn/
FILONGOA (IHRB2514),Ihorombe / Ihosy / Ranohira,1.1759,2014,https://www.e-voary.mg/tgrn/
LOVASOA TAHIRIN-DRAZAKO (IHRB2528),Ihorombe / Ihosy / Ranohira,5.7508,2014,https://www.e-voary.mg/tgrn/
MATAKAREA (IHRB2531),Ihorombe / Ivohibe / Antambohobe,15.9,2007,https://www.e-voary.mg/tgrn/
MIARADIA (IHRB2532),Ihorombe / Ivohibe / Antambohobe,6.0,2003,https://www.e-voary.mg/tgrn/
SOAFIADANANA (IHRB2513),Ihorombe / Ivohibe / Antambohobe,20.0,2007,https://www.e-voary.mg/tgrn/
AVOTRA AMBATOVITA (IHRB2517),Ihorombe / Ivohibe / Ivohibe,25.06,2004,https://www.e-voary.mg/tgrn/
FIAROVA (IHRB2522),Ihorombe / Ivohibe / Ivohibe,13.31,2004,https://www.e-voary.mg/tgrn/
LOVASOA (IHRB2525),Ihorombe / Ivohibe / Ivohibe,18.465,2004,https://www.e-voary.mg/tgrn/
ANALAMAINTSO (IHRB3359),Ihorombe / Ivohibe / Ivongo,23.83,2012,https://www.e-voary.mg/tgrn/
FANANTENANA (IHRB2520),Ihorombe / Ivohibe / Ivongo,17.55,2014,https://www.e-voary.mg/tgrn/
FANDROSOANA (IHRB2521),Ihorombe / Ivohibe / Ivongo,38.62,2014,https://www.e-voary.mg/tgrn/
FITIAVANA TANINDRAZANA (IHRB2524),Ihorombe / Ivohibe / Ivongo,68.35,2014,https://www.e-voary.mg/tgrn/
LOVASOA TSY MIALA (IHRB2529),Ihorombe / Ivohibe / Ivongo,56.33,2014,https://www.e-voary.mg/tgrn/
MAHAVELONA (IHRB2530),Ihorombe / Ivohibe / Ivongo,8.68,2011,https://www.e-voary.mg/tgrn/
SAKAROAMANDROSO (IHRB2533),Ihorombe / Ivohibe / Ivongo,4.88,2011,https://www.e-voary.mg/tgrn/
SOAMIRAY (IHRB2535),Ihorombe / Ivohibe / Ivongo,96.57,2014,https://www.e-voary.mg/tgrn/
TSIMANAVAKY (IHRB2537),Ihorombe / Ivohibe / Ivongo,42.97,2014,https://www.e-voary.mg/tgrn/
AVOTRA SOANATAO (IHRB3358),Ihorombe / Ivohibe / Maropaika,112.7,2011,https://www.e-voary.mg/tgrn/
FITIAVANA NY TONTOLO IAINANA (IHRB2523),Ihorombe / Ivohibe / Maropaika,95.0,2011,https://www.e-voary.mg/tgrn/
TANINDRAZANAY TSY OMENA OLO (IHRB2536),Ihorombe / Ivohibe / Maropaika,30.16,2011,https://www.e-voary.mg/tgrn/
VONONA MIRAINDRAIKY (IHRB2538),Ihorombe / Ivohibe / Maropaika,221.0,2014,https://www.e-voary.mg/tgrn/
ANALAMAINTSO (ITS1861),Itasy / Arivonimamo / Arivonimamo II,,2003,https://www.e-voary.mg/tgrn/
AVOTRA (ITS1864),Itasy / Arivonimamo / Arivonimamo II,,2001,https://www.e-voary.mg/tgrn/
FANEVASOA IAVOTRA (ITS1869),Itasy / Arivonimamo / Arivonimamo II,,2003,https://www.e-voary.mg/tgrn/
FANIRY (ITS1870),Itasy / Arivonimamo / Arivonimamo II,15.08,2005,https://www.e-voary.mg/tgrn/
FIAT (ITS1873),Itasy / Arivonimamo / Arivonimamo II,,2003,https://www.e-voary.mg/tgrn/
FILAMATRA MIARADIA (ITS1874),Itasy / Arivonimamo / Arivonimamo II,,2001,https://www.e-voary.mg/tgrn/
HERINTSOA (ITS1879),Itasy / Arivonimamo / Arivonimamo II,,2001,https://www.e-voary.mg/tgrn/
HIARINTSOA (ITS1880),Itasy / Arivonimamo / Arivonimamo II,7.0099,2003,https://www.e-voary.mg/tgrn/
IMAINTSOANALA (ITS1881),Itasy / Arivonimamo / Arivonimamo II,4.557,2003,https://www.e-voary.mg/tgrn/
LOVA (ITS1882),Itasy / Arivonimamo / Arivonimamo II,,2001,https://www.e-voary.mg/tgrn/
LOVA MAHAFINARITRA (ITS1883),Itasy / Arivonimamo / Arivonimamo II,,2001,https://www.e-voary.mg/tgrn/
LOVASOA (ITS1888),Itasy / Arivonimamo / Arivonimamo II,10.36,2001,https://www.e-voary.mg/tgrn/
MEVA (ITS1894),Itasy / Arivonimamo / Arivonimamo II,3.59,2001,https://www.e-voary.mg/tgrn/
RISIKA (ITS1903),Itasy / Arivonimamo / Arivonimamo II,3.8,2003,https://www.e-voary.mg/tgrn/
SANTATRA (ITS1907),Itasy / Arivonimamo / Arivonimamo II,,2001,https://www.e-voary.mg/tgrn/
SOANAVELA (ITS3486),Itasy / Arivonimamo / Arivonimamo II,,2001,https://www.e-voary.mg/tgrn/
SOANAVELANDRAZANA (ITS3497),Itasy / Arivonimamo / Arivonimamo II,1.33,2003,https://www.e-voary.mg/tgrn/
TSIRY (ITS1911),Itasy / Arivonimamo / Arivonimamo II,1.12,2001,https://www.e-voary.mg/tgrn/
VATSITSOROHITRA (ITS1913),Itasy / Arivonimamo / Arivonimamo II,,2001,https://www.e-voary.mg/tgrn/
ZARASOA (ITS3840),Itasy / Arivonimamo / Arivonimamo II,0.33,2023,https://www.e-voary.mg/tgrn/
Analamaitso (ITS3459),Itasy / Arivonimamo / Morafeno,,2017,https://www.e-voary.mg/tgrn/
Lovan'Analamanga (ITS3449),Itasy / Arivonimamo / Morafeno,,2016,https://www.e-voary.mg/tgrn/
Lovasarobidy (ITS3452),Itasy / Arivonimamo / Morafeno,6.17,2017,https://www.e-voary.mg/tgrn/
Lovasoa mahafaly (ITS3472),Itasy / Arivonimamo / Morafeno,,2017,https://www.e-voary.mg/tgrn/
Maitsoanala (ITS3467),Itasy / Arivonimamo / Morafeno,,2017,https://www.e-voary.mg/tgrn/
Aingavao (ITS1860),Itasy / Miarinarivo / Antoby Est,2.0,2006,https://www.e-voary.mg/tgrn/
Fanambinana (ITS1867),Itasy / Miarinarivo / Antoby Est,6.75,2007,https://www.e-voary.mg/tgrn/
Fiombonana (ITS1875),Itasy / Miarinarivo / Antoby Est,,2007,https://www.e-voary.mg/tgrn/
Hery mifoha (ITS3603),Itasy / Miarinarivo / Antoby Est,,2007,https://www.e-voary.mg/tgrn/
Lova miampita (ITS1884),Itasy / Miarinarivo / Antoby Est,,2007,https://www.e-voary.mg/tgrn/
Miandrisoa (ITS3597),Itasy / Miarinarivo / Antoby Est,,2007,https://www.e-voary.mg/tgrn/
Mitsimbina (ITS1898),Itasy / Miarinarivo / Antoby Est,,2007,https://www.e-voary.mg/tgrn/
Tsy very (ITS1912),Itasy / Miarinarivo / Antoby Est,3.0,2007,https://www.e-voary.mg/tgrn/
Ezaka meva (ITS1866),Itasy / Miarinarivo / Mandiavato,,2005,https://www.e-voary.mg/tgrn/
Analamaitso (ITS1863),Itasy / Miarinarivo / Miarinarivo II,1.04,2006,https://www.e-voary.mg/tgrn/
Fanomezantsoa (ITS1871),Itasy / Miarinarivo / Miarinarivo II,,2006,https://www.e-voary.mg/tgrn/
Hanitriniala (ITS3284),Itasy / Miarinarivo / Miarinarivo II,,2006,https://www.e-voary.mg/tgrn/
MAM (ITS3347),Itasy / Miarinarivo / Miarinarivo II,,2006,https://www.e-voary.mg/tgrn/
Maitso meva (ITS1890),Itasy / Miarinarivo / Miarinarivo II,7.76,2006,https://www.e-voary.mg/tgrn/
Maitsoanala (ITS3331),Itasy / Miarinarivo / Miarinarivo II,,2006,https://www.e-voary.mg/tgrn/
Miavotra II (ITS1896),Itasy / Miarinarivo / Miarinarivo II,,2006,https://www.e-voary.mg/tgrn/
Mitsinjo (ITS1900),Itasy / Miarinarivo / Miarinarivo II,11.42,2006,https://www.e-voary.mg/tgrn/
Mitsinjo Zehivola (ITS1899),Itasy / Miarinarivo / Miarinarivo II,,2006,https://www.e-voary.mg/tgrn/
Mitsinjosoa (ITS1901),Itasy / Miarinarivo / Miarinarivo II,5.59,2006,https://www.e-voary.mg/tgrn/
RAVINALA (ITS3317),Itasy / Miarinarivo / Miarinarivo II,21.33,2006,https://www.e-voary.mg/tgrn/
Saha tantely (ITS1905),Itasy / Miarinarivo / Miarinarivo II,,2006,https://www.e-voary.mg/tgrn/
Sampanala (ITS1906),Itasy / Miarinarivo / Miarinarivo II,0.48,2006,https://www.e-voary.mg/tgrn/
VONJY (ITS3325),Itasy / Miarinarivo / Miarinarivo II,0.39,2006,https://www.e-voary.mg/tgrn/
Ezaka (ITS1865),Itasy / Miarinarivo / Soamahamanina,11.88,2007,https://www.e-voary.mg/tgrn/
Fanevasoa (ITS1868),Itasy / Miarinarivo / Soamahamanina,23.84,2007,https://www.e-voary.mg/tgrn/
Fiombonantsoa (ITS1876),Itasy / Miarinarivo / Soamahamanina,10.9,2007,https://www.e-voary.mg/tgrn/
Firaisankina (ITS1877),Itasy / Miarinarivo / Soamahamanina,29.3946,2007,https://www.e-voary.mg/tgrn/
Lova miray (ITS1885),Itasy / Miarinarivo / Soamahamanina,6.89,2007,https://www.e-voary.mg/tgrn/
Mifampitsinjo (ITS1897),Itasy / Miarinarivo / Soamahamanina,40.6,2007,https://www.e-voary.mg/tgrn/
Safidy (ITS1904),Itasy / Miarinarivo / Soamahamanina,11.49,2007,https://www.e-voary.mg/tgrn/
Tsinjoezaka (ITS3619),Itasy / Miarinarivo / Soamahamanina,6.99,2007,https://www.e-voary.mg/tgrn/
FIFAFAMA (MLK2540),Melaky / Antsalova / Antsalova,34.85,2006,https://www.e-voary.mg/tgrn/
FIBETSY (MLK2539),Melaky / Antsalova / Masoarivo,106.91,2006,https://www.e-voary.mg/tgrn/
FIZAMI (MLK2544),Melaky / Antsalova / Masoarivo,20.71,2000,https://www.e-voary.mg/tgrn/
FOMATIARO (MLK3363),Melaky / Antsalova / Masoarivo,0.0313,2001,https://www.e-voary.mg/tgrn/
SAMAKA (MLK2551),Melaky / Antsalova / Masoarivo,69.71,2006,https://www.e-voary.mg/tgrn/
SOAFANIRY (MLK2552),Melaky / Antsalova / Masoarivo,89.39,2006,https://www.e-voary.mg/tgrn/
SOATIRY (MLK3461),Melaky / Antsalova / Masoarivo,116.86,2020,https://www.e-voary.mg/tgrn/
TANJONA (MLK3393),Melaky / Antsalova / Soahany,21.41,2017,https://www.e-voary.mg/tgrn/
FIFAMA (MLK2541),Melaky / Antsalova / Trangahy,24.87,2001,https://www.e-voary.mg/tgrn/
HASOAHOAVY (MLK3383),Melaky / Antsalova / Trangahy,0.03,2020,https://www.e-voary.mg/tgrn/
Mahalomba (MLK2545),Melaky / Besalampy / Marovoay Sud,57.5,2017,https://www.e-voary.mg/tgrn/
ZAMAMI (MLK2543),Melaky / Maintirano / Andranovao,44.43,2009,https://www.e-voary.mg/tgrn/
MANOMBA (MLK3362),Melaky / Maintirano / Bebaboky Sud,39.0,2017,https://www.e-voary.mg/tgrn/
MIRANGASOA (MLK2549),Melaky / Maintirano / Betanatanana,17.15,2017,https://www.e-voary.mg/tgrn/
FIVOMA (MLK3353),Melaky / Maintirano / Tambohorano,50.18,2009,https://www.e-voary.mg/tgrn/
FIMITOVE (MLK2542),Melaky / Maintirano / Veromanga,56.83,2005,https://www.e-voary.mg/tgrn/
Manajary (MLK2548),Melaky / Morafenobe / Beravina,9.9,2015,https://www.e-voary.mg/tgrn/
LOVASOA (MNB3823),Menabe / Belo Sur Tsiribihina / Aboalimena,22.611,2023,https://www.e-voary.mg/tgrn/
Mijoha (MNB3365),Menabe / Belo Sur Tsiribihina / Aboalimena,62.31,2012,https://www.e-voary.mg/tgrn/
VAGNAMBE (MNB3797),Menabe / Belo Sur Tsiribihina / Aboalimena,0.32,,https://www.e-voary.mg/tgrn/
Vonona ho maitso (MNB3234),Menabe / Belo Sur Tsiribihina / Aboalimena,55.24,2020,https://www.e-voary.mg/tgrn/
AST (MNB3235),Menabe / Belo Sur Tsiribihina / Andimaky Manambolo,55.24,2016,https://www.e-voary.mg/tgrn/
MATEZASOA (MNB3236),Menabe / Belo Sur Tsiribihina / Andimaky Manambolo,53.26,2020,https://www.e-voary.mg/tgrn/
Magnirisoa soatalily (MNB3233),Menabe / Belo Sur Tsiribihina / Andimaky Manambolo,124.63,2020,https://www.e-voary.mg/tgrn/
TANTELY ZANATANY (MNB2605),Menabe / Belo Sur Tsiribihina / Ankiroroky,,2010,https://www.e-voary.mg/tgrn/
Mahaligny (MNB3519),Menabe / Belo Sur Tsiribihina / Belo Sur Tsiribihina,15.03,2014,https://www.e-voary.mg/tgrn/
TSIMAGNAVAKY (MNB3866),Menabe / Belo Sur Tsiribihina / Belo Sur Tsiribihina,10.5132,2025,https://www.e-voary.mg/tgrn/
Tafitasoa (MNB3488),Menabe / Belo Sur Tsiribihina / Belo Sur Tsiribihina,,2014,https://www.e-voary.mg/tgrn/
VOLAVITA (MNB3800),Menabe / Belo Sur Tsiribihina / Belo Sur Tsiribihina,,,https://www.e-voary.mg/tgrn/
FIHAONASOA (MNB2566),Menabe / Belo Sur Tsiribihina / Beroboka Nord,125.04,2010,https://www.e-voary.mg/tgrn/
FIOMBONAN'NY ALABE SOAMIRAY (MNB2567),Menabe / Belo Sur Tsiribihina / Beroboka Nord,125.04,2013,https://www.e-voary.mg/tgrn/
MAHAVELO (MNB2577),Menabe / Belo Sur Tsiribihina / Beroboka Nord,45.65,2010,https://www.e-voary.mg/tgrn/
SABORA LOVASOA (MNB3862),Menabe / Belo Sur Tsiribihina / Beroboka Nord,57.8049,2025,https://www.e-voary.mg/tgrn/
TSIMANAVAKY (MNB2612),Menabe / Belo Sur Tsiribihina / Beroboka Nord,,2010,https://www.e-voary.mg/tgrn/
ALAZAFY (MNB3796),Menabe / Belo Sur Tsiribihina / DELTA,,2017,https://www.e-voary.mg/tgrn/
FITATANANTSOA (MNB3865),Menabe / Belo Sur Tsiribihina / DELTA,6.5023,2025,https://www.e-voary.mg/tgrn/
Lovainjafy (MNB3476),Menabe / Belo Sur Tsiribihina / DELTA,28.98,2014,https://www.e-voary.mg/tgrn/
MAGNITSY (MNB3863),Menabe / Belo Sur Tsiribihina / DELTA,2.35,2025,https://www.e-voary.mg/tgrn/
MAHALOMBA (MNB3794),Menabe / Belo Sur Tsiribihina / DELTA,12.02,2025,https://www.e-voary.mg/tgrn/
SOAMIJORO (MNB3795),Menabe / Belo Sur Tsiribihina / DELTA,,2016,https://www.e-voary.mg/tgrn/
TSARAHOTANA (MNB2609),Menabe / Belo Sur Tsiribihina / Tsaraotana,,2003,https://www.e-voary.mg/tgrn/
Alabe soa tratrin'ny faramandimby (MNB3237),Menabe / Belo Sur Tsiribihina / Tsimafana,55.95,2010,https://www.e-voary.mg/tgrn/
LOVANAY KIBOY (MNB3315),Menabe / Belo Sur Tsiribihina / Tsimafana,43.73,2010,https://www.e-voary.mg/tgrn/
MAMELOMBAHOAKA (MNB2578),Menabe / Belo Sur Tsiribihina / Tsimafana,55.95,2010,https://www.e-voary.mg/tgrn/
SOAFITSANGA (MNB2595),Menabe / Belo Sur Tsiribihina / Tsimafana,16.4,2011,https://www.e-voary.mg/tgrn/
TAHIO GNATEGNA (MNB2601),Menabe / Belo Sur Tsiribihina / Tsimafana,37.9188,2014,https://www.e-voary.mg/tgrn/
FANDROSOAN'NY ZANATANY (MNB2565),Menabe / Mahabo / Ampanihy,1.85,2006,https://www.e-voary.mg/tgrn/
FITAHIA (MNB2568),Menabe / Mahabo / Ampanihy,6.2,2003,https://www.e-voary.mg/tgrn/
MANDRAY FOMBANDRAZA (MNB2579),Menabe / Mahabo / Ampanihy,47.5,2003,https://www.e-voary.mg/tgrn/
MAROPANIRY 1 (MNB2580),Menabe / Mahabo / Ampanihy,25.0,2003,https://www.e-voary.mg/tgrn/
MAROPANIRY 2 (MNB2581),Menabe / Mahabo / Ampanihy,24.0,2003,https://www.e-voary.mg/tgrn/
MITSINJO NY HO AVY (MNB2585),Menabe / Mahabo / Ampanihy,64.9,2013,https://www.e-voary.mg/tgrn/
SOA HO AVY (MNB2590),Menabe / Mahabo / Ampanihy,15.0,2003,https://www.e-voary.mg/tgrn/
SOAMIRANGA (MNB2596),Menabe / Mahabo / Ampanihy,,2003,https://www.e-voary.mg/tgrn/
TAHIRY SOA (MNB2602),Menabe / Mahabo / Ampanihy,1.0,2003,https://www.e-voary.mg/tgrn/
TAMAMY (MNB2603),Menabe / Mahabo / Ampanihy,35.0,2003,https://www.e-voary.mg/tgrn/
LOVASOA (MNB2574),Menabe / Mahabo / Ankilivalo,31.0,2003,https://www.e-voary.mg/tgrn/
ZANARAY (MNB2616),Menabe / Mahabo / Ankilivalo,45.0,2003,https://www.e-voary.mg/tgrn/
TANTSARASOA FIARENA (MNB2606),Menabe / Mahabo / Ankilizato,,2006,https://www.e-voary.mg/tgrn/
EFITAMAA (MNB2563),Menabe / Mahabo / Befotaka,,2003,https://www.e-voary.mg/tgrn/
MITSINJO (MNB2584),Menabe / Mahabo / Befotaka,23.0,2003,https://www.e-voary.mg/tgrn/
SAMIA (MNB2589),Menabe / Mahabo / Befotaka,133.0,2003,https://www.e-voary.mg/tgrn/
SOA LOVAINJAFY (MNB2591),Menabe / Mahabo / Befotaka,6.0,2006,https://www.e-voary.mg/tgrn/
Mi.T.I (MNB2582),Menabe / Manja / Andranopasy,263.62,2017,https://www.e-voary.mg/tgrn/
SOATAHIRY (MNB2599),Menabe / Manja / Andranopasy,281.8,2017,https://www.e-voary.mg/tgrn/
RANGAINOMBY MIVOATRA (MNB2587),Menabe / Manja / Ankiliabo,147.34,2016,https://www.e-voary.mg/tgrn/
TSARAMANDROSO (MNB2610),Menabe / Manja / Ankiliabo,,2016,https://www.e-voary.mg/tgrn/
TOMBONTSOA MIRAY SOALENGO (MNB2608),Menabe / Manja / Soaserana,23.68,2017,https://www.e-voary.mg/tgrn/
TOMBOTSOA MIRAY (MNB3813),Menabe / Manja / Soaserana,23.6803,2018,https://www.e-voary.mg/tgrn/
FITAMA (MNB2569),Menabe / Miandrivazo / Ambatolahy,20.47,2005,https://www.e-voary.mg/tgrn/
EZAKA (MNB2564),Menabe / Miandrivazo / Ankotrofotsy,,2003,https://www.e-voary.mg/tgrn/
VATSY (MNB2614),Menabe / Miandrivazo / Ankotrofotsy,,2003,https://www.e-voary.mg/tgrn/
TIAROSOA (MNB2607),Menabe / Miandrivazo / Bemahatazana,,2009,https://www.e-voary.mg/tgrn/
RIANALA (MNB2588),Menabe / Miandrivazo / Dabolava,0.9536,2016,https://www.e-voary.mg/tgrn/
AVOTRA (MNB2560),Menabe / Miandrivazo / Manambina,13.67,2005,https://www.e-voary.mg/tgrn/
FO MIRAY (MNB2571),Menabe / Miandrivazo / Manambina,4.83,2005,https://www.e-voary.mg/tgrn/
MAHATSIAROTENA (MNB2576),Menabe / Miandrivazo / Manambina,42.07,2005,https://www.e-voary.mg/tgrn/
TSINJOFARA (MNB2613),Menabe / Miandrivazo / Manambina,8.58,2005,https://www.e-voary.mg/tgrn/
Andobo vonona hitantana ala (MNB2559),Menabe / Morondava / Befasy,40.241,2007,https://www.e-voary.mg/tgrn/
FIAROVANTSOA (MNB2570),Menabe / Morondava / Befasy,55.663,2014,https://www.e-voary.mg/tgrn/
MIRANGASOA (MNB2597),Menabe / Morondava / Befasy,93.3212,2017,https://www.e-voary.mg/tgrn/
FIHAVANASOA (MNB3790),Menabe / Morondava / Belo Sur Mer,6.33,2022,https://www.e-voary.mg/tgrn/
FITARIHANTSOA (MNB3816),Menabe / Morondava / Belo Sur Mer,44.2013,2023,https://www.e-voary.mg/tgrn/
LOVA MIRAY (MNB3329),Menabe / Morondava / Belo Sur Mer,32.09,2017,https://www.e-voary.mg/tgrn/
MIJOROSOA (MNB3814),Menabe / Morondava / Belo Sur Mer,36.12,2023,https://www.e-voary.mg/tgrn/
MIRANGASOA MOKOTRA (MNB3815),Menabe / Morondava / Belo Sur Mer,9.53,2023,https://www.e-voary.mg/tgrn/
MITSINJO NY HO AVIKO (MNB3792),Menabe / Morondava / Belo Sur Mer,15.69,2022,https://www.e-voary.mg/tgrn/
MITSINJO NY TAHIRISOA (MNB2586),Menabe / Morondava / Belo Sur Mer,27.5249,2017,https://www.e-voary.mg/tgrn/
NIVALISOA (MNB3870),Menabe / Morondava / Belo Sur Mer,8.37,2025,https://www.e-voary.mg/tgrn/
SOAFAHITSY (MNB3869),Menabe / Morondava / Belo Sur Mer,18.26,2025,https://www.e-voary.mg/tgrn/
SOAVASOA (MNB2600),Menabe / Morondava / Belo Sur Mer,,2006,https://www.e-voary.mg/tgrn/
Tangandahy (MNB3231),Menabe / Morondava / Belo Sur Mer,10.65,2017,https://www.e-voary.mg/tgrn/
VONONA (MNB2615),Menabe / Morondava / Belo Sur Mer,90.352,2017,https://www.e-voary.mg/tgrn/
Anjarasoa Tsimialona (MNB3793),Menabe / Morondava / Bemanonga,,2006,https://www.e-voary.mg/tgrn/
Kimony miaro ny ala maitso (MNB3228),Menabe / Morondava / Bemanonga,9.08,2020,https://www.e-voary.mg/tgrn/
Mandresy (MNB3225),Menabe / Morondava / Bemanonga,18.56,2020,https://www.e-voary.mg/tgrn/
ANALAMAINTSO TSY HO GNANOLO (MNB2558),Menabe / Morondava / MAROFANDILIA,49.88,2005,https://www.e-voary.mg/tgrn/
Bosy miaradia (MNB3229),Menabe / Morondava / MAROFANDILIA,47.2351,2016,https://www.e-voary.mg/tgrn/
SOA MIRAY (MNB2592),Menabe / Morondava / MAROFANDILIA,56.7,2006,https://www.e-voary.mg/tgrn/
SOA TAHIRY MENABE (MNB2593),Menabe / Morondava / MAROFANDILIA,,2010,https://www.e-voary.mg/tgrn/
SOA VITA MAMY NY ALA (MNB2594),Menabe / Morondava / MAROFANDILIA,55.82,2010,https://www.e-voary.mg/tgrn/
SOANATAO (MNB2598),Menabe / Morondava / MAROFANDILIA,,2010,https://www.e-voary.mg/tgrn/
TSIHOAIA MIARADIA (MNB2611),Menabe / Morondava / MAROFANDILIA,19.36,2010,https://www.e-voary.mg/tgrn/
SOANATAO (MNB3791),Menabe / Morondava / Morondava,9.04,2022,https://www.e-voary.mg/tgrn/
VOI Andasibe (Sava3026),Sava / Andapa / ANDASIBE KOBAHINA,,2000,https://www.e-voary.mg/tgrn/
FMTIA (Fikambanana Miaro ny Tontolo Iainana Ambodivohitra Kobahina) (Sava3035),Sava / Andapa / Ambalamanasy II,32.101,2004,https://www.e-voary.mg/tgrn/
VOI Antanimbaribe (Sava3772),Sava / Andapa / Ambalamanasy II,,2002,https://www.e-voary.mg/tgrn/
VOI Antsahameloka (Sava3025),Sava / Andapa / Ambalamanasy II,1.09,2000,https://www.e-voary.mg/tgrn/
VOI FIMIALA (Sava3465),Sava / Andapa / Ambalamanasy II,,2002,https://www.e-voary.mg/tgrn/
FAMEA (Fikambanana Ala Meva Ambodivoara) (Sava3027),Sava / Andapa / Ambodiangezoka,31.3858,2004,https://www.e-voary.mg/tgrn/
FI.MA.RA (Fikambanana Miaro ny Rano sy Ala Ambodisatarana) (Sava3016),Sava / Andapa / Ambodiangezoka,44.2352,2013,https://www.e-voary.mg/tgrn/
FIMPATIBE (Fikambanana Mpanatsara ny Tontolo Iainana Belambo° (Sava3034),Sava / Andapa / Ambodiangezoka,7.44,2004,https://www.e-voary.mg/tgrn/
FMTIA (Sava3039),Sava / Andapa / Ambodiangezoka,7.7413,2002,https://www.e-voary.mg/tgrn/
VMTA (Vondrona Mpiaro ny Tontolo iainana Ambodihasina) (Sava3037),Sava / Andapa / Ambodiangezoka,33.9581,2003,https://www.e-voary.mg/tgrn/
AMTI (Andatsakala Miaro ny Tontolo Iainana) (Sava3045),Sava / Andapa / Ambodimanga I,35.42,2010,https://www.e-voary.mg/tgrn/
FIMIMIATA (Sava3761),Sava / Andapa / Ambodimanga I,18.97,2021,https://www.e-voary.mg/tgrn/
FMIS (Faritra Maintso Ivelomana Soamiangona) (Sava3024),Sava / Andapa / Ambodimanga I,,2008,https://www.e-voary.mg/tgrn/
FMMATB (Fikambanana Miara-Miaro ny Alan'i Tanmbao Betsivakina) (Sava3030),Sava / Andapa / Ambodimanga I,22.59,2010,https://www.e-voary.mg/tgrn/
VAMAMA (Vahoaka Miaro ny Alan'i MAkira) (Sava3043),Sava / Andapa / Ambodimanga I,66.26,2010,https://www.e-voary.mg/tgrn/
AMR (Androka Mamy Rano) (Sava3029),Sava / Andapa / Andrakata,30.75,2010,https://www.e-voary.mg/tgrn/
LAM (Lohan'Androka Mandroso) (Sava3048),Sava / Andapa / Andrakata,10.69,2010,https://www.e-voary.mg/tgrn/
FFAMA (Fikambanan'ny Fokonolona Ankiakabe Miaro ny Tontolo ny Atila) (Sava3018),Sava / Andapa / Anjialavabe,32.99,2004,https://www.e-voary.mg/tgrn/
FMALA (Fikambanana Miaro ny Ala Lohan'Anjialava) (Sava3041),Sava / Andapa / Anjialavabe,7.843,2013,https://www.e-voary.mg/tgrn/
FML (Fikambanana Mitsinjo Lavitra) (Sava3028),Sava / Andapa / Anoviara,14.47,2010,https://www.e-voary.mg/tgrn/
RAILOVY (Sava3697),Sava / Andapa / Antsahamena,33.65,2010,https://www.e-voary.mg/tgrn/
VALAZOMBY (Sava3690),Sava / Andapa / Antsahamena,64.01,2016,https://www.e-voary.mg/tgrn/
STIRA (Sava3773),Sava / Andapa / Belaoka Lokoho,,2004,https://www.e-voary.mg/tgrn/
VOI Tanambao Lokoho (Sava3017),Sava / Andapa / Belaoka Lokoho,6.0,2004,https://www.e-voary.mg/tgrn/
FI.TA.MA.MI.TIA (Sava3022),Sava / Andapa / Betsakotsako Andranotsara,19.3458,2003,https://www.e-voary.mg/tgrn/
FIMIAA (Sava3019),Sava / Andapa / Doany,31.16,2007,https://www.e-voary.mg/tgrn/
FITA (Fikambanan'ny Teraka Andrakengy) (Sava3040),Sava / Andapa / Doany,48.1163,2015,https://www.e-voary.mg/tgrn/
FITAMTI (Fikambananan'ny Taranaka Andranomilolo Miaro ny Tontolo Iainana) (Sava3023),Sava / Andapa / Doany,89.8428,2004,https://www.e-voary.mg/tgrn/
FMMTIA (Fikambanan'ny Mpamboly Miaro ny Tontolo Iainana eto Androfiabe) (Sava3036),Sava / Andapa / Doany,47.06,2004,https://www.e-voary.mg/tgrn/
FMTIA (Fikambanana Miaro Tontolo Iainana Andranomilolo) (Sava3020),Sava / Andapa / Doany,20.37,2007,https://www.e-voary.mg/tgrn/
FMTIMB (Fikambanana Miaro ny Tontolo Iainana Mateza eto Betaholana) (Sava3031),Sava / Andapa / Doany,53.38,2015,https://www.e-voary.mg/tgrn/
VOI FMTVAB (Sava3760),Sava / Andapa / Doany,4.8091,2004,https://www.e-voary.mg/tgrn/
SOAMIARINA (Sava3033),Sava / Andapa / Marovato,,2008,https://www.e-voary.mg/tgrn/
VOI Sarahandrano (Sava3021),Sava / Andapa / Marovato,35.41,2002,https://www.e-voary.mg/tgrn/
ANDOLAVA (Sava3049),Sava / Andapa / Tanandava,32.17,2007,https://www.e-voary.mg/tgrn/
FMTIB (Fikambanana Miaro ny Tontolo Iainana Besariaka) (Sava3044),Sava / Andapa / Tanandava,44.7,2010,https://www.e-voary.mg/tgrn/
VMAA (Sava3042),Sava / Andapa / Tanandava,1.47,2009,https://www.e-voary.mg/tgrn/
MAHATSIARO ZAFY (Sava3107),Sava / Antalaha / Ambalabe,70.9,2013,https://www.e-voary.mg/tgrn/
TSARAMANDROSO (Sava3108),Sava / Antalaha / Ambalabe,17.07,2006,https://www.e-voary.mg/tgrn/
ANTOHORAVINA (Sava3110),Sava / Antalaha / Ambohitralanana,129.89,2012,https://www.e-voary.mg/tgrn/
FAM (Fikambanana Atiala Maintso) (Sava3109),Sava / Antalaha / Ambohitralanana,75.44,2012,https://www.e-voary.mg/tgrn/
FANDROSOANA (Sava3695),Sava / Antalaha / Ambohitralanana,46.23,2006,https://www.e-voary.mg/tgrn/
FANDROSOANA (Sava3696),Sava / Antalaha / Ambohitralanana,0.75,2012,https://www.e-voary.mg/tgrn/
FIHAVA (Fikambanana Hazandranomasina Vanona Ambodirafia) (Sava3088),Sava / Antalaha / Ambohitralanana,,2006,https://www.e-voary.mg/tgrn/
FIJOMA (Fikambanana Jono ao Maharavo) (Sava3086),Sava / Antalaha / Ambohitralanana,,2006,https://www.e-voary.mg/tgrn/
VOI TSIVERAVERA (Sava3113),Sava / Antalaha / Ambohitralanana,0.2,2018,https://www.e-voary.mg/tgrn/
FIRASABE (Sava3094),Sava / Antalaha / Ampanavoana,66.79,2009,https://www.e-voary.mg/tgrn/
FMMA (Fikambanan'ny Mpanjono Miara-mitantana Ampanavoana) (Sava3085),Sava / Antalaha / Ampanavoana,76.33,2006,https://www.e-voary.mg/tgrn/
Mitabe tsy lanin’ny mamba (Sava3096),Sava / Antalaha / Ampanavoana,0.02,2009,https://www.e-voary.mg/tgrn/
SIKETRIBE (Sava3700),Sava / Antalaha / Ampanavoana,,2009,https://www.e-voary.mg/tgrn/
VOI ANTAFANA (Sava3469),Sava / Antalaha / Ampanavoana,,2006,https://www.e-voary.mg/tgrn/
MAROLAKANA (Sava3118),Sava / Antalaha / Andampy,14.96,2003,https://www.e-voary.mg/tgrn/
MIRARISOA (Sava3119),Sava / Antalaha / Andampy,55.19,2013,https://www.e-voary.mg/tgrn/
FAMF (Sava3114),Sava / Antalaha / Antombana,11.21,2001,https://www.e-voary.mg/tgrn/
TARATRA (Sava3115),Sava / Antalaha / Antombana,,2001,https://www.e-voary.mg/tgrn/
FOMITIA (Sava3090),Sava / Antalaha / MANAKAMBAHINY ANKAVIA,55.2,2010,https://www.e-voary.mg/tgrn/
MAHATSARA (Sava3106),Sava / Antalaha / MANAKAMBAHINY ANKAVIA,43.45,2013,https://www.e-voary.mg/tgrn/
FANDROSOANA (Sava3105),Sava / Antalaha / Marofinaritra,13.82,2013,https://www.e-voary.mg/tgrn/
FFAM (Sava3100),Sava / Antalaha / Marofinaritra,39.01,2010,https://www.e-voary.mg/tgrn/
FFTM (Sava3103),Sava / Antalaha / Marofinaritra,4.48,2013,https://www.e-voary.mg/tgrn/
FITIABE (Sava3098),Sava / Antalaha / Marofinaritra,33.56,2014,https://www.e-voary.mg/tgrn/
FITIAVANA (Sava3102),Sava / Antalaha / Marofinaritra,26.35,2013,https://www.e-voary.mg/tgrn/
FMAA (Fikambanana Miaro ny Ala Amparihimena) (Sava3097),Sava / Antalaha / Marofinaritra,35.32,2010,https://www.e-voary.mg/tgrn/
LOVASOA (Sava3099),Sava / Antalaha / Marofinaritra,8.26,2010,https://www.e-voary.mg/tgrn/
MIFANKATIA (Sava3104),Sava / Antalaha / Marofinaritra,,2013,https://www.e-voary.mg/tgrn/
APEPA (Sava3089),Sava / Antalaha / SAHANTAHA,6.05,2018,https://www.e-voary.mg/tgrn/
SARAHANDRA-NO (Sava3111),Sava / Antalaha / Sarahandrano,2.23,2017,https://www.e-voary.mg/tgrn/
AKANGA MIARA DIA (Sava3092),Sava / Antalaha / Vinanivao,45.0,2015,https://www.e-voary.mg/tgrn/
LMTV (Laoko Madinika Tsy Vonoina) (Sava3112),Sava / Antalaha / Vinanivao,1.05,2007,https://www.e-voary.mg/tgrn/
RAVINALA (Sava3093),Sava / Antalaha / Vinanivao,8.0,2003,https://www.e-voary.mg/tgrn/
TARATRA (Sava3087),Sava / Antalaha / Vinanivao,8.1,2003,https://www.e-voary.mg/tgrn/
F.M.A.B (Fikambanana Miaro ny Alan'i Bekilemba) (Sava3067),Sava / Sambava / Ambohimitsinjo,3.5917,2003,https://www.e-voary.mg/tgrn/
FAMTI (Fikambanana Antsahabe Miaro ny Tontolo Iainana) (Sava3064),Sava / Sambava / Bevonotra,30.662,2009,https://www.e-voary.mg/tgrn/
FIAMBE (Sava3074),Sava / Sambava / Bevonotra,64.5784,2015,https://www.e-voary.mg/tgrn/
FIMIRA (Sava3071),Sava / Sambava / Bevonotra,46.7484,2015,https://www.e-voary.mg/tgrn/
FMAA (Sava3691),Sava / Sambava / Bevonotra,,2010,https://www.e-voary.mg/tgrn/
FMAM (Sava3068),Sava / Sambava / Bevonotra,32.8677,2015,https://www.e-voary.mg/tgrn/
VOI BEMIRA (Sava3072),Sava / Sambava / Bevonotra,26.7405,2015,https://www.e-voary.mg/tgrn/
VOI FIMALA (Sava3073),Sava / Sambava / Bevonotra,12.5653,2015,https://www.e-voary.mg/tgrn/
LOVA SAROBIDY (Sava3053),Sava / Vohemar / Ambalasatrana,0.02,2000,https://www.e-voary.mg/tgrn/
ARAMA (Ala Rano Mahavelona Amboriala) (Sava3056),Sava / Vohemar / Amboriala,45.23,2014,https://www.e-voary.mg/tgrn/
COBA MAHAFALY (Sava3050),Sava / Vohemar / Amboriala,,2002,https://www.e-voary.mg/tgrn/
FFAFFA (Fikambanana Fiarovana Atiala Fanambana Andravany) (Sava3057),Sava / Vohemar / Amboriala,64.1,2011,https://www.e-voary.mg/tgrn/
FIMPAMA (Sava3059),Sava / Vohemar / Amboriala,48.86,2015,https://www.e-voary.mg/tgrn/
FIMTIAFO (Sava3058),Sava / Vohemar / Amboriala,56.9206,2015,https://www.e-voary.mg/tgrn/
Liam-pivoarana (Sava3116),Sava / Vohemar / Amboriala,0.375,2001,https://www.e-voary.mg/tgrn/
VOI Maintialaka (Sava3062),Sava / Vohemar / Ampondra,17.3,2005,https://www.e-voary.mg/tgrn/
AMMFA (Sava3789),Sava / Vohemar / Andrafainkona,57.48,2020,https://www.e-voary.mg/tgrn/
COBA TOKY (Sava3051),Sava / Vohemar / Andrafainkona,4.2,2002,https://www.e-voary.mg/tgrn/
FAMTI (Sava3052),Sava / Vohemar / Andrafainkona,62.9,2015,https://www.e-voary.mg/tgrn/
TIVA (Tontolo Iainana Voaaro Andomboka) (Sava3460),Sava / Vohemar / Andrafainkona,57.4638,2016,https://www.e-voary.mg/tgrn/
VONONA (Sava3444),Sava / Vohemar / Andrafainkona,,2000,https://www.e-voary.mg/tgrn/
Bobakindro Mitsinjo ny Hoavy amin'ny Fiarovana ny Ala (BMHFA) (Sava3859),Sava / Vohemar / Bobakindro,105.0332,2016,https://www.e-voary.mg/tgrn/
FANAMBANA (Sava3060),Sava / Vohemar / Fanambana,,,https://www.e-voary.mg/tgrn/
TAMBATRA (Sofia3550),Sofia / Analalava / Ambolobozo,,2018,https://www.e-voary.mg/tgrn/
TODISOA Betsimipoaka (Sofia2679),Sofia / Analalava / Ambolobozo,,,https://www.e-voary.mg/tgrn/
AETS Ambarijeby (Sofia3553),Sofia / Analalava / Analalava,,2018,https://www.e-voary.mg/tgrn/
MANANJARA Ampitily (Sofia2666),Sofia / Analalava / Antonibe,,2004,https://www.e-voary.mg/tgrn/
SOAMITAMBATRA Antananabo (Sofia2673),Sofia / Analalava / Antonibe,4.0,2004,https://www.e-voary.mg/tgrn/
TARATRA Antanimbaribe (Sofia2676),Sofia / Analalava / Antonibe,2.0,2004,https://www.e-voary.mg/tgrn/
TODISOA Ampasindava (Sofia2678),Sofia / Analalava / Antonibe,,2004,https://www.e-voary.mg/tgrn/
VITAZARA Antsanifera (Sofia2690),Sofia / Analalava / Antonibe,3.0,2004,https://www.e-voary.mg/tgrn/
FIMAMA (Sofia3433),Sofia / Analalava / Mahadrodroka,53.3293,2020,https://www.e-voary.mg/tgrn/
FITARAMAZAVA Kapany (Sofia2638),Sofia / Analalava / Maromandia,13.32,2011,https://www.e-voary.mg/tgrn/
TSARAFANDRAY Antanandava II (Sofia2681),Sofia / Analalava / Maromandia,31.7,2011,https://www.e-voary.mg/tgrn/
TSARAMANDROSO Anjiajia (Sofia3546),Sofia / Analalava / Maromandia,9.68,2011,https://www.e-voary.mg/tgrn/
VARATRAZA (Sofia3458),Sofia / Analalava / Maromandia,60.67,2011,https://www.e-voary.mg/tgrn/
VOROMAHERY Marovato Sud (Sofia2692),Sofia / Analalava / Maromandia,19.1,2011,https://www.e-voary.mg/tgrn/
FTM (Sofia3300),Sofia / Analalava / Marovantaza,10.65,2021,https://www.e-voary.mg/tgrn/
TSARAMANDROSO Ambalarano (Sofia2683),Sofia / Antsohihy / Ambodimandresy,21.23,2005,https://www.e-voary.mg/tgrn/
FAMAB Andavadoko (Sofia3306),Sofia / Antsohihy / Anjalazala,27.01,2008,https://www.e-voary.mg/tgrn/
FIMAA (Sofia3562),Sofia / Bealanana / Ambalaromba,30.98,2015,https://www.e-voary.mg/tgrn/
FIZAMIA Ankiakalava (Sofia2640),Sofia / Bealanana / Ambalaromba,8.46,2008,https://www.e-voary.mg/tgrn/
VVMA (Sofia2693),Sofia / Bealanana / Ambalaromba,12.44,2008,https://www.e-voary.mg/tgrn/
AMMA (Sofia3559),Sofia / Bealanana / Ambararatabe Nord,44.45,2015,https://www.e-voary.mg/tgrn/
TLA (Sofia3566),Sofia / Bealanana / Ambararatabe Nord,6.16,2015,https://www.e-voary.mg/tgrn/
TMM (Sofia3567),Sofia / Bealanana / Ambararatabe Nord,44.34,2015,https://www.e-voary.mg/tgrn/
MAZAVASOA Antanantanana (Sofia2668),Sofia / Bealanana / Ambatoriha Est,,,https://www.e-voary.mg/tgrn/
LOVANALA Anjohibe (Sofia2660),Sofia / Bealanana / Ambatosia,,,https://www.e-voary.mg/tgrn/
MAHASOA Ambohimitsinjo (Sofia2661),Sofia / Bealanana / Ambatosia,,,https://www.e-voary.mg/tgrn/
MAMELONJAFY Andranotakatra (Sofia3531),Sofia / Bealanana / Ambatosia,10.95,2009,https://www.e-voary.mg/tgrn/
FAMA Ambodiadabo (Sofia2646),Sofia / Bealanana / Ambodiadabo M,11.63,2008,https://www.e-voary.mg/tgrn/
FIAMA Ambatomikintsana (Sofia3560),Sofia / Bealanana / Ambodiadabo M,12.97,2015,https://www.e-voary.mg/tgrn/
FIFIABE (Sofia2636),Sofia / Bealanana / Ambodiadabo M,,,https://www.e-voary.mg/tgrn/
FIMIAA (Sofia3564),Sofia / Bealanana / Ambodiadabo M,15.42,2015,https://www.e-voary.mg/tgrn/
FMTI Ambodiadabo (Sofia3565),Sofia / Bealanana / Ambodiadabo M,11.63,2009,https://www.e-voary.mg/tgrn/
FLM/AT (Sofia2642),Sofia / Bealanana / Ambovonomby,88.95,2015,https://www.e-voary.mg/tgrn/
FMTIN Nosimpiso (Sofia2648),Sofia / Bealanana / Ambovonomby,0.32,2011,https://www.e-voary.mg/tgrn/
FTMA Ambodipaiso (Sofia2652),Sofia / Bealanana / Ambovonomby,79.25,2015,https://www.e-voary.mg/tgrn/
TSARAFANDRAY (Sofia2680),Sofia / Bealanana / Ambovonomby,13.86,2014,https://www.e-voary.mg/tgrn/
FIAMA Analila (Sofia2644),Sofia / Bealanana / Analila,5.71,2009,https://www.e-voary.mg/tgrn/
FIMTIA Antilongo (Sofia3254),Sofia / Bealanana / Analila,2.35,2009,https://www.e-voary.mg/tgrn/
ALA AVOTRA (Sofia3755),Sofia / Bealanana / Anjozoromadosy,14.7,2014,https://www.e-voary.mg/tgrn/
FM3A (Sofia2617),Sofia / Bealanana / Anjozoromadosy,14.52,2014,https://www.e-voary.mg/tgrn/
FMFTA (Sofia2628),Sofia / Bealanana / Anjozoromadosy,75.12,2015,https://www.e-voary.mg/tgrn/
FMLAM (Sofia2629),Sofia / Bealanana / Anjozoromadosy,6.16,2014,https://www.e-voary.mg/tgrn/
FMTIAA (Sofia2626),Sofia / Bealanana / Anjozoromadosy,12.4,2014,https://www.e-voary.mg/tgrn/
FIMABA (Sofia3563),Sofia / Bealanana / Ankazotokana,5.2,2015,https://www.e-voary.mg/tgrn/
FMHTA Ankazotokana (Sofia2654),Sofia / Bealanana / Ankazotokana,9.78,2008,https://www.e-voary.mg/tgrn/
AMTI (Sofia3573),Sofia / Bealanana / Antananivo Haut,,,https://www.e-voary.mg/tgrn/
FIMAAM (Sofia3424),Sofia / Bealanana / Antananivo Haut,86.67,2016,https://www.e-voary.mg/tgrn/
FTIMA Antananivo (Sofia2625),Sofia / Bealanana / Antananivo Haut,21.98,2016,https://www.e-voary.mg/tgrn/
FIMAM Marofamara (Sofia3431),Sofia / Bealanana / Bealanana,29.02,2015,https://www.e-voary.mg/tgrn/
FBM Bemanevika (Sofia3572),Sofia / Bealanana / Beandrarezona,,,https://www.e-voary.mg/tgrn/
FIMAKA (Sofia2637),Sofia / Bealanana / Beandrarezona,116.83,2020,https://www.e-voary.mg/tgrn/
MAROFOTSY/ANTRANOBE (Sofia2667),Sofia / Bealanana / Beandrarezona,43.5,2013,https://www.e-voary.mg/tgrn/
TSIFOHAZINA (Sofia2684),Sofia / Bealanana / Beandrarezona,39.0,2013,https://www.e-voary.mg/tgrn/
Tavony/Kialozoky (Sofia2677),Sofia / Bealanana / Beandrarezona,16.03,2016,https://www.e-voary.mg/tgrn/
ZALAHIBE (Sofia2694),Sofia / Bealanana / Beandrarezona,39.29,2011,https://www.e-voary.mg/tgrn/
F3ABM (Sofia2631),Sofia / Bealanana / Mangindrano,23.0,2016,https://www.e-voary.mg/tgrn/
FFA/3A (Sofia2632),Sofia / Bealanana / Mangindrano,46.26,2015,https://www.e-voary.mg/tgrn/
FIAMAA Ambohimanakana (Sofia3561),Sofia / Bealanana / Mangindrano,10.29,,https://www.e-voary.mg/tgrn/
FMM (Sofia2645),Sofia / Bealanana / Mangindrano,,,https://www.e-voary.mg/tgrn/
FSM (Sofia2649),Sofia / Bealanana / Mangindrano,29.83,,https://www.e-voary.mg/tgrn/
FTMS (Sofia3569),Sofia / Bealanana / Mangindrano,41.16,2015,https://www.e-voary.mg/tgrn/
FFMS Marotolana (Sofia2633),Sofia / Bealanana / Marotolana,5.0,2016,https://www.e-voary.mg/tgrn/
SANTATRA Sofia Marofamara (Sofia3632),Sofia / Bealanana / Marotolana,5.0,2020,https://www.e-voary.mg/tgrn/
SOFIA MANDROSO Andampy (Sofia3637),Sofia / Bealanana / Marotolana,5.0,2016,https://www.e-voary.mg/tgrn/
AMPIFY ALA (Sofia3575),Sofia / Befandriana Nord / Ankarongana,45.75,2009,https://www.e-voary.mg/tgrn/
FILA (Sofia3579),Sofia / Befandriana Nord / Ankarongana,52.87,2009,https://www.e-voary.mg/tgrn/
TMA (Sofia3586),Sofia / Befandriana Nord / Ankarongana,,2009,https://www.e-voary.mg/tgrn/
AMBALARIVO MANDROSO (Sofia2618),Sofia / Befandriana Nord / Antsakabary,,,https://www.e-voary.mg/tgrn/
AMBALAVANONA MAMOKATRA (Sofia2619),Sofia / Befandriana Nord / Antsakabary,,2006,https://www.e-voary.mg/tgrn/
ATF Ambalasoa (Sofia2657),Sofia / Befandriana Nord / Antsakabary,,,https://www.e-voary.mg/tgrn/
EZAKA (Sofia3576),Sofia / Befandriana Nord / Antsakabary,,2009,https://www.e-voary.mg/tgrn/
FITAM Antsirabe (Sofia3267),Sofia / Befandriana Nord / Antsakabary,14.15,2021,https://www.e-voary.mg/tgrn/
LTA (Sofia3583),Sofia / Befandriana Nord / Antsakabary,23.83,2006,https://www.e-voary.mg/tgrn/
VOHIMARO (Sofia2691),Sofia / Befandriana Nord / Antsakabary,49.81,2006,https://www.e-voary.mg/tgrn/
FFMS Bemanevika (Sofia3592),Sofia / Befandriana Nord / BELALONA,10.6136,2009,https://www.e-voary.mg/tgrn/
FIMAMI Ambavala (Sofia3580),Sofia / Befandriana Nord / BELALONA,18.5156,2009,https://www.e-voary.mg/tgrn/
FMTI Marojao (Sofia3581),Sofia / Befandriana Nord / BELALONA,14.8253,2009,https://www.e-voary.mg/tgrn/
FVMA (Sofia3582),Sofia / Befandriana Nord / BELALONA,43.1228,2009,https://www.e-voary.mg/tgrn/
RAVINALA Fiadanana (Sofia3584),Sofia / Befandriana Nord / BELALONA,10.9398,2009,https://www.e-voary.mg/tgrn/
AMPARIHY (Sofia2620),Sofia / Befandriana Nord / Matsondakana,,,https://www.e-voary.mg/tgrn/
FFTI Andranomena (Sofia3577),Sofia / Befandriana Nord / Matsondakana,72.97,2009,https://www.e-voary.mg/tgrn/
FTA (Sofia2650),Sofia / Befandriana Nord / Matsondakana,,,https://www.e-voary.mg/tgrn/
TARATRA Ambodihazoambo (Sofia2675),Sofia / Mampikony / Ambodihazoambo,18.38,2008,https://www.e-voary.mg/tgrn/
ANTILAHY MIHETSIKA (Sofia2623),Sofia / Mampikony / Bekoratsaka,,2001,https://www.e-voary.mg/tgrn/
LOHARANO (Sofia2658),Sofia / Mampikony / Mampikony II,,2007,https://www.e-voary.mg/tgrn/
MENDRIKA (Sofia3618),Sofia / Mampikony / Mampikony II,48.54,,https://www.e-voary.mg/tgrn/
ALA MAINTSO (Sofia3574),Sofia / Mandritsara / Ambilombe,20.55,2009,https://www.e-voary.mg/tgrn/
AMA (Sofia3587),Sofia / Mandritsara / Ambilombe,,2013,https://www.e-voary.mg/tgrn/
FFAVA (Sofia3590),Sofia / Mandritsara / Ambilombe,,,https://www.e-voary.mg/tgrn/
LMTI (Sofia3588),Sofia / Mandritsara / Ambilombe,68.08,2013,https://www.e-voary.mg/tgrn/
FIARO Ambodiriana (Sofia2634),Sofia / Mandritsara / Ampatakamaroreny,57.11,2017,https://www.e-voary.mg/tgrn/
HAVANA (Sofia3448),Sofia / Port-Berge (Boriziny-Vaovao) / Ambodimahabibo,15.0965,2017,https://www.e-voary.mg/tgrn/
FTMA Andrimbavontsona (Sofia3440),Sofia / Port-Berge (Boriziny-Vaovao) / Port Berge II,2.0,2002,https://www.e-voary.mg/tgrn/
KOLOHARENA AVOTRA (Sofia2656),Sofia / Port-Berge (Boriziny-Vaovao) / Tsarahasina,6.6875,2009,https://www.e-voary.mg/tgrn/
AKM (Sofia3555),Sofia / Port-Berge (Boriziny-Vaovao) / Tsaratanana I,,2022,https://www.e-voary.mg/tgrn/
ATF Anjiajia (Sofia3557),Sofia / Port-Berge (Boriziny-Vaovao) / Tsaratanana I,,2022,https://www.e-voary.mg/tgrn/
TTN (Sofia3554),Sofia / Port-Berge (Boriziny-Vaovao) / Tsaratanana I,,2022,https://www.e-voary.mg/tgrn/
ZAMTI (Sofia3556),Sofia / Port-Berge (Boriziny-Vaovao) / Tsaratanana I,,2022,https://www.e-voary.mg/tgrn/
FMTIA (Sofia2621),Sofia / Port-Berge (Boriziny-Vaovao) / Tsiningia,116.06,2012,https://www.e-voary.mg/tgrn/
MILAZARA (Sofia3591),Sofia / Port-Berge (Boriziny-Vaovao) / Tsiningia,25.36,2009,https://www.e-voary.mg/tgrn/
FITIAVANA TONTOLO IAINANA (VKNKT3392),Vakinankaratra / Ambatolampy / Antanamalaza,6.82,2018,https://www.e-voary.mg/tgrn/
LOVASOA (VKNKT3364),Vakinankaratra / Ambatolampy / Sabotsy Namatoana,5.4247,2011,https://www.e-voary.mg/tgrn/
MIANDRISOA (VKNKT3369),Vakinankaratra / Ambatolampy / Sabotsy Namatoana,0.4779,2011,https://www.e-voary.mg/tgrn/
SOANAFINDRA (VKNKT3370),Vakinankaratra / Ambatolampy / Sabotsy Namatoana,4.05,2011,https://www.e-voary.mg/tgrn/
MALAIMISARAKA (VKNKT3366),Vakinankaratra / Ambatolampy / Tsiafajavona Ankaratra,6.64,2011,https://www.e-voary.mg/tgrn/
MEVA (VKNKT3368),Vakinankaratra / Ambatolampy / Tsiafajavona Ankaratra,2.9,2011,https://www.e-voary.mg/tgrn/
TARATRA (VKNKT3373),Vakinankaratra / Ambatolampy / Tsiafajavona Ankaratra,4.23,2011,https://www.e-voary.mg/tgrn/
TSIRIRY (VKNKT3374),Vakinankaratra / Ambatolampy / Tsiafajavona Ankaratra,2.6,2011,https://www.e-voary.mg/tgrn/
VIKINA (VKNKT3376),Vakinankaratra / Ambatolampy / Tsiafajavona Ankaratra,7.72,2011,https://www.e-voary.mg/tgrn/
EZAKA SOA MAITSO (VKNKT3396),Vakinankaratra / Ambatolampy / Tsinjoarivo,49.05,2019,https://www.e-voary.mg/tgrn/
FITSINJO (VKNKT3394),Vakinankaratra / Ambatolampy / Tsinjoarivo,16.76,2019,https://www.e-voary.mg/tgrn/
VOI FANANTENANA MAITSO (VKNKT3395),Vakinankaratra / Ambatolampy / Tsinjoarivo,33.86,2019,https://www.e-voary.mg/tgrn/
FANANTENANA (VKNKT2810),Vakinankaratra / Antanifotsy / Ambohitompoina,54.62,2011,https://www.e-voary.mg/tgrn/
FIRAISANKINA (VKNKT3296),Vakinankaratra / Antanifotsy / Ambohitompoina,28.11,2005,https://www.e-voary.mg/tgrn/
EZAKA (VKNKT3289),Vakinankaratra / Antanifotsy / Antsampandrano,5.91,2011,https://www.e-voary.mg/tgrn/
FIVOARANA (VKNKT3294),Vakinankaratra / Antanifotsy / Antsampandrano,27.56,2011,https://www.e-voary.mg/tgrn/
IMAITSOANALA (VKNKT3297),Vakinankaratra / Antanifotsy / Antsampandrano,19.26,2011,https://www.e-voary.mg/tgrn/
VONDRONA (VKNKT3287),Vakinankaratra / Antanifotsy / Antsampandrano,39.03,2011,https://www.e-voary.mg/tgrn/
FANANTENANA Antenina (VKNKT3299),Vakinankaratra / Antanifotsy / Belanitra,12.43,2009,https://www.e-voary.mg/tgrn/
TARATRY NY ALA (VKNKT3295),Vakinankaratra / Antanifotsy / Belanitra,34.82,2009,https://www.e-voary.mg/tgrn/
TSARATANTANA (VKNKT3298),Vakinankaratra / Antanifotsy / Belanitra,5.6,2012,https://www.e-voary.mg/tgrn/
TAMIA (Tatamo Miray Andranobe) (VKNKT2829),Vakinankaratra / Antsirabe I / Antsirabe I,0.31,2015,https://www.e-voary.mg/tgrn/
FANARENANA I (VKNKT2813),Vakinankaratra / Antsirabe II / Ambohibary,5.27,2010,https://www.e-voary.mg/tgrn/
FANARENANTSOA (VKNKT3425),Vakinankaratra / Antsirabe II / Antsoatany,1.0,2015,https://www.e-voary.mg/tgrn/
FAM (Fikambanana ALA MAITSO) (VKNKT2807),Vakinankaratra / Faratsiho / Ramainandro,7.37,2009,https://www.e-voary.mg/tgrn/
FANEVA (VKNKT3276),Vakinankaratra / Faratsiho / Ramainandro,2.92,2009,https://www.e-voary.mg/tgrn/
FTMT (Fikambanan'ny Tantsaha Miaro ny Tontolo iainana) (VKNKT3282),Vakinankaratra / Faratsiho / Ramainandro,5.17,2009,https://www.e-voary.mg/tgrn/
IFIVIA (Iray Fo Iray Vatsy Iray Aina) (VKNKT3280),Vakinankaratra / Faratsiho / Ramainandro,5.92,2009,https://www.e-voary.mg/tgrn/
MITAFA (Mitsinjo ny Taranaka Faramandimby) (VKNKT3270),Vakinankaratra / Faratsiho / Ramainandro,5.89,2009,https://www.e-voary.mg/tgrn/
TSIMIALONJAFY (VKNKT3255),Vakinankaratra / Mandoto / Mandoto,3.6665,2019,https://www.e-voary.mg/tgrn/
TANTSAHA MIJORO (V7V2783),Vatovavy Fitovinany / Ifanadiana / Ambohimiera,21.24,2014,https://www.e-voary.mg/tgrn/
TSIRY AGN'ALA (V7V2793),Vatovavy Fitovinany / Ifanadiana / Ambohimiera,7.12,2014,https://www.e-voary.mg/tgrn/
FANILO (V7V2710),Vatovavy Fitovinany / Ifanadiana / Fasintsara,48.68,2012,https://www.e-voary.mg/tgrn/
HAINGON'NY ALA (V7V2729),Vatovavy Fitovinany / Ifanadiana / Fasintsara,20.3282,2012,https://www.e-voary.mg/tgrn/
TSARATANTANA (V7V2791),Vatovavy Fitovinany / Ifanadiana / Fasintsara,6.28,2012,https://www.e-voary.mg/tgrn/
RANOMENA (V7V3829),Vatovavy Fitovinany / Ifanadiana / Kelilalina,12.72,2023,https://www.e-voary.mg/tgrn/
MIOMBON'EZAKA (V7V2769),Vatovavy Fitovinany / Ifanadiana / Maroharatra,12.1635,2015,https://www.e-voary.mg/tgrn/
MITSINJO (V7V3471),Vatovavy Fitovinany / Ifanadiana / Ranomafana,4.4013,2020,https://www.e-voary.mg/tgrn/
MANIRISOA (V7V3621),Vatovavy Fitovinany / Ifanadiana / Tsaratanana,6.15,2020,https://www.e-voary.mg/tgrn/
MIARADIA (V7V2763),Vatovavy Fitovinany / Ifanadiana / Tsaratanana,9.3944,2016,https://www.e-voary.mg/tgrn/
SAMIVAR (V7V2778),Vatovavy Fitovinany / Ifanadiana / Tsaratanana,22.43,2018,https://www.e-voary.mg/tgrn/
ALAMPO (V7V2696),Vatovavy Fitovinany / Ikongo / Ambatofotsy,17.05,2003,https://www.e-voary.mg/tgrn/
RANOMBY (V7V2773),Vatovavy Fitovinany / Ikongo / Ambatofotsy,47.1125,2003,https://www.e-voary.mg/tgrn/
ALA MANITRA (V7V2695),Vatovavy Fitovinany / Ikongo / Ambolomadinika,7.32,2014,https://www.e-voary.mg/tgrn/
MAHATSINJO (V7V2747),Vatovavy Fitovinany / Ikongo / Ambolomadinika,7.15,2005,https://www.e-voary.mg/tgrn/
MAROALALA (V7V2757),Vatovavy Fitovinany / Ikongo / Ambolomadinika,6.48,2003,https://www.e-voary.mg/tgrn/
MIAVOTENA (V7V2766),Vatovavy Fitovinany / Ikongo / Ambolomadinika,29.8,2005,https://www.e-voary.mg/tgrn/
SAMBATRA (V7V2776),Vatovavy Fitovinany / Ikongo / Ambolomadinika,20.6,2003,https://www.e-voary.mg/tgrn/
FIRAISANTSOA (V7V2719),Vatovavy Fitovinany / Ikongo / Ankarimbelo,27.28,2009,https://www.e-voary.mg/tgrn/
INGIDY (V7V2732),Vatovavy Fitovinany / Ikongo / Ankarimbelo,15.2,2009,https://www.e-voary.mg/tgrn/
LOHAONY-MATITANANA (V7V2736),Vatovavy Fitovinany / Ikongo / Ankarimbelo,56.81,2009,https://www.e-voary.mg/tgrn/
MAINTIMBAHITRA (V7V2748),Vatovavy Fitovinany / Ikongo / Ankarimbelo,32.36,2009,https://www.e-voary.mg/tgrn/
TRATRAMBE (V7V2788),Vatovavy Fitovinany / Ikongo / Ankarimbelo,22.6,2009,https://www.e-voary.mg/tgrn/
VINANINONY (V7V2796),Vatovavy Fitovinany / Ikongo / Ankarimbelo,30.89,2009,https://www.e-voary.mg/tgrn/
ZAFINDRAHARAHA (V7V2804),Vatovavy Fitovinany / Ikongo / Ankarimbelo,25.63,2009,https://www.e-voary.mg/tgrn/
ZAFINDRAMASY (V7V2805),Vatovavy Fitovinany / Ikongo / Ankarimbelo,25.36,2009,https://www.e-voary.mg/tgrn/
MAMIA (V7V2751),Vatovavy Fitovinany / Ikongo / Antodinga,4.71,2014,https://www.e-voary.mg/tgrn/
ALA MAMIRATRA (V7V3635),Vatovavy Fitovinany / Ikongo / Ikongo,7.32,2002,https://www.e-voary.mg/tgrn/
ANALAMANITRA (V7V2702),Vatovavy Fitovinany / Ikongo / Ikongo,6.9114,2002,https://www.e-voary.mg/tgrn/
FARITRA (V7V2711),Vatovavy Fitovinany / Ikongo / Ikongo,3.71,2012,https://www.e-voary.mg/tgrn/
ISITRAKE (V7V2733),Vatovavy Fitovinany / Ikongo / Ikongo,9.71,2003,https://www.e-voary.mg/tgrn/
MANEVA (V7V2756),Vatovavy Fitovinany / Ikongo / Ikongo,3.03,2002,https://www.e-voary.mg/tgrn/
MIRAY (V7V3506),Vatovavy Fitovinany / Ikongo / Ikongo,9.56,2003,https://www.e-voary.mg/tgrn/
TAHIRY (V7V2782),Vatovavy Fitovinany / Ikongo / Ikongo,7.19,2003,https://www.e-voary.mg/tgrn/
TARATRA (V7V2785),Vatovavy Fitovinany / Ikongo / Ikongo,6.16,2003,https://www.e-voary.mg/tgrn/
ZANASAKANA (V7V3626),Vatovavy Fitovinany / Ikongo / Maromiandra,60.897,2005,https://www.e-voary.mg/tgrn/
FI.MA.AVO (V7V2712),Vatovavy Fitovinany / Ikongo / Tolongoina,7.7383,2002,https://www.e-voary.mg/tgrn/
FIAMi (V7V2715),Vatovavy Fitovinany / Ikongo / Tolongoina,7.34,2003,https://www.e-voary.mg/tgrn/
FIARENANA (V7V2716),Vatovavy Fitovinany / Ikongo / Tolongoina,4.69,2003,https://www.e-voary.mg/tgrn/
FIMAA (V7V2718),Vatovavy Fitovinany / Ikongo / Tolongoina,12.81,2002,https://www.e-voary.mg/tgrn/
FITEHIMA (V7V2722),Vatovavy Fitovinany / Ikongo / Tolongoina,13.8922,2001,https://www.e-voary.mg/tgrn/
FTMH (V7V2726),Vatovavy Fitovinany / Ikongo / Tolongoina,4.6351,2003,https://www.e-voary.mg/tgrn/
FTMM (V7V2727),Vatovavy Fitovinany / Ikongo / Tolongoina,4.72,2002,https://www.e-voary.mg/tgrn/
FTMTI (V7V2728),Vatovavy Fitovinany / Ikongo / Tolongoina,13.9516,2001,https://www.e-voary.mg/tgrn/
MAINTSO AN'ALA (V7V3427),Vatovavy Fitovinany / Ikongo / Tolongoina,8.2384,2002,https://www.e-voary.mg/tgrn/
MIARAMIENTANA (V7V2764),Vatovavy Fitovinany / Ikongo / Tolongoina,11.93,2002,https://www.e-voary.mg/tgrn/
MILA EZAKA (V7V2768),Vatovavy Fitovinany / Ikongo / Tolongoina,3.3019,2003,https://www.e-voary.mg/tgrn/
SOAMIRAY (V7V2780),Vatovavy Fitovinany / Ikongo / Tolongoina,3.01,2007,https://www.e-voary.mg/tgrn/
TAFITA (V7V2781),Vatovavy Fitovinany / Ikongo / Tolongoina,10.4,2003,https://www.e-voary.mg/tgrn/
TEZA (V7V2770),Vatovavy Fitovinany / Ikongo / Tolongoina,2.41,2003,https://www.e-voary.mg/tgrn/
MAHARITRA (V7V2743),Vatovavy Fitovinany / Manakara Atsimo / Ambila,4.39,2004,https://www.e-voary.mg/tgrn/
LOVANJAFY (V7V2738),Vatovavy Fitovinany / Manakara Atsimo / Ambotaka,5.1971,2003,https://www.e-voary.mg/tgrn/
LOVAMAHARITRA (V7V2737),Vatovavy Fitovinany / Manakara Atsimo / Mizilo Gara,2.0926,2004,https://www.e-voary.mg/tgrn/
MAROHAVANA (V7V2759),Vatovavy Fitovinany / Manakara Atsimo / Vohimasina Nord,29.4695,2003,https://www.e-voary.mg/tgrn/
MAHARITRA IDIMBIASANJAFY (V7V2745),Vatovavy Fitovinany / Manakara Atsimo / Vohimasina Sud,5.7048,2003,https://www.e-voary.mg/tgrn/
AMBINANIMATY (V7V2698),Vatovavy Fitovinany / Mananjary / Ambohitsara Est,1.5307,2005,https://www.e-voary.mg/tgrn/
RAMIAVONA (V7V2772),Vatovavy Fitovinany / Mananjary / Ankatafana,131.4118,2004,https://www.e-voary.mg/tgrn/
MAHARITRA (V7V2744),Vatovavy Fitovinany / Mananjary / Anosimparihy,10.93,2007,https://www.e-voary.mg/tgrn/
TARATR'I VATOVAVY (V7V3274),Vatovavy Fitovinany / Mananjary / Kianjavato,32.48,2019,https://www.e-voary.mg/tgrn/
TONTOLO MAINTSO (V7V3631),Vatovavy Fitovinany / Mananjary / Kianjavato,15.23,2020,https://www.e-voary.mg/tgrn/
TSITOLA (V7V2794),Vatovavy Fitovinany / Mananjary / Kianjavato,31.027,2018,https://www.e-voary.mg/tgrn/
VONONA (V7V2803),Vatovavy Fitovinany / Mananjary / Mahatsara Sud,2.617,2008,https://www.e-voary.mg/tgrn/
ROSO (V7V2774),Vatovavy Fitovinany / Mananjary / Morafeno,0.49,2008,https://www.e-voary.mg/tgrn/
TSIMANAVAKA (V7V3830),Vatovavy Fitovinany / Mananjary / Sandrohy,37.47,2023,https://www.e-voary.mg/tgrn/
SAMBATRA (V7V2775),Vatovavy Fitovinany / Mananjary / Tsaravary,33.52,2003,https://www.e-voary.mg/tgrn/
LOVASOA (V7V2739),Vatovavy Fitovinany / Mananjary / Vohilava,72.95,2004,https://www.e-voary.mg/tgrn/
ANALALAVA (V7V2701),Vatovavy Fitovinany / Nosy-Varika / Ambahy,11.0,2005,https://www.e-voary.mg/tgrn/
KOVOKA (V7V2735),Vatovavy Fitovinany / Nosy-Varika / Ambodilafa,3.46,2017,https://www.e-voary.mg/tgrn/
SIMPONA (V7V2779),Vatovavy Fitovinany / Nosy-Varika / Ambodilafa,15.1,2017,https://www.e-voary.mg/tgrn/
ETOILE (V7V2708),Vatovavy Fitovinany / Nosy-Varika / Ampasinambo,51.5,2017,https://www.e-voary.mg/tgrn/
ADM (V7V3622),Vatovavy Fitovinany / Nosy-Varika / Angodongodona,74.3281,2015,https://www.e-voary.mg/tgrn/
LOVASOA (V7V2740),Vatovavy Fitovinany / Nosy-Varika / Antanambao,6.0,2015,https://www.e-voary.mg/tgrn/
