nom,subdivision,surface_km2,annee,source_url
青森市浅虫財産区,"青森市, 青森県",,,https://www.houjin-bangou.nta.go.jp/setsumei/images/property_ward.pdf
青森市久栗坂財産区,"青森市, 青森県",,,https://www.houjin-bangou.nta.go.jp/setsumei/images/property_ward.pdf
青森市荒川財産区,"青森市, 青森県",,,https://www.houjin-bangou.nta.go.jp/setsumei/images/property_ward.pdf
青森市高田財産区,"青森市, 青森県",,,https://www.houjin-bangou.nta.go.jp/setsumei/images/property_ward.pdf
青森市枡形財産区,"青森市, 青森県",,,https://www.houjin-bangou.nta.go.jp/setsumei/images/property_ward.pdf
青森市雲谷財産区,"青森市, 青森県",,,https://www.houjin-bangou.nta.go.jp/setsumei/images/property_ward.pdf
青森市合子沢財産区,"青森市, 青森県",,,https://www.houjin-bangou.nta.go.jp/setsumei/images/property_ward.pdf
青森市深沢第一財産区,"青森市, 青森県",,,https://www.houjin-bangou.nta.go.jp/setsumei/images/property_ward.pdf
青森市八重菊第一財産区,"青森市, 青森県",,,https://www.houjin-bangou.nta.go.jp/setsumei/images/property_ward.pdf
青森市八重菊第二財産区,"青森市, 青森県",,,https://www.houjin-bangou.nta.go.jp/setsumei/images/property_ward.pdf
青森市新城財産区,"青森市, 青森県",,,https://www.houjin-bangou.nta.go.jp/setsumei/images/property_ward.pdf
青森市野内財産区,"青森市, 青森県",,,https://www.houjin-bangou.nta.go.jp/setsumei/images/property_ward.pdf
青森市土橋財産区,"青森市, 青森県",,,https://www.houjin-bangou.nta.go.jp/setsumei/images/property_ward.pdf
青森市大平財産区,"青森市, 青森県",,,https://www.houjin-bangou.nta.go.jp/setsumei/images/property_ward.pdf
青森市孫内財産区,"青森市, 青森県",,,https://www.houjin-bangou.nta.go.jp/setsumei/images/property_ward.pdf
青森市大字高田財産区,"青森市, 青森県",,,https://www.houjin-bangou.nta.go.jp/setsumei/images/property_ward.pdf
青森市大字石江財産区,"青森市, 青森県",,,https://www.houjin-bangou.nta.go.jp/setsumei/images/property_ward.pdf
青森市安田財産区,"青森市, 青森県",,,https://www.houjin-bangou.nta.go.jp/setsumei/images/property_ward.pdf
青森市大別内財産区,"青森市, 青森県",,,https://www.houjin-bangou.nta.go.jp/setsumei/images/property_ward.pdf
青森市七ケ大字財産区,"青森市, 青森県",,,https://www.houjin-bangou.nta.go.jp/setsumei/images/property_ward.pdf
青森市大字野沢財産区,"青森市, 青森県",,,https://www.houjin-bangou.nta.go.jp/setsumei/images/property_ward.pdf
青森市金浜財産区,"青森市, 青森県",,,https://www.houjin-bangou.nta.go.jp/setsumei/images/property_ward.pdf
青森市深沢第二財産区,"青森市, 青森県",,,https://www.houjin-bangou.nta.go.jp/setsumei/images/property_ward.pdf
青森市大字荒川財産区,"青森市, 青森県",,,https://www.houjin-bangou.nta.go.jp/setsumei/images/property_ward.pdf
青森市八ツ役財産区,"青森市, 青森県",,,https://www.houjin-bangou.nta.go.jp/setsumei/images/property_ward.pdf
青森市上野財産区,"青森市, 青森県",,,https://www.houjin-bangou.nta.go.jp/setsumei/images/property_ward.pdf
青森市野木財産区,"青森市, 青森県",,,https://www.houjin-bangou.nta.go.jp/setsumei/images/property_ward.pdf
青森市岩渡財産区,"青森市, 青森県",,,https://www.houjin-bangou.nta.go.jp/setsumei/images/property_ward.pdf
青森市前田財産区,"青森市, 青森県",,,https://www.houjin-bangou.nta.go.jp/setsumei/images/property_ward.pdf
青森市幸畑財産区,"青森市, 青森県",,,https://www.houjin-bangou.nta.go.jp/setsumei/images/property_ward.pdf
青森市小館財産区,"青森市, 青森県",,,https://www.houjin-bangou.nta.go.jp/setsumei/images/property_ward.pdf
青森市二ケ大字（後潟・四戸橋）財産区,"青森市, 青森県",,,https://www.houjin-bangou.nta.go.jp/setsumei/images/property_ward.pdf
青森市二ケ大字（築木館・諏訪沢）財産区,"青森市, 青森県",,,https://www.houjin-bangou.nta.go.jp/setsumei/images/property_ward.pdf
青森市清水財産区,"青森市, 青森県",,,https://www.houjin-bangou.nta.go.jp/setsumei/images/property_ward.pdf
青森市桐沢財産区,"青森市, 青森県",,,https://www.houjin-bangou.nta.go.jp/setsumei/images/property_ward.pdf
青森市大字六枚橋財産区,"青森市, 青森県",,,https://www.houjin-bangou.nta.go.jp/setsumei/images/property_ward.pdf
青森市大字岡町財産区,"青森市, 青森県",,,https://www.houjin-bangou.nta.go.jp/setsumei/images/property_ward.pdf
青森市横内財産区,"青森市, 青森県",,,https://www.houjin-bangou.nta.go.jp/setsumei/images/property_ward.pdf
青森市大字滝沢財産区,"青森市, 青森県",,,https://www.houjin-bangou.nta.go.jp/setsumei/images/property_ward.pdf
青森市浪岡財産区,"青森市, 青森県",,,https://www.houjin-bangou.nta.go.jp/setsumei/images/property_ward.pdf
青森市五本松財産区,"青森市, 青森県",,,https://www.houjin-bangou.nta.go.jp/setsumei/images/property_ward.pdf
青森市北中野財産区,"青森市, 青森県",,,https://www.houjin-bangou.nta.go.jp/setsumei/images/property_ward.pdf
青森市細野財産区,"青森市, 青森県",,,https://www.houjin-bangou.nta.go.jp/setsumei/images/property_ward.pdf
青森市女鹿沢財産区,"青森市, 青森県",,,https://www.houjin-bangou.nta.go.jp/setsumei/images/property_ward.pdf
青森市本郷財産区,"青森市, 青森県",,,https://www.houjin-bangou.nta.go.jp/setsumei/images/property_ward.pdf
青森市大字飛鳥財産区,"青森市, 青森県",,,https://www.houjin-bangou.nta.go.jp/setsumei/images/property_ward.pdf
青森市大字油川財産区,"青森市, 青森県",,,https://www.houjin-bangou.nta.go.jp/setsumei/images/property_ward.pdf
青森市大字泉野財産区,"青森市, 青森県",,,https://www.houjin-bangou.nta.go.jp/setsumei/images/property_ward.pdf
青森市大字後潟財産区,"青森市, 青森県",,,https://www.houjin-bangou.nta.go.jp/setsumei/images/property_ward.pdf
青森市大字後萢財産区,"青森市, 青森県",,,https://www.houjin-bangou.nta.go.jp/setsumei/images/property_ward.pdf
青森市大字内真部財産区,"青森市, 青森県",,,https://www.houjin-bangou.nta.go.jp/setsumei/images/property_ward.pdf
青森市大字浦町字奥野財産区,"青森市, 青森県",,,https://www.houjin-bangou.nta.go.jp/setsumei/images/property_ward.pdf
青森市大字大谷財産区,"青森市, 青森県",,,https://www.houjin-bangou.nta.go.jp/setsumei/images/property_ward.pdf
青森市大字大野財産区,"青森市, 青森県",,,https://www.houjin-bangou.nta.go.jp/setsumei/images/property_ward.pdf
青森市大字大矢沢財産区,"青森市, 青森県",,,https://www.houjin-bangou.nta.go.jp/setsumei/images/property_ward.pdf
青森市大字奥内財産区,"青森市, 青森県",,,https://www.houjin-bangou.nta.go.jp/setsumei/images/property_ward.pdf
青森市大字桑原財産区,"青森市, 青森県",,,https://www.houjin-bangou.nta.go.jp/setsumei/images/property_ward.pdf
青森市五ケ大字（入内・野沢・小館・荒川・大野）財産区,"青森市, 青森県",,,https://www.houjin-bangou.nta.go.jp/setsumei/images/property_ward.pdf
青森市大字駒込財産区,"青森市, 青森県",,,https://www.houjin-bangou.nta.go.jp/setsumei/images/property_ward.pdf
青森市大字小橋財産区,"青森市, 青森県",,,https://www.houjin-bangou.nta.go.jp/setsumei/images/property_ward.pdf
青森市三ケ大字（野沢・荒川・大野）財産区,"青森市, 青森県",,,https://www.houjin-bangou.nta.go.jp/setsumei/images/property_ward.pdf
青森市大字沢山財産区,"青森市, 青森県",,,https://www.houjin-bangou.nta.go.jp/setsumei/images/property_ward.pdf
青森市大字三内財産区,"青森市, 青森県",,,https://www.houjin-bangou.nta.go.jp/setsumei/images/property_ward.pdf
青森市大字三本木財産区,"青森市, 青森県",,,https://www.houjin-bangou.nta.go.jp/setsumei/images/property_ward.pdf
青森市大字四戸橋財産区,"青森市, 青森県",,,https://www.houjin-bangou.nta.go.jp/setsumei/images/property_ward.pdf
青森市十二ケ大字財産区,"青森市, 青森県",,,https://www.houjin-bangou.nta.go.jp/setsumei/images/property_ward.pdf
青森市大字新町野財産区,"青森市, 青森県",,,https://www.houjin-bangou.nta.go.jp/setsumei/images/property_ward.pdf
青森市大字諏訪沢財産区,"青森市, 青森県",,,https://www.houjin-bangou.nta.go.jp/setsumei/images/property_ward.pdf
青森市大字瀬戸子財産区,"青森市, 青森県",,,https://www.houjin-bangou.nta.go.jp/setsumei/images/property_ward.pdf
青森市大字田茂木野財産区,"青森市, 青森県",,,https://www.houjin-bangou.nta.go.jp/setsumei/images/property_ward.pdf
青森市大字築木館財産区,"青森市, 青森県",,,https://www.houjin-bangou.nta.go.jp/setsumei/images/property_ward.pdf
青森市大字造道財産区,"青森市, 青森県",,,https://www.houjin-bangou.nta.go.jp/setsumei/images/property_ward.pdf
青森市大字筒井財産区,"青森市, 青森県",,,https://www.houjin-bangou.nta.go.jp/setsumei/images/property_ward.pdf
青森市大字戸崎財産区,"青森市, 青森県",,,https://www.houjin-bangou.nta.go.jp/setsumei/images/property_ward.pdf
青森市大字戸山財産区,"青森市, 青森県",,,https://www.houjin-bangou.nta.go.jp/setsumei/images/property_ward.pdf
青森市七ケ大字（戸山・古館・沢山・浜館・松森・田屋敷・駒込）財産区,"青森市, 青森県",,,https://www.houjin-bangou.nta.go.jp/setsumei/images/property_ward.pdf
青森市二ケ大字（牛館・新町野）財産区,"青森市, 青森県",,,https://www.houjin-bangou.nta.go.jp/setsumei/images/property_ward.pdf
青森市二ケ大字（合子沢・新町野）財産区,"青森市, 青森県",,,https://www.houjin-bangou.nta.go.jp/setsumei/images/property_ward.pdf
青森市二ケ大字（高田・小館）財産区,"青森市, 青森県",,,https://www.houjin-bangou.nta.go.jp/setsumei/images/property_ward.pdf
青森市二ケ大字（四ツ石・野尻）財産区,"青森市, 青森県",,,https://www.houjin-bangou.nta.go.jp/setsumei/images/property_ward.pdf
青森市大字西田沢財産区,"青森市, 青森県",,,https://www.houjin-bangou.nta.go.jp/setsumei/images/property_ward.pdf
青森市大字入内財産区,"青森市, 青森県",,,https://www.houjin-bangou.nta.go.jp/setsumei/images/property_ward.pdf
青森市大字野尻財産区,"青森市, 青森県",,,https://www.houjin-bangou.nta.go.jp/setsumei/images/property_ward.pdf
青森市大字浜田財産区,"青森市, 青森県",,,https://www.houjin-bangou.nta.go.jp/setsumei/images/property_ward.pdf
青森市大字左堰財産区,"青森市, 青森県",,,https://www.houjin-bangou.nta.go.jp/setsumei/images/property_ward.pdf
青森市大字古館財産区,"青森市, 青森県",,,https://www.houjin-bangou.nta.go.jp/setsumei/images/property_ward.pdf
青森市大字細越財産区,"青森市, 青森県",,,https://www.houjin-bangou.nta.go.jp/setsumei/images/property_ward.pdf
青森市大字馬屋尻財産区,"青森市, 青森県",,,https://www.houjin-bangou.nta.go.jp/setsumei/images/property_ward.pdf
青森市大字宮田財産区,"青森市, 青森県",,,https://www.houjin-bangou.nta.go.jp/setsumei/images/property_ward.pdf
青森市大字矢田財産区,"青森市, 青森県",,,https://www.houjin-bangou.nta.go.jp/setsumei/images/property_ward.pdf
青森市大字矢田前財産区,"青森市, 青森県",,,https://www.houjin-bangou.nta.go.jp/setsumei/images/property_ward.pdf
青森市大字八幡林財産区,"青森市, 青森県",,,https://www.houjin-bangou.nta.go.jp/setsumei/images/property_ward.pdf
青森市大字四ツ石財産区,"青森市, 青森県",,,https://www.houjin-bangou.nta.go.jp/setsumei/images/property_ward.pdf
青森市四ケ大字（大字荒川・八ツ役・金浜・上野）財産区,"青森市, 青森県",,,https://www.houjin-bangou.nta.go.jp/setsumei/images/property_ward.pdf
青森市大字小柳財産区,"青森市, 青森県",,,https://www.houjin-bangou.nta.go.jp/setsumei/images/property_ward.pdf
弘前市茂森新町財産区,"弘前市, 青森県",,,https://www.houjin-bangou.nta.go.jp/setsumei/images/property_ward.pdf
弘前市北横町財産区,"弘前市, 青森県",,,https://www.houjin-bangou.nta.go.jp/setsumei/images/property_ward.pdf
弘前市河原町財産区,"弘前市, 青森県",,,https://www.houjin-bangou.nta.go.jp/setsumei/images/property_ward.pdf
弘前市清水富田財産区,"弘前市, 青森県",,,https://www.houjin-bangou.nta.go.jp/setsumei/images/property_ward.pdf
弘前市坂元財産区,"弘前市, 青森県",,,https://www.houjin-bangou.nta.go.jp/setsumei/images/property_ward.pdf
弘前市悪戸財産区,"弘前市, 青森県",,,https://www.houjin-bangou.nta.go.jp/setsumei/images/property_ward.pdf
弘前市下湯口財産区,"弘前市, 青森県",,,https://www.houjin-bangou.nta.go.jp/setsumei/images/property_ward.pdf
弘前市大久保財産区,"弘前市, 青森県",,,https://www.houjin-bangou.nta.go.jp/setsumei/images/property_ward.pdf
弘前市津賀野財産区,"弘前市, 青森県",,,https://www.houjin-bangou.nta.go.jp/setsumei/images/property_ward.pdf
弘前市向外瀬財産区,"弘前市, 青森県",,,https://www.houjin-bangou.nta.go.jp/setsumei/images/property_ward.pdf
弘前市小比内財産区,"弘前市, 青森県",,,https://www.houjin-bangou.nta.go.jp/setsumei/images/property_ward.pdf
弘前市福村財産区,"弘前市, 青森県",,,https://www.houjin-bangou.nta.go.jp/setsumei/images/property_ward.pdf
弘前市境関財産区,"弘前市, 青森県",,,https://www.houjin-bangou.nta.go.jp/setsumei/images/property_ward.pdf
弘前市門外財産区,"弘前市, 青森県",,,https://www.houjin-bangou.nta.go.jp/setsumei/images/property_ward.pdf
弘前市堀越財産区,"弘前市, 青森県",,,https://www.houjin-bangou.nta.go.jp/setsumei/images/property_ward.pdf
弘前市清水森財産区,"弘前市, 青森県",,,https://www.houjin-bangou.nta.go.jp/setsumei/images/property_ward.pdf
弘前市松木平財産区,"弘前市, 青森県",,,https://www.houjin-bangou.nta.go.jp/setsumei/images/property_ward.pdf
弘前市小栗山財産区,"弘前市, 青森県",,,https://www.houjin-bangou.nta.go.jp/setsumei/images/property_ward.pdf
弘前市原ケ平財産区,"弘前市, 青森県",,,https://www.houjin-bangou.nta.go.jp/setsumei/images/property_ward.pdf
弘前市大和沢財産区,"弘前市, 青森県",,,https://www.houjin-bangou.nta.go.jp/setsumei/images/property_ward.pdf
弘前市一野渡財産区,"弘前市, 青森県",,,https://www.houjin-bangou.nta.go.jp/setsumei/images/property_ward.pdf
弘前市狼森財産区,"弘前市, 青森県",,,https://www.houjin-bangou.nta.go.jp/setsumei/images/property_ward.pdf
弘前市石渡財産区,"弘前市, 青森県",,,https://www.houjin-bangou.nta.go.jp/setsumei/images/property_ward.pdf
弘前市船水財産区,"弘前市, 青森県",,,https://www.houjin-bangou.nta.go.jp/setsumei/images/property_ward.pdf
弘前市三世寺財産区,"弘前市, 青森県",,,https://www.houjin-bangou.nta.go.jp/setsumei/images/property_ward.pdf
弘前市中野財産区,"弘前市, 青森県",,,https://www.houjin-bangou.nta.go.jp/setsumei/images/property_ward.pdf
弘前市蒔苗財産区,"弘前市, 青森県",,,https://www.houjin-bangou.nta.go.jp/setsumei/images/property_ward.pdf
弘前市細越財産区,"弘前市, 青森県",,,https://www.houjin-bangou.nta.go.jp/setsumei/images/property_ward.pdf
弘前市折笠財産区,"弘前市, 青森県",,,https://www.houjin-bangou.nta.go.jp/setsumei/images/property_ward.pdf
弘前市宮舘財産区,"弘前市, 青森県",,,https://www.houjin-bangou.nta.go.jp/setsumei/images/property_ward.pdf
弘前市中別所財産区,"弘前市, 青森県",,,https://www.houjin-bangou.nta.go.jp/setsumei/images/property_ward.pdf
弘前市元薬師堂財産区,"弘前市, 青森県",,,https://www.houjin-bangou.nta.go.jp/setsumei/images/property_ward.pdf
弘前市高杉財産区,"弘前市, 青森県",,,https://www.houjin-bangou.nta.go.jp/setsumei/images/property_ward.pdf
弘前市糠坪財産区,"弘前市, 青森県",,,https://www.houjin-bangou.nta.go.jp/setsumei/images/property_ward.pdf
弘前市楢木財産区,"弘前市, 青森県",,,https://www.houjin-bangou.nta.go.jp/setsumei/images/property_ward.pdf
弘前市鬼沢財産区,"弘前市, 青森県",,,https://www.houjin-bangou.nta.go.jp/setsumei/images/property_ward.pdf
弘前市十面沢財産区,"弘前市, 青森県",,,https://www.houjin-bangou.nta.go.jp/setsumei/images/property_ward.pdf
弘前市十腰内財産区,"弘前市, 青森県",,,https://www.houjin-bangou.nta.go.jp/setsumei/images/property_ward.pdf
弘前市石川財産区,"弘前市, 青森県",,,https://www.houjin-bangou.nta.go.jp/setsumei/images/property_ward.pdf
弘前市小金崎財産区,"弘前市, 青森県",,,https://www.houjin-bangou.nta.go.jp/setsumei/images/property_ward.pdf
弘前市大沢財産区,"弘前市, 青森県",,,https://www.houjin-bangou.nta.go.jp/setsumei/images/property_ward.pdf
弘前市乳井財産区,"弘前市, 青森県",,,https://www.houjin-bangou.nta.go.jp/setsumei/images/property_ward.pdf
弘前市薬師堂財産区,"弘前市, 青森県",,,https://www.houjin-bangou.nta.go.jp/setsumei/images/property_ward.pdf
八戸市島守財産区,"八戸市, 青森県",,,https://www.houjin-bangou.nta.go.jp/setsumei/images/property_ward.pdf
黒石市赤坂財産区,"黒石市, 青森県",,,https://www.houjin-bangou.nta.go.jp/setsumei/images/property_ward.pdf
黒石市浅瀬石財産区,"黒石市, 青森県",,,https://www.houjin-bangou.nta.go.jp/setsumei/images/property_ward.pdf
黒石市石名坂財産区,"黒石市, 青森県",,,https://www.houjin-bangou.nta.go.jp/setsumei/images/property_ward.pdf
黒石市板留財産区,"黒石市, 青森県",,,https://www.houjin-bangou.nta.go.jp/setsumei/images/property_ward.pdf
黒石市沖浦財産区,"黒石市, 青森県",,,https://www.houjin-bangou.nta.go.jp/setsumei/images/property_ward.pdf
黒石市追子野木財産区,"黒石市, 青森県",,,https://www.houjin-bangou.nta.go.jp/setsumei/images/property_ward.pdf
黒石市上十川財産区,"黒石市, 青森県",,,https://www.houjin-bangou.nta.go.jp/setsumei/images/property_ward.pdf
黒石市上目内沢財産区,"黒石市, 青森県",,,https://www.houjin-bangou.nta.go.jp/setsumei/images/property_ward.pdf
黒石市上下山形財産区,"黒石市, 青森県",,,https://www.houjin-bangou.nta.go.jp/setsumei/images/property_ward.pdf
黒石市株梗木財産区,"黒石市, 青森県",,,https://www.houjin-bangou.nta.go.jp/setsumei/images/property_ward.pdf
黒石市高館財産区,"黒石市, 青森県",,,https://www.houjin-bangou.nta.go.jp/setsumei/images/property_ward.pdf
黒石市飛内財産区,"黒石市, 青森県",,,https://www.houjin-bangou.nta.go.jp/setsumei/images/property_ward.pdf
黒石市豊岡財産区,"黒石市, 青森県",,,https://www.houjin-bangou.nta.go.jp/setsumei/images/property_ward.pdf
黒石市中川財産区,"黒石市, 青森県",,,https://www.houjin-bangou.nta.go.jp/setsumei/images/property_ward.pdf
黒石市二庄内財産区,"黒石市, 青森県",,,https://www.houjin-bangou.nta.go.jp/setsumei/images/property_ward.pdf
黒石市温湯財産区,"黒石市, 青森県",,,https://www.houjin-bangou.nta.go.jp/setsumei/images/property_ward.pdf
黒石市花巻財産区,"黒石市, 青森県",,,https://www.houjin-bangou.nta.go.jp/setsumei/images/property_ward.pdf
黒石市東野添財産区,"黒石市, 青森県",,,https://www.houjin-bangou.nta.go.jp/setsumei/images/property_ward.pdf
黒石市東馬場尻財産区,"黒石市, 青森県",,,https://www.houjin-bangou.nta.go.jp/setsumei/images/property_ward.pdf
黒石市袋財産区,"黒石市, 青森県",,,https://www.houjin-bangou.nta.go.jp/setsumei/images/property_ward.pdf
黒石市牡丹平財産区,"黒石市, 青森県",,,https://www.houjin-bangou.nta.go.jp/setsumei/images/property_ward.pdf
黒石市南中野財産区,"黒石市, 青森県",,,https://www.houjin-bangou.nta.go.jp/setsumei/images/property_ward.pdf
前田野目財産区,"五所川原市, 青森県",,,https://www.houjin-bangou.nta.go.jp/setsumei/images/property_ward.pdf
野里財産区,"五所川原市, 青森県",,,https://www.houjin-bangou.nta.go.jp/setsumei/images/property_ward.pdf
原子、羽野木沢、俵元財産区,"五所川原市, 青森県",,,https://www.houjin-bangou.nta.go.jp/setsumei/images/property_ward.pdf
神山財産区,"五所川原市, 青森県",,,https://www.houjin-bangou.nta.go.jp/setsumei/images/property_ward.pdf
松野木財産区,"五所川原市, 青森県",,,https://www.houjin-bangou.nta.go.jp/setsumei/images/property_ward.pdf
戸沢財産区,"五所川原市, 青森県",,,https://www.houjin-bangou.nta.go.jp/setsumei/images/property_ward.pdf
嘉瀬財産区,"五所川原市, 青森県",,,https://www.houjin-bangou.nta.go.jp/setsumei/images/property_ward.pdf
喜良市財産区,"五所川原市, 青森県",,,https://www.houjin-bangou.nta.go.jp/setsumei/images/property_ward.pdf
相内財産区,"五所川原市, 青森県",,,https://www.houjin-bangou.nta.go.jp/setsumei/images/property_ward.pdf
脇元財産区,"五所川原市, 青森県",,,https://www.houjin-bangou.nta.go.jp/setsumei/images/property_ward.pdf
十三財産区,"五所川原市, 青森県",,,https://www.houjin-bangou.nta.go.jp/setsumei/images/property_ward.pdf
切田財産区,"十和田市, 青森県",,,https://www.houjin-bangou.nta.go.jp/setsumei/images/property_ward.pdf
深持財産区,"十和田市, 青森県",,,https://www.houjin-bangou.nta.go.jp/setsumei/images/property_ward.pdf
法量財産区,"十和田市, 青森県",,,https://www.houjin-bangou.nta.go.jp/setsumei/images/property_ward.pdf
奥瀬財産区,"十和田市, 青森県",,,https://www.houjin-bangou.nta.go.jp/setsumei/images/property_ward.pdf
沢田財産区,"十和田市, 青森県",,,https://www.houjin-bangou.nta.go.jp/setsumei/images/property_ward.pdf
出来島財産区,"つがる市, 青森県",,,https://www.houjin-bangou.nta.go.jp/setsumei/images/property_ward.pdf
丸山財産区,"つがる市, 青森県",,,https://www.houjin-bangou.nta.go.jp/setsumei/images/property_ward.pdf
館岡財産区,"つがる市, 青森県",,,https://www.houjin-bangou.nta.go.jp/setsumei/images/property_ward.pdf
筒木坂財産区,"つがる市, 青森県",,,https://www.houjin-bangou.nta.go.jp/setsumei/images/property_ward.pdf
唐竹財産区,"平川市, 青森県",,,https://www.houjin-bangou.nta.go.jp/setsumei/images/property_ward.pdf
尾崎財産区,"平川市, 青森県",,,https://www.houjin-bangou.nta.go.jp/setsumei/images/property_ward.pdf
新屋財産区,"平川市, 青森県",,,https://www.houjin-bangou.nta.go.jp/setsumei/images/property_ward.pdf
町居財産区,"平川市, 青森県",,,https://www.houjin-bangou.nta.go.jp/setsumei/images/property_ward.pdf
広船財産区,"平川市, 青森県",,,https://www.houjin-bangou.nta.go.jp/setsumei/images/property_ward.pdf
小和森財産区,"平川市, 青森県",,,https://www.houjin-bangou.nta.go.jp/setsumei/images/property_ward.pdf
大坊財産区,"平川市, 青森県",,,https://www.houjin-bangou.nta.go.jp/setsumei/images/property_ward.pdf
石郷財産区,"平川市, 青森県",,,https://www.houjin-bangou.nta.go.jp/setsumei/images/property_ward.pdf
岩館財産区,"平川市, 青森県",,,https://www.houjin-bangou.nta.go.jp/setsumei/images/property_ward.pdf
柏木町財産区,"平川市, 青森県",,,https://www.houjin-bangou.nta.go.jp/setsumei/images/property_ward.pdf
大字大光寺財産区,"平川市, 青森県",,,https://www.houjin-bangou.nta.go.jp/setsumei/images/property_ward.pdf
平田森財産区,"平川市, 青森県",,,https://www.houjin-bangou.nta.go.jp/setsumei/images/property_ward.pdf
新尾崎財産区,"平川市, 青森県",,,https://www.houjin-bangou.nta.go.jp/setsumei/images/property_ward.pdf
新館財産区,"平川市, 青森県",,,https://www.houjin-bangou.nta.go.jp/setsumei/images/property_ward.pdf
沖館財産区,"平川市, 青森県",,,https://www.houjin-bangou.nta.go.jp/setsumei/images/property_ward.pdf
葛川財産区,"平川市, 青森県",,,https://www.houjin-bangou.nta.go.jp/setsumei/images/property_ward.pdf
吹上・高畑財産区,"平川市, 青森県",,,https://www.houjin-bangou.nta.go.jp/setsumei/images/property_ward.pdf
原田財産区,"平川市, 青森県",,,https://www.houjin-bangou.nta.go.jp/setsumei/images/property_ward.pdf
館田財産区,"平川市, 青森県",,,https://www.houjin-bangou.nta.go.jp/setsumei/images/property_ward.pdf
荒田財産区,"平川市, 青森県",,,https://www.houjin-bangou.nta.go.jp/setsumei/images/property_ward.pdf
小杉・四ツ屋・石畑財産区,"平川市, 青森県",,,https://www.houjin-bangou.nta.go.jp/setsumei/images/property_ward.pdf
小国財産区,"平川市, 青森県",,,https://www.houjin-bangou.nta.go.jp/setsumei/images/property_ward.pdf
竹館財産区,"平川市, 青森県",,,https://www.houjin-bangou.nta.go.jp/setsumei/images/property_ward.pdf
切明財産区,"平川市, 青森県",,,https://www.houjin-bangou.nta.go.jp/setsumei/images/property_ward.pdf
碇ヶ関財産区,"平川市, 青森県",,,https://www.houjin-bangou.nta.go.jp/setsumei/images/property_ward.pdf
大字上小国費,"東津軽郡外ヶ浜町, 青森県",,,https://www.houjin-bangou.nta.go.jp/setsumei/images/property_ward.pdf
大字中小国費,"東津軽郡外ヶ浜町, 青森県",,,https://www.houjin-bangou.nta.go.jp/setsumei/images/property_ward.pdf
大字下小国費,"東津軽郡外ヶ浜町, 青森県",,,https://www.houjin-bangou.nta.go.jp/setsumei/images/property_ward.pdf
大字蟹田費,"東津軽郡外ヶ浜町, 青森県",,,https://www.houjin-bangou.nta.go.jp/setsumei/images/property_ward.pdf
大字南沢費,"東津軽郡外ヶ浜町, 青森県",,,https://www.houjin-bangou.nta.go.jp/setsumei/images/property_ward.pdf
大字山本費,"東津軽郡外ヶ浜町, 青森県",,,https://www.houjin-bangou.nta.go.jp/setsumei/images/property_ward.pdf
大字中師費,"東津軽郡外ヶ浜町, 青森県",,,https://www.houjin-bangou.nta.go.jp/setsumei/images/property_ward.pdf
大字大平費,"東津軽郡外ヶ浜町, 青森県",,,https://www.houjin-bangou.nta.go.jp/setsumei/images/property_ward.pdf
平舘財産区,"東津軽郡外ヶ浜町, 青森県",,,https://www.houjin-bangou.nta.go.jp/setsumei/images/property_ward.pdf
根岸財産区,"東津軽郡外ヶ浜町, 青森県",,,https://www.houjin-bangou.nta.go.jp/setsumei/images/property_ward.pdf
野田財産区,"東津軽郡外ヶ浜町, 青森県",,,https://www.houjin-bangou.nta.go.jp/setsumei/images/property_ward.pdf
舞戸財産区,"西津軽郡鰺ヶ沢町, 青森県",,,https://www.houjin-bangou.nta.go.jp/setsumei/images/property_ward.pdf
北浮田財産区,"西津軽郡鰺ヶ沢町, 青森県",,,https://www.houjin-bangou.nta.go.jp/setsumei/images/property_ward.pdf
中村財産区,"西津軽郡鰺ヶ沢町, 青森県",,,https://www.houjin-bangou.nta.go.jp/setsumei/images/property_ward.pdf
浜横沢財産区,"西津軽郡鰺ヶ沢町, 青森県",,,https://www.houjin-bangou.nta.go.jp/setsumei/images/property_ward.pdf
長平財産区,"西津軽郡鰺ヶ沢町, 青森県",,,https://www.houjin-bangou.nta.go.jp/setsumei/images/property_ward.pdf
大鰐財産区,"南津軽郡大鰐町, 青森県",,,https://www.houjin-bangou.nta.go.jp/setsumei/images/property_ward.pdf
蔵館財産区,"南津軽郡大鰐町, 青森県",,,https://www.houjin-bangou.nta.go.jp/setsumei/images/property_ward.pdf
鶴田町第１財産区,"北津軽郡鶴田町, 青森県",,,https://www.houjin-bangou.nta.go.jp/setsumei/images/property_ward.pdf
鶴田町第２財産区,"北津軽郡鶴田町, 青森県",,,https://www.houjin-bangou.nta.go.jp/setsumei/images/property_ward.pdf
馬門財産区,"上北郡野辺地町, 青森県",,,https://www.houjin-bangou.nta.go.jp/setsumei/images/property_ward.pdf
易国間財産区,"下北郡風間浦村, 青森県",,,https://www.houjin-bangou.nta.go.jp/setsumei/images/property_ward.pdf
下風呂財産区,"下北郡風間浦村, 青森県",,,https://www.houjin-bangou.nta.go.jp/setsumei/images/property_ward.pdf
貝守財産区,"三戸郡三戸町, 青森県",,,https://www.houjin-bangou.nta.go.jp/setsumei/images/property_ward.pdf
蛇沼財産区,"三戸郡三戸町, 青森県",,,https://www.houjin-bangou.nta.go.jp/setsumei/images/property_ward.pdf
南部町名久井岳財産区,"三戸郡南部町, 青森県",,,https://www.houjin-bangou.nta.go.jp/setsumei/images/property_ward.pdf
南部町大字上名久井財産区,"三戸郡南部町, 青森県",,,https://www.houjin-bangou.nta.go.jp/setsumei/images/property_ward.pdf
南部町大字平財産区,"三戸郡南部町, 青森県",,,https://www.houjin-bangou.nta.go.jp/setsumei/images/property_ward.pdf
南部町大字平字下平外十四字財産区,"三戸郡南部町, 青森県",,,https://www.houjin-bangou.nta.go.jp/setsumei/images/property_ward.pdf
南部町大字下名久井字田端外十七字財産区,"三戸郡南部町, 青森県",,,https://www.houjin-bangou.nta.go.jp/setsumei/images/property_ward.pdf
南部町大平財産区,"三戸郡南部町, 青森県",,,https://www.houjin-bangou.nta.go.jp/setsumei/images/property_ward.pdf
新郷村戸来財産区,"三戸郡新郷村, 青森県",,,https://www.houjin-bangou.nta.go.jp/setsumei/images/property_ward.pdf
新郷村西越財産区,"三戸郡新郷村, 青森県",,,https://www.houjin-bangou.nta.go.jp/setsumei/images/property_ward.pdf
青森市郷山前財産区,"青森市, 青森県",,,https://www.houjin-bangou.nta.go.jp/setsumei/images/property_ward.pdf
黒石市二双子財産区,"黒石市, 青森県",,,https://www.houjin-bangou.nta.go.jp/setsumei/images/property_ward.pdf
舮作財産区,"西津軽郡深浦町, 青森県",,,https://www.houjin-bangou.nta.go.jp/setsumei/images/property_ward.pdf
横磯財産区,"西津軽郡深浦町, 青森県",,,https://www.houjin-bangou.nta.go.jp/setsumei/images/property_ward.pdf
広戸財産区,"西津軽郡深浦町, 青森県",,,https://www.houjin-bangou.nta.go.jp/setsumei/images/property_ward.pdf
追良瀬財産区,"西津軽郡深浦町, 青森県",,,https://www.houjin-bangou.nta.go.jp/setsumei/images/property_ward.pdf
驫木財産区,"西津軽郡深浦町, 青森県",,,https://www.houjin-bangou.nta.go.jp/setsumei/images/property_ward.pdf
風合瀬財産区,"西津軽郡深浦町, 青森県",,,https://www.houjin-bangou.nta.go.jp/setsumei/images/property_ward.pdf
田野沢財産区,"西津軽郡深浦町, 青森県",,,https://www.houjin-bangou.nta.go.jp/setsumei/images/property_ward.pdf
北金ヶ沢財産区,"西津軽郡深浦町, 青森県",,,https://www.houjin-bangou.nta.go.jp/setsumei/images/property_ward.pdf
関財産区,"西津軽郡深浦町, 青森県",,,https://www.houjin-bangou.nta.go.jp/setsumei/images/property_ward.pdf
柳田財産区,"西津軽郡深浦町, 青森県",,,https://www.houjin-bangou.nta.go.jp/setsumei/images/property_ward.pdf
東中野財産区,"盛岡市, 岩手県",,,https://www.houjin-bangou.nta.go.jp/setsumei/images/property_ward.pdf
東中野，東安庭，門財産区,"盛岡市, 岩手県",,,https://www.houjin-bangou.nta.go.jp/setsumei/images/property_ward.pdf
千徳財産区,"宮古市, 岩手県",,,https://www.houjin-bangou.nta.go.jp/setsumei/images/property_ward.pdf
山口財産区,"宮古市, 岩手県",,,https://www.houjin-bangou.nta.go.jp/setsumei/images/property_ward.pdf
重茂財産区,"宮古市, 岩手県",,,https://www.houjin-bangou.nta.go.jp/setsumei/images/property_ward.pdf
刈屋財産区,"宮古市, 岩手県",,,https://www.houjin-bangou.nta.go.jp/setsumei/images/property_ward.pdf
両石財産区,"釜石市, 岩手県",,,https://www.houjin-bangou.nta.go.jp/setsumei/images/property_ward.pdf
鵜住居財産区,"釜石市, 岩手県",,,https://www.houjin-bangou.nta.go.jp/setsumei/images/property_ward.pdf
米里財産区,"奥州市, 岩手県",,,https://www.houjin-bangou.nta.go.jp/setsumei/images/property_ward.pdf
御明神財産区,"岩手郡雫石町, 岩手県",,,https://www.houjin-bangou.nta.go.jp/setsumei/images/property_ward.pdf
大川財産区,"下閉伊郡岩泉町, 岩手県",,,https://www.houjin-bangou.nta.go.jp/setsumei/images/property_ward.pdf
戸田財産区,"九戸郡九戸村, 岩手県",,,https://www.houjin-bangou.nta.go.jp/setsumei/images/property_ward.pdf
伊保内財産区,"九戸郡九戸村, 岩手県",,,https://www.houjin-bangou.nta.go.jp/setsumei/images/property_ward.pdf
江刺家財産区,"九戸郡九戸村, 岩手県",,,https://www.houjin-bangou.nta.go.jp/setsumei/images/property_ward.pdf
角田市東根財産区,"角田市, 宮城県",,,https://www.houjin-bangou.nta.go.jp/setsumei/images/property_ward.pdf
蔵王町宮財産区,"刈田郡蔵王町, 宮城県",,,https://www.houjin-bangou.nta.go.jp/setsumei/images/property_ward.pdf
大和町宮床財産区,"黒川郡大和町, 宮城県",,,https://www.houjin-bangou.nta.go.jp/setsumei/images/property_ward.pdf
大和町吉田財産区,"黒川郡大和町, 宮城県",,,https://www.houjin-bangou.nta.go.jp/setsumei/images/property_ward.pdf
大和町落合財産区,"黒川郡大和町, 宮城県",,,https://www.houjin-bangou.nta.go.jp/setsumei/images/property_ward.pdf
能代市浅内財産区,"能代市, 秋田県",,,https://www.houjin-bangou.nta.go.jp/setsumei/images/property_ward.pdf
能代市常盤財産区,"能代市, 秋田県",,,https://www.houjin-bangou.nta.go.jp/setsumei/images/property_ward.pdf
能代市鶴形財産区,"能代市, 秋田県",,,https://www.houjin-bangou.nta.go.jp/setsumei/images/property_ward.pdf
能代市檜山財産区,"能代市, 秋田県",,,https://www.houjin-bangou.nta.go.jp/setsumei/images/property_ward.pdf
横手市横手町四町財産区,"横手市, 秋田県",,,https://www.houjin-bangou.nta.go.jp/setsumei/images/property_ward.pdf
横手市前郷地区,"横手市, 秋田県",,,https://www.houjin-bangou.nta.go.jp/setsumei/images/property_ward.pdf
横手市金沢中野財産区,"横手市, 秋田県",,,https://www.houjin-bangou.nta.go.jp/setsumei/images/property_ward.pdf
横手市西成瀬財産区,"横手市, 秋田県",,,https://www.houjin-bangou.nta.go.jp/setsumei/images/property_ward.pdf
横手市醍醐財産区,"横手市, 秋田県",,,https://www.houjin-bangou.nta.go.jp/setsumei/images/property_ward.pdf
横手市平鹿町里見財産区,"横手市, 秋田県",,,https://www.houjin-bangou.nta.go.jp/setsumei/images/property_ward.pdf
横手市雄物川町里見財産区,"横手市, 秋田県",,,https://www.houjin-bangou.nta.go.jp/setsumei/images/property_ward.pdf
横手市福地財産区,"横手市, 秋田県",,,https://www.houjin-bangou.nta.go.jp/setsumei/images/property_ward.pdf
横手市雄物川町舘合財産区,"横手市, 秋田県",,,https://www.houjin-bangou.nta.go.jp/setsumei/images/property_ward.pdf
横手市大雄舘合財産区,"横手市, 秋田県",,,https://www.houjin-bangou.nta.go.jp/setsumei/images/property_ward.pdf
大館市二井田財産区,"大館市, 秋田県",,,https://www.houjin-bangou.nta.go.jp/setsumei/images/property_ward.pdf
大館市上川沿財産区,"大館市, 秋田県",,,https://www.houjin-bangou.nta.go.jp/setsumei/images/property_ward.pdf
大館市下川沿財産区,"大館市, 秋田県",,,https://www.houjin-bangou.nta.go.jp/setsumei/images/property_ward.pdf
大館市片山財産区,"大館市, 秋田県",,,https://www.houjin-bangou.nta.go.jp/setsumei/images/property_ward.pdf
大館市川口財産区,"大館市, 秋田県",,,https://www.houjin-bangou.nta.go.jp/setsumei/images/property_ward.pdf
大館市餅田財産区,"大館市, 秋田県",,,https://www.houjin-bangou.nta.go.jp/setsumei/images/property_ward.pdf
大館市立花財産区,"大館市, 秋田県",,,https://www.houjin-bangou.nta.go.jp/setsumei/images/property_ward.pdf
大館市山瀬財産区,"大館市, 秋田県",,,https://www.houjin-bangou.nta.go.jp/setsumei/images/property_ward.pdf
湯沢市岩崎財産区,"湯沢市, 秋田県",,,https://www.houjin-bangou.nta.go.jp/setsumei/images/property_ward.pdf
湯沢市宇留院内財産区,"湯沢市, 秋田県",,,https://www.houjin-bangou.nta.go.jp/setsumei/images/property_ward.pdf
湯沢市三関財産区,"湯沢市, 秋田県",,,https://www.houjin-bangou.nta.go.jp/setsumei/images/property_ward.pdf
院内財産区,"湯沢市, 秋田県",,,https://www.houjin-bangou.nta.go.jp/setsumei/images/property_ward.pdf
秋ノ宮財産区,"湯沢市, 秋田県",,,https://www.houjin-bangou.nta.go.jp/setsumei/images/property_ward.pdf
由利本荘市石脇財産区,"由利本荘市, 秋田県",,,https://www.houjin-bangou.nta.go.jp/setsumei/images/property_ward.pdf
由利本荘市子吉財産区,"由利本荘市, 秋田県",,,https://www.houjin-bangou.nta.go.jp/setsumei/images/property_ward.pdf
由利本荘市石沢財産区,"由利本荘市, 秋田県",,,https://www.houjin-bangou.nta.go.jp/setsumei/images/property_ward.pdf
由利本荘市小友財産区,"由利本荘市, 秋田県",,,https://www.houjin-bangou.nta.go.jp/setsumei/images/property_ward.pdf
由利本荘市北内越財産区,"由利本荘市, 秋田県",,,https://www.houjin-bangou.nta.go.jp/setsumei/images/property_ward.pdf
由利本荘市松ヶ崎財産区,"由利本荘市, 秋田県",,,https://www.houjin-bangou.nta.go.jp/setsumei/images/property_ward.pdf
由利本荘市大内北内越財産区,"由利本荘市, 秋田県",,,https://www.houjin-bangou.nta.go.jp/setsumei/images/property_ward.pdf
潟上市下虻川財産区,"潟上市, 秋田県",,,https://www.houjin-bangou.nta.go.jp/setsumei/images/property_ward.pdf
潟上市和田妹川財産区,"潟上市, 秋田県",,,https://www.houjin-bangou.nta.go.jp/setsumei/images/property_ward.pdf
潟上市飯塚財産区,"潟上市, 秋田県",,,https://www.houjin-bangou.nta.go.jp/setsumei/images/property_ward.pdf
潟上市豊川財産区,"潟上市, 秋田県",,,https://www.houjin-bangou.nta.go.jp/setsumei/images/property_ward.pdf
大仙市内小友財産区,"大仙市, 秋田県",,,https://www.houjin-bangou.nta.go.jp/setsumei/images/property_ward.pdf
大仙市大川西根財産区,"大仙市, 秋田県",,,https://www.houjin-bangou.nta.go.jp/setsumei/images/property_ward.pdf
大仙市荒川財産区,"大仙市, 秋田県",,,https://www.houjin-bangou.nta.go.jp/setsumei/images/property_ward.pdf
大仙市峰吉川財産区,"大仙市, 秋田県",,,https://www.houjin-bangou.nta.go.jp/setsumei/images/property_ward.pdf
大仙市船岡財産区,"大仙市, 秋田県",,,https://www.houjin-bangou.nta.go.jp/setsumei/images/property_ward.pdf
大仙市淀川財産区,"大仙市, 秋田県",,,https://www.houjin-bangou.nta.go.jp/setsumei/images/property_ward.pdf
大仙市花館財産区,"大仙市, 秋田県",,,https://www.houjin-bangou.nta.go.jp/setsumei/images/property_ward.pdf
北秋田市七座財産区,"北秋田市, 秋田県",,,https://www.houjin-bangou.nta.go.jp/setsumei/images/property_ward.pdf
北秋田市坊沢財産区,"北秋田市, 秋田県",,,https://www.houjin-bangou.nta.go.jp/setsumei/images/property_ward.pdf
北秋田市綴子財産区,"北秋田市, 秋田県",,,https://www.houjin-bangou.nta.go.jp/setsumei/images/property_ward.pdf
北秋田市栄財産区,"北秋田市, 秋田県",,,https://www.houjin-bangou.nta.go.jp/setsumei/images/property_ward.pdf
北秋田市七日市財産区,"北秋田市, 秋田県",,,https://www.houjin-bangou.nta.go.jp/setsumei/images/property_ward.pdf
北秋田市沢口財産区,"北秋田市, 秋田県",,,https://www.houjin-bangou.nta.go.jp/setsumei/images/property_ward.pdf
北秋田市米内沢財産区,"北秋田市, 秋田県",,,https://www.houjin-bangou.nta.go.jp/setsumei/images/property_ward.pdf
北秋田市前田財産区,"北秋田市, 秋田県",,,https://www.houjin-bangou.nta.go.jp/setsumei/images/property_ward.pdf
北秋田市阿仁合財産区,"北秋田市, 秋田県",,,https://www.houjin-bangou.nta.go.jp/setsumei/images/property_ward.pdf
北秋田市大阿仁財産区,"北秋田市, 秋田県",,,https://www.houjin-bangou.nta.go.jp/setsumei/images/property_ward.pdf
にかほ市平沢財産区,"にかほ市, 秋田県",,,https://www.houjin-bangou.nta.go.jp/setsumei/images/property_ward.pdf
仙北市雲沢財産区,"仙北市, 秋田県",,,https://www.houjin-bangou.nta.go.jp/setsumei/images/property_ward.pdf
仙北市生保内財産区,"仙北市, 秋田県",,,https://www.houjin-bangou.nta.go.jp/setsumei/images/property_ward.pdf
仙北市田沢財産区,"仙北市, 秋田県",,,https://www.houjin-bangou.nta.go.jp/setsumei/images/property_ward.pdf
小坂町小坂財産区,"鹿角郡小坂町, 秋田県",,,https://www.houjin-bangou.nta.go.jp/setsumei/images/property_ward.pdf
三種町下岩川財産区,"山本郡三種町, 秋田県",,,https://www.houjin-bangou.nta.go.jp/setsumei/images/property_ward.pdf
八峰町沢目財産区,"山本郡八峰町, 秋田県",,,https://www.houjin-bangou.nta.go.jp/setsumei/images/property_ward.pdf
小白川財産区,"山形市, 山形県",,,https://www.houjin-bangou.nta.go.jp/setsumei/images/property_ward.pdf
関沢財産区,"山形市, 山形県",,,https://www.houjin-bangou.nta.go.jp/setsumei/images/property_ward.pdf
山寺下組財産区,"山形市, 山形県",,,https://www.houjin-bangou.nta.go.jp/setsumei/images/property_ward.pdf
宮町財産区,"山形市, 山形県",,,https://www.houjin-bangou.nta.go.jp/setsumei/images/property_ward.pdf
上町財産区,"山形市, 山形県",,,https://www.houjin-bangou.nta.go.jp/setsumei/images/property_ward.pdf
七日町財産区,"山形市, 山形県",,,https://www.houjin-bangou.nta.go.jp/setsumei/images/property_ward.pdf
小荷駄町財産区,"山形市, 山形県",,,https://www.houjin-bangou.nta.go.jp/setsumei/images/property_ward.pdf
四日町財産区,"山形市, 山形県",,,https://www.houjin-bangou.nta.go.jp/setsumei/images/property_ward.pdf
小橋町財産区,"山形市, 山形県",,,https://www.houjin-bangou.nta.go.jp/setsumei/images/property_ward.pdf
二日町財産区,"山形市, 山形県",,,https://www.houjin-bangou.nta.go.jp/setsumei/images/property_ward.pdf
双月町財産区,"山形市, 山形県",,,https://www.houjin-bangou.nta.go.jp/setsumei/images/property_ward.pdf
高原町財産区,"山形市, 山形県",,,https://www.houjin-bangou.nta.go.jp/setsumei/images/property_ward.pdf
長町財産区,"山形市, 山形県",,,https://www.houjin-bangou.nta.go.jp/setsumei/images/property_ward.pdf
落合町財産区,"山形市, 山形県",,,https://www.houjin-bangou.nta.go.jp/setsumei/images/property_ward.pdf
上椹沢財産区,"山形市, 山形県",,,https://www.houjin-bangou.nta.go.jp/setsumei/images/property_ward.pdf
下椹沢財産区,"山形市, 山形県",,,https://www.houjin-bangou.nta.go.jp/setsumei/images/property_ward.pdf
漆山財産区,"山形市, 山形県",,,https://www.houjin-bangou.nta.go.jp/setsumei/images/property_ward.pdf
七浦財産区,"山形市, 山形県",,,https://www.houjin-bangou.nta.go.jp/setsumei/images/property_ward.pdf
千手堂財産区,"山形市, 山形県",,,https://www.houjin-bangou.nta.go.jp/setsumei/images/property_ward.pdf
江俣財産区,"山形市, 山形県",,,https://www.houjin-bangou.nta.go.jp/setsumei/images/property_ward.pdf
内表財産区,"山形市, 山形県",,,https://www.houjin-bangou.nta.go.jp/setsumei/images/property_ward.pdf
吉野宿財産区,"山形市, 山形県",,,https://www.houjin-bangou.nta.go.jp/setsumei/images/property_ward.pdf
鮨洗財産区,"山形市, 山形県",,,https://www.houjin-bangou.nta.go.jp/setsumei/images/property_ward.pdf
陣場新田財産区,"山形市, 山形県",,,https://www.houjin-bangou.nta.go.jp/setsumei/images/property_ward.pdf
風間財産区,"山形市, 山形県",,,https://www.houjin-bangou.nta.go.jp/setsumei/images/property_ward.pdf
十文字財産区,"山形市, 山形県",,,https://www.houjin-bangou.nta.go.jp/setsumei/images/property_ward.pdf
青柳財産区,"山形市, 山形県",,,https://www.houjin-bangou.nta.go.jp/setsumei/images/property_ward.pdf
下青柳財産区,"山形市, 山形県",,,https://www.houjin-bangou.nta.go.jp/setsumei/images/property_ward.pdf
青野財産区,"山形市, 山形県",,,https://www.houjin-bangou.nta.go.jp/setsumei/images/property_ward.pdf
上桜田財産区,"山形市, 山形県",,,https://www.houjin-bangou.nta.go.jp/setsumei/images/property_ward.pdf
平清水財産区,"山形市, 山形県",,,https://www.houjin-bangou.nta.go.jp/setsumei/images/property_ward.pdf
釈迦堂妙見寺財産区,"山形市, 山形県",,,https://www.houjin-bangou.nta.go.jp/setsumei/images/property_ward.pdf
上宝沢財産区,"山形市, 山形県",,,https://www.houjin-bangou.nta.go.jp/setsumei/images/property_ward.pdf
新山財産区,"山形市, 山形県",,,https://www.houjin-bangou.nta.go.jp/setsumei/images/property_ward.pdf
切畑財産区,"山形市, 山形県",,,https://www.houjin-bangou.nta.go.jp/setsumei/images/property_ward.pdf
大森財産区,"山形市, 山形県",,,https://www.houjin-bangou.nta.go.jp/setsumei/images/property_ward.pdf
上東山財産区,"山形市, 山形県",,,https://www.houjin-bangou.nta.go.jp/setsumei/images/property_ward.pdf
下東山財産区,"山形市, 山形県",,,https://www.houjin-bangou.nta.go.jp/setsumei/images/property_ward.pdf
高沢財産区,"山形市, 山形県",,,https://www.houjin-bangou.nta.go.jp/setsumei/images/property_ward.pdf
成安財産区,"山形市, 山形県",,,https://www.houjin-bangou.nta.go.jp/setsumei/images/property_ward.pdf
船町財産区,"山形市, 山形県",,,https://www.houjin-bangou.nta.go.jp/setsumei/images/property_ward.pdf
見崎財産区,"山形市, 山形県",,,https://www.houjin-bangou.nta.go.jp/setsumei/images/property_ward.pdf
今塚財産区,"山形市, 山形県",,,https://www.houjin-bangou.nta.go.jp/setsumei/images/property_ward.pdf
吉原財産区,"山形市, 山形県",,,https://www.houjin-bangou.nta.go.jp/setsumei/images/property_ward.pdf
沼木財産区,"山形市, 山形県",,,https://www.houjin-bangou.nta.go.jp/setsumei/images/property_ward.pdf
南館財産区,"山形市, 山形県",,,https://www.houjin-bangou.nta.go.jp/setsumei/images/property_ward.pdf
渋江財産区,"山形市, 山形県",,,https://www.houjin-bangou.nta.go.jp/setsumei/images/property_ward.pdf
三条の目財産区,"山形市, 山形県",,,https://www.houjin-bangou.nta.go.jp/setsumei/images/property_ward.pdf
灰塚財産区,"山形市, 山形県",,,https://www.houjin-bangou.nta.go.jp/setsumei/images/property_ward.pdf
津金沢財産区,"山形市, 山形県",,,https://www.houjin-bangou.nta.go.jp/setsumei/images/property_ward.pdf
片谷地財産区,"山形市, 山形県",,,https://www.houjin-bangou.nta.go.jp/setsumei/images/property_ward.pdf
黒沢財産区,"山形市, 山形県",,,https://www.houjin-bangou.nta.go.jp/setsumei/images/property_ward.pdf
松原財産区,"山形市, 山形県",,,https://www.houjin-bangou.nta.go.jp/setsumei/images/property_ward.pdf
下反田財産区,"山形市, 山形県",,,https://www.houjin-bangou.nta.go.jp/setsumei/images/property_ward.pdf
常明寺財産区,"山形市, 山形県",,,https://www.houjin-bangou.nta.go.jp/setsumei/images/property_ward.pdf
滝平財産区,"山形市, 山形県",,,https://www.houjin-bangou.nta.go.jp/setsumei/images/property_ward.pdf
古館財産区,"山形市, 山形県",,,https://www.houjin-bangou.nta.go.jp/setsumei/images/property_ward.pdf
芳沢財産区,"山形市, 山形県",,,https://www.houjin-bangou.nta.go.jp/setsumei/images/property_ward.pdf
芦沢財産区,"山形市, 山形県",,,https://www.houjin-bangou.nta.go.jp/setsumei/images/property_ward.pdf
山寺川原町財産区,"山形市, 山形県",,,https://www.houjin-bangou.nta.go.jp/setsumei/images/property_ward.pdf
山寺馬形財産区,"山形市, 山形県",,,https://www.houjin-bangou.nta.go.jp/setsumei/images/property_ward.pdf
地蔵堂宮崎財産区,"山形市, 山形県",,,https://www.houjin-bangou.nta.go.jp/setsumei/images/property_ward.pdf
蔵王桜田財産区,"山形市, 山形県",,,https://www.houjin-bangou.nta.go.jp/setsumei/images/property_ward.pdf
蔵王上野半郷財産区,"山形市, 山形県",,,https://www.houjin-bangou.nta.go.jp/setsumei/images/property_ward.pdf
蔵王飯田財産区,"山形市, 山形県",,,https://www.houjin-bangou.nta.go.jp/setsumei/images/property_ward.pdf
蔵王堀田山ノ神財産区,"山形市, 山形県",,,https://www.houjin-bangou.nta.go.jp/setsumei/images/property_ward.pdf
蔵王山田財産区,"山形市, 山形県",,,https://www.houjin-bangou.nta.go.jp/setsumei/images/property_ward.pdf
下桜田財産区,"山形市, 山形県",,,https://www.houjin-bangou.nta.go.jp/setsumei/images/property_ward.pdf
柏倉財産区,"山形市, 山形県",,,https://www.houjin-bangou.nta.go.jp/setsumei/images/property_ward.pdf
前明石財産区,"山形市, 山形県",,,https://www.houjin-bangou.nta.go.jp/setsumei/images/property_ward.pdf
長谷堂財産区,"山形市, 山形県",,,https://www.houjin-bangou.nta.go.jp/setsumei/images/property_ward.pdf
山上財産区,"米沢市, 山形県",,,https://www.houjin-bangou.nta.go.jp/setsumei/images/property_ward.pdf
三沢東部財産区,"米沢市, 山形県",,,https://www.houjin-bangou.nta.go.jp/setsumei/images/property_ward.pdf
南原財産区,"米沢市, 山形県",,,https://www.houjin-bangou.nta.go.jp/setsumei/images/property_ward.pdf
幸生財産区,"寒河江市, 山形県",,,https://www.houjin-bangou.nta.go.jp/setsumei/images/property_ward.pdf
高松財産区,"寒河江市, 山形県",,,https://www.houjin-bangou.nta.go.jp/setsumei/images/property_ward.pdf
醍醐財産区,"寒河江市, 山形県",,,https://www.houjin-bangou.nta.go.jp/setsumei/images/property_ward.pdf
三泉財産区,"寒河江市, 山形県",,,https://www.houjin-bangou.nta.go.jp/setsumei/images/property_ward.pdf
本庄官行造林財産区,"上山市, 山形県",,,https://www.houjin-bangou.nta.go.jp/setsumei/images/property_ward.pdf
東官行造林財産区,"上山市, 山形県",,,https://www.houjin-bangou.nta.go.jp/setsumei/images/property_ward.pdf
中山県行造林財産区,"上山市, 山形県",,,https://www.houjin-bangou.nta.go.jp/setsumei/images/property_ward.pdf
大久保財産区,"村山市, 山形県",,,https://www.houjin-bangou.nta.go.jp/setsumei/images/property_ward.pdf
冨本財産区,"村山市, 山形県",,,https://www.houjin-bangou.nta.go.jp/setsumei/images/property_ward.pdf
袖崎財産区,"村山市, 山形県",,,https://www.houjin-bangou.nta.go.jp/setsumei/images/property_ward.pdf
山口財産区,"天童市, 山形県",,,https://www.houjin-bangou.nta.go.jp/setsumei/images/property_ward.pdf
田麦野財産区,"天童市, 山形県",,,https://www.houjin-bangou.nta.go.jp/setsumei/images/property_ward.pdf
津山財産区,"天童市, 山形県",,,https://www.houjin-bangou.nta.go.jp/setsumei/images/property_ward.pdf
高擶地区財産区,"天童市, 山形県",,,https://www.houjin-bangou.nta.go.jp/setsumei/images/property_ward.pdf
大字高擶有財産区,"天童市, 山形県",,,https://www.houjin-bangou.nta.go.jp/setsumei/images/property_ward.pdf
干布地区財産区,"天童市, 山形県",,,https://www.houjin-bangou.nta.go.jp/setsumei/images/property_ward.pdf
大字荒谷有財産区,"天童市, 山形県",,,https://www.houjin-bangou.nta.go.jp/setsumei/images/property_ward.pdf
東根財産区,"東根市, 山形県",,,https://www.houjin-bangou.nta.go.jp/setsumei/images/property_ward.pdf
尾花沢市第一財産区,"尾花沢市, 山形県",,,https://www.houjin-bangou.nta.go.jp/setsumei/images/property_ward.pdf
尾花沢市第二財産区,"尾花沢市, 山形県",,,https://www.houjin-bangou.nta.go.jp/setsumei/images/property_ward.pdf
尾花沢市第三財産区,"尾花沢市, 山形県",,,https://www.houjin-bangou.nta.go.jp/setsumei/images/property_ward.pdf
尾花沢市第四財産区,"尾花沢市, 山形県",,,https://www.houjin-bangou.nta.go.jp/setsumei/images/property_ward.pdf
尾花沢市第五財産区,"尾花沢市, 山形県",,,https://www.houjin-bangou.nta.go.jp/setsumei/images/property_ward.pdf
赤湯財産区,"南陽市, 山形県",,,https://www.houjin-bangou.nta.go.jp/setsumei/images/property_ward.pdf
宮内財産区,"南陽市, 山形県",,,https://www.houjin-bangou.nta.go.jp/setsumei/images/property_ward.pdf
金山財産区,"南陽市, 山形県",,,https://www.houjin-bangou.nta.go.jp/setsumei/images/property_ward.pdf
太郎財産区,"南陽市, 山形県",,,https://www.houjin-bangou.nta.go.jp/setsumei/images/property_ward.pdf
沖郷財産区,"南陽市, 山形県",,,https://www.houjin-bangou.nta.go.jp/setsumei/images/property_ward.pdf
漆山財産区,"南陽市, 山形県",,,https://www.houjin-bangou.nta.go.jp/setsumei/images/property_ward.pdf
大洞山財産区,"南陽市, 山形県",,,https://www.houjin-bangou.nta.go.jp/setsumei/images/property_ward.pdf
池黒財産区,"南陽市, 山形県",,,https://www.houjin-bangou.nta.go.jp/setsumei/images/property_ward.pdf
大蕨財産区,"東村山郡山辺町, 山形県",,,https://www.houjin-bangou.nta.go.jp/setsumei/images/property_ward.pdf
西里財産区,"西村山郡河北町, 山形県",,,https://www.houjin-bangou.nta.go.jp/setsumei/images/property_ward.pdf
元泉財産区,"西村山郡河北町, 山形県",,,https://www.houjin-bangou.nta.go.jp/setsumei/images/property_ward.pdf
高畠財産区,"東置賜郡高畠町, 山形県",,,https://www.houjin-bangou.nta.go.jp/setsumei/images/property_ward.pdf
二井宿財産区,"東置賜郡高畠町, 山形県",,,https://www.houjin-bangou.nta.go.jp/setsumei/images/property_ward.pdf
屋代財産区,"東置賜郡高畠町, 山形県",,,https://www.houjin-bangou.nta.go.jp/setsumei/images/property_ward.pdf
和田財産区,"東置賜郡高畠町, 山形県",,,https://www.houjin-bangou.nta.go.jp/setsumei/images/property_ward.pdf
畔藤財産区,"西置賜郡白鷹町, 山形県",,,https://www.houjin-bangou.nta.go.jp/setsumei/images/property_ward.pdf
萩野財産区,"西置賜郡白鷹町, 山形県",,,https://www.houjin-bangou.nta.go.jp/setsumei/images/property_ward.pdf
蚕桑財産区,"西置賜郡白鷹町, 山形県",,,https://www.houjin-bangou.nta.go.jp/setsumei/images/property_ward.pdf
十王財産区,"西置賜郡白鷹町, 山形県",,,https://www.houjin-bangou.nta.go.jp/setsumei/images/property_ward.pdf
滝野財産区,"西置賜郡白鷹町, 山形県",,,https://www.houjin-bangou.nta.go.jp/setsumei/images/property_ward.pdf
中山財産区,"西置賜郡白鷹町, 山形県",,,https://www.houjin-bangou.nta.go.jp/setsumei/images/property_ward.pdf
浅立財産区,"西置賜郡白鷹町, 山形県",,,https://www.houjin-bangou.nta.go.jp/setsumei/images/property_ward.pdf
萩生財産区,"西置賜郡飯豊町, 山形県",,,https://www.houjin-bangou.nta.go.jp/setsumei/images/property_ward.pdf
豊原財産区,"西置賜郡飯豊町, 山形県",,,https://www.houjin-bangou.nta.go.jp/setsumei/images/property_ward.pdf
豊川財産区,"西置賜郡飯豊町, 山形県",,,https://www.houjin-bangou.nta.go.jp/setsumei/images/property_ward.pdf
添川財産区,"西置賜郡飯豊町, 山形県",,,https://www.houjin-bangou.nta.go.jp/setsumei/images/property_ward.pdf
中津川財産区,"西置賜郡飯豊町, 山形県",,,https://www.houjin-bangou.nta.go.jp/setsumei/images/property_ward.pdf
吹浦財産区,"飽海郡遊佐町, 山形県",,,https://www.houjin-bangou.nta.go.jp/setsumei/images/property_ward.pdf
飯坂町財産区,"福島市, 福島県",,,https://www.houjin-bangou.nta.go.jp/setsumei/images/property_ward.pdf
土湯温泉町財産区,"福島市, 福島県",,,https://www.houjin-bangou.nta.go.jp/setsumei/images/property_ward.pdf
青木財産区,"福島市, 福島県",,,https://www.houjin-bangou.nta.go.jp/setsumei/images/property_ward.pdf
多田野財産区,"郡山市, 福島県",,,https://www.houjin-bangou.nta.go.jp/setsumei/images/property_ward.pdf
河内財産区,"郡山市, 福島県",,,https://www.houjin-bangou.nta.go.jp/setsumei/images/property_ward.pdf
片平財産区,"郡山市, 福島県",,,https://www.houjin-bangou.nta.go.jp/setsumei/images/property_ward.pdf
赤津財産区,"郡山市, 福島県",,,https://www.houjin-bangou.nta.go.jp/setsumei/images/property_ward.pdf
福良財産区,"郡山市, 福島県",,,https://www.houjin-bangou.nta.go.jp/setsumei/images/property_ward.pdf
三代財産区,"郡山市, 福島県",,,https://www.houjin-bangou.nta.go.jp/setsumei/images/property_ward.pdf
中野財産区,"郡山市, 福島県",,,https://www.houjin-bangou.nta.go.jp/setsumei/images/property_ward.pdf
月形財産区,"郡山市, 福島県",,,https://www.houjin-bangou.nta.go.jp/setsumei/images/property_ward.pdf
舟津財産区,"郡山市, 福島県",,,https://www.houjin-bangou.nta.go.jp/setsumei/images/property_ward.pdf
舘財産区,"郡山市, 福島県",,,https://www.houjin-bangou.nta.go.jp/setsumei/images/property_ward.pdf
横沢財産区,"郡山市, 福島県",,,https://www.houjin-bangou.nta.go.jp/setsumei/images/property_ward.pdf
浜路財産区,"郡山市, 福島県",,,https://www.houjin-bangou.nta.go.jp/setsumei/images/property_ward.pdf
後田財産区,"郡山市, 福島県",,,https://www.houjin-bangou.nta.go.jp/setsumei/images/property_ward.pdf
常磐湯本財産区,"いわき市, 福島県",,,https://www.houjin-bangou.nta.go.jp/setsumei/images/property_ward.pdf
磐崎財産区,"いわき市, 福島県",,,https://www.houjin-bangou.nta.go.jp/setsumei/images/property_ward.pdf
川部財産区,"いわき市, 福島県",,,https://www.houjin-bangou.nta.go.jp/setsumei/images/property_ward.pdf
澤渡財産区,"いわき市, 福島県",,,https://www.houjin-bangou.nta.go.jp/setsumei/images/property_ward.pdf
田人財産区,"いわき市, 福島県",,,https://www.houjin-bangou.nta.go.jp/setsumei/images/property_ward.pdf
川前財産区,"いわき市, 福島県",,,https://www.houjin-bangou.nta.go.jp/setsumei/images/property_ward.pdf
小田川財産区,"白河市, 福島県",,,https://www.houjin-bangou.nta.go.jp/setsumei/images/property_ward.pdf
大屋財産区,"白河市, 福島県",,,https://www.houjin-bangou.nta.go.jp/setsumei/images/property_ward.pdf
樋ケ沢財産区,"白河市, 福島県",,,https://www.houjin-bangou.nta.go.jp/setsumei/images/property_ward.pdf
中宿財産区,"須賀川市, 福島県",,,https://www.houjin-bangou.nta.go.jp/setsumei/images/property_ward.pdf
小塩江財産区,"須賀川市, 福島県",,,https://www.houjin-bangou.nta.go.jp/setsumei/images/property_ward.pdf
西袋財産区,"須賀川市, 福島県",,,https://www.houjin-bangou.nta.go.jp/setsumei/images/property_ward.pdf
長沼財産区,"須賀川市, 福島県",,,https://www.houjin-bangou.nta.go.jp/setsumei/images/property_ward.pdf
岩月財産区,"喜多方市, 福島県",,,https://www.houjin-bangou.nta.go.jp/setsumei/images/property_ward.pdf
慶徳財産区,"喜多方市, 福島県",,,https://www.houjin-bangou.nta.go.jp/setsumei/images/property_ward.pdf
駒形財産区,"喜多方市, 福島県",,,https://www.houjin-bangou.nta.go.jp/setsumei/images/property_ward.pdf
一ノ木財産区,"喜多方市, 福島県",,,https://www.houjin-bangou.nta.go.jp/setsumei/images/property_ward.pdf
早稲谷財産区,"喜多方市, 福島県",,,https://www.houjin-bangou.nta.go.jp/setsumei/images/property_ward.pdf
茂原財産区,"二本松市, 福島県",,,https://www.houjin-bangou.nta.go.jp/setsumei/images/property_ward.pdf
田沢財産区,"二本松市, 福島県",,,https://www.houjin-bangou.nta.go.jp/setsumei/images/property_ward.pdf
小手森財産区,"二本松市, 福島県",,,https://www.houjin-bangou.nta.go.jp/setsumei/images/property_ward.pdf
石平財産区,"二本松市, 福島県",,,https://www.houjin-bangou.nta.go.jp/setsumei/images/property_ward.pdf
針道財産区,"二本松市, 福島県",,,https://www.houjin-bangou.nta.go.jp/setsumei/images/property_ward.pdf
太田財産区,"南相馬市, 福島県",,,https://www.houjin-bangou.nta.go.jp/setsumei/images/property_ward.pdf
梁川財産区,"伊達市, 福島県",,,https://www.houjin-bangou.nta.go.jp/setsumei/images/property_ward.pdf
白根財産区,"伊達市, 福島県",,,https://www.houjin-bangou.nta.go.jp/setsumei/images/property_ward.pdf
山舟生財産区,"伊達市, 福島県",,,https://www.houjin-bangou.nta.go.jp/setsumei/images/property_ward.pdf
富野財産区,"伊達市, 福島県",,,https://www.houjin-bangou.nta.go.jp/setsumei/images/property_ward.pdf
五十沢財産区,"伊達市, 福島県",,,https://www.houjin-bangou.nta.go.jp/setsumei/images/property_ward.pdf
富成財産区,"伊達市, 福島県",,,https://www.houjin-bangou.nta.go.jp/setsumei/images/property_ward.pdf
柱沢財産区,"伊達市, 福島県",,,https://www.houjin-bangou.nta.go.jp/setsumei/images/property_ward.pdf
金原田財産区,"伊達市, 福島県",,,https://www.houjin-bangou.nta.go.jp/setsumei/images/property_ward.pdf
上保原財産区,"伊達市, 福島県",,,https://www.houjin-bangou.nta.go.jp/setsumei/images/property_ward.pdf
大字掛田財産区,"伊達市, 福島県",,,https://www.houjin-bangou.nta.go.jp/setsumei/images/property_ward.pdf
掛田財産区,"伊達市, 福島県",,,https://www.houjin-bangou.nta.go.jp/setsumei/images/property_ward.pdf
大石財産区,"伊達市, 福島県",,,https://www.houjin-bangou.nta.go.jp/setsumei/images/property_ward.pdf
半田財産区,"伊達郡桑折町, 福島県",,,https://www.houjin-bangou.nta.go.jp/setsumei/images/property_ward.pdf
石母田財産区,"伊達郡国見町, 福島県",,,https://www.houjin-bangou.nta.go.jp/setsumei/images/property_ward.pdf
入山財産区,"伊達郡国見町, 福島県",,,https://www.houjin-bangou.nta.go.jp/setsumei/images/property_ward.pdf
大木戸財産区,"伊達郡国見町, 福島県",,,https://www.houjin-bangou.nta.go.jp/setsumei/images/property_ward.pdf
小島財産区,"伊達郡川俣町, 福島県",,,https://www.houjin-bangou.nta.go.jp/setsumei/images/property_ward.pdf
飯坂財産区,"伊達郡川俣町, 福島県",,,https://www.houjin-bangou.nta.go.jp/setsumei/images/property_ward.pdf
小綱木財産区,"伊達郡川俣町, 福島県",,,https://www.houjin-bangou.nta.go.jp/setsumei/images/property_ward.pdf
大綱木財産区,"伊達郡川俣町, 福島県",,,https://www.houjin-bangou.nta.go.jp/setsumei/images/property_ward.pdf
山木屋財産区,"伊達郡川俣町, 福島県",,,https://www.houjin-bangou.nta.go.jp/setsumei/images/property_ward.pdf
玉井財産区,"安達郡大玉村, 福島県",,,https://www.houjin-bangou.nta.go.jp/setsumei/images/property_ward.pdf
湯本財産区,"岩瀬郡天栄村, 福島県",,,https://www.houjin-bangou.nta.go.jp/setsumei/images/property_ward.pdf
牧本財産区,"岩瀬郡天栄村, 福島県",,,https://www.houjin-bangou.nta.go.jp/setsumei/images/property_ward.pdf
大里財産区,"岩瀬郡天栄村, 福島県",,,https://www.houjin-bangou.nta.go.jp/setsumei/images/property_ward.pdf
朝日財産区,"南会津郡只見町, 福島県",,,https://www.houjin-bangou.nta.go.jp/setsumei/images/property_ward.pdf
荒海財産区,"南会津郡南会津町, 福島県",,,https://www.houjin-bangou.nta.go.jp/setsumei/images/property_ward.pdf
原町財産区,"耶麻郡西会津町, 福島県",,,https://www.houjin-bangou.nta.go.jp/setsumei/images/property_ward.pdf
猪苗代地区財産区,"耶麻郡猪苗代町, 福島県",,,https://www.houjin-bangou.nta.go.jp/setsumei/images/property_ward.pdf
翁島地区財産区,"耶麻郡猪苗代町, 福島県",,,https://www.houjin-bangou.nta.go.jp/setsumei/images/property_ward.pdf
千里地区財産区,"耶麻郡猪苗代町, 福島県",,,https://www.houjin-bangou.nta.go.jp/setsumei/images/property_ward.pdf
月輪地区財産区,"耶麻郡猪苗代町, 福島県",,,https://www.houjin-bangou.nta.go.jp/setsumei/images/property_ward.pdf
長瀬地区財産区,"耶麻郡猪苗代町, 福島県",,,https://www.houjin-bangou.nta.go.jp/setsumei/images/property_ward.pdf
吾妻地区財産区,"耶麻郡猪苗代町, 福島県",,,https://www.houjin-bangou.nta.go.jp/setsumei/images/property_ward.pdf
永井野財産区,"大沼郡会津美里町, 福島県",,,https://www.houjin-bangou.nta.go.jp/setsumei/images/property_ward.pdf
東尾岐総持財産区,"大沼郡会津美里町, 福島県",,,https://www.houjin-bangou.nta.go.jp/setsumei/images/property_ward.pdf
本名財産区,"大沼郡金山町, 福島県",,,https://www.houjin-bangou.nta.go.jp/setsumei/images/property_ward.pdf
笹原財産区,"東白川郡塙町, 福島県",,,https://www.houjin-bangou.nta.go.jp/setsumei/images/property_ward.pdf
母畑財産区,"石川郡石川町, 福島県",,,https://www.houjin-bangou.nta.go.jp/setsumei/images/property_ward.pdf
中谷財産区,"石川郡石川町, 福島県",,,https://www.houjin-bangou.nta.go.jp/setsumei/images/property_ward.pdf
苅野財産区,"双葉郡浪江町, 福島県",,,https://www.houjin-bangou.nta.go.jp/setsumei/images/property_ward.pdf
津島財産区,"双葉郡浪江町, 福島県",,,https://www.houjin-bangou.nta.go.jp/setsumei/images/property_ward.pdf
龍ケ崎市馴馬財産区,"龍ケ崎市, 茨城県",,,https://www.houjin-bangou.nta.go.jp/setsumei/images/property_ward.pdf
笠間市大池田財産区,"笠間市, 茨城県",,,https://www.houjin-bangou.nta.go.jp/setsumei/images/property_ward.pdf
作岡財産区,"つくば市, 茨城県",,,https://www.houjin-bangou.nta.go.jp/setsumei/images/property_ward.pdf
浮島財産区,"稲敷市, 茨城県",,,https://www.houjin-bangou.nta.go.jp/setsumei/images/property_ward.pdf
古渡財産区,"稲敷市, 茨城県",,,https://www.houjin-bangou.nta.go.jp/setsumei/images/property_ward.pdf
足利市名草財産区,"足利市, 栃木県",,,https://www.houjin-bangou.nta.go.jp/setsumei/images/property_ward.pdf
足利市松田財産区,"足利市, 栃木県",,,https://www.houjin-bangou.nta.go.jp/setsumei/images/property_ward.pdf
足利市葉鹿財産区,"足利市, 栃木県",,,https://www.houjin-bangou.nta.go.jp/setsumei/images/property_ward.pdf
足利市小俣財産区,"足利市, 栃木県",,,https://www.houjin-bangou.nta.go.jp/setsumei/images/property_ward.pdf
栃木市寺尾財産区,"栃木市, 栃木県",,,https://www.houjin-bangou.nta.go.jp/setsumei/images/property_ward.pdf
鹿沼市西大芦財産区,"鹿沼市, 栃木県",,,https://www.houjin-bangou.nta.go.jp/setsumei/images/property_ward.pdf
鹿沼市加蘇財産区,"鹿沼市, 栃木県",,,https://www.houjin-bangou.nta.go.jp/setsumei/images/property_ward.pdf
鹿沼市粟野財産区,"鹿沼市, 栃木県",,,https://www.houjin-bangou.nta.go.jp/setsumei/images/property_ward.pdf
鹿沼市粕尾財産区,"鹿沼市, 栃木県",,,https://www.houjin-bangou.nta.go.jp/setsumei/images/property_ward.pdf
鹿沼市清洲財産区,"鹿沼市, 栃木県",,,https://www.houjin-bangou.nta.go.jp/setsumei/images/property_ward.pdf
日光市小来川財産区,"日光市, 栃木県",,,https://www.houjin-bangou.nta.go.jp/setsumei/images/property_ward.pdf
日光市湯西川財産区,"日光市, 栃木県",,,https://www.houjin-bangou.nta.go.jp/setsumei/images/property_ward.pdf
日光市西川財産区,"日光市, 栃木県",,,https://www.houjin-bangou.nta.go.jp/setsumei/images/property_ward.pdf
大田原市須賀川財産区,"大田原市, 栃木県",,,https://www.houjin-bangou.nta.go.jp/setsumei/images/property_ward.pdf
那須烏山市境財産区,"那須烏山市, 栃木県",,,https://www.houjin-bangou.nta.go.jp/setsumei/images/property_ward.pdf
藤岡市三波川財産区,"藤岡市, 群馬県",,,https://www.houjin-bangou.nta.go.jp/setsumei/images/property_ward.pdf
鴨川市天津、浜荻、清澄財産区,"鴨川市, 千葉県",,,https://www.houjin-bangou.nta.go.jp/setsumei/images/property_ward.pdf
鴨川市打墨財産区,"鴨川市, 千葉県",,,https://www.houjin-bangou.nta.go.jp/setsumei/images/property_ward.pdf
鴨川市花房財産区,"鴨川市, 千葉県",,,https://www.houjin-bangou.nta.go.jp/setsumei/images/property_ward.pdf
鴨川市滑谷財産区,"鴨川市, 千葉県",,,https://www.houjin-bangou.nta.go.jp/setsumei/images/property_ward.pdf
鴨川市粟斗財産区,"鴨川市, 千葉県",,,https://www.houjin-bangou.nta.go.jp/setsumei/images/property_ward.pdf
鴨川市八色財産区,"鴨川市, 千葉県",,,https://www.houjin-bangou.nta.go.jp/setsumei/images/property_ward.pdf
南房総市滝田財産区,"南房総市, 千葉県",,,https://www.houjin-bangou.nta.go.jp/setsumei/images/property_ward.pdf
南房総市北三原財産区,"南房総市, 千葉県",,,https://www.houjin-bangou.nta.go.jp/setsumei/images/property_ward.pdf
南房総市南三原財産区,"南房総市, 千葉県",,,https://www.houjin-bangou.nta.go.jp/setsumei/images/property_ward.pdf
戸倉財産区,"あきる野市, 東京都",,,https://www.houjin-bangou.nta.go.jp/setsumei/images/property_ward.pdf
泉津財産区,"大島町, 東京都",,,https://www.houjin-bangou.nta.go.jp/setsumei/images/property_ward.pdf
野増財産区,"大島町, 東京都",,,https://www.houjin-bangou.nta.go.jp/setsumei/images/property_ward.pdf
差木地財産区,"大島町, 東京都",,,https://www.houjin-bangou.nta.go.jp/setsumei/images/property_ward.pdf
殿ケ谷財産区,"西多摩郡瑞穂町, 東京都",,,https://www.houjin-bangou.nta.go.jp/setsumei/images/property_ward.pdf
箱根ケ崎財産区,"西多摩郡瑞穂町, 東京都",,,https://www.houjin-bangou.nta.go.jp/setsumei/images/property_ward.pdf
石畑財産区,"西多摩郡瑞穂町, 東京都",,,https://www.houjin-bangou.nta.go.jp/setsumei/images/property_ward.pdf
長岡財産区,"西多摩郡瑞穂町, 東京都",,,https://www.houjin-bangou.nta.go.jp/setsumei/images/property_ward.pdf
相模原市川尻財産区,"相模原市, 神奈川県",,,https://www.houjin-bangou.nta.go.jp/setsumei/images/property_ward.pdf
相模原市中沢財産区,"相模原市, 神奈川県",,,https://www.houjin-bangou.nta.go.jp/setsumei/images/property_ward.pdf
相模原市三井財産区,"相模原市, 神奈川県",,,https://www.houjin-bangou.nta.go.jp/setsumei/images/property_ward.pdf
相模原市中野財産区,"相模原市, 神奈川県",,,https://www.houjin-bangou.nta.go.jp/setsumei/images/property_ward.pdf
相模原市串川財産区,"相模原市, 神奈川県",,,https://www.houjin-bangou.nta.go.jp/setsumei/images/property_ward.pdf
相模原市鳥屋財産区,"相模原市, 神奈川県",,,https://www.houjin-bangou.nta.go.jp/setsumei/images/property_ward.pdf
相模原市青野原財産区,"相模原市, 神奈川県",,,https://www.houjin-bangou.nta.go.jp/setsumei/images/property_ward.pdf
相模原市青根財産区,"相模原市, 神奈川県",,,https://www.houjin-bangou.nta.go.jp/setsumei/images/property_ward.pdf
相模原市吉野財産区,"相模原市, 神奈川県",,,https://www.houjin-bangou.nta.go.jp/setsumei/images/property_ward.pdf
相模原市小渕財産区,"相模原市, 神奈川県",,,https://www.houjin-bangou.nta.go.jp/setsumei/images/property_ward.pdf
相模原市澤井財産区,"相模原市, 神奈川県",,,https://www.houjin-bangou.nta.go.jp/setsumei/images/property_ward.pdf
相模原市牧野財産区,"相模原市, 神奈川県",,,https://www.houjin-bangou.nta.go.jp/setsumei/images/property_ward.pdf
相模原市日連財産区,"相模原市, 神奈川県",,,https://www.houjin-bangou.nta.go.jp/setsumei/images/property_ward.pdf
相模原市名倉財産区,"相模原市, 神奈川県",,,https://www.houjin-bangou.nta.go.jp/setsumei/images/property_ward.pdf
相模原市佐野川財産区,"相模原市, 神奈川県",,,https://www.houjin-bangou.nta.go.jp/setsumei/images/property_ward.pdf
小田原市足柄財産区,"小田原市, 神奈川県",,,https://www.houjin-bangou.nta.go.jp/setsumei/images/property_ward.pdf
小田原市大窪財産区,"小田原市, 神奈川県",,,https://www.houjin-bangou.nta.go.jp/setsumei/images/property_ward.pdf
小田原市早川財産区,"小田原市, 神奈川県",,,https://www.houjin-bangou.nta.go.jp/setsumei/images/property_ward.pdf
小田原市下府中財産区,"小田原市, 神奈川県",,,https://www.houjin-bangou.nta.go.jp/setsumei/images/property_ward.pdf
小田原市桜井財産区,"小田原市, 神奈川県",,,https://www.houjin-bangou.nta.go.jp/setsumei/images/property_ward.pdf
小田原市豊川財産区,"小田原市, 神奈川県",,,https://www.houjin-bangou.nta.go.jp/setsumei/images/property_ward.pdf
小田原市上府中財産区,"小田原市, 神奈川県",,,https://www.houjin-bangou.nta.go.jp/setsumei/images/property_ward.pdf
小田原市酒匂財産区,"小田原市, 神奈川県",,,https://www.houjin-bangou.nta.go.jp/setsumei/images/property_ward.pdf
小田原市片浦財産区,"小田原市, 神奈川県",,,https://www.houjin-bangou.nta.go.jp/setsumei/images/property_ward.pdf
小田原市曽我財産区,"小田原市, 神奈川県",,,https://www.houjin-bangou.nta.go.jp/setsumei/images/property_ward.pdf
秦野市東財産区,"秦野市, 神奈川県",,,https://www.houjin-bangou.nta.go.jp/setsumei/images/property_ward.pdf
秦野市北財産区,"秦野市, 神奈川県",,,https://www.houjin-bangou.nta.go.jp/setsumei/images/property_ward.pdf
秦野市西財産区,"秦野市, 神奈川県",,,https://www.houjin-bangou.nta.go.jp/setsumei/images/property_ward.pdf
大井町西大井財産区,"足柄上郡大井町, 神奈川県",,,https://www.houjin-bangou.nta.go.jp/setsumei/images/property_ward.pdf
大井町金田財産区,"足柄上郡大井町, 神奈川県",,,https://www.houjin-bangou.nta.go.jp/setsumei/images/property_ward.pdf
山北町山北財産区,"足柄上郡山北町, 神奈川県",,,https://www.houjin-bangou.nta.go.jp/setsumei/images/property_ward.pdf
山北町共和財産区,"足柄上郡山北町, 神奈川県",,,https://www.houjin-bangou.nta.go.jp/setsumei/images/property_ward.pdf
山北町三保財産区,"足柄上郡山北町, 神奈川県",,,https://www.houjin-bangou.nta.go.jp/setsumei/images/property_ward.pdf
箱根町温泉財産区,"足柄下郡箱根町, 神奈川県",,,https://www.houjin-bangou.nta.go.jp/setsumei/images/property_ward.pdf
箱根町宮城野財産区,"足柄下郡箱根町, 神奈川県",,,https://www.houjin-bangou.nta.go.jp/setsumei/images/property_ward.pdf
箱根町仙石原財産区,"足柄下郡箱根町, 神奈川県",,,https://www.houjin-bangou.nta.go.jp/setsumei/images/property_ward.pdf
箱根町蛸川財産区,"足柄下郡箱根町, 神奈川県",,,https://www.houjin-bangou.nta.go.jp/setsumei/images/property_ward.pdf
川口田麦山財産区,"長岡市, 新潟県",,,https://www.houjin-bangou.nta.go.jp/setsumei/images/property_ward.pdf
新発田市本田財産区,"新発田市, 新潟県",,,https://www.houjin-bangou.nta.go.jp/setsumei/images/property_ward.pdf
新発田市藤塚浜財産区,"新発田市, 新潟県",,,https://www.houjin-bangou.nta.go.jp/setsumei/images/property_ward.pdf
村上市三面財産区,"村上市, 新潟県",,,https://www.houjin-bangou.nta.go.jp/setsumei/images/property_ward.pdf
妙高市杉野沢財産区,"妙高市, 新潟県",,,https://www.houjin-bangou.nta.go.jp/setsumei/images/property_ward.pdf
川東財産区,"五泉市, 新潟県",,,https://www.houjin-bangou.nta.go.jp/setsumei/images/property_ward.pdf
大字保田財産区,"阿賀野市, 新潟県",,,https://www.houjin-bangou.nta.go.jp/setsumei/images/property_ward.pdf
大室財産区,"阿賀野市, 新潟県",,,https://www.houjin-bangou.nta.go.jp/setsumei/images/property_ward.pdf
押切外四ヶ大字財産区,"阿賀野市, 新潟県",,,https://www.houjin-bangou.nta.go.jp/setsumei/images/property_ward.pdf
五十里財産区,"佐渡市, 新潟県",,,https://www.houjin-bangou.nta.go.jp/setsumei/images/property_ward.pdf
二宮財産区,"佐渡市, 新潟県",,,https://www.houjin-bangou.nta.go.jp/setsumei/images/property_ward.pdf
新畑野財産区,"佐渡市, 新潟県",,,https://www.houjin-bangou.nta.go.jp/setsumei/images/property_ward.pdf
真野財産区,"佐渡市, 新潟県",,,https://www.houjin-bangou.nta.go.jp/setsumei/images/property_ward.pdf
目黒町財産区,"佐渡市, 新潟県",,,https://www.houjin-bangou.nta.go.jp/setsumei/images/property_ward.pdf
松ヶ崎財産区,"佐渡市, 新潟県",,,https://www.houjin-bangou.nta.go.jp/setsumei/images/property_ward.pdf
畑野財産区,"佐渡市, 新潟県",,,https://www.houjin-bangou.nta.go.jp/setsumei/images/property_ward.pdf
河内財産区,"佐渡市, 新潟県",,,https://www.houjin-bangou.nta.go.jp/setsumei/images/property_ward.pdf
大字四十日財産区,"南魚沼市, 新潟県",,,https://www.houjin-bangou.nta.go.jp/setsumei/images/property_ward.pdf
大字北田中財産区,"南魚沼市, 新潟県",,,https://www.houjin-bangou.nta.go.jp/setsumei/images/property_ward.pdf
大字野田財産区,"南魚沼市, 新潟県",,,https://www.houjin-bangou.nta.go.jp/setsumei/images/property_ward.pdf
大字奥財産区,"南魚沼市, 新潟県",,,https://www.houjin-bangou.nta.go.jp/setsumei/images/property_ward.pdf
大字五日町財産区,"南魚沼市, 新潟県",,,https://www.houjin-bangou.nta.go.jp/setsumei/images/property_ward.pdf
大字寺尾財産区,"南魚沼市, 新潟県",,,https://www.houjin-bangou.nta.go.jp/setsumei/images/property_ward.pdf
大字大杉新田財産区,"南魚沼市, 新潟県",,,https://www.houjin-bangou.nta.go.jp/setsumei/images/property_ward.pdf
大字川窪財産区,"南魚沼市, 新潟県",,,https://www.houjin-bangou.nta.go.jp/setsumei/images/property_ward.pdf
大字四十日、北田中、宇津野新田、青木新田、大杉新田財産区,"南魚沼市, 新潟県",,,https://www.houjin-bangou.nta.go.jp/setsumei/images/property_ward.pdf
大字欠之上財産区,"南魚沼市, 新潟県",,,https://www.houjin-bangou.nta.go.jp/setsumei/images/property_ward.pdf
大字四十日、北田中財産区,"南魚沼市, 新潟県",,,https://www.houjin-bangou.nta.go.jp/setsumei/images/property_ward.pdf
大字泉新田財産区,"南魚沼市, 新潟県",,,https://www.houjin-bangou.nta.go.jp/setsumei/images/property_ward.pdf
大字坂戸、六日町財産区,"南魚沼市, 新潟県",,,https://www.houjin-bangou.nta.go.jp/setsumei/images/property_ward.pdf
大字大月財産区,"南魚沼市, 新潟県",,,https://www.houjin-bangou.nta.go.jp/setsumei/images/property_ward.pdf
大字塩沢財産区,"南魚沼市, 新潟県",,,https://www.houjin-bangou.nta.go.jp/setsumei/images/property_ward.pdf
村松浜財産区,"胎内市, 新潟県",,,https://www.houjin-bangou.nta.go.jp/setsumei/images/property_ward.pdf
氷見市南中財産区,"氷見市, 富山県",,,https://www.houjin-bangou.nta.go.jp/setsumei/images/property_ward.pdf
氷見市南下財産区,"氷見市, 富山県",,,https://www.houjin-bangou.nta.go.jp/setsumei/images/property_ward.pdf
滑川市高月財産区,"滑川市, 富山県",,,https://www.houjin-bangou.nta.go.jp/setsumei/images/property_ward.pdf
滑川市東加積財産区,"滑川市, 富山県",,,https://www.houjin-bangou.nta.go.jp/setsumei/images/property_ward.pdf
黒部市東布施財産区,"黒部市, 富山県",,,https://www.houjin-bangou.nta.go.jp/setsumei/images/property_ward.pdf
黒部市宇奈月町内山財産区,"黒部市, 富山県",,,https://www.houjin-bangou.nta.go.jp/setsumei/images/property_ward.pdf
黒部市宇奈月町音沢財産区,"黒部市, 富山県",,,https://www.houjin-bangou.nta.go.jp/setsumei/images/property_ward.pdf
黒部市宇奈月町浦山財産区,"黒部市, 富山県",,,https://www.houjin-bangou.nta.go.jp/setsumei/images/property_ward.pdf
黒部市宇奈月町栃屋財産区,"黒部市, 富山県",,,https://www.houjin-bangou.nta.go.jp/setsumei/images/property_ward.pdf
黒部市宇奈月町愛本財産区,"黒部市, 富山県",,,https://www.houjin-bangou.nta.go.jp/setsumei/images/property_ward.pdf
黒部市宇奈月町下立財産区,"黒部市, 富山県",,,https://www.houjin-bangou.nta.go.jp/setsumei/images/property_ward.pdf
朝日町南保財産区,"下新川郡朝日町, 富山県",,,https://www.houjin-bangou.nta.go.jp/setsumei/images/property_ward.pdf
加賀山代温泉財産区,"加賀市, 石川県",,,https://www.houjin-bangou.nta.go.jp/setsumei/images/property_ward.pdf
加賀山中温泉財産区,"加賀市, 石川県",,,https://www.houjin-bangou.nta.go.jp/setsumei/images/property_ward.pdf
羽咋市千里浜財産区,"羽咋市, 石川県",,,https://www.houjin-bangou.nta.go.jp/setsumei/images/property_ward.pdf
かほく市大海財産区,"かほく市, 石川県",,,https://www.houjin-bangou.nta.go.jp/setsumei/images/property_ward.pdf
湊財産区,"白山市, 石川県",,,https://www.houjin-bangou.nta.go.jp/setsumei/images/property_ward.pdf
河合谷財産区,"河北郡津幡町, 石川県",,,https://www.houjin-bangou.nta.go.jp/setsumei/images/property_ward.pdf
芦原温泉上水道財産区,"あわら市, 福井県",,,https://www.houjin-bangou.nta.go.jp/setsumei/images/property_ward.pdf
小浜市加斗財産区,"小浜市, 福井県",,,https://www.houjin-bangou.nta.go.jp/setsumei/images/property_ward.pdf
平林山恩賜県有財産保護財産区,"甲府市, 山梨県",,,https://www.houjin-bangou.nta.go.jp/setsumei/images/property_ward.pdf
第二奧仙丈山恩賜県有財産保護財産区,"甲府市, 山梨県",,,https://www.houjin-bangou.nta.go.jp/setsumei/images/property_ward.pdf
第三奧仙丈山恩賜県有財産保護財産区,"甲府市, 山梨県",,,https://www.houjin-bangou.nta.go.jp/setsumei/images/property_ward.pdf
第四奧仙丈山恩賜県有財産保護財産区,"甲府市, 山梨県",,,https://www.houjin-bangou.nta.go.jp/setsumei/images/property_ward.pdf
第五奧仙丈山恩賜県有財産保護財産区,"甲府市, 山梨県",,,https://www.houjin-bangou.nta.go.jp/setsumei/images/property_ward.pdf
大渡外六山恩賜県有財産保護財産区,"甲府市, 山梨県",,,https://www.houjin-bangou.nta.go.jp/setsumei/images/property_ward.pdf
荒川端外四山恩賜県有財産保護財産区,"甲府市, 山梨県",,,https://www.houjin-bangou.nta.go.jp/setsumei/images/property_ward.pdf
片山外一山恩賜県有財産保護財産区,"甲府市, 山梨県",,,https://www.houjin-bangou.nta.go.jp/setsumei/images/property_ward.pdf
日蔭山恩賜県有財産保護財産区,"甲府市, 山梨県",,,https://www.houjin-bangou.nta.go.jp/setsumei/images/property_ward.pdf
滝戸山恩賜県有財産保護財産区,"甲府市, 山梨県",,,https://www.houjin-bangou.nta.go.jp/setsumei/images/property_ward.pdf
狢山恩賜県有財産保護財産区,"甲府市, 山梨県",,,https://www.houjin-bangou.nta.go.jp/setsumei/images/property_ward.pdf
尾股山外七字恩賜県有財産保護財産区,"甲府市, 山梨県",,,https://www.houjin-bangou.nta.go.jp/setsumei/images/property_ward.pdf
大明見財産区,"富士吉田市, 山梨県",,,https://www.houjin-bangou.nta.go.jp/setsumei/images/property_ward.pdf
新田財産区,"富士吉田市, 山梨県",,,https://www.houjin-bangou.nta.go.jp/setsumei/images/property_ward.pdf
古屋財産区,"富士吉田市, 山梨県",,,https://www.houjin-bangou.nta.go.jp/setsumei/images/property_ward.pdf
盛里財産区,"都留市, 山梨県",,,https://www.houjin-bangou.nta.go.jp/setsumei/images/property_ward.pdf
鹿留財産区,"都留市, 山梨県",,,https://www.houjin-bangou.nta.go.jp/setsumei/images/property_ward.pdf
板ヶ沢外７恩賜林保護財産区,"都留市, 山梨県",,,https://www.houjin-bangou.nta.go.jp/setsumei/images/property_ward.pdf
桑代沢外１７恩賜林保護財産区,"都留市, 山梨県",,,https://www.houjin-bangou.nta.go.jp/setsumei/images/property_ward.pdf
水頭外３恩賜林保護財産区,"都留市, 山梨県",,,https://www.houjin-bangou.nta.go.jp/setsumei/images/property_ward.pdf
濁り沢外１８恩賜林保護財産区,"都留市, 山梨県",,,https://www.houjin-bangou.nta.go.jp/setsumei/images/property_ward.pdf
南財産区,"山梨市, 山梨県",,,https://www.houjin-bangou.nta.go.jp/setsumei/images/property_ward.pdf
北財産区,"山梨市, 山梨県",,,https://www.houjin-bangou.nta.go.jp/setsumei/images/property_ward.pdf
市川財産区,"山梨市, 山梨県",,,https://www.houjin-bangou.nta.go.jp/setsumei/images/property_ward.pdf
江曽原財産区,"山梨市, 山梨県",,,https://www.houjin-bangou.nta.go.jp/setsumei/images/property_ward.pdf
大工財産区,"山梨市, 山梨県",,,https://www.houjin-bangou.nta.go.jp/setsumei/images/property_ward.pdf
堀内財産区,"山梨市, 山梨県",,,https://www.houjin-bangou.nta.go.jp/setsumei/images/property_ward.pdf
水口財産区,"山梨市, 山梨県",,,https://www.houjin-bangou.nta.go.jp/setsumei/images/property_ward.pdf
切差財産区,"山梨市, 山梨県",,,https://www.houjin-bangou.nta.go.jp/setsumei/images/property_ward.pdf
岩手財産区,"山梨市, 山梨県",,,https://www.houjin-bangou.nta.go.jp/setsumei/images/property_ward.pdf
八幡山恩賜林保護財産区管理会,"山梨市, 山梨県",,,https://www.houjin-bangou.nta.go.jp/setsumei/images/property_ward.pdf
西保下財産区,"山梨市, 山梨県",,,https://www.houjin-bangou.nta.go.jp/setsumei/images/property_ward.pdf
倉科財産区,"山梨市, 山梨県",,,https://www.houjin-bangou.nta.go.jp/setsumei/images/property_ward.pdf
諏訪財産区,"山梨市, 山梨県",,,https://www.houjin-bangou.nta.go.jp/setsumei/images/property_ward.pdf
隼財産区,"山梨市, 山梨県",,,https://www.houjin-bangou.nta.go.jp/setsumei/images/property_ward.pdf
室伏財産区,"山梨市, 山梨県",,,https://www.houjin-bangou.nta.go.jp/setsumei/images/property_ward.pdf
成沢財産区,"山梨市, 山梨県",,,https://www.houjin-bangou.nta.go.jp/setsumei/images/property_ward.pdf
杣口山恩賜林保護財産区管理会,"山梨市, 山梨県",,,https://www.houjin-bangou.nta.go.jp/setsumei/images/property_ward.pdf
西保財産区,"山梨市, 山梨県",,,https://www.houjin-bangou.nta.go.jp/setsumei/images/property_ward.pdf
芦毛山恩賜県有財産保護財産区管理会,"山梨市, 山梨県",,,https://www.houjin-bangou.nta.go.jp/setsumei/images/property_ward.pdf
中牧財産区,"山梨市, 山梨県",,,https://www.houjin-bangou.nta.go.jp/setsumei/images/property_ward.pdf
笹子財産区,"大月市, 山梨県",,,https://www.houjin-bangou.nta.go.jp/setsumei/images/property_ward.pdf
初狩財産区,"大月市, 山梨県",,,https://www.houjin-bangou.nta.go.jp/setsumei/images/property_ward.pdf
真木財産区,"大月市, 山梨県",,,https://www.houjin-bangou.nta.go.jp/setsumei/images/property_ward.pdf
上花咲財産区,"大月市, 山梨県",,,https://www.houjin-bangou.nta.go.jp/setsumei/images/property_ward.pdf
下花咲財産区,"大月市, 山梨県",,,https://www.houjin-bangou.nta.go.jp/setsumei/images/property_ward.pdf
大月財産区,"大月市, 山梨県",,,https://www.houjin-bangou.nta.go.jp/setsumei/images/property_ward.pdf
駒橋財産区,"大月市, 山梨県",,,https://www.houjin-bangou.nta.go.jp/setsumei/images/property_ward.pdf
奈良子財産区,"大月市, 山梨県",,,https://www.houjin-bangou.nta.go.jp/setsumei/images/property_ward.pdf
浅川財産区,"大月市, 山梨県",,,https://www.houjin-bangou.nta.go.jp/setsumei/images/property_ward.pdf
葛野財産区,"大月市, 山梨県",,,https://www.houjin-bangou.nta.go.jp/setsumei/images/property_ward.pdf
下和田財産区,"大月市, 山梨県",,,https://www.houjin-bangou.nta.go.jp/setsumei/images/property_ward.pdf
猿橋財産区,"大月市, 山梨県",,,https://www.houjin-bangou.nta.go.jp/setsumei/images/property_ward.pdf
富浜財産区,"大月市, 山梨県",,,https://www.houjin-bangou.nta.go.jp/setsumei/images/property_ward.pdf
梁川財産区,"大月市, 山梨県",,,https://www.houjin-bangou.nta.go.jp/setsumei/images/property_ward.pdf
第一鈴嵐恩賜林保護財産区,"韮崎市, 山梨県",,,https://www.houjin-bangou.nta.go.jp/setsumei/images/property_ward.pdf
第二鈴嵐恩賜林保護財産区,"韮崎市, 山梨県",,,https://www.houjin-bangou.nta.go.jp/setsumei/images/property_ward.pdf
第二御座石前山恩賜林保護財産区,"韮崎市, 山梨県",,,https://www.houjin-bangou.nta.go.jp/setsumei/images/property_ward.pdf
旭山恩賜林保護財産区,"韮崎市, 山梨県",,,https://www.houjin-bangou.nta.go.jp/setsumei/images/property_ward.pdf
八森恩賜林保護財産区,"韮崎市, 山梨県",,,https://www.houjin-bangou.nta.go.jp/setsumei/images/property_ward.pdf
戸沢日影半腹裾恩賜林保護財産区,"韮崎市, 山梨県",,,https://www.houjin-bangou.nta.go.jp/setsumei/images/property_ward.pdf
青木御座石財産区,"韮崎市, 山梨県",,,https://www.houjin-bangou.nta.go.jp/setsumei/images/property_ward.pdf
甘利山財産区,"韮崎市, 山梨県",,,https://www.houjin-bangou.nta.go.jp/setsumei/images/property_ward.pdf
芦安恩賜県有財産保護財産区,"南アルプス市, 山梨県",,,https://www.houjin-bangou.nta.go.jp/setsumei/images/property_ward.pdf
中尾山外一字恩賜県有財産保護財産区,"南アルプス市, 山梨県",,,https://www.houjin-bangou.nta.go.jp/setsumei/images/property_ward.pdf
高尾山外一字恩賜県有財産保護財産区,"南アルプス市, 山梨県",,,https://www.houjin-bangou.nta.go.jp/setsumei/images/property_ward.pdf
城山外一字恩賜県有財産保護財産区,"南アルプス市, 山梨県",,,https://www.houjin-bangou.nta.go.jp/setsumei/images/property_ward.pdf
雨鳴山恩賜県有財産保護財産区,"南アルプス市, 山梨県",,,https://www.houjin-bangou.nta.go.jp/setsumei/images/property_ward.pdf
金ケ岳山外二字恩賜林保護財産区,"北杜市, 山梨県",,,https://www.houjin-bangou.nta.go.jp/setsumei/images/property_ward.pdf
大平外壱字恩賜林保護財産区,"北杜市, 山梨県",,,https://www.houjin-bangou.nta.go.jp/setsumei/images/property_ward.pdf
朝神財産区,"北杜市, 山梨県",,,https://www.houjin-bangou.nta.go.jp/setsumei/images/property_ward.pdf
小笠原財産区,"北杜市, 山梨県",,,https://www.houjin-bangou.nta.go.jp/setsumei/images/property_ward.pdf
浅尾原財産区,"北杜市, 山梨県",,,https://www.houjin-bangou.nta.go.jp/setsumei/images/property_ward.pdf
松尾山恩賜県有財産保護財産区,"北杜市, 山梨県",,,https://www.houjin-bangou.nta.go.jp/setsumei/images/property_ward.pdf
日向矢窪山恩賜県有財産保護財産区,"北杜市, 山梨県",,,https://www.houjin-bangou.nta.go.jp/setsumei/images/property_ward.pdf
穂足財産区,"北杜市, 山梨県",,,https://www.houjin-bangou.nta.go.jp/setsumei/images/property_ward.pdf
多麻財産区,"北杜市, 山梨県",,,https://www.houjin-bangou.nta.go.jp/setsumei/images/property_ward.pdf
肥道山恩賜県有財産保護財産区,"北杜市, 山梨県",,,https://www.houjin-bangou.nta.go.jp/setsumei/images/property_ward.pdf
江草財産区,"北杜市, 山梨県",,,https://www.houjin-bangou.nta.go.jp/setsumei/images/property_ward.pdf
奥山恩賜県有財産保護財産区,"北杜市, 山梨県",,,https://www.houjin-bangou.nta.go.jp/setsumei/images/property_ward.pdf
前山恩賜県有財産保護財産区,"北杜市, 山梨県",,,https://www.houjin-bangou.nta.go.jp/setsumei/images/property_ward.pdf
増富財産区,"北杜市, 山梨県",,,https://www.houjin-bangou.nta.go.jp/setsumei/images/property_ward.pdf
安都玉財産区,"北杜市, 山梨県",,,https://www.houjin-bangou.nta.go.jp/setsumei/images/property_ward.pdf
安都那財産区,"北杜市, 山梨県",,,https://www.houjin-bangou.nta.go.jp/setsumei/images/property_ward.pdf
熱見財産区,"北杜市, 山梨県",,,https://www.houjin-bangou.nta.go.jp/setsumei/images/property_ward.pdf
甲財産区,"北杜市, 山梨県",,,https://www.houjin-bangou.nta.go.jp/setsumei/images/property_ward.pdf
清里財産区,"北杜市, 山梨県",,,https://www.houjin-bangou.nta.go.jp/setsumei/images/property_ward.pdf
念場ヶ原山恩賜林保護財産区,"北杜市, 山梨県",,,https://www.houjin-bangou.nta.go.jp/setsumei/images/property_ward.pdf
上手原山恩賜林保護財産区,"北杜市, 山梨県",,,https://www.houjin-bangou.nta.go.jp/setsumei/images/property_ward.pdf
石堂山恩賜県有財産保護財産区,"北杜市, 山梨県",,,https://www.houjin-bangou.nta.go.jp/setsumei/images/property_ward.pdf
三ツ墓山恩賜林保護財産区,"北杜市, 山梨県",,,https://www.houjin-bangou.nta.go.jp/setsumei/images/property_ward.pdf
古杣川西外七字恩賜林保護財産区,"北杜市, 山梨県",,,https://www.houjin-bangou.nta.go.jp/setsumei/images/property_ward.pdf
日野原山恩賜県有財産保護財産区,"北杜市, 山梨県",,,https://www.houjin-bangou.nta.go.jp/setsumei/images/property_ward.pdf
秋田財産区,"北杜市, 山梨県",,,https://www.houjin-bangou.nta.go.jp/setsumei/images/property_ward.pdf
大泉恩賜県有財産保護財産区,"北杜市, 山梨県",,,https://www.houjin-bangou.nta.go.jp/setsumei/images/property_ward.pdf
内山の内十二山恩賜県有財産保護財産区,"北杜市, 山梨県",,,https://www.houjin-bangou.nta.go.jp/setsumei/images/property_ward.pdf
日向山外一字恩賜林保護財産区,"北杜市, 山梨県",,,https://www.houjin-bangou.nta.go.jp/setsumei/images/property_ward.pdf
前山恩賜林保護財産区,"北杜市, 山梨県",,,https://www.houjin-bangou.nta.go.jp/setsumei/images/property_ward.pdf
大日向山外十三字恩賜林保護財産区,"北杜市, 山梨県",,,https://www.houjin-bangou.nta.go.jp/setsumei/images/property_ward.pdf
三宝恩賜林保護財産区,"北杜市, 山梨県",,,https://www.houjin-bangou.nta.go.jp/setsumei/images/property_ward.pdf
駒ケ岳の内黒戸山恩賜県有財産保護財産区,"北杜市, 山梨県",,,https://www.houjin-bangou.nta.go.jp/setsumei/images/property_ward.pdf
大平山恩賜林保護財産区,"北杜市, 山梨県",,,https://www.houjin-bangou.nta.go.jp/setsumei/images/property_ward.pdf
眞原小山平恩賜林保護財産区,"北杜市, 山梨県",,,https://www.houjin-bangou.nta.go.jp/setsumei/images/property_ward.pdf
淵ヶ沢山恩賜県有財産保護財産区,"北杜市, 山梨県",,,https://www.houjin-bangou.nta.go.jp/setsumei/images/property_ward.pdf
萩坂日影平小山の一部恩賜県有財産保護財産区,"北杜市, 山梨県",,,https://www.houjin-bangou.nta.go.jp/setsumei/images/property_ward.pdf
鳳凰山、山葵澤、城山、大澤恩賜県有財産保護財産区,"北杜市, 山梨県",,,https://www.houjin-bangou.nta.go.jp/setsumei/images/property_ward.pdf
武川恩賜県有財産保護財産区,"北杜市, 山梨県",,,https://www.houjin-bangou.nta.go.jp/setsumei/images/property_ward.pdf
棒道下恩賜林保護財産区,"北杜市, 山梨県",,,https://www.houjin-bangou.nta.go.jp/setsumei/images/property_ward.pdf
大平山恩賜県有財産保護財産区,"北杜市, 山梨県",,,https://www.houjin-bangou.nta.go.jp/setsumei/images/property_ward.pdf
篠原山恩賜県有財産保護財産区,"北杜市, 山梨県",,,https://www.houjin-bangou.nta.go.jp/setsumei/images/property_ward.pdf
小淵沢財産区,"北杜市, 山梨県",,,https://www.houjin-bangou.nta.go.jp/setsumei/images/property_ward.pdf
平見城恩賜林保護財産区,"甲斐市, 山梨県",,,https://www.houjin-bangou.nta.go.jp/setsumei/images/property_ward.pdf
芦の沢外１５山恩賜林保護財産区,"甲斐市, 山梨県",,,https://www.houjin-bangou.nta.go.jp/setsumei/images/property_ward.pdf
雨沢山恩賜林保護財産区,"甲斐市, 山梨県",,,https://www.houjin-bangou.nta.go.jp/setsumei/images/property_ward.pdf
兜山外五山恩賜県有財産保護財産区,"笛吹市, 山梨県",,,https://www.houjin-bangou.nta.go.jp/setsumei/images/property_ward.pdf
黒駒山恩賜県有財産保護財産区,"笛吹市, 山梨県",,,https://www.houjin-bangou.nta.go.jp/setsumei/images/property_ward.pdf
春日山恩賜県有財産保護財産区,"笛吹市, 山梨県",,,https://www.houjin-bangou.nta.go.jp/setsumei/images/property_ward.pdf
名所山恩賜県有財産保護財産区,"笛吹市, 山梨県",,,https://www.houjin-bangou.nta.go.jp/setsumei/images/property_ward.pdf
崩山恩賜県有財産保護財産区,"笛吹市, 山梨県",,,https://www.houjin-bangou.nta.go.jp/setsumei/images/property_ward.pdf
大口山恩賜県有財産保護財産区,"笛吹市, 山梨県",,,https://www.houjin-bangou.nta.go.jp/setsumei/images/property_ward.pdf
大積寺山恩賜県有財産保護財産区,"笛吹市, 山梨県",,,https://www.houjin-bangou.nta.go.jp/setsumei/images/property_ward.pdf
稲山恩賜県有財産保護財産区,"笛吹市, 山梨県",,,https://www.houjin-bangou.nta.go.jp/setsumei/images/property_ward.pdf
牛ヶ額恩賜県有財産保護財産区,"笛吹市, 山梨県",,,https://www.houjin-bangou.nta.go.jp/setsumei/images/property_ward.pdf
大目財産区,"上野原市, 山梨県",,,https://www.houjin-bangou.nta.go.jp/setsumei/images/property_ward.pdf
甲東財産区,"上野原市, 山梨県",,,https://www.houjin-bangou.nta.go.jp/setsumei/images/property_ward.pdf
巌財産区,"上野原市, 山梨県",,,https://www.houjin-bangou.nta.go.jp/setsumei/images/property_ward.pdf
島田財産区,"上野原市, 山梨県",,,https://www.houjin-bangou.nta.go.jp/setsumei/images/property_ward.pdf
上野原財産区,"上野原市, 山梨県",,,https://www.houjin-bangou.nta.go.jp/setsumei/images/property_ward.pdf
檜尾根外十二恩賜林保護財産区,"上野原市, 山梨県",,,https://www.houjin-bangou.nta.go.jp/setsumei/images/property_ward.pdf
秋山財産区,"上野原市, 山梨県",,,https://www.houjin-bangou.nta.go.jp/setsumei/images/property_ward.pdf
西棚ノ入外十一恩賜林保護財産区,"上野原市, 山梨県",,,https://www.houjin-bangou.nta.go.jp/setsumei/images/property_ward.pdf
萩原山財産区,"甲州市, 山梨県",,,https://www.houjin-bangou.nta.go.jp/setsumei/images/property_ward.pdf
神金財産区,"甲州市, 山梨県",,,https://www.houjin-bangou.nta.go.jp/setsumei/images/property_ward.pdf
竹森入財産区,"甲州市, 山梨県",,,https://www.houjin-bangou.nta.go.jp/setsumei/images/property_ward.pdf
大藤財産区,"甲州市, 山梨県",,,https://www.houjin-bangou.nta.go.jp/setsumei/images/property_ward.pdf
岩崎山保護財産区,"甲州市, 山梨県",,,https://www.houjin-bangou.nta.go.jp/setsumei/images/property_ward.pdf
市川大門財産区,"西八代郡市川三郷町, 山梨県",,,https://www.houjin-bangou.nta.go.jp/setsumei/images/property_ward.pdf
高田財産区,"西八代郡市川三郷町, 山梨県",,,https://www.houjin-bangou.nta.go.jp/setsumei/images/property_ward.pdf
大同財産区,"西八代郡市川三郷町, 山梨県",,,https://www.houjin-bangou.nta.go.jp/setsumei/images/property_ward.pdf
市川大門恩賜県有財産保護財産区,"西八代郡市川三郷町, 山梨県",,,https://www.houjin-bangou.nta.go.jp/setsumei/images/property_ward.pdf
要戸外六字恩賜県有財産保護財産区,"西八代郡市川三郷町, 山梨県",,,https://www.houjin-bangou.nta.go.jp/setsumei/images/property_ward.pdf
水上外一山恩賜林保護財産区,"西八代郡市川三郷町, 山梨県",,,https://www.houjin-bangou.nta.go.jp/setsumei/images/property_ward.pdf
岩間財産区,"西八代郡市川三郷町, 山梨県",,,https://www.houjin-bangou.nta.go.jp/setsumei/images/property_ward.pdf
落居財産区,"西八代郡市川三郷町, 山梨県",,,https://www.houjin-bangou.nta.go.jp/setsumei/images/property_ward.pdf
楠甫財産区,"西八代郡市川三郷町, 山梨県",,,https://www.houjin-bangou.nta.go.jp/setsumei/images/property_ward.pdf
宮原財産区,"西八代郡市川三郷町, 山梨県",,,https://www.houjin-bangou.nta.go.jp/setsumei/images/property_ward.pdf
鴨狩津向財産区,"西八代郡市川三郷町, 山梨県",,,https://www.houjin-bangou.nta.go.jp/setsumei/images/property_ward.pdf
葛篭沢財産区,"西八代郡市川三郷町, 山梨県",,,https://www.houjin-bangou.nta.go.jp/setsumei/images/property_ward.pdf
本建財産区,"南巨摩郡早川町, 山梨県",,,https://www.houjin-bangou.nta.go.jp/setsumei/images/property_ward.pdf
五箇財産区,"南巨摩郡早川町, 山梨県",,,https://www.houjin-bangou.nta.go.jp/setsumei/images/property_ward.pdf
硯島財産区,"南巨摩郡早川町, 山梨県",,,https://www.houjin-bangou.nta.go.jp/setsumei/images/property_ward.pdf
都川財産区,"南巨摩郡早川町, 山梨県",,,https://www.houjin-bangou.nta.go.jp/setsumei/images/property_ward.pdf
三里財産区,"南巨摩郡早川町, 山梨県",,,https://www.houjin-bangou.nta.go.jp/setsumei/images/property_ward.pdf
西山財産区,"南巨摩郡早川町, 山梨県",,,https://www.houjin-bangou.nta.go.jp/setsumei/images/property_ward.pdf
吉水外十三山恩賜林保護財産区,"南巨摩郡早川町, 山梨県",,,https://www.houjin-bangou.nta.go.jp/setsumei/images/property_ward.pdf
生木割外二山恩賜林保護財産区,"南巨摩郡早川町, 山梨県",,,https://www.houjin-bangou.nta.go.jp/setsumei/images/property_ward.pdf
白屋外一山恩賜林保護財産区,"南巨摩郡早川町, 山梨県",,,https://www.houjin-bangou.nta.go.jp/setsumei/images/property_ward.pdf
大平外二山恩賜林保護財産区,"南巨摩郡早川町, 山梨県",,,https://www.houjin-bangou.nta.go.jp/setsumei/images/property_ward.pdf
農鳥山外二十五山恩賜林保護財産区,"南巨摩郡早川町, 山梨県",,,https://www.houjin-bangou.nta.go.jp/setsumei/images/property_ward.pdf
西嶋財産区,"南巨摩郡身延町, 山梨県",,,https://www.houjin-bangou.nta.go.jp/setsumei/images/property_ward.pdf
曙財産区,"南巨摩郡身延町, 山梨県",,,https://www.houjin-bangou.nta.go.jp/setsumei/images/property_ward.pdf
下山地区財産区,"南巨摩郡身延町, 山梨県",,,https://www.houjin-bangou.nta.go.jp/setsumei/images/property_ward.pdf
大河内地区財産区,"南巨摩郡身延町, 山梨県",,,https://www.houjin-bangou.nta.go.jp/setsumei/images/property_ward.pdf
広野村上外九山恩賜林保護財産区,"南巨摩郡身延町, 山梨県",,,https://www.houjin-bangou.nta.go.jp/setsumei/images/property_ward.pdf
大八坂及び川尻並びに山之神外十五山恩賜林保護財産区,"南巨摩郡身延町, 山梨県",,,https://www.houjin-bangou.nta.go.jp/setsumei/images/property_ward.pdf
第一日影みそね沢山恩賜林保護財産区,"南巨摩郡身延町, 山梨県",,,https://www.houjin-bangou.nta.go.jp/setsumei/images/property_ward.pdf
第二日影みそね沢及び石原外二山恩賜林保護財産区,"南巨摩郡身延町, 山梨県",,,https://www.houjin-bangou.nta.go.jp/setsumei/images/property_ward.pdf
大久保外七山恩賜林保護財産区,"南巨摩郡身延町, 山梨県",,,https://www.houjin-bangou.nta.go.jp/setsumei/images/property_ward.pdf
仙王外五山恩賜林保護財産区,"南巨摩郡身延町, 山梨県",,,https://www.houjin-bangou.nta.go.jp/setsumei/images/property_ward.pdf
姥草里外七山恩賜林保護財産区,"南巨摩郡身延町, 山梨県",,,https://www.houjin-bangou.nta.go.jp/setsumei/images/property_ward.pdf
入ケ岳外二山恩賜林保護財産区,"南巨摩郡身延町, 山梨県",,,https://www.houjin-bangou.nta.go.jp/setsumei/images/property_ward.pdf
南部町富沢財産区,"南巨摩郡南部町, 山梨県",,,https://www.houjin-bangou.nta.go.jp/setsumei/images/property_ward.pdf
南部町睦合財産区,"南巨摩郡南部町, 山梨県",,,https://www.houjin-bangou.nta.go.jp/setsumei/images/property_ward.pdf
南部町大城平外二山恩賜林保護財産区,"南巨摩郡南部町, 山梨県",,,https://www.houjin-bangou.nta.go.jp/setsumei/images/property_ward.pdf
南部町大日向外三山恩賜林保護財産区,"南巨摩郡南部町, 山梨県",,,https://www.houjin-bangou.nta.go.jp/setsumei/images/property_ward.pdf
南部町栄財産区,"南巨摩郡南部町, 山梨県",,,https://www.houjin-bangou.nta.go.jp/setsumei/images/property_ward.pdf
南部町内船財産区,"南巨摩郡南部町, 山梨県",,,https://www.houjin-bangou.nta.go.jp/setsumei/images/property_ward.pdf
鰍沢町有林財産区,"南巨摩郡富士川町, 山梨県",,,https://www.houjin-bangou.nta.go.jp/setsumei/images/property_ward.pdf
鹿島財産区,"南巨摩郡富士川町, 山梨県",,,https://www.houjin-bangou.nta.go.jp/setsumei/images/property_ward.pdf
羽鹿島財産区,"南巨摩郡富士川町, 山梨県",,,https://www.houjin-bangou.nta.go.jp/setsumei/images/property_ward.pdf
カラマツオ外三十山恩賜林保護財産区,"南巨摩郡富士川町, 山梨県",,,https://www.houjin-bangou.nta.go.jp/setsumei/images/property_ward.pdf
船津財産区,"南都留郡富士河口湖町, 山梨県",,,https://www.houjin-bangou.nta.go.jp/setsumei/images/property_ward.pdf
小立財産区,"南都留郡富士河口湖町, 山梨県",,,https://www.houjin-bangou.nta.go.jp/setsumei/images/property_ward.pdf
大石財産区,"南都留郡富士河口湖町, 山梨県",,,https://www.houjin-bangou.nta.go.jp/setsumei/images/property_ward.pdf
河口財産区,"南都留郡富士河口湖町, 山梨県",,,https://www.houjin-bangou.nta.go.jp/setsumei/images/property_ward.pdf
西深沢外十三恩賜県有財産保護財産区,"南都留郡富士河口湖町, 山梨県",,,https://www.houjin-bangou.nta.go.jp/setsumei/images/property_ward.pdf
勝山財産区,"南都留郡富士河口湖町, 山梨県",,,https://www.houjin-bangou.nta.go.jp/setsumei/images/property_ward.pdf
西湖財産区,"南都留郡富士河口湖町, 山梨県",,,https://www.houjin-bangou.nta.go.jp/setsumei/images/property_ward.pdf
大嵐財産区,"南都留郡富士河口湖町, 山梨県",,,https://www.houjin-bangou.nta.go.jp/setsumei/images/property_ward.pdf
長浜財産区,"南都留郡富士河口湖町, 山梨県",,,https://www.houjin-bangou.nta.go.jp/setsumei/images/property_ward.pdf
青木ヶ原外七字及び小合山外七字恩賜県有財産保護財産区,"南都留郡富士河口湖町, 山梨県",,,https://www.houjin-bangou.nta.go.jp/setsumei/images/property_ward.pdf
大室山外三十字恩賜県有財産保護財産区,"南都留郡富士河口湖町, 山梨県",,,https://www.houjin-bangou.nta.go.jp/setsumei/images/property_ward.pdf
精進財産区,"南都留郡富士河口湖町, 山梨県",,,https://www.houjin-bangou.nta.go.jp/setsumei/images/property_ward.pdf
本栖財産区,"南都留郡富士河口湖町, 山梨県",,,https://www.houjin-bangou.nta.go.jp/setsumei/images/property_ward.pdf
富士ヶ嶺財産区,"南都留郡富士河口湖町, 山梨県",,,https://www.houjin-bangou.nta.go.jp/setsumei/images/property_ward.pdf
長野市松代財産区,"長野市, 長野県",,,https://www.houjin-bangou.nta.go.jp/setsumei/images/property_ward.pdf
長野市豊栄財産区,"長野市, 長野県",,,https://www.houjin-bangou.nta.go.jp/setsumei/images/property_ward.pdf
長野市西寺尾本郷財産区,"長野市, 長野県",,,https://www.houjin-bangou.nta.go.jp/setsumei/images/property_ward.pdf
長野市西条財産区,"長野市, 長野県",,,https://www.houjin-bangou.nta.go.jp/setsumei/images/property_ward.pdf
長野市東条財産区,"長野市, 長野県",,,https://www.houjin-bangou.nta.go.jp/setsumei/images/property_ward.pdf
長野市大岡中牧財産区,"長野市, 長野県",,,https://www.houjin-bangou.nta.go.jp/setsumei/images/property_ward.pdf
長野市今井財産区,"長野市, 長野県",,,https://www.houjin-bangou.nta.go.jp/setsumei/images/property_ward.pdf
長野市信州新町中牧財産区,"長野市, 長野県",,,https://www.houjin-bangou.nta.go.jp/setsumei/images/property_ward.pdf
長野市信級財産区,"長野市, 長野県",,,https://www.houjin-bangou.nta.go.jp/setsumei/images/property_ward.pdf
松本市寿財産区,"松本市, 長野県",,,https://www.houjin-bangou.nta.go.jp/setsumei/images/property_ward.pdf
松本市岡田財産区,"松本市, 長野県",,,https://www.houjin-bangou.nta.go.jp/setsumei/images/property_ward.pdf
松本市入山辺里山辺財産区,"松本市, 長野県",,,https://www.houjin-bangou.nta.go.jp/setsumei/images/property_ward.pdf
松本市今井財産区,"松本市, 長野県",,,https://www.houjin-bangou.nta.go.jp/setsumei/images/property_ward.pdf
松本市本郷財産区,"松本市, 長野県",,,https://www.houjin-bangou.nta.go.jp/setsumei/images/property_ward.pdf
上田市別所温泉財産区,"上田市, 長野県",,,https://www.houjin-bangou.nta.go.jp/setsumei/images/property_ward.pdf
上田市上室賀財産区,"上田市, 長野県",,,https://www.houjin-bangou.nta.go.jp/setsumei/images/property_ward.pdf
上田市下室賀財産区,"上田市, 長野県",,,https://www.houjin-bangou.nta.go.jp/setsumei/images/property_ward.pdf
上田市浦里財産区,"上田市, 長野県",,,https://www.houjin-bangou.nta.go.jp/setsumei/images/property_ward.pdf
上田市東内財産区,"上田市, 長野県",,,https://www.houjin-bangou.nta.go.jp/setsumei/images/property_ward.pdf
上田市平井財産区,"上田市, 長野県",,,https://www.houjin-bangou.nta.go.jp/setsumei/images/property_ward.pdf
上田市西内財産区,"上田市, 長野県",,,https://www.houjin-bangou.nta.go.jp/setsumei/images/property_ward.pdf
上田市長財産区,"上田市, 長野県",,,https://www.houjin-bangou.nta.go.jp/setsumei/images/property_ward.pdf
上田市本原財産区,"上田市, 長野県",,,https://www.houjin-bangou.nta.go.jp/setsumei/images/property_ward.pdf
上田市武石財産区,"上田市, 長野県",,,https://www.houjin-bangou.nta.go.jp/setsumei/images/property_ward.pdf
岡谷市湊財産区,"岡谷市, 長野県",,,https://www.houjin-bangou.nta.go.jp/setsumei/images/property_ward.pdf
飯田市羽場財産区,"飯田市, 長野県",,,https://www.houjin-bangou.nta.go.jp/setsumei/images/property_ward.pdf
飯田市中央財産区,"飯田市, 長野県",,,https://www.houjin-bangou.nta.go.jp/setsumei/images/property_ward.pdf
飯田市南部財産区,"飯田市, 長野県",,,https://www.houjin-bangou.nta.go.jp/setsumei/images/property_ward.pdf
飯田市東野財産区,"飯田市, 長野県",,,https://www.houjin-bangou.nta.go.jp/setsumei/images/property_ward.pdf
飯田市野底財産区,"飯田市, 長野県",,,https://www.houjin-bangou.nta.go.jp/setsumei/images/property_ward.pdf
飯田市大十区財産区,"飯田市, 長野県",,,https://www.houjin-bangou.nta.go.jp/setsumei/images/property_ward.pdf
飯田市大七区財産区,"飯田市, 長野県",,,https://www.houjin-bangou.nta.go.jp/setsumei/images/property_ward.pdf
飯田市大六区財産区,"飯田市, 長野県",,,https://www.houjin-bangou.nta.go.jp/setsumei/images/property_ward.pdf
飯田市大瀬木財産区,"飯田市, 長野県",,,https://www.houjin-bangou.nta.go.jp/setsumei/images/property_ward.pdf
飯田市久四区財産区,"飯田市, 長野県",,,https://www.houjin-bangou.nta.go.jp/setsumei/images/property_ward.pdf
飯田市二区財産区,"飯田市, 長野県",,,https://www.houjin-bangou.nta.go.jp/setsumei/images/property_ward.pdf
飯田市中村財産区,"飯田市, 長野県",,,https://www.houjin-bangou.nta.go.jp/setsumei/images/property_ward.pdf
飯田市新四区財産区,"飯田市, 長野県",,,https://www.houjin-bangou.nta.go.jp/setsumei/images/property_ward.pdf
飯田市北十区財産区,"飯田市, 長野県",,,https://www.houjin-bangou.nta.go.jp/setsumei/images/property_ward.pdf
飯田市北三区財産区,"飯田市, 長野県",,,https://www.houjin-bangou.nta.go.jp/setsumei/images/property_ward.pdf
飯田市三日市場財産区,"飯田市, 長野県",,,https://www.houjin-bangou.nta.go.jp/setsumei/images/property_ward.pdf
飯田市桐林財産区,"飯田市, 長野県",,,https://www.houjin-bangou.nta.go.jp/setsumei/images/property_ward.pdf
飯田市長野原財産区,"飯田市, 長野県",,,https://www.houjin-bangou.nta.go.jp/setsumei/images/property_ward.pdf
飯田市駄科財産区,"飯田市, 長野県",,,https://www.houjin-bangou.nta.go.jp/setsumei/images/property_ward.pdf
飯田市時又財産区,"飯田市, 長野県",,,https://www.houjin-bangou.nta.go.jp/setsumei/images/property_ward.pdf
飯田市上川路財産区,"飯田市, 長野県",,,https://www.houjin-bangou.nta.go.jp/setsumei/images/property_ward.pdf
飯田市千代財産区,"飯田市, 長野県",,,https://www.houjin-bangou.nta.go.jp/setsumei/images/property_ward.pdf
飯田市山本区財産区,"飯田市, 長野県",,,https://www.houjin-bangou.nta.go.jp/setsumei/images/property_ward.pdf
飯田市松尾地区財産区,"飯田市, 長野県",,,https://www.houjin-bangou.nta.go.jp/setsumei/images/property_ward.pdf
飯田市鼎財産区,"飯田市, 長野県",,,https://www.houjin-bangou.nta.go.jp/setsumei/images/property_ward.pdf
飯田市座光寺地区財産区,"飯田市, 長野県",,,https://www.houjin-bangou.nta.go.jp/setsumei/images/property_ward.pdf
飯田市下久堅地区財産区,"飯田市, 長野県",,,https://www.houjin-bangou.nta.go.jp/setsumei/images/property_ward.pdf
飯田市柏原地区財産区,"飯田市, 長野県",,,https://www.houjin-bangou.nta.go.jp/setsumei/images/property_ward.pdf
飯田市竜丘地区財産区,"飯田市, 長野県",,,https://www.houjin-bangou.nta.go.jp/setsumei/images/property_ward.pdf
飯田市三穂地区財産区,"飯田市, 長野県",,,https://www.houjin-bangou.nta.go.jp/setsumei/images/property_ward.pdf
飯田市山本地区財産区,"飯田市, 長野県",,,https://www.houjin-bangou.nta.go.jp/setsumei/images/property_ward.pdf
飯田市四区財産区,"飯田市, 長野県",,,https://www.houjin-bangou.nta.go.jp/setsumei/images/property_ward.pdf
飯田市松川入財産区,"飯田市, 長野県",,,https://www.houjin-bangou.nta.go.jp/setsumei/images/property_ward.pdf
飯田市上郷野底山財産区,"飯田市, 長野県",,,https://www.houjin-bangou.nta.go.jp/setsumei/images/property_ward.pdf
須坂市豊丘財産区,"須坂市, 長野県",,,https://www.houjin-bangou.nta.go.jp/setsumei/images/property_ward.pdf
井上、幸高、九反田、中島財産区,"須坂市, 長野県",,,https://www.houjin-bangou.nta.go.jp/setsumei/images/property_ward.pdf
高峰財産区,"小諸市, 長野県",,,https://www.houjin-bangou.nta.go.jp/setsumei/images/property_ward.pdf
御牧ヶ原財産区,"小諸市, 長野県",,,https://www.houjin-bangou.nta.go.jp/setsumei/images/property_ward.pdf
古牧財産区,"小諸市, 長野県",,,https://www.houjin-bangou.nta.go.jp/setsumei/images/property_ward.pdf
小諸市滋野財産区,"小諸市, 長野県",,,https://www.houjin-bangou.nta.go.jp/setsumei/images/property_ward.pdf
伊那市伊那財産区,"伊那市, 長野県",,,https://www.houjin-bangou.nta.go.jp/setsumei/images/property_ward.pdf
伊那市富県財産区,"伊那市, 長野県",,,https://www.houjin-bangou.nta.go.jp/setsumei/images/property_ward.pdf
伊那市美篶財産区,"伊那市, 長野県",,,https://www.houjin-bangou.nta.go.jp/setsumei/images/property_ward.pdf
伊那市東春近財産区,"伊那市, 長野県",,,https://www.houjin-bangou.nta.go.jp/setsumei/images/property_ward.pdf
伊那市西春近財産区,"伊那市, 長野県",,,https://www.houjin-bangou.nta.go.jp/setsumei/images/property_ward.pdf
伊那市藤沢財産区,"伊那市, 長野県",,,https://www.houjin-bangou.nta.go.jp/setsumei/images/property_ward.pdf
伊那市北原財産区,"伊那市, 長野県",,,https://www.houjin-bangou.nta.go.jp/setsumei/images/property_ward.pdf
伊那市片倉財産区,"伊那市, 長野県",,,https://www.houjin-bangou.nta.go.jp/setsumei/images/property_ward.pdf
伊那市長藤財産区,"伊那市, 長野県",,,https://www.houjin-bangou.nta.go.jp/setsumei/images/property_ward.pdf
中沢財産区,"駒ヶ根市, 長野県",,,https://www.houjin-bangou.nta.go.jp/setsumei/images/property_ward.pdf
東伊那財産区,"駒ヶ根市, 長野県",,,https://www.houjin-bangou.nta.go.jp/setsumei/images/property_ward.pdf
中野市中野財産区,"中野市, 長野県",,,https://www.houjin-bangou.nta.go.jp/setsumei/images/property_ward.pdf
中野市倭財産区,"中野市, 長野県",,,https://www.houjin-bangou.nta.go.jp/setsumei/images/property_ward.pdf
中野市永田財産区,"中野市, 長野県",,,https://www.houjin-bangou.nta.go.jp/setsumei/images/property_ward.pdf
茅野市北山湯川財産区,"茅野市, 長野県",,,https://www.houjin-bangou.nta.go.jp/setsumei/images/property_ward.pdf
茅野市北山柏原財産区,"茅野市, 長野県",,,https://www.houjin-bangou.nta.go.jp/setsumei/images/property_ward.pdf
茅野市北山芹ケ沢財産区,"茅野市, 長野県",,,https://www.houjin-bangou.nta.go.jp/setsumei/images/property_ward.pdf
茅野市北山糸萱財産区,"茅野市, 長野県",,,https://www.houjin-bangou.nta.go.jp/setsumei/images/property_ward.pdf
茅野市外山財産区,"茅野市, 長野県",,,https://www.houjin-bangou.nta.go.jp/setsumei/images/property_ward.pdf
茅野市内山財産区,"茅野市, 長野県",,,https://www.houjin-bangou.nta.go.jp/setsumei/images/property_ward.pdf
茅野市鹿山財産区,"茅野市, 長野県",,,https://www.houjin-bangou.nta.go.jp/setsumei/images/property_ward.pdf
茅野市米沢北大塩財産区,"茅野市, 長野県",,,https://www.houjin-bangou.nta.go.jp/setsumei/images/property_ward.pdf
茅野市米沢塩沢財産区,"茅野市, 長野県",,,https://www.houjin-bangou.nta.go.jp/setsumei/images/property_ward.pdf
茅野市米沢埴原田財産区,"茅野市, 長野県",,,https://www.houjin-bangou.nta.go.jp/setsumei/images/property_ward.pdf
茅野市米沢鋳物師屋財産区,"茅野市, 長野県",,,https://www.houjin-bangou.nta.go.jp/setsumei/images/property_ward.pdf
茅野市湖東白井出財産区,"茅野市, 長野県",,,https://www.houjin-bangou.nta.go.jp/setsumei/images/property_ward.pdf
茅野市湖東笹原財産区,"茅野市, 長野県",,,https://www.houjin-bangou.nta.go.jp/setsumei/images/property_ward.pdf
茅野市湖東須栗平財産区,"茅野市, 長野県",,,https://www.houjin-bangou.nta.go.jp/setsumei/images/property_ward.pdf
茅野市湖東堀財産区,"茅野市, 長野県",,,https://www.houjin-bangou.nta.go.jp/setsumei/images/property_ward.pdf
茅野市湖東金山財産区,"茅野市, 長野県",,,https://www.houjin-bangou.nta.go.jp/setsumei/images/property_ward.pdf
茅野市湖東新井財産区,"茅野市, 長野県",,,https://www.houjin-bangou.nta.go.jp/setsumei/images/property_ward.pdf
茅野市湖東山口財産区,"茅野市, 長野県",,,https://www.houjin-bangou.nta.go.jp/setsumei/images/property_ward.pdf
茅野市湖東中村財産区,"茅野市, 長野県",,,https://www.houjin-bangou.nta.go.jp/setsumei/images/property_ward.pdf
茅野市湖東上菅沢財産区,"茅野市, 長野県",,,https://www.houjin-bangou.nta.go.jp/setsumei/images/property_ward.pdf
茅野市豊平南大塩財産区,"茅野市, 長野県",,,https://www.houjin-bangou.nta.go.jp/setsumei/images/property_ward.pdf
茅野市豊平塩之目財産区,"茅野市, 長野県",,,https://www.houjin-bangou.nta.go.jp/setsumei/images/property_ward.pdf
茅野市豊平上場沢財産区,"茅野市, 長野県",,,https://www.houjin-bangou.nta.go.jp/setsumei/images/property_ward.pdf
茅野市豊平上古田財産区,"茅野市, 長野県",,,https://www.houjin-bangou.nta.go.jp/setsumei/images/property_ward.pdf
茅野市豊平下古田財産区,"茅野市, 長野県",,,https://www.houjin-bangou.nta.go.jp/setsumei/images/property_ward.pdf
茅野市豊平御作田財産区,"茅野市, 長野県",,,https://www.houjin-bangou.nta.go.jp/setsumei/images/property_ward.pdf
茅野市豊平下菅沢財産区,"茅野市, 長野県",,,https://www.houjin-bangou.nta.go.jp/setsumei/images/property_ward.pdf
茅野市豊平福沢財産区,"茅野市, 長野県",,,https://www.houjin-bangou.nta.go.jp/setsumei/images/property_ward.pdf
茅野市七ヶ耕地財産区,"茅野市, 長野県",,,https://www.houjin-bangou.nta.go.jp/setsumei/images/property_ward.pdf
茅野市泉野財産区,"茅野市, 長野県",,,https://www.houjin-bangou.nta.go.jp/setsumei/images/property_ward.pdf
茅野市泉野槻木財産区,"茅野市, 長野県",,,https://www.houjin-bangou.nta.go.jp/setsumei/images/property_ward.pdf
茅野市泉野中道財産区,"茅野市, 長野県",,,https://www.houjin-bangou.nta.go.jp/setsumei/images/property_ward.pdf
茅野市泉野小屋場財産区,"茅野市, 長野県",,,https://www.houjin-bangou.nta.go.jp/setsumei/images/property_ward.pdf
茅野市泉野大日影財産区,"茅野市, 長野県",,,https://www.houjin-bangou.nta.go.jp/setsumei/images/property_ward.pdf
茅野市玉川財産区,"茅野市, 長野県",,,https://www.houjin-bangou.nta.go.jp/setsumei/images/property_ward.pdf
茅野市玉川山田財産区,"茅野市, 長野県",,,https://www.houjin-bangou.nta.go.jp/setsumei/images/property_ward.pdf
茅野市玉川穴山財産区,"茅野市, 長野県",,,https://www.houjin-bangou.nta.go.jp/setsumei/images/property_ward.pdf
茅野市玉川中沢財産区,"茅野市, 長野県",,,https://www.houjin-bangou.nta.go.jp/setsumei/images/property_ward.pdf
茅野市玉川粟沢財産区,"茅野市, 長野県",,,https://www.houjin-bangou.nta.go.jp/setsumei/images/property_ward.pdf
茅野市玉川菊沢財産区,"茅野市, 長野県",,,https://www.houjin-bangou.nta.go.jp/setsumei/images/property_ward.pdf
茅野市玉川北久保財産区,"茅野市, 長野県",,,https://www.houjin-bangou.nta.go.jp/setsumei/images/property_ward.pdf
茅野市玉川子之神財産区,"茅野市, 長野県",,,https://www.houjin-bangou.nta.go.jp/setsumei/images/property_ward.pdf
茅野市玉川神之原財産区,"茅野市, 長野県",,,https://www.houjin-bangou.nta.go.jp/setsumei/images/property_ward.pdf
茅野市宮川丸山財産区,"茅野市, 長野県",,,https://www.houjin-bangou.nta.go.jp/setsumei/images/property_ward.pdf
茅野市金沢財産区,"茅野市, 長野県",,,https://www.houjin-bangou.nta.go.jp/setsumei/images/property_ward.pdf
茅野市玉川田道財産区,"茅野市, 長野県",,,https://www.houjin-bangou.nta.go.jp/setsumei/images/property_ward.pdf
茅野市宮川新井財産区,"茅野市, 長野県",,,https://www.houjin-bangou.nta.go.jp/setsumei/images/property_ward.pdf
茅野市宮川財産区,"茅野市, 長野県",,,https://www.houjin-bangou.nta.go.jp/setsumei/images/property_ward.pdf
塩尻市宗賀財産区,"塩尻市, 長野県",,,https://www.houjin-bangou.nta.go.jp/setsumei/images/property_ward.pdf
塩尻市北小野財産区,"塩尻市, 長野県",,,https://www.houjin-bangou.nta.go.jp/setsumei/images/property_ward.pdf
塩尻市洗馬財産区,"塩尻市, 長野県",,,https://www.houjin-bangou.nta.go.jp/setsumei/images/property_ward.pdf
佐久市大沢財産区,"佐久市, 長野県",,,https://www.houjin-bangou.nta.go.jp/setsumei/images/property_ward.pdf
佐久市前山、小宮山財産区,"佐久市, 長野県",,,https://www.houjin-bangou.nta.go.jp/setsumei/images/property_ward.pdf
佐久市内山財産区,"佐久市, 長野県",,,https://www.houjin-bangou.nta.go.jp/setsumei/images/property_ward.pdf
佐久市青沼財産区,"佐久市, 長野県",,,https://www.houjin-bangou.nta.go.jp/setsumei/images/property_ward.pdf
佐久市切原財産区,"佐久市, 長野県",,,https://www.houjin-bangou.nta.go.jp/setsumei/images/property_ward.pdf
佐久市田口区財産区,"佐久市, 長野県",,,https://www.houjin-bangou.nta.go.jp/setsumei/images/property_ward.pdf
佐久市田口村財産区,"佐久市, 長野県",,,https://www.houjin-bangou.nta.go.jp/setsumei/images/property_ward.pdf
佐久市田ノ口区財産区,"佐久市, 長野県",,,https://www.houjin-bangou.nta.go.jp/setsumei/images/property_ward.pdf
佐久市茂田井財産区,"佐久市, 長野県",,,https://www.houjin-bangou.nta.go.jp/setsumei/images/property_ward.pdf
佐久市布施財産区,"佐久市, 長野県",,,https://www.houjin-bangou.nta.go.jp/setsumei/images/property_ward.pdf
佐久市春日財産区,"佐久市, 長野県",,,https://www.houjin-bangou.nta.go.jp/setsumei/images/property_ward.pdf
佐久市協和財産区,"佐久市, 長野県",,,https://www.houjin-bangou.nta.go.jp/setsumei/images/property_ward.pdf
若宮、羽尾、須坂、上徳間、内川、千本柳財産区,"千曲市, 長野県",,,https://www.houjin-bangou.nta.go.jp/setsumei/images/property_ward.pdf
東御市滋野財産区管理会,"東御市, 長野県",,,https://www.houjin-bangou.nta.go.jp/setsumei/images/property_ward.pdf
東御市和財産区議会,"東御市, 長野県",,,https://www.houjin-bangou.nta.go.jp/setsumei/images/property_ward.pdf
安曇野市上川手山林財産区,"安曇野市, 長野県",,,https://www.houjin-bangou.nta.go.jp/setsumei/images/property_ward.pdf
安曇野市北の沢山林財産区,"安曇野市, 長野県",,,https://www.houjin-bangou.nta.go.jp/setsumei/images/property_ward.pdf
安曇野市有明山林財産区,"安曇野市, 長野県",,,https://www.houjin-bangou.nta.go.jp/setsumei/images/property_ward.pdf
安曇野市富士尾沢山林財産区,"安曇野市, 長野県",,,https://www.houjin-bangou.nta.go.jp/setsumei/images/property_ward.pdf
安曇野市穂高山林財産区,"安曇野市, 長野県",,,https://www.houjin-bangou.nta.go.jp/setsumei/images/property_ward.pdf
安曇野市牧山林財産区,"安曇野市, 長野県",,,https://www.houjin-bangou.nta.go.jp/setsumei/images/property_ward.pdf
小海町北牧財産区,"南佐久郡小海町, 長野県",,,https://www.houjin-bangou.nta.go.jp/setsumei/images/property_ward.pdf
小海町千代里財産区,"南佐久郡小海町, 長野県",,,https://www.houjin-bangou.nta.go.jp/setsumei/images/property_ward.pdf
小海町本村中村土村財産区,"南佐久郡小海町, 長野県",,,https://www.houjin-bangou.nta.go.jp/setsumei/images/property_ward.pdf
南牧村海尻財産区,"南佐久郡南牧村, 長野県",,,https://www.houjin-bangou.nta.go.jp/setsumei/images/property_ward.pdf
南牧村海ノ口財産区,"南佐久郡南牧村, 長野県",,,https://www.houjin-bangou.nta.go.jp/setsumei/images/property_ward.pdf
南牧村広瀬財産区,"南佐久郡南牧村, 長野県",,,https://www.houjin-bangou.nta.go.jp/setsumei/images/property_ward.pdf
南牧村板橋財産区,"南佐久郡南牧村, 長野県",,,https://www.houjin-bangou.nta.go.jp/setsumei/images/property_ward.pdf
南牧村平沢財産区,"南佐久郡南牧村, 長野県",,,https://www.houjin-bangou.nta.go.jp/setsumei/images/property_ward.pdf
御代田財産区,"北佐久郡御代田町, 長野県",,,https://www.houjin-bangou.nta.go.jp/setsumei/images/property_ward.pdf
立科町芦田財産区,"北佐久郡立科町, 長野県",,,https://www.houjin-bangou.nta.go.jp/setsumei/images/property_ward.pdf
長和町大門財産区,"小県郡長和町, 長野県",,,https://www.houjin-bangou.nta.go.jp/setsumei/images/property_ward.pdf
長和町長久保財産区,"小県郡長和町, 長野県",,,https://www.houjin-bangou.nta.go.jp/setsumei/images/property_ward.pdf
長和町古町財産区,"小県郡長和町, 長野県",,,https://www.houjin-bangou.nta.go.jp/setsumei/images/property_ward.pdf
長和町和田財産区管理会,"小県郡長和町, 長野県",,,https://www.houjin-bangou.nta.go.jp/setsumei/images/property_ward.pdf
下諏訪財産区,"諏訪郡下諏訪町, 長野県",,,https://www.houjin-bangou.nta.go.jp/setsumei/images/property_ward.pdf
下諏訪町東山田財産区,"諏訪郡下諏訪町, 長野県",,,https://www.houjin-bangou.nta.go.jp/setsumei/images/property_ward.pdf
富士見町本郷財産区,"諏訪郡富士見町, 長野県",,,https://www.houjin-bangou.nta.go.jp/setsumei/images/property_ward.pdf
富士見町落合財産区,"諏訪郡富士見町, 長野県",,,https://www.houjin-bangou.nta.go.jp/setsumei/images/property_ward.pdf
富士見町境財産区,"諏訪郡富士見町, 長野県",,,https://www.houjin-bangou.nta.go.jp/setsumei/images/property_ward.pdf
富士見町富士見財産区,"諏訪郡富士見町, 長野県",,,https://www.houjin-bangou.nta.go.jp/setsumei/images/property_ward.pdf
富士見町乙事財産区,"諏訪郡富士見町, 長野県",,,https://www.houjin-bangou.nta.go.jp/setsumei/images/property_ward.pdf
辰野町小野財産区,"上伊那郡辰野町, 長野県",,,https://www.houjin-bangou.nta.go.jp/setsumei/images/property_ward.pdf
箕輪町沢財産区,"上伊那郡箕輪町, 長野県",,,https://www.houjin-bangou.nta.go.jp/setsumei/images/property_ward.pdf
箕輪町大出財産区,"上伊那郡箕輪町, 長野県",,,https://www.houjin-bangou.nta.go.jp/setsumei/images/property_ward.pdf
箕輪町八乙女財産区,"上伊那郡箕輪町, 長野県",,,https://www.houjin-bangou.nta.go.jp/setsumei/images/property_ward.pdf
箕輪町下古田財産区,"上伊那郡箕輪町, 長野県",,,https://www.houjin-bangou.nta.go.jp/setsumei/images/property_ward.pdf
箕輪町上古田財産区,"上伊那郡箕輪町, 長野県",,,https://www.houjin-bangou.nta.go.jp/setsumei/images/property_ward.pdf
箕輪町中原財産区,"上伊那郡箕輪町, 長野県",,,https://www.houjin-bangou.nta.go.jp/setsumei/images/property_ward.pdf
箕輪町松島財産区,"上伊那郡箕輪町, 長野県",,,https://www.houjin-bangou.nta.go.jp/setsumei/images/property_ward.pdf
箕輪町木下財産区,"上伊那郡箕輪町, 長野県",,,https://www.houjin-bangou.nta.go.jp/setsumei/images/property_ward.pdf
箕輪町富田財産区,"上伊那郡箕輪町, 長野県",,,https://www.houjin-bangou.nta.go.jp/setsumei/images/property_ward.pdf
箕輪町中曽根財産区,"上伊那郡箕輪町, 長野県",,,https://www.houjin-bangou.nta.go.jp/setsumei/images/property_ward.pdf
箕輪町長岡財産区,"上伊那郡箕輪町, 長野県",,,https://www.houjin-bangou.nta.go.jp/setsumei/images/property_ward.pdf
箕輪町南小河内財産区,"上伊那郡箕輪町, 長野県",,,https://www.houjin-bangou.nta.go.jp/setsumei/images/property_ward.pdf
箕輪町北小河内財産区,"上伊那郡箕輪町, 長野県",,,https://www.houjin-bangou.nta.go.jp/setsumei/images/property_ward.pdf
喬木村小川耕地財産区,"下伊那郡喬木村, 長野県",,,https://www.houjin-bangou.nta.go.jp/setsumei/images/property_ward.pdf
岐阜市村山財産区,"岐阜市, 岐阜県",,,https://www.houjin-bangou.nta.go.jp/setsumei/images/property_ward.pdf
岐阜市石谷財産区,"岐阜市, 岐阜県",,,https://www.houjin-bangou.nta.go.jp/setsumei/images/property_ward.pdf
岐阜市彦坂財産区,"岐阜市, 岐阜県",,,https://www.houjin-bangou.nta.go.jp/setsumei/images/property_ward.pdf
岐阜市岩利財産区,"岐阜市, 岐阜県",,,https://www.houjin-bangou.nta.go.jp/setsumei/images/property_ward.pdf
大垣市牧田財産区,"大垣市, 岐阜県",,,https://www.houjin-bangou.nta.go.jp/setsumei/images/property_ward.pdf
大垣市一之瀬財産区,"大垣市, 岐阜県",,,https://www.houjin-bangou.nta.go.jp/setsumei/images/property_ward.pdf
大垣市時財産区,"大垣市, 岐阜県",,,https://www.houjin-bangou.nta.go.jp/setsumei/images/property_ward.pdf
大垣市下多良財産区,"大垣市, 岐阜県",,,https://www.houjin-bangou.nta.go.jp/setsumei/images/property_ward.pdf
大垣市上鍛治屋財産区,"大垣市, 岐阜県",,,https://www.houjin-bangou.nta.go.jp/setsumei/images/property_ward.pdf
大垣市谷畑財産区,"大垣市, 岐阜県",,,https://www.houjin-bangou.nta.go.jp/setsumei/images/property_ward.pdf
大垣市奥財産区,"大垣市, 岐阜県",,,https://www.houjin-bangou.nta.go.jp/setsumei/images/property_ward.pdf
大垣市祢冝上財産区,"大垣市, 岐阜県",,,https://www.houjin-bangou.nta.go.jp/setsumei/images/property_ward.pdf
大垣市宮財産区,"大垣市, 岐阜県",,,https://www.houjin-bangou.nta.go.jp/setsumei/images/property_ward.pdf
大垣市上原財産区,"大垣市, 岐阜県",,,https://www.houjin-bangou.nta.go.jp/setsumei/images/property_ward.pdf
大垣市三ツ里財産区,"大垣市, 岐阜県",,,https://www.houjin-bangou.nta.go.jp/setsumei/images/property_ward.pdf
大垣市上多良財産区,"大垣市, 岐阜県",,,https://www.houjin-bangou.nta.go.jp/setsumei/images/property_ward.pdf
大垣市前ケ瀬財産区,"大垣市, 岐阜県",,,https://www.houjin-bangou.nta.go.jp/setsumei/images/property_ward.pdf
大垣市西山財産区,"大垣市, 岐阜県",,,https://www.houjin-bangou.nta.go.jp/setsumei/images/property_ward.pdf
多治見市南姫財産区,"多治見市, 岐阜県",,,https://www.houjin-bangou.nta.go.jp/setsumei/images/property_ward.pdf
広見財産区,"関市, 岐阜県",,,https://www.houjin-bangou.nta.go.jp/setsumei/images/property_ward.pdf
小野財産区,"関市, 岐阜県",,,https://www.houjin-bangou.nta.go.jp/setsumei/images/property_ward.pdf
東武芸財産区,"関市, 岐阜県",,,https://www.houjin-bangou.nta.go.jp/setsumei/images/property_ward.pdf
南武芸財産区,"関市, 岐阜県",,,https://www.houjin-bangou.nta.go.jp/setsumei/images/property_ward.pdf
富之保財産区,"関市, 岐阜県",,,https://www.houjin-bangou.nta.go.jp/setsumei/images/property_ward.pdf
中之保財産区,"関市, 岐阜県",,,https://www.houjin-bangou.nta.go.jp/setsumei/images/property_ward.pdf
下之保財産区,"関市, 岐阜県",,,https://www.houjin-bangou.nta.go.jp/setsumei/images/property_ward.pdf
中津川市苗木財産区,"中津川市, 岐阜県",,,https://www.houjin-bangou.nta.go.jp/setsumei/images/property_ward.pdf
中津川市坂本財産区,"中津川市, 岐阜県",,,https://www.houjin-bangou.nta.go.jp/setsumei/images/property_ward.pdf
中津川市上野財産区,"中津川市, 岐阜県",,,https://www.houjin-bangou.nta.go.jp/setsumei/images/property_ward.pdf
中津川市福岡財産区,"中津川市, 岐阜県",,,https://www.houjin-bangou.nta.go.jp/setsumei/images/property_ward.pdf
中津川市高山財産区,"中津川市, 岐阜県",,,https://www.houjin-bangou.nta.go.jp/setsumei/images/property_ward.pdf
中津川市田瀬財産区,"中津川市, 岐阜県",,,https://www.houjin-bangou.nta.go.jp/setsumei/images/property_ward.pdf
美濃市洲原財産区,"美濃市, 岐阜県",,,https://www.houjin-bangou.nta.go.jp/setsumei/images/property_ward.pdf
美濃市下牧財産区,"美濃市, 岐阜県",,,https://www.houjin-bangou.nta.go.jp/setsumei/images/property_ward.pdf
美濃市大矢田財産区,"美濃市, 岐阜県",,,https://www.houjin-bangou.nta.go.jp/setsumei/images/property_ward.pdf
美濃市中有知財産区,"美濃市, 岐阜県",,,https://www.houjin-bangou.nta.go.jp/setsumei/images/property_ward.pdf
釜戸財産区,"瑞浪市, 岐阜県",,,https://www.houjin-bangou.nta.go.jp/setsumei/images/property_ward.pdf
大湫財産区,"瑞浪市, 岐阜県",,,https://www.houjin-bangou.nta.go.jp/setsumei/images/property_ward.pdf
日吉財産区,"瑞浪市, 岐阜県",,,https://www.houjin-bangou.nta.go.jp/setsumei/images/property_ward.pdf
恵那市中野財産区,"恵那市, 岐阜県",,,https://www.houjin-bangou.nta.go.jp/setsumei/images/property_ward.pdf
恵那市久須見財産区,"恵那市, 岐阜県",,,https://www.houjin-bangou.nta.go.jp/setsumei/images/property_ward.pdf
恵那市正家財産区,"恵那市, 岐阜県",,,https://www.houjin-bangou.nta.go.jp/setsumei/images/property_ward.pdf
恵那市永田財産区,"恵那市, 岐阜県",,,https://www.houjin-bangou.nta.go.jp/setsumei/images/property_ward.pdf
恵那市竹折財産区,"恵那市, 岐阜県",,,https://www.houjin-bangou.nta.go.jp/setsumei/images/property_ward.pdf
恵那市笠置財産区,"恵那市, 岐阜県",,,https://www.houjin-bangou.nta.go.jp/setsumei/images/property_ward.pdf
恵那市中野方財産区,"恵那市, 岐阜県",,,https://www.houjin-bangou.nta.go.jp/setsumei/images/property_ward.pdf
恵那市飯地財産区,"恵那市, 岐阜県",,,https://www.houjin-bangou.nta.go.jp/setsumei/images/property_ward.pdf
恵那市鶴岡財産区,"恵那市, 岐阜県",,,https://www.houjin-bangou.nta.go.jp/setsumei/images/property_ward.pdf
恵那市遠山財産区,"恵那市, 岐阜県",,,https://www.houjin-bangou.nta.go.jp/setsumei/images/property_ward.pdf
恵那市上財産区,"恵那市, 岐阜県",,,https://www.houjin-bangou.nta.go.jp/setsumei/images/property_ward.pdf
美濃加茂市古井財産区,"美濃加茂市, 岐阜県",,,https://www.houjin-bangou.nta.go.jp/setsumei/images/property_ward.pdf
美濃加茂市山之上財産区,"美濃加茂市, 岐阜県",,,https://www.houjin-bangou.nta.go.jp/setsumei/images/property_ward.pdf
土岐市土岐口財産区,"土岐市, 岐阜県",,,https://www.houjin-bangou.nta.go.jp/setsumei/images/property_ward.pdf
土田財産区,"可児市, 岐阜県",,,https://www.houjin-bangou.nta.go.jp/setsumei/images/property_ward.pdf
北姫財産区,"可児市, 岐阜県",,,https://www.houjin-bangou.nta.go.jp/setsumei/images/property_ward.pdf
平牧財産区,"可児市, 岐阜県",,,https://www.houjin-bangou.nta.go.jp/setsumei/images/property_ward.pdf
二野財産区,"可児市, 岐阜県",,,https://www.houjin-bangou.nta.go.jp/setsumei/images/property_ward.pdf
大森財産区,"可児市, 岐阜県",,,https://www.houjin-bangou.nta.go.jp/setsumei/images/property_ward.pdf
高富財産区,"山県市, 岐阜県",,,https://www.houjin-bangou.nta.go.jp/setsumei/images/property_ward.pdf
葛原財産区,"山県市, 岐阜県",,,https://www.houjin-bangou.nta.go.jp/setsumei/images/property_ward.pdf
谷合財産区,"山県市, 岐阜県",,,https://www.houjin-bangou.nta.go.jp/setsumei/images/property_ward.pdf
北武芸財産区,"山県市, 岐阜県",,,https://www.houjin-bangou.nta.go.jp/setsumei/images/property_ward.pdf
青波財産区,"山県市, 岐阜県",,,https://www.houjin-bangou.nta.go.jp/setsumei/images/property_ward.pdf
富永財産区,"山県市, 岐阜県",,,https://www.houjin-bangou.nta.go.jp/setsumei/images/property_ward.pdf
乾財産区,"山県市, 岐阜県",,,https://www.houjin-bangou.nta.go.jp/setsumei/images/property_ward.pdf
大和財産区,"郡上市, 岐阜県",,,https://www.houjin-bangou.nta.go.jp/setsumei/images/property_ward.pdf
白鳥財産区,"郡上市, 岐阜県",,,https://www.houjin-bangou.nta.go.jp/setsumei/images/property_ward.pdf
牛道財産区,"郡上市, 岐阜県",,,https://www.houjin-bangou.nta.go.jp/setsumei/images/property_ward.pdf
石徹白財産区,"郡上市, 岐阜県",,,https://www.houjin-bangou.nta.go.jp/setsumei/images/property_ward.pdf
高鷲財産区,"郡上市, 岐阜県",,,https://www.houjin-bangou.nta.go.jp/setsumei/images/property_ward.pdf
下川財産区,"郡上市, 岐阜県",,,https://www.houjin-bangou.nta.go.jp/setsumei/images/property_ward.pdf
明宝財産区,"郡上市, 岐阜県",,,https://www.houjin-bangou.nta.go.jp/setsumei/images/property_ward.pdf
和良財産区,"郡上市, 岐阜県",,,https://www.houjin-bangou.nta.go.jp/setsumei/images/property_ward.pdf
下呂財産区,"下呂市, 岐阜県",,,https://www.houjin-bangou.nta.go.jp/setsumei/images/property_ward.pdf
駒野奥条入会財産区,"海津市, 岐阜県",,,https://www.houjin-bangou.nta.go.jp/setsumei/images/property_ward.pdf
羽沢財産区,"海津市, 岐阜県",,,https://www.houjin-bangou.nta.go.jp/setsumei/images/property_ward.pdf
北方財産区,"揖斐郡揖斐川町, 岐阜県",,,https://www.houjin-bangou.nta.go.jp/setsumei/images/property_ward.pdf
大和財産区,"揖斐郡揖斐川町, 岐阜県",,,https://www.houjin-bangou.nta.go.jp/setsumei/images/property_ward.pdf
谷汲財産区,"揖斐郡揖斐川町, 岐阜県",,,https://www.houjin-bangou.nta.go.jp/setsumei/images/property_ward.pdf
横蔵財産区,"揖斐郡揖斐川町, 岐阜県",,,https://www.houjin-bangou.nta.go.jp/setsumei/images/property_ward.pdf
長瀬財産区,"揖斐郡揖斐川町, 岐阜県",,,https://www.houjin-bangou.nta.go.jp/setsumei/images/property_ward.pdf
神渕財産区,"加茂郡七宗町, 岐阜県",,,https://www.houjin-bangou.nta.go.jp/setsumei/images/property_ward.pdf
上麻生財産区,"加茂郡七宗町, 岐阜県",,,https://www.houjin-bangou.nta.go.jp/setsumei/images/property_ward.pdf
中麻生財産区,"加茂郡七宗町, 岐阜県",,,https://www.houjin-bangou.nta.go.jp/setsumei/images/property_ward.pdf
井川財産区,"静岡市, 静岡県",,,https://www.houjin-bangou.nta.go.jp/setsumei/images/property_ward.pdf
両河内財産区,"静岡市, 静岡県",,,https://www.houjin-bangou.nta.go.jp/setsumei/images/property_ward.pdf
三大地財産区,"浜松市, 静岡県",,,https://www.houjin-bangou.nta.go.jp/setsumei/images/property_ward.pdf
四大地財産区,"浜松市, 静岡県",,,https://www.houjin-bangou.nta.go.jp/setsumei/images/property_ward.pdf
赤佐財産区,"浜松市, 静岡県",,,https://www.houjin-bangou.nta.go.jp/setsumei/images/property_ward.pdf
愛鷹財産区,"沼津市, 静岡県",,,https://www.houjin-bangou.nta.go.jp/setsumei/images/property_ward.pdf
大平財産区,"沼津市, 静岡県",,,https://www.houjin-bangou.nta.go.jp/setsumei/images/property_ward.pdf
西浦財産区,"沼津市, 静岡県",,,https://www.houjin-bangou.nta.go.jp/setsumei/images/property_ward.pdf
上井出財産区,"富士宮市, 静岡県",,,https://www.houjin-bangou.nta.go.jp/setsumei/images/property_ward.pdf
白糸財産区,"富士宮市, 静岡県",,,https://www.houjin-bangou.nta.go.jp/setsumei/images/property_ward.pdf
北山財産区,"富士宮市, 静岡県",,,https://www.houjin-bangou.nta.go.jp/setsumei/images/property_ward.pdf
根原区財産区,"富士宮市, 静岡県",,,https://www.houjin-bangou.nta.go.jp/setsumei/images/property_ward.pdf
猪之頭区財産区,"富士宮市, 静岡県",,,https://www.houjin-bangou.nta.go.jp/setsumei/images/property_ward.pdf
上井出区財産区,"富士宮市, 静岡県",,,https://www.houjin-bangou.nta.go.jp/setsumei/images/property_ward.pdf
湯川財産区,"伊東市, 静岡県",,,https://www.houjin-bangou.nta.go.jp/setsumei/images/property_ward.pdf
松原財産区,"伊東市, 静岡県",,,https://www.houjin-bangou.nta.go.jp/setsumei/images/property_ward.pdf
玖須美財産区,"伊東市, 静岡県",,,https://www.houjin-bangou.nta.go.jp/setsumei/images/property_ward.pdf
新井財産区,"伊東市, 静岡県",,,https://www.houjin-bangou.nta.go.jp/setsumei/images/property_ward.pdf
岡財産区,"伊東市, 静岡県",,,https://www.houjin-bangou.nta.go.jp/setsumei/images/property_ward.pdf
鎌田財産区,"伊東市, 静岡県",,,https://www.houjin-bangou.nta.go.jp/setsumei/images/property_ward.pdf
川奈財産区,"伊東市, 静岡県",,,https://www.houjin-bangou.nta.go.jp/setsumei/images/property_ward.pdf
吉田財産区,"伊東市, 静岡県",,,https://www.houjin-bangou.nta.go.jp/setsumei/images/property_ward.pdf
荻財産区,"伊東市, 静岡県",,,https://www.houjin-bangou.nta.go.jp/setsumei/images/property_ward.pdf
十足財産区,"伊東市, 静岡県",,,https://www.houjin-bangou.nta.go.jp/setsumei/images/property_ward.pdf
大津財産区,"島田市, 静岡県",,,https://www.houjin-bangou.nta.go.jp/setsumei/images/property_ward.pdf
鈴川財産区,"富士市, 静岡県",,,https://www.houjin-bangou.nta.go.jp/setsumei/images/property_ward.pdf
今井財産区,"富士市, 静岡県",,,https://www.houjin-bangou.nta.go.jp/setsumei/images/property_ward.pdf
大野新田財産区,"富士市, 静岡県",,,https://www.houjin-bangou.nta.go.jp/setsumei/images/property_ward.pdf
檜新田財産区,"富士市, 静岡県",,,https://www.houjin-bangou.nta.go.jp/setsumei/images/property_ward.pdf
沼田新田・西柏原新田・中柏原新田・東柏原新田共有財産区,"富士市, 静岡県",,,https://www.houjin-bangou.nta.go.jp/setsumei/images/property_ward.pdf
田中新田財産区,"富士市, 静岡県",,,https://www.houjin-bangou.nta.go.jp/setsumei/images/property_ward.pdf
敷地外四ヶ字財産区,"磐田市, 静岡県",,,https://www.houjin-bangou.nta.go.jp/setsumei/images/property_ward.pdf
広瀬財産区,"磐田市, 静岡県",,,https://www.houjin-bangou.nta.go.jp/setsumei/images/property_ward.pdf
万瀬財産区,"磐田市, 静岡県",,,https://www.houjin-bangou.nta.go.jp/setsumei/images/property_ward.pdf
岩室財産区,"磐田市, 静岡県",,,https://www.houjin-bangou.nta.go.jp/setsumei/images/property_ward.pdf
虫生財産区,"磐田市, 静岡県",,,https://www.houjin-bangou.nta.go.jp/setsumei/images/property_ward.pdf
上内田四区財産区,"掛川市, 静岡県",,,https://www.houjin-bangou.nta.go.jp/setsumei/images/property_ward.pdf
倉真財産区,"掛川市, 静岡県",,,https://www.houjin-bangou.nta.go.jp/setsumei/images/property_ward.pdf
板沢財産区,"掛川市, 静岡県",,,https://www.houjin-bangou.nta.go.jp/setsumei/images/property_ward.pdf
南郷財産区,"掛川市, 静岡県",,,https://www.houjin-bangou.nta.go.jp/setsumei/images/property_ward.pdf
桜木財産区,"掛川市, 静岡県",,,https://www.houjin-bangou.nta.go.jp/setsumei/images/property_ward.pdf
東山財産区,"掛川市, 静岡県",,,https://www.houjin-bangou.nta.go.jp/setsumei/images/property_ward.pdf
上西郷財産区,"掛川市, 静岡県",,,https://www.houjin-bangou.nta.go.jp/setsumei/images/property_ward.pdf
佐束財産区,"掛川市, 静岡県",,,https://www.houjin-bangou.nta.go.jp/setsumei/images/property_ward.pdf
御殿場財産区,"御殿場市, 静岡県",,,https://www.houjin-bangou.nta.go.jp/setsumei/images/property_ward.pdf
原里財産区,"御殿場市, 静岡県",,,https://www.houjin-bangou.nta.go.jp/setsumei/images/property_ward.pdf
玉穂財産区,"御殿場市, 静岡県",,,https://www.houjin-bangou.nta.go.jp/setsumei/images/property_ward.pdf
印野財産区,"御殿場市, 静岡県",,,https://www.houjin-bangou.nta.go.jp/setsumei/images/property_ward.pdf
高根財産区,"御殿場市, 静岡県",,,https://www.houjin-bangou.nta.go.jp/setsumei/images/property_ward.pdf
柿崎財産区,"下田市, 静岡県",,,https://www.houjin-bangou.nta.go.jp/setsumei/images/property_ward.pdf
須崎財産区,"下田市, 静岡県",,,https://www.houjin-bangou.nta.go.jp/setsumei/images/property_ward.pdf
稲梓財産区,"下田市, 静岡県",,,https://www.houjin-bangou.nta.go.jp/setsumei/images/property_ward.pdf
深良財産区,"裾野市, 静岡県",,,https://www.houjin-bangou.nta.go.jp/setsumei/images/property_ward.pdf
湯ヶ島財産区,"伊豆市, 静岡県",,,https://www.houjin-bangou.nta.go.jp/setsumei/images/property_ward.pdf
持越財産区,"伊豆市, 静岡県",,,https://www.houjin-bangou.nta.go.jp/setsumei/images/property_ward.pdf
市山財産区,"伊豆市, 静岡県",,,https://www.houjin-bangou.nta.go.jp/setsumei/images/property_ward.pdf
吉奈財産区,"伊豆市, 静岡県",,,https://www.houjin-bangou.nta.go.jp/setsumei/images/property_ward.pdf
門野原財産区,"伊豆市, 静岡県",,,https://www.houjin-bangou.nta.go.jp/setsumei/images/property_ward.pdf
月ヶ瀬財産区,"伊豆市, 静岡県",,,https://www.houjin-bangou.nta.go.jp/setsumei/images/property_ward.pdf
田沢財産区,"伊豆市, 静岡県",,,https://www.houjin-bangou.nta.go.jp/setsumei/images/property_ward.pdf
矢熊財産区,"伊豆市, 静岡県",,,https://www.houjin-bangou.nta.go.jp/setsumei/images/property_ward.pdf
池新田財産区,"御前崎市, 静岡県",,,https://www.houjin-bangou.nta.go.jp/setsumei/images/property_ward.pdf
池新田西財産区,"御前崎市, 静岡県",,,https://www.houjin-bangou.nta.go.jp/setsumei/images/property_ward.pdf
佐倉財産区,"御前崎市, 静岡県",,,https://www.houjin-bangou.nta.go.jp/setsumei/images/property_ward.pdf
比木財産区,"御前崎市, 静岡県",,,https://www.houjin-bangou.nta.go.jp/setsumei/images/property_ward.pdf
新野財産区,"御前崎市, 静岡県",,,https://www.houjin-bangou.nta.go.jp/setsumei/images/property_ward.pdf
朝比奈財産区,"御前崎市, 静岡県",,,https://www.houjin-bangou.nta.go.jp/setsumei/images/property_ward.pdf
高橋財産区,"菊川市, 静岡県",,,https://www.houjin-bangou.nta.go.jp/setsumei/images/property_ward.pdf
内田財産区,"菊川市, 静岡県",,,https://www.houjin-bangou.nta.go.jp/setsumei/images/property_ward.pdf
北江間財産区,"伊豆の国市, 静岡県",,,https://www.houjin-bangou.nta.go.jp/setsumei/images/property_ward.pdf
南江間財産区,"伊豆の国市, 静岡県",,,https://www.houjin-bangou.nta.go.jp/setsumei/images/property_ward.pdf
坂部財産区,"牧之原市, 静岡県",,,https://www.houjin-bangou.nta.go.jp/setsumei/images/property_ward.pdf
稲取財産区,"賀茂郡東伊豆町, 静岡県",,,https://www.houjin-bangou.nta.go.jp/setsumei/images/property_ward.pdf
上河津財産区,"賀茂郡河津町, 静岡県",,,https://www.houjin-bangou.nta.go.jp/setsumei/images/property_ward.pdf
浜財産区,"賀茂郡河津町, 静岡県",,,https://www.houjin-bangou.nta.go.jp/setsumei/images/property_ward.pdf
笹原財産区,"賀茂郡河津町, 静岡県",,,https://www.houjin-bangou.nta.go.jp/setsumei/images/property_ward.pdf
田中財産区,"賀茂郡河津町, 静岡県",,,https://www.houjin-bangou.nta.go.jp/setsumei/images/property_ward.pdf
沢田財産区,"賀茂郡河津町, 静岡県",,,https://www.houjin-bangou.nta.go.jp/setsumei/images/property_ward.pdf
逆川財産区,"賀茂郡河津町, 静岡県",,,https://www.houjin-bangou.nta.go.jp/setsumei/images/property_ward.pdf
峰財産区,"賀茂郡河津町, 静岡県",,,https://www.houjin-bangou.nta.go.jp/setsumei/images/property_ward.pdf
谷津財産区,"賀茂郡河津町, 静岡県",,,https://www.houjin-bangou.nta.go.jp/setsumei/images/property_ward.pdf
縄地財産区,"賀茂郡河津町, 静岡県",,,https://www.houjin-bangou.nta.go.jp/setsumei/images/property_ward.pdf
見高財産区,"賀茂郡河津町, 静岡県",,,https://www.houjin-bangou.nta.go.jp/setsumei/images/property_ward.pdf
南上財産区,"賀茂郡南伊豆町, 静岡県",,,https://www.houjin-bangou.nta.go.jp/setsumei/images/property_ward.pdf
三坂財産区,"賀茂郡南伊豆町, 静岡県",,,https://www.houjin-bangou.nta.go.jp/setsumei/images/property_ward.pdf
南崎財産区,"賀茂郡南伊豆町, 静岡県",,,https://www.houjin-bangou.nta.go.jp/setsumei/images/property_ward.pdf
岩科財産区,"賀茂郡松崎町, 静岡県",,,https://www.houjin-bangou.nta.go.jp/setsumei/images/property_ward.pdf
宇久須財産区,"賀茂郡西伊豆町, 静岡県",,,https://www.houjin-bangou.nta.go.jp/setsumei/images/property_ward.pdf
平井財産区,"田方郡函南町, 静岡県",,,https://www.houjin-bangou.nta.go.jp/setsumei/images/property_ward.pdf
丹那財産区,"田方郡函南町, 静岡県",,,https://www.houjin-bangou.nta.go.jp/setsumei/images/property_ward.pdf
田代財産区,"田方郡函南町, 静岡県",,,https://www.houjin-bangou.nta.go.jp/setsumei/images/property_ward.pdf
畑毛財産区,"田方郡函南町, 静岡県",,,https://www.houjin-bangou.nta.go.jp/setsumei/images/property_ward.pdf
上沢財産区,"田方郡函南町, 静岡県",,,https://www.houjin-bangou.nta.go.jp/setsumei/images/property_ward.pdf
畑財産区,"田方郡函南町, 静岡県",,,https://www.houjin-bangou.nta.go.jp/setsumei/images/property_ward.pdf
仁田外四字財産区,"田方郡函南町, 静岡県",,,https://www.houjin-bangou.nta.go.jp/setsumei/images/property_ward.pdf
日守財産区,"田方郡函南町, 静岡県",,,https://www.houjin-bangou.nta.go.jp/setsumei/images/property_ward.pdf
軽井沢財産区,"田方郡函南町, 静岡県",,,https://www.houjin-bangou.nta.go.jp/setsumei/images/property_ward.pdf
一宮財産区,"周智郡森町, 静岡県",,,https://www.houjin-bangou.nta.go.jp/setsumei/images/property_ward.pdf
飯田財産区,"周智郡森町, 静岡県",,,https://www.houjin-bangou.nta.go.jp/setsumei/images/property_ward.pdf
岡崎市宮崎財産区,"岡崎市, 愛知県",,,https://www.houjin-bangou.nta.go.jp/setsumei/images/property_ward.pdf
岡崎市形埜財産区,"岡崎市, 愛知県",,,https://www.houjin-bangou.nta.go.jp/setsumei/images/property_ward.pdf
豊川市赤坂財産区,"豊川市, 愛知県",,,https://www.houjin-bangou.nta.go.jp/setsumei/images/property_ward.pdf
豊川市長沢財産区,"豊川市, 愛知県",,,https://www.houjin-bangou.nta.go.jp/setsumei/images/property_ward.pdf
豊川市萩財産区,"豊川市, 愛知県",,,https://www.houjin-bangou.nta.go.jp/setsumei/images/property_ward.pdf
豊川市一宮財産区,"豊川市, 愛知県",,,https://www.houjin-bangou.nta.go.jp/setsumei/images/property_ward.pdf
豊田市盛岡財産区,"豊田市, 愛知県",,,https://www.houjin-bangou.nta.go.jp/setsumei/images/property_ward.pdf
豊田市賀茂財産区,"豊田市, 愛知県",,,https://www.houjin-bangou.nta.go.jp/setsumei/images/property_ward.pdf
豊田市明川財産区,"豊田市, 愛知県",,,https://www.houjin-bangou.nta.go.jp/setsumei/images/property_ward.pdf
豊田市連谷財産区,"豊田市, 愛知県",,,https://www.houjin-bangou.nta.go.jp/setsumei/images/property_ward.pdf
豊田市稲橋財産区,"豊田市, 愛知県",,,https://www.houjin-bangou.nta.go.jp/setsumei/images/property_ward.pdf
豊田市大野瀬財産区,"豊田市, 愛知県",,,https://www.houjin-bangou.nta.go.jp/setsumei/images/property_ward.pdf
豊田市押山財産区,"豊田市, 愛知県",,,https://www.houjin-bangou.nta.go.jp/setsumei/images/property_ward.pdf
豊田市小田木財産区,"豊田市, 愛知県",,,https://www.houjin-bangou.nta.go.jp/setsumei/images/property_ward.pdf
豊田市川手財産区,"豊田市, 愛知県",,,https://www.houjin-bangou.nta.go.jp/setsumei/images/property_ward.pdf
豊田市黒田財産区,"豊田市, 愛知県",,,https://www.houjin-bangou.nta.go.jp/setsumei/images/property_ward.pdf
豊田市桑原財産区,"豊田市, 愛知県",,,https://www.houjin-bangou.nta.go.jp/setsumei/images/property_ward.pdf
豊田市御所貝津財産区,"豊田市, 愛知県",,,https://www.houjin-bangou.nta.go.jp/setsumei/images/property_ward.pdf
豊田市中当財産区,"豊田市, 愛知県",,,https://www.houjin-bangou.nta.go.jp/setsumei/images/property_ward.pdf
豊田市夏焼財産区,"豊田市, 愛知県",,,https://www.houjin-bangou.nta.go.jp/setsumei/images/property_ward.pdf
豊田市野入財産区,"豊田市, 愛知県",,,https://www.houjin-bangou.nta.go.jp/setsumei/images/property_ward.pdf
豊田市武節町財産区,"豊田市, 愛知県",,,https://www.houjin-bangou.nta.go.jp/setsumei/images/property_ward.pdf
豊田市富永財産区,"豊田市, 愛知県",,,https://www.houjin-bangou.nta.go.jp/setsumei/images/property_ward.pdf
新城市千郷財産区,"新城市, 愛知県",,,https://www.houjin-bangou.nta.go.jp/setsumei/images/property_ward.pdf
新城市東郷財産区,"新城市, 愛知県",,,https://www.houjin-bangou.nta.go.jp/setsumei/images/property_ward.pdf
新城市吉川組財産区,"新城市, 愛知県",,,https://www.houjin-bangou.nta.go.jp/setsumei/images/property_ward.pdf
新城市小畑財産区,"新城市, 愛知県",,,https://www.houjin-bangou.nta.go.jp/setsumei/images/property_ward.pdf
新城市中宇利財産区,"新城市, 愛知県",,,https://www.houjin-bangou.nta.go.jp/setsumei/images/property_ward.pdf
新城市富岡財産区,"新城市, 愛知県",,,https://www.houjin-bangou.nta.go.jp/setsumei/images/property_ward.pdf
新城市黒田財産区,"新城市, 愛知県",,,https://www.houjin-bangou.nta.go.jp/setsumei/images/property_ward.pdf
新城市庭野財産区,"新城市, 愛知県",,,https://www.houjin-bangou.nta.go.jp/setsumei/images/property_ward.pdf
新城市一鍬田財産区,"新城市, 愛知県",,,https://www.houjin-bangou.nta.go.jp/setsumei/images/property_ward.pdf
新城市八名井財産区,"新城市, 愛知県",,,https://www.houjin-bangou.nta.go.jp/setsumei/images/property_ward.pdf
新城市大野財産区,"新城市, 愛知県",,,https://www.houjin-bangou.nta.go.jp/setsumei/images/property_ward.pdf
新城市川合池場財産区,"新城市, 愛知県",,,https://www.houjin-bangou.nta.go.jp/setsumei/images/property_ward.pdf
新城市海老財産区,"新城市, 愛知県",,,https://www.houjin-bangou.nta.go.jp/setsumei/images/property_ward.pdf
新城市山吉田財産区,"新城市, 愛知県",,,https://www.houjin-bangou.nta.go.jp/setsumei/images/property_ward.pdf
新城市作手財産区,"新城市, 愛知県",,,https://www.houjin-bangou.nta.go.jp/setsumei/images/property_ward.pdf
蒲郡市三谷町財産区,"蒲郡市, 愛知県",,,https://www.houjin-bangou.nta.go.jp/setsumei/images/property_ward.pdf
蒲郡市西浦町財産区,"蒲郡市, 愛知県",,,https://www.houjin-bangou.nta.go.jp/setsumei/images/property_ward.pdf
設楽町田口財産区,"北設楽郡設楽町, 愛知県",,,https://www.houjin-bangou.nta.go.jp/setsumei/images/property_ward.pdf
設楽町段嶺財産区,"北設楽郡設楽町, 愛知県",,,https://www.houjin-bangou.nta.go.jp/setsumei/images/property_ward.pdf
設楽町名倉財産区,"北設楽郡設楽町, 愛知県",,,https://www.houjin-bangou.nta.go.jp/setsumei/images/property_ward.pdf
設楽町津具財産区,"北設楽郡設楽町, 愛知県",,,https://www.houjin-bangou.nta.go.jp/setsumei/images/property_ward.pdf
東栄町御殿財産区,"北設楽郡東栄町, 愛知県",,,https://www.houjin-bangou.nta.go.jp/setsumei/images/property_ward.pdf
東栄町本郷財産区,"北設楽郡東栄町, 愛知県",,,https://www.houjin-bangou.nta.go.jp/setsumei/images/property_ward.pdf
東栄町下川財産区,"北設楽郡東栄町, 愛知県",,,https://www.houjin-bangou.nta.go.jp/setsumei/images/property_ward.pdf
東栄町園財産区,"北設楽郡東栄町, 愛知県",,,https://www.houjin-bangou.nta.go.jp/setsumei/images/property_ward.pdf
東栄町三輪財産区,"北設楽郡東栄町, 愛知県",,,https://www.houjin-bangou.nta.go.jp/setsumei/images/property_ward.pdf
東栄町振草財産区,"北設楽郡東栄町, 愛知県",,,https://www.houjin-bangou.nta.go.jp/setsumei/images/property_ward.pdf
豊根村坂宇場財産区,"北設楽郡豊根村, 愛知県",,,https://www.houjin-bangou.nta.go.jp/setsumei/images/property_ward.pdf
津市榊原財産区,"津市, 三重県",,,https://www.houjin-bangou.nta.go.jp/setsumei/images/property_ward.pdf
津市椋本財産区,"津市, 三重県",,,https://www.houjin-bangou.nta.go.jp/setsumei/images/property_ward.pdf
津市河内財産区,"津市, 三重県",,,https://www.houjin-bangou.nta.go.jp/setsumei/images/property_ward.pdf
津市波瀬財産区,"津市, 三重県",,,https://www.houjin-bangou.nta.go.jp/setsumei/images/property_ward.pdf
四日市市桜財産区,"四日市市, 三重県",,,https://www.houjin-bangou.nta.go.jp/setsumei/images/property_ward.pdf
伊勢市岡本町財産区,"伊勢市, 三重県",,,https://www.houjin-bangou.nta.go.jp/setsumei/images/property_ward.pdf
名張市国津財産区,"名張市, 三重県",,,https://www.houjin-bangou.nta.go.jp/setsumei/images/property_ward.pdf
熊野市井戸財産区,"熊野市, 三重県",,,https://www.houjin-bangou.nta.go.jp/setsumei/images/property_ward.pdf
熊野市有馬財産区,"熊野市, 三重県",,,https://www.houjin-bangou.nta.go.jp/setsumei/images/property_ward.pdf
いなべ市北勢町治田財産区,"いなべ市, 三重県",,,https://www.houjin-bangou.nta.go.jp/setsumei/images/property_ward.pdf
志摩市浜島財産区,"志摩市, 三重県",,,https://www.houjin-bangou.nta.go.jp/setsumei/images/property_ward.pdf
志摩市南張財産区,"志摩市, 三重県",,,https://www.houjin-bangou.nta.go.jp/setsumei/images/property_ward.pdf
志摩市塩屋財産区,"志摩市, 三重県",,,https://www.houjin-bangou.nta.go.jp/setsumei/images/property_ward.pdf
志摩市迫子財産区,"志摩市, 三重県",,,https://www.houjin-bangou.nta.go.jp/setsumei/images/property_ward.pdf
伊賀市柘植財産区,"伊賀市, 三重県",,,https://www.houjin-bangou.nta.go.jp/setsumei/images/property_ward.pdf
伊賀市島ヶ原財産区,"伊賀市, 三重県",,,https://www.houjin-bangou.nta.go.jp/setsumei/images/property_ward.pdf
伊賀市大山田財産区,"伊賀市, 三重県",,,https://www.houjin-bangou.nta.go.jp/setsumei/images/property_ward.pdf
菰野町千草財産区,"三重郡菰野町, 三重県",,,https://www.houjin-bangou.nta.go.jp/setsumei/images/property_ward.pdf
菰野町千種財産区,"三重郡菰野町, 三重県",,,https://www.houjin-bangou.nta.go.jp/setsumei/images/property_ward.pdf
菰野町鵜川原財産区,"三重郡菰野町, 三重県",,,https://www.houjin-bangou.nta.go.jp/setsumei/images/property_ward.pdf
菰野町竹永財産区,"三重郡菰野町, 三重県",,,https://www.houjin-bangou.nta.go.jp/setsumei/images/property_ward.pdf
橋本財産区,"大津市, 滋賀県",,,https://www.houjin-bangou.nta.go.jp/setsumei/images/property_ward.pdf
神領財産区,"大津市, 滋賀県",,,https://www.houjin-bangou.nta.go.jp/setsumei/images/property_ward.pdf
大江財産区,"大津市, 滋賀県",,,https://www.houjin-bangou.nta.go.jp/setsumei/images/property_ward.pdf
南大萱財産区,"大津市, 滋賀県",,,https://www.houjin-bangou.nta.go.jp/setsumei/images/property_ward.pdf
月輪財産区,"大津市, 滋賀県",,,https://www.houjin-bangou.nta.go.jp/setsumei/images/property_ward.pdf
平野財産区,"大津市, 滋賀県",,,https://www.houjin-bangou.nta.go.jp/setsumei/images/property_ward.pdf
牧財産区,"大津市, 滋賀県",,,https://www.houjin-bangou.nta.go.jp/setsumei/images/property_ward.pdf
桐生財産区,"大津市, 滋賀県",,,https://www.houjin-bangou.nta.go.jp/setsumei/images/property_ward.pdf
千福財産区,"彦根市, 滋賀県",,,https://www.houjin-bangou.nta.go.jp/setsumei/images/property_ward.pdf
日夏町財産区,"彦根市, 滋賀県",,,https://www.houjin-bangou.nta.go.jp/setsumei/images/property_ward.pdf
鳥居本町外１３ケ町財産区,"彦根市, 滋賀県",,,https://www.houjin-bangou.nta.go.jp/setsumei/images/property_ward.pdf
河瀬財産区,"彦根市, 滋賀県",,,https://www.houjin-bangou.nta.go.jp/setsumei/images/property_ward.pdf
田根財産区,"長浜市, 滋賀県",,,https://www.houjin-bangou.nta.go.jp/setsumei/images/property_ward.pdf
上草野財産区,"長浜市, 滋賀県",,,https://www.houjin-bangou.nta.go.jp/setsumei/images/property_ward.pdf
七尾財産区,"長浜市, 滋賀県",,,https://www.houjin-bangou.nta.go.jp/setsumei/images/property_ward.pdf
小谷財産区,"長浜市, 滋賀県",,,https://www.houjin-bangou.nta.go.jp/setsumei/images/property_ward.pdf
大林財産区,"近江八幡市, 滋賀県",,,https://www.houjin-bangou.nta.go.jp/setsumei/images/property_ward.pdf
新巻財産区,"近江八幡市, 滋賀県",,,https://www.houjin-bangou.nta.go.jp/setsumei/images/property_ward.pdf
円山財産区,"近江八幡市, 滋賀県",,,https://www.houjin-bangou.nta.go.jp/setsumei/images/property_ward.pdf
東川財産区,"近江八幡市, 滋賀県",,,https://www.houjin-bangou.nta.go.jp/setsumei/images/property_ward.pdf
船木財産区,"近江八幡市, 滋賀県",,,https://www.houjin-bangou.nta.go.jp/setsumei/images/property_ward.pdf
浄土寺財産区,"近江八幡市, 滋賀県",,,https://www.houjin-bangou.nta.go.jp/setsumei/images/property_ward.pdf
倉橋部財産区,"近江八幡市, 滋賀県",,,https://www.houjin-bangou.nta.go.jp/setsumei/images/property_ward.pdf
竹財産区,"近江八幡市, 滋賀県",,,https://www.houjin-bangou.nta.go.jp/setsumei/images/property_ward.pdf
池田本町財産区,"近江八幡市, 滋賀県",,,https://www.houjin-bangou.nta.go.jp/setsumei/images/property_ward.pdf
野村財産区,"近江八幡市, 滋賀県",,,https://www.houjin-bangou.nta.go.jp/setsumei/images/property_ward.pdf
上畑財産区,"近江八幡市, 滋賀県",,,https://www.houjin-bangou.nta.go.jp/setsumei/images/property_ward.pdf
牧財産区,"近江八幡市, 滋賀県",,,https://www.houjin-bangou.nta.go.jp/setsumei/images/property_ward.pdf
古川財産区,"近江八幡市, 滋賀県",,,https://www.houjin-bangou.nta.go.jp/setsumei/images/property_ward.pdf
江頭財産区,"近江八幡市, 滋賀県",,,https://www.houjin-bangou.nta.go.jp/setsumei/images/property_ward.pdf
小田財産区,"近江八幡市, 滋賀県",,,https://www.houjin-bangou.nta.go.jp/setsumei/images/property_ward.pdf
千僧供財産区,"近江八幡市, 滋賀県",,,https://www.houjin-bangou.nta.go.jp/setsumei/images/property_ward.pdf
西宿財産区,"近江八幡市, 滋賀県",,,https://www.houjin-bangou.nta.go.jp/setsumei/images/property_ward.pdf
馬淵財産区,"近江八幡市, 滋賀県",,,https://www.houjin-bangou.nta.go.jp/setsumei/images/property_ward.pdf
安養寺財産区,"近江八幡市, 滋賀県",,,https://www.houjin-bangou.nta.go.jp/setsumei/images/property_ward.pdf
小船木財産区,"近江八幡市, 滋賀県",,,https://www.houjin-bangou.nta.go.jp/setsumei/images/property_ward.pdf
森尻財産区,"近江八幡市, 滋賀県",,,https://www.houjin-bangou.nta.go.jp/setsumei/images/property_ward.pdf
南津田財産区,"近江八幡市, 滋賀県",,,https://www.houjin-bangou.nta.go.jp/setsumei/images/property_ward.pdf
長光寺財産区,"近江八幡市, 滋賀県",,,https://www.houjin-bangou.nta.go.jp/setsumei/images/property_ward.pdf
中村財産区,"近江八幡市, 滋賀県",,,https://www.houjin-bangou.nta.go.jp/setsumei/images/property_ward.pdf
東財産区,"近江八幡市, 滋賀県",,,https://www.houjin-bangou.nta.go.jp/setsumei/images/property_ward.pdf
白王財産区,"近江八幡市, 滋賀県",,,https://www.houjin-bangou.nta.go.jp/setsumei/images/property_ward.pdf
八木中湯財産区,"近江八幡市, 滋賀県",,,https://www.houjin-bangou.nta.go.jp/setsumei/images/property_ward.pdf
常楽寺財産区,"近江八幡市, 滋賀県",,,https://www.houjin-bangou.nta.go.jp/setsumei/images/property_ward.pdf
下豊浦財産区,"近江八幡市, 滋賀県",,,https://www.houjin-bangou.nta.go.jp/setsumei/images/property_ward.pdf
小中財産区,"近江八幡市, 滋賀県",,,https://www.houjin-bangou.nta.go.jp/setsumei/images/property_ward.pdf
上豊浦財産区,"近江八幡市, 滋賀県",,,https://www.houjin-bangou.nta.go.jp/setsumei/images/property_ward.pdf
草津町財産区,"草津市, 滋賀県",,,https://www.houjin-bangou.nta.go.jp/setsumei/images/property_ward.pdf
南笠町財産区,"草津市, 滋賀県",,,https://www.houjin-bangou.nta.go.jp/setsumei/images/property_ward.pdf
下笠町財産区,"草津市, 滋賀県",,,https://www.houjin-bangou.nta.go.jp/setsumei/images/property_ward.pdf
野村町財産区,"草津市, 滋賀県",,,https://www.houjin-bangou.nta.go.jp/setsumei/images/property_ward.pdf
上笠町財産区,"草津市, 滋賀県",,,https://www.houjin-bangou.nta.go.jp/setsumei/images/property_ward.pdf
渋川地区財産区,"草津市, 滋賀県",,,https://www.houjin-bangou.nta.go.jp/setsumei/images/property_ward.pdf
南山田町財産区,"草津市, 滋賀県",,,https://www.houjin-bangou.nta.go.jp/setsumei/images/property_ward.pdf
川原町財産区,"草津市, 滋賀県",,,https://www.houjin-bangou.nta.go.jp/setsumei/images/property_ward.pdf
馬場町財産区,"草津市, 滋賀県",,,https://www.houjin-bangou.nta.go.jp/setsumei/images/property_ward.pdf
青地町財産区,"草津市, 滋賀県",,,https://www.houjin-bangou.nta.go.jp/setsumei/images/property_ward.pdf
平井町財産区,"草津市, 滋賀県",,,https://www.houjin-bangou.nta.go.jp/setsumei/images/property_ward.pdf
矢橋町財産区,"草津市, 滋賀県",,,https://www.houjin-bangou.nta.go.jp/setsumei/images/property_ward.pdf
木川地区財産区,"草津市, 滋賀県",,,https://www.houjin-bangou.nta.go.jp/setsumei/images/property_ward.pdf
野路町財産区,"草津市, 滋賀県",,,https://www.houjin-bangou.nta.go.jp/setsumei/images/property_ward.pdf
矢倉町財産区,"草津市, 滋賀県",,,https://www.houjin-bangou.nta.go.jp/setsumei/images/property_ward.pdf
新浜町財産区,"草津市, 滋賀県",,,https://www.houjin-bangou.nta.go.jp/setsumei/images/property_ward.pdf
橋岡町財産区,"草津市, 滋賀県",,,https://www.houjin-bangou.nta.go.jp/setsumei/images/property_ward.pdf
三ツ池財産区,"草津市, 滋賀県",,,https://www.houjin-bangou.nta.go.jp/setsumei/images/property_ward.pdf
御倉町財産区,"草津市, 滋賀県",,,https://www.houjin-bangou.nta.go.jp/setsumei/images/property_ward.pdf
駒井沢町財産区,"草津市, 滋賀県",,,https://www.houjin-bangou.nta.go.jp/setsumei/images/property_ward.pdf
山田町財産区,"草津市, 滋賀県",,,https://www.houjin-bangou.nta.go.jp/setsumei/images/property_ward.pdf
集町財産区,"草津市, 滋賀県",,,https://www.houjin-bangou.nta.go.jp/setsumei/images/property_ward.pdf
木川町財産区,"草津市, 滋賀県",,,https://www.houjin-bangou.nta.go.jp/setsumei/images/property_ward.pdf
追分町財産区,"草津市, 滋賀県",,,https://www.houjin-bangou.nta.go.jp/setsumei/images/property_ward.pdf
北山田町財産区,"草津市, 滋賀県",,,https://www.houjin-bangou.nta.go.jp/setsumei/images/property_ward.pdf
鮎河山林財産区,"甲賀市, 滋賀県",,,https://www.houjin-bangou.nta.go.jp/setsumei/images/property_ward.pdf
山内山林財産区,"甲賀市, 滋賀県",,,https://www.houjin-bangou.nta.go.jp/setsumei/images/property_ward.pdf
土山山林財産区,"甲賀市, 滋賀県",,,https://www.houjin-bangou.nta.go.jp/setsumei/images/property_ward.pdf
大野山林財産区,"甲賀市, 滋賀県",,,https://www.houjin-bangou.nta.go.jp/setsumei/images/property_ward.pdf
大原共有山財産区,"甲賀市, 滋賀県",,,https://www.houjin-bangou.nta.go.jp/setsumei/images/property_ward.pdf
油日共有山財産区,"甲賀市, 滋賀県",,,https://www.houjin-bangou.nta.go.jp/setsumei/images/property_ward.pdf
大字和田財産区,"甲賀市, 滋賀県",,,https://www.houjin-bangou.nta.go.jp/setsumei/images/property_ward.pdf
荒谷山財産区,"高島市, 滋賀県",,,https://www.houjin-bangou.nta.go.jp/setsumei/images/property_ward.pdf
河内山財産区,"高島市, 滋賀県",,,https://www.houjin-bangou.nta.go.jp/setsumei/images/property_ward.pdf
中沼財産区,"高島市, 滋賀県",,,https://www.houjin-bangou.nta.go.jp/setsumei/images/property_ward.pdf
今津財産区,"高島市, 滋賀県",,,https://www.houjin-bangou.nta.go.jp/setsumei/images/property_ward.pdf
鵜川財産区,"高島市, 滋賀県",,,https://www.houjin-bangou.nta.go.jp/setsumei/images/property_ward.pdf
打下財産区,"高島市, 滋賀県",,,https://www.houjin-bangou.nta.go.jp/setsumei/images/property_ward.pdf
鴨財産区,"高島市, 滋賀県",,,https://www.houjin-bangou.nta.go.jp/setsumei/images/property_ward.pdf
宮野財産区,"高島市, 滋賀県",,,https://www.houjin-bangou.nta.go.jp/setsumei/images/property_ward.pdf
野田財産区,"高島市, 滋賀県",,,https://www.houjin-bangou.nta.go.jp/setsumei/images/property_ward.pdf
武曽横山財産区,"高島市, 滋賀県",,,https://www.houjin-bangou.nta.go.jp/setsumei/images/property_ward.pdf
高島財産区,"高島市, 滋賀県",,,https://www.houjin-bangou.nta.go.jp/setsumei/images/property_ward.pdf
富坂財産区,"高島市, 滋賀県",,,https://www.houjin-bangou.nta.go.jp/setsumei/images/property_ward.pdf
高島・畑財産区,"高島市, 滋賀県",,,https://www.houjin-bangou.nta.go.jp/setsumei/images/property_ward.pdf
黒谷財産区,"高島市, 滋賀県",,,https://www.houjin-bangou.nta.go.jp/setsumei/images/property_ward.pdf
鹿ケ瀬・黒谷財産区,"高島市, 滋賀県",,,https://www.houjin-bangou.nta.go.jp/setsumei/images/property_ward.pdf
畑財産区,"高島市, 滋賀県",,,https://www.houjin-bangou.nta.go.jp/setsumei/images/property_ward.pdf
黒谷・畑財産区,"高島市, 滋賀県",,,https://www.houjin-bangou.nta.go.jp/setsumei/images/property_ward.pdf
赤坂川原谷関係財産区,"高島市, 滋賀県",,,https://www.houjin-bangou.nta.go.jp/setsumei/images/property_ward.pdf
東近江市甲津畑財産区,"東近江市, 滋賀県",,,https://www.houjin-bangou.nta.go.jp/setsumei/images/property_ward.pdf
東草野財産区,"米原市, 滋賀県",,,https://www.houjin-bangou.nta.go.jp/setsumei/images/property_ward.pdf
伊吹財産区,"米原市, 滋賀県",,,https://www.houjin-bangou.nta.go.jp/setsumei/images/property_ward.pdf
西山財産区,"蒲生郡日野町, 滋賀県",,,https://www.houjin-bangou.nta.go.jp/setsumei/images/property_ward.pdf
奥台財産区,"蒲生郡日野町, 滋賀県",,,https://www.houjin-bangou.nta.go.jp/setsumei/images/property_ward.pdf
大池小池財産区,"蒲生郡日野町, 滋賀県",,,https://www.houjin-bangou.nta.go.jp/setsumei/images/property_ward.pdf
中之郷財産区,"蒲生郡日野町, 滋賀県",,,https://www.houjin-bangou.nta.go.jp/setsumei/images/property_ward.pdf
清田財産区,"蒲生郡日野町, 滋賀県",,,https://www.houjin-bangou.nta.go.jp/setsumei/images/property_ward.pdf
多賀財産区,"犬上郡多賀町, 滋賀県",,,https://www.houjin-bangou.nta.go.jp/setsumei/images/property_ward.pdf
大滝財産区,"犬上郡多賀町, 滋賀県",,,https://www.houjin-bangou.nta.go.jp/setsumei/images/property_ward.pdf
霊仙財産区,"犬上郡多賀町, 滋賀県",,,https://www.houjin-bangou.nta.go.jp/setsumei/images/property_ward.pdf
大佐谷財産区,"犬上郡多賀町, 滋賀県",,,https://www.houjin-bangou.nta.go.jp/setsumei/images/property_ward.pdf
福知山市上夜久野財産区議会,"福知山市, 京都府",,,https://www.houjin-bangou.nta.go.jp/setsumei/images/property_ward.pdf
福知山市下夜久野地区財産区管理会,"福知山市, 京都府",,,https://www.houjin-bangou.nta.go.jp/setsumei/images/property_ward.pdf
綾部市十倉財産区,"綾部市, 京都府",,,https://www.houjin-bangou.nta.go.jp/setsumei/images/property_ward.pdf
上宮津財産区,"宮津市, 京都府",,,https://www.houjin-bangou.nta.go.jp/setsumei/images/property_ward.pdf
由良財産区,"宮津市, 京都府",,,https://www.houjin-bangou.nta.go.jp/setsumei/images/property_ward.pdf
栗田財産区,"宮津市, 京都府",,,https://www.houjin-bangou.nta.go.jp/setsumei/images/property_ward.pdf
吉津財産区,"宮津市, 京都府",,,https://www.houjin-bangou.nta.go.jp/setsumei/images/property_ward.pdf
世屋財産区,"宮津市, 京都府",,,https://www.houjin-bangou.nta.go.jp/setsumei/images/property_ward.pdf
養老財産区,"宮津市, 京都府",,,https://www.houjin-bangou.nta.go.jp/setsumei/images/property_ward.pdf
日ヶ谷財産区,"宮津市, 京都府",,,https://www.houjin-bangou.nta.go.jp/setsumei/images/property_ward.pdf
亀岡市亀岡財産区,"亀岡市, 京都府",,,https://www.houjin-bangou.nta.go.jp/setsumei/images/property_ward.pdf
亀岡市東別院財産区,"亀岡市, 京都府",,,https://www.houjin-bangou.nta.go.jp/setsumei/images/property_ward.pdf
亀岡市西別院財産区,"亀岡市, 京都府",,,https://www.houjin-bangou.nta.go.jp/setsumei/images/property_ward.pdf
亀岡市薭田野財産区,"亀岡市, 京都府",,,https://www.houjin-bangou.nta.go.jp/setsumei/images/property_ward.pdf
亀岡市本梅財産区,"亀岡市, 京都府",,,https://www.houjin-bangou.nta.go.jp/setsumei/images/property_ward.pdf
亀岡市畑野財産区,"亀岡市, 京都府",,,https://www.houjin-bangou.nta.go.jp/setsumei/images/property_ward.pdf
亀岡市馬路財産区,"亀岡市, 京都府",,,https://www.houjin-bangou.nta.go.jp/setsumei/images/property_ward.pdf
亀岡市旭財産区,"亀岡市, 京都府",,,https://www.houjin-bangou.nta.go.jp/setsumei/images/property_ward.pdf
亀岡市千歳財産区,"亀岡市, 京都府",,,https://www.houjin-bangou.nta.go.jp/setsumei/images/property_ward.pdf
亀岡市保津財産区,"亀岡市, 京都府",,,https://www.houjin-bangou.nta.go.jp/setsumei/images/property_ward.pdf
亀岡市篠財産区,"亀岡市, 京都府",,,https://www.houjin-bangou.nta.go.jp/setsumei/images/property_ward.pdf
亀岡市東本梅財産区,"亀岡市, 京都府",,,https://www.houjin-bangou.nta.go.jp/setsumei/images/property_ward.pdf
亀岡市中野財産区,"亀岡市, 京都府",,,https://www.houjin-bangou.nta.go.jp/setsumei/images/property_ward.pdf
亀岡市平松財産区,"亀岡市, 京都府",,,https://www.houjin-bangou.nta.go.jp/setsumei/images/property_ward.pdf
亀岡市井手財産区,"亀岡市, 京都府",,,https://www.houjin-bangou.nta.go.jp/setsumei/images/property_ward.pdf
亀岡市中野平松井手財産区,"亀岡市, 京都府",,,https://www.houjin-bangou.nta.go.jp/setsumei/images/property_ward.pdf
亀岡市西加舎財産区,"亀岡市, 京都府",,,https://www.houjin-bangou.nta.go.jp/setsumei/images/property_ward.pdf
亀岡市東加舎財産区,"亀岡市, 京都府",,,https://www.houjin-bangou.nta.go.jp/setsumei/images/property_ward.pdf
亀岡市宮川財産区,"亀岡市, 京都府",,,https://www.houjin-bangou.nta.go.jp/setsumei/images/property_ward.pdf
亀岡市神前財産区,"亀岡市, 京都府",,,https://www.houjin-bangou.nta.go.jp/setsumei/images/property_ward.pdf
亀岡市北ノ庄財産区,"亀岡市, 京都府",,,https://www.houjin-bangou.nta.go.jp/setsumei/images/property_ward.pdf
亀岡市川関財産区,"亀岡市, 京都府",,,https://www.houjin-bangou.nta.go.jp/setsumei/images/property_ward.pdf
亀岡市千原財産区,"亀岡市, 京都府",,,https://www.houjin-bangou.nta.go.jp/setsumei/images/property_ward.pdf
亀岡市美濃田財産区,"亀岡市, 京都府",,,https://www.houjin-bangou.nta.go.jp/setsumei/images/property_ward.pdf
亀岡市杉財産区,"亀岡市, 京都府",,,https://www.houjin-bangou.nta.go.jp/setsumei/images/property_ward.pdf
亀岡市山階財産区,"亀岡市, 京都府",,,https://www.houjin-bangou.nta.go.jp/setsumei/images/property_ward.pdf
亀岡市印地財産区,"亀岡市, 京都府",,,https://www.houjin-bangou.nta.go.jp/setsumei/images/property_ward.pdf
亀岡市河原尻財産区,"亀岡市, 京都府",,,https://www.houjin-bangou.nta.go.jp/setsumei/images/property_ward.pdf
亀岡市元千歳国分財産区,"亀岡市, 京都府",,,https://www.houjin-bangou.nta.go.jp/setsumei/images/property_ward.pdf
亀岡市国分財産区,"亀岡市, 京都府",,,https://www.houjin-bangou.nta.go.jp/setsumei/images/property_ward.pdf
亀岡市小口出雲財産区,"亀岡市, 京都府",,,https://www.houjin-bangou.nta.go.jp/setsumei/images/property_ward.pdf
城陽市寺田財産区,"城陽市, 京都府",,,https://www.houjin-bangou.nta.go.jp/setsumei/images/property_ward.pdf
大字寺戸財産区,"向日市, 京都府",,,https://www.houjin-bangou.nta.go.jp/setsumei/images/property_ward.pdf
物集女財産区,"向日市, 京都府",,,https://www.houjin-bangou.nta.go.jp/setsumei/images/property_ward.pdf
馬場財産区,"長岡京市, 京都府",,,https://www.houjin-bangou.nta.go.jp/setsumei/images/property_ward.pdf
神足財産区,"長岡京市, 京都府",,,https://www.houjin-bangou.nta.go.jp/setsumei/images/property_ward.pdf
勝竜寺財産区,"長岡京市, 京都府",,,https://www.houjin-bangou.nta.go.jp/setsumei/images/property_ward.pdf
調子財産区,"長岡京市, 京都府",,,https://www.houjin-bangou.nta.go.jp/setsumei/images/property_ward.pdf
友岡財産区,"長岡京市, 京都府",,,https://www.houjin-bangou.nta.go.jp/setsumei/images/property_ward.pdf
開田財産区,"長岡京市, 京都府",,,https://www.houjin-bangou.nta.go.jp/setsumei/images/property_ward.pdf
下海印寺財産区,"長岡京市, 京都府",,,https://www.houjin-bangou.nta.go.jp/setsumei/images/property_ward.pdf
金ヶ原財産区,"長岡京市, 京都府",,,https://www.houjin-bangou.nta.go.jp/setsumei/images/property_ward.pdf
浄土谷財産区,"長岡京市, 京都府",,,https://www.houjin-bangou.nta.go.jp/setsumei/images/property_ward.pdf
粟生財産区,"長岡京市, 京都府",,,https://www.houjin-bangou.nta.go.jp/setsumei/images/property_ward.pdf
奥海印寺財産区,"長岡京市, 京都府",,,https://www.houjin-bangou.nta.go.jp/setsumei/images/property_ward.pdf
今里財産区,"長岡京市, 京都府",,,https://www.houjin-bangou.nta.go.jp/setsumei/images/property_ward.pdf
長法寺財産区,"長岡京市, 京都府",,,https://www.houjin-bangou.nta.go.jp/setsumei/images/property_ward.pdf
井ノ内財産区,"長岡京市, 京都府",,,https://www.houjin-bangou.nta.go.jp/setsumei/images/property_ward.pdf
京田辺市松井財産区,"京田辺市, 京都府",,,https://www.houjin-bangou.nta.go.jp/setsumei/images/property_ward.pdf
峰山財産区,"京丹後市, 京都府",,,https://www.houjin-bangou.nta.go.jp/setsumei/images/property_ward.pdf
五箇財産区,"京丹後市, 京都府",,,https://www.houjin-bangou.nta.go.jp/setsumei/images/property_ward.pdf
湊財産区,"京丹後市, 京都府",,,https://www.houjin-bangou.nta.go.jp/setsumei/images/property_ward.pdf
安養寺財産区,"京丹後市, 京都府",,,https://www.houjin-bangou.nta.go.jp/setsumei/images/property_ward.pdf
坂谷財産区,"京丹後市, 京都府",,,https://www.houjin-bangou.nta.go.jp/setsumei/images/property_ward.pdf
竹藤財産区,"京丹後市, 京都府",,,https://www.houjin-bangou.nta.go.jp/setsumei/images/property_ward.pdf
女布財産区,"京丹後市, 京都府",,,https://www.houjin-bangou.nta.go.jp/setsumei/images/property_ward.pdf
丸山財産区,"京丹後市, 京都府",,,https://www.houjin-bangou.nta.go.jp/setsumei/images/property_ward.pdf
女布丸山財産区,"京丹後市, 京都府",,,https://www.houjin-bangou.nta.go.jp/setsumei/images/property_ward.pdf
若森・南大谷財産区,"南丹市, 京都府",,,https://www.houjin-bangou.nta.go.jp/setsumei/images/property_ward.pdf
神吉元上財産区,"南丹市, 京都府",,,https://www.houjin-bangou.nta.go.jp/setsumei/images/property_ward.pdf
神吉元下財産区,"南丹市, 京都府",,,https://www.houjin-bangou.nta.go.jp/setsumei/images/property_ward.pdf
世木財産区,"南丹市, 京都府",,,https://www.houjin-bangou.nta.go.jp/setsumei/images/property_ward.pdf
胡麻郷財産区,"南丹市, 京都府",,,https://www.houjin-bangou.nta.go.jp/setsumei/images/property_ward.pdf
五ヶ荘財産区,"南丹市, 京都府",,,https://www.houjin-bangou.nta.go.jp/setsumei/images/property_ward.pdf
知井財産区,"南丹市, 京都府",,,https://www.houjin-bangou.nta.go.jp/setsumei/images/property_ward.pdf
平屋財産区,"南丹市, 京都府",,,https://www.houjin-bangou.nta.go.jp/setsumei/images/property_ward.pdf
宮島財産区,"南丹市, 京都府",,,https://www.houjin-bangou.nta.go.jp/setsumei/images/property_ward.pdf
鶴ヶ岡財産区,"南丹市, 京都府",,,https://www.houjin-bangou.nta.go.jp/setsumei/images/property_ward.pdf
大野財産区,"南丹市, 京都府",,,https://www.houjin-bangou.nta.go.jp/setsumei/images/property_ward.pdf
九ヶ字財産区,"南丹市, 京都府",,,https://www.houjin-bangou.nta.go.jp/setsumei/images/property_ward.pdf
旧北村旧兎並村旧里村財産区,"木津川市, 京都府",,,https://www.houjin-bangou.nta.go.jp/setsumei/images/property_ward.pdf
旧加茂町財産区,"木津川市, 京都府",,,https://www.houjin-bangou.nta.go.jp/setsumei/images/property_ward.pdf
旧瓶原村財産区,"木津川市, 京都府",,,https://www.houjin-bangou.nta.go.jp/setsumei/images/property_ward.pdf
旧当尾村財産区,"木津川市, 京都府",,,https://www.houjin-bangou.nta.go.jp/setsumei/images/property_ward.pdf
上狛財産区,"木津川市, 京都府",,,https://www.houjin-bangou.nta.go.jp/setsumei/images/property_ward.pdf
高麗財産区,"木津川市, 京都府",,,https://www.houjin-bangou.nta.go.jp/setsumei/images/property_ward.pdf
棚倉財産区,"木津川市, 京都府",,,https://www.houjin-bangou.nta.go.jp/setsumei/images/property_ward.pdf
久御山町三郷山財産区,"久世郡久御山町, 京都府",,,https://www.houjin-bangou.nta.go.jp/setsumei/images/property_ward.pdf
井手町多賀財産区,"綴喜郡井手町, 京都府",,,https://www.houjin-bangou.nta.go.jp/setsumei/images/property_ward.pdf
和束町湯船財産区,"相楽郡和束町, 京都府",,,https://www.houjin-bangou.nta.go.jp/setsumei/images/property_ward.pdf
須知財産区,"船井郡京丹波町, 京都府",,,https://www.houjin-bangou.nta.go.jp/setsumei/images/property_ward.pdf
高原財産区,"船井郡京丹波町, 京都府",,,https://www.houjin-bangou.nta.go.jp/setsumei/images/property_ward.pdf
桧山財産区,"船井郡京丹波町, 京都府",,,https://www.houjin-bangou.nta.go.jp/setsumei/images/property_ward.pdf
梅田財産区,"船井郡京丹波町, 京都府",,,https://www.houjin-bangou.nta.go.jp/setsumei/images/property_ward.pdf
三ノ宮財産区,"船井郡京丹波町, 京都府",,,https://www.houjin-bangou.nta.go.jp/setsumei/images/property_ward.pdf
質美財産区,"船井郡京丹波町, 京都府",,,https://www.houjin-bangou.nta.go.jp/setsumei/images/property_ward.pdf
朝妻財産区,"与謝郡伊根町, 京都府",,,https://www.houjin-bangou.nta.go.jp/setsumei/images/property_ward.pdf
本庄財産区,"与謝郡伊根町, 京都府",,,https://www.houjin-bangou.nta.go.jp/setsumei/images/property_ward.pdf
筒川財産区,"与謝郡伊根町, 京都府",,,https://www.houjin-bangou.nta.go.jp/setsumei/images/property_ward.pdf
温江財産区,"与謝郡与謝野町, 京都府",,,https://www.houjin-bangou.nta.go.jp/setsumei/images/property_ward.pdf
明石財産区,"与謝郡与謝野町, 京都府",,,https://www.houjin-bangou.nta.go.jp/setsumei/images/property_ward.pdf
香河財産区,"与謝郡与謝野町, 京都府",,,https://www.houjin-bangou.nta.go.jp/setsumei/images/property_ward.pdf
与謝財産区,"与謝郡与謝野町, 京都府",,,https://www.houjin-bangou.nta.go.jp/setsumei/images/property_ward.pdf
滝財産区,"与謝郡与謝野町, 京都府",,,https://www.houjin-bangou.nta.go.jp/setsumei/images/property_ward.pdf
金屋財産区,"与謝郡与謝野町, 京都府",,,https://www.houjin-bangou.nta.go.jp/setsumei/images/property_ward.pdf
算所財産区,"与謝郡与謝野町, 京都府",,,https://www.houjin-bangou.nta.go.jp/setsumei/images/property_ward.pdf
加悦奥財産区,"与謝郡与謝野町, 京都府",,,https://www.houjin-bangou.nta.go.jp/setsumei/images/property_ward.pdf
加悦財産区,"与謝郡与謝野町, 京都府",,,https://www.houjin-bangou.nta.go.jp/setsumei/images/property_ward.pdf
後野財産区,"与謝郡与謝野町, 京都府",,,https://www.houjin-bangou.nta.go.jp/setsumei/images/property_ward.pdf
大江山財産区,"与謝郡与謝野町, 京都府",,,https://www.houjin-bangou.nta.go.jp/setsumei/images/property_ward.pdf
三河内財産区,"与謝郡与謝野町, 京都府",,,https://www.houjin-bangou.nta.go.jp/setsumei/images/property_ward.pdf
岩屋財産区,"与謝郡与謝野町, 京都府",,,https://www.houjin-bangou.nta.go.jp/setsumei/images/property_ward.pdf
幾地財産区,"与謝郡与謝野町, 京都府",,,https://www.houjin-bangou.nta.go.jp/setsumei/images/property_ward.pdf
四辻財産区,"与謝郡与謝野町, 京都府",,,https://www.houjin-bangou.nta.go.jp/setsumei/images/property_ward.pdf
上山田財産区,"与謝郡与謝野町, 京都府",,,https://www.houjin-bangou.nta.go.jp/setsumei/images/property_ward.pdf
下山田財産区,"与謝郡与謝野町, 京都府",,,https://www.houjin-bangou.nta.go.jp/setsumei/images/property_ward.pdf
石川財産区,"与謝郡与謝野町, 京都府",,,https://www.houjin-bangou.nta.go.jp/setsumei/images/property_ward.pdf
大阪市北長柄町財産区,"大阪市, 大阪府",,,https://www.houjin-bangou.nta.go.jp/setsumei/images/property_ward.pdf
大阪市南長柄町財産区,"大阪市, 大阪府",,,https://www.houjin-bangou.nta.go.jp/setsumei/images/property_ward.pdf
大阪市東野田町財産区,"大阪市, 大阪府",,,https://www.houjin-bangou.nta.go.jp/setsumei/images/property_ward.pdf
大阪市中野町財産区,"大阪市, 大阪府",,,https://www.houjin-bangou.nta.go.jp/setsumei/images/property_ward.pdf
大阪市都島本通財産区,"大阪市, 大阪府",,,https://www.houjin-bangou.nta.go.jp/setsumei/images/property_ward.pdf
大阪市花川北之町財産区,"大阪市, 大阪府",,,https://www.houjin-bangou.nta.go.jp/setsumei/images/property_ward.pdf
大阪市西町財産区,"大阪市, 大阪府",,,https://www.houjin-bangou.nta.go.jp/setsumei/images/property_ward.pdf
大阪市木川西之町財産区,"大阪市, 大阪府",,,https://www.houjin-bangou.nta.go.jp/setsumei/images/property_ward.pdf
大阪市十三東之町財産区,"大阪市, 大阪府",,,https://www.houjin-bangou.nta.go.jp/setsumei/images/property_ward.pdf
大阪市東塚本町財産区,"大阪市, 大阪府",,,https://www.houjin-bangou.nta.go.jp/setsumei/images/property_ward.pdf
大阪市元今里南通財産区,"大阪市, 大阪府",,,https://www.houjin-bangou.nta.go.jp/setsumei/images/property_ward.pdf
大阪市東雲町財産区,"大阪市, 大阪府",,,https://www.houjin-bangou.nta.go.jp/setsumei/images/property_ward.pdf
大阪市堀上通財産区,"大阪市, 大阪府",,,https://www.houjin-bangou.nta.go.jp/setsumei/images/property_ward.pdf
大阪市新高北通財産区,"大阪市, 大阪府",,,https://www.houjin-bangou.nta.go.jp/setsumei/images/property_ward.pdf
大阪市加島町財産区,"大阪市, 大阪府",,,https://www.houjin-bangou.nta.go.jp/setsumei/images/property_ward.pdf
大阪市江口町財産区,"大阪市, 大阪府",,,https://www.houjin-bangou.nta.go.jp/setsumei/images/property_ward.pdf
大阪市南大道町財産区,"大阪市, 大阪府",,,https://www.houjin-bangou.nta.go.jp/setsumei/images/property_ward.pdf
大阪市小松町財産区,"大阪市, 大阪府",,,https://www.houjin-bangou.nta.go.jp/setsumei/images/property_ward.pdf
大阪市豊里町財産区,"大阪市, 大阪府",,,https://www.houjin-bangou.nta.go.jp/setsumei/images/property_ward.pdf
大阪市国次町財産区,"大阪市, 大阪府",,,https://www.houjin-bangou.nta.go.jp/setsumei/images/property_ward.pdf
大阪市南方町財産区,"大阪市, 大阪府",,,https://www.houjin-bangou.nta.go.jp/setsumei/images/property_ward.pdf
大阪市山口町財産区,"大阪市, 大阪府",,,https://www.houjin-bangou.nta.go.jp/setsumei/images/property_ward.pdf
大阪市東宮原町財産区,"大阪市, 大阪府",,,https://www.houjin-bangou.nta.go.jp/setsumei/images/property_ward.pdf
大阪市岡之町財産区,"大阪市, 大阪府",,,https://www.houjin-bangou.nta.go.jp/setsumei/images/property_ward.pdf
大阪市林寺町財産区,"大阪市, 大阪府",,,https://www.houjin-bangou.nta.go.jp/setsumei/images/property_ward.pdf
大阪市生野田島町財産区,"大阪市, 大阪府",,,https://www.houjin-bangou.nta.go.jp/setsumei/images/property_ward.pdf
大阪市中川町財産区,"大阪市, 大阪府",,,https://www.houjin-bangou.nta.go.jp/setsumei/images/property_ward.pdf
大阪市巽大地町財産区,"大阪市, 大阪府",,,https://www.houjin-bangou.nta.go.jp/setsumei/images/property_ward.pdf
大阪市巽四条町財産区,"大阪市, 大阪府",,,https://www.houjin-bangou.nta.go.jp/setsumei/images/property_ward.pdf
大阪市巽伊賀ケ町財産区,"大阪市, 大阪府",,,https://www.houjin-bangou.nta.go.jp/setsumei/images/property_ward.pdf
大阪市巽西足代町財産区,"大阪市, 大阪府",,,https://www.houjin-bangou.nta.go.jp/setsumei/images/property_ward.pdf
大阪市両国町財産区,"大阪市, 大阪府",,,https://www.houjin-bangou.nta.go.jp/setsumei/images/property_ward.pdf
大阪市北清水町財産区,"大阪市, 大阪府",,,https://www.houjin-bangou.nta.go.jp/setsumei/images/property_ward.pdf
大阪市別所町財産区,"大阪市, 大阪府",,,https://www.houjin-bangou.nta.go.jp/setsumei/images/property_ward.pdf
大阪市上辻町財産区,"大阪市, 大阪府",,,https://www.houjin-bangou.nta.go.jp/setsumei/images/property_ward.pdf
大阪市南島町財産区,"大阪市, 大阪府",,,https://www.houjin-bangou.nta.go.jp/setsumei/images/property_ward.pdf
大阪市中宮町財産区,"大阪市, 大阪府",,,https://www.houjin-bangou.nta.go.jp/setsumei/images/property_ward.pdf
大阪市赤川町財産区,"大阪市, 大阪府",,,https://www.houjin-bangou.nta.go.jp/setsumei/images/property_ward.pdf
大阪市野江町財産区,"大阪市, 大阪府",,,https://www.houjin-bangou.nta.go.jp/setsumei/images/property_ward.pdf
大阪市今福町財産区,"大阪市, 大阪府",,,https://www.houjin-bangou.nta.go.jp/setsumei/images/property_ward.pdf
大阪市蒲生町財産区,"大阪市, 大阪府",,,https://www.houjin-bangou.nta.go.jp/setsumei/images/property_ward.pdf
大阪市関目町財産区,"大阪市, 大阪府",,,https://www.houjin-bangou.nta.go.jp/setsumei/images/property_ward.pdf
大阪市放出町財産区,"大阪市, 大阪府",,,https://www.houjin-bangou.nta.go.jp/setsumei/images/property_ward.pdf
大阪市鶴見町財産区,"大阪市, 大阪府",,,https://www.houjin-bangou.nta.go.jp/setsumei/images/property_ward.pdf
大阪市茨田焼野町財産区,"大阪市, 大阪府",,,https://www.houjin-bangou.nta.go.jp/setsumei/images/property_ward.pdf
大阪市茨田横堤町財産区,"大阪市, 大阪府",,,https://www.houjin-bangou.nta.go.jp/setsumei/images/property_ward.pdf
大阪市茨田諸口町財産区,"大阪市, 大阪府",,,https://www.houjin-bangou.nta.go.jp/setsumei/images/property_ward.pdf
大阪市茨田大宮町財産区,"大阪市, 大阪府",,,https://www.houjin-bangou.nta.go.jp/setsumei/images/property_ward.pdf
大阪市茨田浜町財産区,"大阪市, 大阪府",,,https://www.houjin-bangou.nta.go.jp/setsumei/images/property_ward.pdf
大阪市茨田安田町財産区,"大阪市, 大阪府",,,https://www.houjin-bangou.nta.go.jp/setsumei/images/property_ward.pdf
大阪市矢田矢田部町財産区,"大阪市, 大阪府",,,https://www.houjin-bangou.nta.go.jp/setsumei/images/property_ward.pdf
大阪市矢田住道町財産区,"大阪市, 大阪府",,,https://www.houjin-bangou.nta.go.jp/setsumei/images/property_ward.pdf
大阪市矢田富田町財産区,"大阪市, 大阪府",,,https://www.houjin-bangou.nta.go.jp/setsumei/images/property_ward.pdf
大阪市矢田枯木町財産区,"大阪市, 大阪府",,,https://www.houjin-bangou.nta.go.jp/setsumei/images/property_ward.pdf
大阪市田辺町財産区,"大阪市, 大阪府",,,https://www.houjin-bangou.nta.go.jp/setsumei/images/property_ward.pdf
鞍作・新家・南鞍作町財産区,"大阪市, 大阪府",,,https://www.houjin-bangou.nta.go.jp/setsumei/images/property_ward.pdf
大阪市鞍作新家町財産区,"大阪市, 大阪府",,,https://www.houjin-bangou.nta.go.jp/setsumei/images/property_ward.pdf
大阪市瓜破東之町財産区,"大阪市, 大阪府",,,https://www.houjin-bangou.nta.go.jp/setsumei/images/property_ward.pdf
大阪市瓜破西之町財産区,"大阪市, 大阪府",,,https://www.houjin-bangou.nta.go.jp/setsumei/images/property_ward.pdf
大阪市長吉川辺町財産区,"大阪市, 大阪府",,,https://www.houjin-bangou.nta.go.jp/setsumei/images/property_ward.pdf
大阪市長吉長原町財産区,"大阪市, 大阪府",,,https://www.houjin-bangou.nta.go.jp/setsumei/images/property_ward.pdf
大阪市長吉出戸町財産区,"大阪市, 大阪府",,,https://www.houjin-bangou.nta.go.jp/setsumei/images/property_ward.pdf
大阪市長吉六反町財産区,"大阪市, 大阪府",,,https://www.houjin-bangou.nta.go.jp/setsumei/images/property_ward.pdf
岸和田市魚屋財産区,"岸和田市, 大阪府",,,https://www.houjin-bangou.nta.go.jp/setsumei/images/property_ward.pdf
岸和田市浜財産区,"岸和田市, 大阪府",,,https://www.houjin-bangou.nta.go.jp/setsumei/images/property_ward.pdf
岸和田市野財産区,"岸和田市, 大阪府",,,https://www.houjin-bangou.nta.go.jp/setsumei/images/property_ward.pdf
岸和田市藤井財産区,"岸和田市, 大阪府",,,https://www.houjin-bangou.nta.go.jp/setsumei/images/property_ward.pdf
岸和田市野・藤井・沼財産区,"岸和田市, 大阪府",,,https://www.houjin-bangou.nta.go.jp/setsumei/images/property_ward.pdf
岸和田市土生財産区,"岸和田市, 大阪府",,,https://www.houjin-bangou.nta.go.jp/setsumei/images/property_ward.pdf
岸和田市土生・作才財産区,"岸和田市, 大阪府",,,https://www.houjin-bangou.nta.go.jp/setsumei/images/property_ward.pdf
岸和田市作才財産区,"岸和田市, 大阪府",,,https://www.houjin-bangou.nta.go.jp/setsumei/images/property_ward.pdf
岸和田市畑財産区,"岸和田市, 大阪府",,,https://www.houjin-bangou.nta.go.jp/setsumei/images/property_ward.pdf
岸和田市畑・極楽寺財産区,"岸和田市, 大阪府",,,https://www.houjin-bangou.nta.go.jp/setsumei/images/property_ward.pdf
岸和田市畑・極楽寺・流木財産区,"岸和田市, 大阪府",,,https://www.houjin-bangou.nta.go.jp/setsumei/images/property_ward.pdf
岸和田市極楽寺財産区,"岸和田市, 大阪府",,,https://www.houjin-bangou.nta.go.jp/setsumei/images/property_ward.pdf
岸和田市極楽寺・流木・八田財産区,"岸和田市, 大阪府",,,https://www.houjin-bangou.nta.go.jp/setsumei/images/property_ward.pdf
岸和田市流木財産区,"岸和田市, 大阪府",,,https://www.houjin-bangou.nta.go.jp/setsumei/images/property_ward.pdf
岸和田市新池財産区,"岸和田市, 大阪府",,,https://www.houjin-bangou.nta.go.jp/setsumei/images/property_ward.pdf
岸和田市神須屋財産区,"岸和田市, 大阪府",,,https://www.houjin-bangou.nta.go.jp/setsumei/images/property_ward.pdf
岸和田市八田財産区,"岸和田市, 大阪府",,,https://www.houjin-bangou.nta.go.jp/setsumei/images/property_ward.pdf
岸和田市八田・真上・神須屋財産区,"岸和田市, 大阪府",,,https://www.houjin-bangou.nta.go.jp/setsumei/images/property_ward.pdf
岸和田市真上財産区,"岸和田市, 大阪府",,,https://www.houjin-bangou.nta.go.jp/setsumei/images/property_ward.pdf
岸和田市土生滝財産区,"岸和田市, 大阪府",,,https://www.houjin-bangou.nta.go.jp/setsumei/images/property_ward.pdf
岸和田市阿間河滝財産区,"岸和田市, 大阪府",,,https://www.houjin-bangou.nta.go.jp/setsumei/images/property_ward.pdf
岸和田市阿間河滝・土生滝財産区,"岸和田市, 大阪府",,,https://www.houjin-bangou.nta.go.jp/setsumei/images/property_ward.pdf
岸和田市河合財産区,"岸和田市, 大阪府",,,https://www.houjin-bangou.nta.go.jp/setsumei/images/property_ward.pdf
岸和田市河合・白原・神於財産区,"岸和田市, 大阪府",,,https://www.houjin-bangou.nta.go.jp/setsumei/images/property_ward.pdf
岸和田市神於財産区,"岸和田市, 大阪府",,,https://www.houjin-bangou.nta.go.jp/setsumei/images/property_ward.pdf
岸和田市相川財産区,"岸和田市, 大阪府",,,https://www.houjin-bangou.nta.go.jp/setsumei/images/property_ward.pdf
岸和田市塔原財産区,"岸和田市, 大阪府",,,https://www.houjin-bangou.nta.go.jp/setsumei/images/property_ward.pdf
岸和田市磯上財産区,"岸和田市, 大阪府",,,https://www.houjin-bangou.nta.go.jp/setsumei/images/property_ward.pdf
岸和田市吉井財産区,"岸和田市, 大阪府",,,https://www.houjin-bangou.nta.go.jp/setsumei/images/property_ward.pdf
岸和田市中井財産区,"岸和田市, 大阪府",,,https://www.houjin-bangou.nta.go.jp/setsumei/images/property_ward.pdf
岸和田市額原財産区,"岸和田市, 大阪府",,,https://www.houjin-bangou.nta.go.jp/setsumei/images/property_ward.pdf
岸和田市池尻財産区,"岸和田市, 大阪府",,,https://www.houjin-bangou.nta.go.jp/setsumei/images/property_ward.pdf
岸和田市久米田池財産区,"岸和田市, 大阪府",,,https://www.houjin-bangou.nta.go.jp/setsumei/images/property_ward.pdf
岸和田市箕土路財産区,"岸和田市, 大阪府",,,https://www.houjin-bangou.nta.go.jp/setsumei/images/property_ward.pdf
岸和田市箕土路・西大路財産区,"岸和田市, 大阪府",,,https://www.houjin-bangou.nta.go.jp/setsumei/images/property_ward.pdf
岸和田市箕土路・東大路・西大路財産区,"岸和田市, 大阪府",,,https://www.houjin-bangou.nta.go.jp/setsumei/images/property_ward.pdf
岸和田市菰池財産区,"岸和田市, 大阪府",,,https://www.houjin-bangou.nta.go.jp/setsumei/images/property_ward.pdf
岸和田市小松里財産区,"岸和田市, 大阪府",,,https://www.houjin-bangou.nta.go.jp/setsumei/images/property_ward.pdf
岸和田市小松里・大町財産区,"岸和田市, 大阪府",,,https://www.houjin-bangou.nta.go.jp/setsumei/images/property_ward.pdf
岸和田市久米田墓地財産区,"岸和田市, 大阪府",,,https://www.houjin-bangou.nta.go.jp/setsumei/images/property_ward.pdf
岸和田市今木財産区,"岸和田市, 大阪府",,,https://www.houjin-bangou.nta.go.jp/setsumei/images/property_ward.pdf
岸和田市金池財産区,"岸和田市, 大阪府",,,https://www.houjin-bangou.nta.go.jp/setsumei/images/property_ward.pdf
岸和田市今木・東大路財産区,"岸和田市, 大阪府",,,https://www.houjin-bangou.nta.go.jp/setsumei/images/property_ward.pdf
岸和田市摩湯財産区,"岸和田市, 大阪府",,,https://www.houjin-bangou.nta.go.jp/setsumei/images/property_ward.pdf
岸和田市田治米財産区,"岸和田市, 大阪府",,,https://www.houjin-bangou.nta.go.jp/setsumei/images/property_ward.pdf
岸和田市田治米・今木・岡山財産区,"岸和田市, 大阪府",,,https://www.houjin-bangou.nta.go.jp/setsumei/images/property_ward.pdf
岸和田市岡山財産区,"岸和田市, 大阪府",,,https://www.houjin-bangou.nta.go.jp/setsumei/images/property_ward.pdf
岸和田市三田財産区,"岸和田市, 大阪府",,,https://www.houjin-bangou.nta.go.jp/setsumei/images/property_ward.pdf
岸和田市三田・包近・岡山財産区,"岸和田市, 大阪府",,,https://www.houjin-bangou.nta.go.jp/setsumei/images/property_ward.pdf
岸和田市包近財産区,"岸和田市, 大阪府",,,https://www.houjin-bangou.nta.go.jp/setsumei/images/property_ward.pdf
岸和田市包近・岡山財産区,"岸和田市, 大阪府",,,https://www.houjin-bangou.nta.go.jp/setsumei/images/property_ward.pdf
岸和田市山直中財産区,"岸和田市, 大阪府",,,https://www.houjin-bangou.nta.go.jp/setsumei/images/property_ward.pdf
岸和田市稲葉財産区,"岸和田市, 大阪府",,,https://www.houjin-bangou.nta.go.jp/setsumei/images/property_ward.pdf
岸和田市積川財産区,"岸和田市, 大阪府",,,https://www.houjin-bangou.nta.go.jp/setsumei/images/property_ward.pdf
岸和田市加守財産区,"岸和田市, 大阪府",,,https://www.houjin-bangou.nta.go.jp/setsumei/images/property_ward.pdf
岸和田市加守・西之内・藤井・別所・野・沼・春木・吉井財産区,"岸和田市, 大阪府",,,https://www.houjin-bangou.nta.go.jp/setsumei/images/property_ward.pdf
岸和田市西之内・野・藤井財産区,"岸和田市, 大阪府",,,https://www.houjin-bangou.nta.go.jp/setsumei/images/property_ward.pdf
岸和田市下松財産区,"岸和田市, 大阪府",,,https://www.houjin-bangou.nta.go.jp/setsumei/images/property_ward.pdf
岸和田市合池財産区,"岸和田市, 大阪府",,,https://www.houjin-bangou.nta.go.jp/setsumei/images/property_ward.pdf
岸和田市下松・上松・作才・土生財産区,"岸和田市, 大阪府",,,https://www.houjin-bangou.nta.go.jp/setsumei/images/property_ward.pdf
岸和田市上松財産区,"岸和田市, 大阪府",,,https://www.houjin-bangou.nta.go.jp/setsumei/images/property_ward.pdf
岸和田市上松・下松財産区,"岸和田市, 大阪府",,,https://www.houjin-bangou.nta.go.jp/setsumei/images/property_ward.pdf
岸和田市尾生財産区,"岸和田市, 大阪府",,,https://www.houjin-bangou.nta.go.jp/setsumei/images/property_ward.pdf
岸和田市内畑財産区,"岸和田市, 大阪府",,,https://www.houjin-bangou.nta.go.jp/setsumei/images/property_ward.pdf
岸和田市大沢財産区,"岸和田市, 大阪府",,,https://www.houjin-bangou.nta.go.jp/setsumei/images/property_ward.pdf
大字桜塚財産区,"豊中市, 大阪府",,,https://www.houjin-bangou.nta.go.jp/setsumei/images/property_ward.pdf
大字桜塚大字原田財産区,"豊中市, 大阪府",,,https://www.houjin-bangou.nta.go.jp/setsumei/images/property_ward.pdf
大字新免大字南轟木財産区,"豊中市, 大阪府",,,https://www.houjin-bangou.nta.go.jp/setsumei/images/property_ward.pdf
大字新免大字南轟木大字山ノ上財産区,"豊中市, 大阪府",,,https://www.houjin-bangou.nta.go.jp/setsumei/images/property_ward.pdf
大字新免財産区,"豊中市, 大阪府",,,https://www.houjin-bangou.nta.go.jp/setsumei/images/property_ward.pdf
大字山ノ上財産区,"豊中市, 大阪府",,,https://www.houjin-bangou.nta.go.jp/setsumei/images/property_ward.pdf
大字麻田財産区,"豊中市, 大阪府",,,https://www.houjin-bangou.nta.go.jp/setsumei/images/property_ward.pdf
大字箕輪財産区,"豊中市, 大阪府",,,https://www.houjin-bangou.nta.go.jp/setsumei/images/property_ward.pdf
大字走井財産区,"豊中市, 大阪府",,,https://www.houjin-bangou.nta.go.jp/setsumei/images/property_ward.pdf
大字走井大字箕輪財産区,"豊中市, 大阪府",,,https://www.houjin-bangou.nta.go.jp/setsumei/images/property_ward.pdf
大字北刀根山財産区,"豊中市, 大阪府",,,https://www.houjin-bangou.nta.go.jp/setsumei/images/property_ward.pdf
大字南刀根山財産区,"豊中市, 大阪府",,,https://www.houjin-bangou.nta.go.jp/setsumei/images/property_ward.pdf
大字内田財産区,"豊中市, 大阪府",,,https://www.houjin-bangou.nta.go.jp/setsumei/images/property_ward.pdf
大字柴原財産区,"豊中市, 大阪府",,,https://www.houjin-bangou.nta.go.jp/setsumei/images/property_ward.pdf
大字少路財産区,"豊中市, 大阪府",,,https://www.houjin-bangou.nta.go.jp/setsumei/images/property_ward.pdf
大字野畑財産区,"豊中市, 大阪府",,,https://www.houjin-bangou.nta.go.jp/setsumei/images/property_ward.pdf
大字柴原大字内田大字野畑大字少路財産区,"豊中市, 大阪府",,,https://www.houjin-bangou.nta.go.jp/setsumei/images/property_ward.pdf
大字長興寺財産区,"豊中市, 大阪府",,,https://www.houjin-bangou.nta.go.jp/setsumei/images/property_ward.pdf
大字曽根財産区,"豊中市, 大阪府",,,https://www.houjin-bangou.nta.go.jp/setsumei/images/property_ward.pdf
大字岡山財産区,"豊中市, 大阪府",,,https://www.houjin-bangou.nta.go.jp/setsumei/images/property_ward.pdf
大字福井大字曽根財産区,"豊中市, 大阪府",,,https://www.houjin-bangou.nta.go.jp/setsumei/images/property_ward.pdf
大字福井財産区,"豊中市, 大阪府",,,https://www.houjin-bangou.nta.go.jp/setsumei/images/property_ward.pdf
大字服部財産区,"豊中市, 大阪府",,,https://www.houjin-bangou.nta.go.jp/setsumei/images/property_ward.pdf
大字長興寺大字曽根大字福井財産区,"豊中市, 大阪府",,,https://www.houjin-bangou.nta.go.jp/setsumei/images/property_ward.pdf
大字長興寺大字曽根大字福井大字岡山財産区,"豊中市, 大阪府",,,https://www.houjin-bangou.nta.go.jp/setsumei/images/property_ward.pdf
大字原田財産区,"豊中市, 大阪府",,,https://www.houjin-bangou.nta.go.jp/setsumei/images/property_ward.pdf
大字勝部財産区,"豊中市, 大阪府",,,https://www.houjin-bangou.nta.go.jp/setsumei/images/property_ward.pdf
大字利倉財産区,"豊中市, 大阪府",,,https://www.houjin-bangou.nta.go.jp/setsumei/images/property_ward.pdf
大字上津島財産区,"豊中市, 大阪府",,,https://www.houjin-bangou.nta.go.jp/setsumei/images/property_ward.pdf
大字穂積財産区,"豊中市, 大阪府",,,https://www.houjin-bangou.nta.go.jp/setsumei/images/property_ward.pdf
大字長島財産区,"豊中市, 大阪府",,,https://www.houjin-bangou.nta.go.jp/setsumei/images/property_ward.pdf
大字小曽根財産区,"豊中市, 大阪府",,,https://www.houjin-bangou.nta.go.jp/setsumei/images/property_ward.pdf
大字石蓮寺財産区,"豊中市, 大阪府",,,https://www.houjin-bangou.nta.go.jp/setsumei/images/property_ward.pdf
大字寺内財産区,"豊中市, 大阪府",,,https://www.houjin-bangou.nta.go.jp/setsumei/images/property_ward.pdf
大字北条財産区,"豊中市, 大阪府",,,https://www.houjin-bangou.nta.go.jp/setsumei/images/property_ward.pdf
大字浜財産区,"豊中市, 大阪府",,,https://www.houjin-bangou.nta.go.jp/setsumei/images/property_ward.pdf
大字上新田財産区,"豊中市, 大阪府",,,https://www.houjin-bangou.nta.go.jp/setsumei/images/property_ward.pdf
豊中市（旧熊野田村）財産区,"豊中市, 大阪府",,,https://www.houjin-bangou.nta.go.jp/setsumei/images/property_ward.pdf
大字菰江財産区,"豊中市, 大阪府",,,https://www.houjin-bangou.nta.go.jp/setsumei/images/property_ward.pdf
大字三屋財産区,"豊中市, 大阪府",,,https://www.houjin-bangou.nta.go.jp/setsumei/images/property_ward.pdf
大字野田財産区,"豊中市, 大阪府",,,https://www.houjin-bangou.nta.go.jp/setsumei/images/property_ward.pdf
大字牛立財産区,"豊中市, 大阪府",,,https://www.houjin-bangou.nta.go.jp/setsumei/images/property_ward.pdf
大字庄本財産区,"豊中市, 大阪府",,,https://www.houjin-bangou.nta.go.jp/setsumei/images/property_ward.pdf
大字洲到止財産区,"豊中市, 大阪府",,,https://www.houjin-bangou.nta.go.jp/setsumei/images/property_ward.pdf
大字東市場財産区,"池田市, 大阪府",,,https://www.houjin-bangou.nta.go.jp/setsumei/images/property_ward.pdf
大字北轟木・宮ノ前・北今在家財産区,"池田市, 大阪府",,,https://www.houjin-bangou.nta.go.jp/setsumei/images/property_ward.pdf
大字石橋財産区,"池田市, 大阪府",,,https://www.houjin-bangou.nta.go.jp/setsumei/images/property_ward.pdf
大字玉坂財産区,"池田市, 大阪府",,,https://www.houjin-bangou.nta.go.jp/setsumei/images/property_ward.pdf
大字野財産区,"池田市, 大阪府",,,https://www.houjin-bangou.nta.go.jp/setsumei/images/property_ward.pdf
大字西市場財産区,"池田市, 大阪府",,,https://www.houjin-bangou.nta.go.jp/setsumei/images/property_ward.pdf
大字神田財産区,"池田市, 大阪府",,,https://www.houjin-bangou.nta.go.jp/setsumei/images/property_ward.pdf
大字下渋谷財産区,"池田市, 大阪府",,,https://www.houjin-bangou.nta.go.jp/setsumei/images/property_ward.pdf
大字上渋谷財産区,"池田市, 大阪府",,,https://www.houjin-bangou.nta.go.jp/setsumei/images/property_ward.pdf
大字才田財産区,"池田市, 大阪府",,,https://www.houjin-bangou.nta.go.jp/setsumei/images/property_ward.pdf
大字北今在家財産区,"池田市, 大阪府",,,https://www.houjin-bangou.nta.go.jp/setsumei/images/property_ward.pdf
大字畑財産区,"池田市, 大阪府",,,https://www.houjin-bangou.nta.go.jp/setsumei/images/property_ward.pdf
大字中川原財産区,"池田市, 大阪府",,,https://www.houjin-bangou.nta.go.jp/setsumei/images/property_ward.pdf
大字吉田財産区,"池田市, 大阪府",,,https://www.houjin-bangou.nta.go.jp/setsumei/images/property_ward.pdf
大字伏尾財産区,"池田市, 大阪府",,,https://www.houjin-bangou.nta.go.jp/setsumei/images/property_ward.pdf
大字古江財産区,"池田市, 大阪府",,,https://www.houjin-bangou.nta.go.jp/setsumei/images/property_ward.pdf
大字東山財産区,"池田市, 大阪府",,,https://www.houjin-bangou.nta.go.jp/setsumei/images/property_ward.pdf
大字木部財産区,"池田市, 大阪府",,,https://www.houjin-bangou.nta.go.jp/setsumei/images/property_ward.pdf
大字中ノ島財産区,"池田市, 大阪府",,,https://www.houjin-bangou.nta.go.jp/setsumei/images/property_ward.pdf
高槻市富田町財産区,"高槻市, 大阪府",,,https://www.houjin-bangou.nta.go.jp/setsumei/images/property_ward.pdf
高槻市大字原財産区,"高槻市, 大阪府",,,https://www.houjin-bangou.nta.go.jp/setsumei/images/property_ward.pdf
高槻市大字塚原財産区,"高槻市, 大阪府",,,https://www.houjin-bangou.nta.go.jp/setsumei/images/property_ward.pdf
高槻市大字唐崎財産区,"高槻市, 大阪府",,,https://www.houjin-bangou.nta.go.jp/setsumei/images/property_ward.pdf
高槻市大字氷室財産区,"高槻市, 大阪府",,,https://www.houjin-bangou.nta.go.jp/setsumei/images/property_ward.pdf
高槻市大字赤大路財産区,"高槻市, 大阪府",,,https://www.houjin-bangou.nta.go.jp/setsumei/images/property_ward.pdf
高槻市大字真上財産区,"高槻市, 大阪府",,,https://www.houjin-bangou.nta.go.jp/setsumei/images/property_ward.pdf
高槻市大字辻子財産区,"高槻市, 大阪府",,,https://www.houjin-bangou.nta.go.jp/setsumei/images/property_ward.pdf
高槻市大字下財産区,"高槻市, 大阪府",,,https://www.houjin-bangou.nta.go.jp/setsumei/images/property_ward.pdf
高槻市大字安満財産区,"高槻市, 大阪府",,,https://www.houjin-bangou.nta.go.jp/setsumei/images/property_ward.pdf
高槻市大字成合財産区,"高槻市, 大阪府",,,https://www.houjin-bangou.nta.go.jp/setsumei/images/property_ward.pdf
高槻市大字上田部財産区,"高槻市, 大阪府",,,https://www.houjin-bangou.nta.go.jp/setsumei/images/property_ward.pdf
高槻市大字庄所財産区,"高槻市, 大阪府",,,https://www.houjin-bangou.nta.go.jp/setsumei/images/property_ward.pdf
高槻市大字津之江財産区,"高槻市, 大阪府",,,https://www.houjin-bangou.nta.go.jp/setsumei/images/property_ward.pdf
高槻市大字奈佐原財産区,"高槻市, 大阪府",,,https://www.houjin-bangou.nta.go.jp/setsumei/images/property_ward.pdf
高槻市大字前島財産区,"高槻市, 大阪府",,,https://www.houjin-bangou.nta.go.jp/setsumei/images/property_ward.pdf
高槻市大字土橋財産区,"高槻市, 大阪府",,,https://www.houjin-bangou.nta.go.jp/setsumei/images/property_ward.pdf
高槻市大字野中財産区,"高槻市, 大阪府",,,https://www.houjin-bangou.nta.go.jp/setsumei/images/property_ward.pdf
高槻市大字中小路財産区,"高槻市, 大阪府",,,https://www.houjin-bangou.nta.go.jp/setsumei/images/property_ward.pdf
高槻市大字服部財産区,"高槻市, 大阪府",,,https://www.houjin-bangou.nta.go.jp/setsumei/images/property_ward.pdf
高槻市大字土室財産区,"高槻市, 大阪府",,,https://www.houjin-bangou.nta.go.jp/setsumei/images/property_ward.pdf
高槻市大字別所財産区,"高槻市, 大阪府",,,https://www.houjin-bangou.nta.go.jp/setsumei/images/property_ward.pdf
高槻市大字萩谷財産区,"高槻市, 大阪府",,,https://www.houjin-bangou.nta.go.jp/setsumei/images/property_ward.pdf
高槻市大字井尻財産区,"高槻市, 大阪府",,,https://www.houjin-bangou.nta.go.jp/setsumei/images/property_ward.pdf
高槻市大字鵜殿財産区,"高槻市, 大阪府",,,https://www.houjin-bangou.nta.go.jp/setsumei/images/property_ward.pdf
高槻市大字上牧財産区,"高槻市, 大阪府",,,https://www.houjin-bangou.nta.go.jp/setsumei/images/property_ward.pdf
高槻市大字梶原財産区,"高槻市, 大阪府",,,https://www.houjin-bangou.nta.go.jp/setsumei/images/property_ward.pdf
高槻市大字神内財産区,"高槻市, 大阪府",,,https://www.houjin-bangou.nta.go.jp/setsumei/images/property_ward.pdf
高槻市大字萩之庄財産区,"高槻市, 大阪府",,,https://www.houjin-bangou.nta.go.jp/setsumei/images/property_ward.pdf
高槻市大字西五百住財産区,"高槻市, 大阪府",,,https://www.houjin-bangou.nta.go.jp/setsumei/images/property_ward.pdf
高槻市大字岡本財産区,"高槻市, 大阪府",,,https://www.houjin-bangou.nta.go.jp/setsumei/images/property_ward.pdf
高槻市大字東天川財産区,"高槻市, 大阪府",,,https://www.houjin-bangou.nta.go.jp/setsumei/images/property_ward.pdf
高槻市大字野田財産区,"高槻市, 大阪府",,,https://www.houjin-bangou.nta.go.jp/setsumei/images/property_ward.pdf
高槻市大字宮田財産区,"高槻市, 大阪府",,,https://www.houjin-bangou.nta.go.jp/setsumei/images/property_ward.pdf
高槻市大字東五百住財産区,"高槻市, 大阪府",,,https://www.houjin-bangou.nta.go.jp/setsumei/images/property_ward.pdf
高槻市大字古曽部財産区,"高槻市, 大阪府",,,https://www.houjin-bangou.nta.go.jp/setsumei/images/property_ward.pdf
高槻市大字郡家財産区,"高槻市, 大阪府",,,https://www.houjin-bangou.nta.go.jp/setsumei/images/property_ward.pdf
高槻市大字高槻財産区,"高槻市, 大阪府",,,https://www.houjin-bangou.nta.go.jp/setsumei/images/property_ward.pdf
高槻市大字芝生財産区,"高槻市, 大阪府",,,https://www.houjin-bangou.nta.go.jp/setsumei/images/property_ward.pdf
高槻市大字西面財産区,"高槻市, 大阪府",,,https://www.houjin-bangou.nta.go.jp/setsumei/images/property_ward.pdf
高槻市大字霊仙寺財産区,"高槻市, 大阪府",,,https://www.houjin-bangou.nta.go.jp/setsumei/images/property_ward.pdf
高槻市大字西天川財産区,"高槻市, 大阪府",,,https://www.houjin-bangou.nta.go.jp/setsumei/images/property_ward.pdf
高槻市大字下田部財産区,"高槻市, 大阪府",,,https://www.houjin-bangou.nta.go.jp/setsumei/images/property_ward.pdf
高槻市大字大塚財産区,"高槻市, 大阪府",,,https://www.houjin-bangou.nta.go.jp/setsumei/images/property_ward.pdf
高槻市大字大塚町財産区,"高槻市, 大阪府",,,https://www.houjin-bangou.nta.go.jp/setsumei/images/property_ward.pdf
高槻市大字西冠財産区,"高槻市, 大阪府",,,https://www.houjin-bangou.nta.go.jp/setsumei/images/property_ward.pdf
高槻市大字芥川財産区,"高槻市, 大阪府",,,https://www.houjin-bangou.nta.go.jp/setsumei/images/property_ward.pdf
高槻市大字川久保財産区,"高槻市, 大阪府",,,https://www.houjin-bangou.nta.go.jp/setsumei/images/property_ward.pdf
高槻市大字柱本財産区,"高槻市, 大阪府",,,https://www.houjin-bangou.nta.go.jp/setsumei/images/property_ward.pdf
堀財産区,"貝塚市, 大阪府",,,https://www.houjin-bangou.nta.go.jp/setsumei/images/property_ward.pdf
小瀬財産区,"貝塚市, 大阪府",,,https://www.houjin-bangou.nta.go.jp/setsumei/images/property_ward.pdf
久保財産区,"貝塚市, 大阪府",,,https://www.houjin-bangou.nta.go.jp/setsumei/images/property_ward.pdf
永吉財産区,"貝塚市, 大阪府",,,https://www.houjin-bangou.nta.go.jp/setsumei/images/property_ward.pdf
半田財産区,"貝塚市, 大阪府",,,https://www.houjin-bangou.nta.go.jp/setsumei/images/property_ward.pdf
福田財産区,"貝塚市, 大阪府",,,https://www.houjin-bangou.nta.go.jp/setsumei/images/property_ward.pdf
海塚財産区,"貝塚市, 大阪府",,,https://www.houjin-bangou.nta.go.jp/setsumei/images/property_ward.pdf
脇浜財産区,"貝塚市, 大阪府",,,https://www.houjin-bangou.nta.go.jp/setsumei/images/property_ward.pdf
澤・浦田財産区,"貝塚市, 大阪府",,,https://www.houjin-bangou.nta.go.jp/setsumei/images/property_ward.pdf
畠中・加治・神前・脇浜財産区,"貝塚市, 大阪府",,,https://www.houjin-bangou.nta.go.jp/setsumei/images/property_ward.pdf
澤・加治・神前・畠中・脇浜財産区,"貝塚市, 大阪府",,,https://www.houjin-bangou.nta.go.jp/setsumei/images/property_ward.pdf
王子財産区,"貝塚市, 大阪府",,,https://www.houjin-bangou.nta.go.jp/setsumei/images/property_ward.pdf
橋本財産区,"貝塚市, 大阪府",,,https://www.houjin-bangou.nta.go.jp/setsumei/images/property_ward.pdf
地蔵堂財産区,"貝塚市, 大阪府",,,https://www.houjin-bangou.nta.go.jp/setsumei/images/property_ward.pdf
鳥羽財産区,"貝塚市, 大阪府",,,https://www.houjin-bangou.nta.go.jp/setsumei/images/property_ward.pdf
石才財産区,"貝塚市, 大阪府",,,https://www.houjin-bangou.nta.go.jp/setsumei/images/property_ward.pdf
麻生中財産区,"貝塚市, 大阪府",,,https://www.houjin-bangou.nta.go.jp/setsumei/images/property_ward.pdf
清児財産区,"貝塚市, 大阪府",,,https://www.houjin-bangou.nta.go.jp/setsumei/images/property_ward.pdf
名越財産区,"貝塚市, 大阪府",,,https://www.houjin-bangou.nta.go.jp/setsumei/images/property_ward.pdf
森財産区,"貝塚市, 大阪府",,,https://www.houjin-bangou.nta.go.jp/setsumei/images/property_ward.pdf
三ツ松財産区,"貝塚市, 大阪府",,,https://www.houjin-bangou.nta.go.jp/setsumei/images/property_ward.pdf
水間財産区,"貝塚市, 大阪府",,,https://www.houjin-bangou.nta.go.jp/setsumei/images/property_ward.pdf
三ヶ山財産区,"貝塚市, 大阪府",,,https://www.houjin-bangou.nta.go.jp/setsumei/images/property_ward.pdf
木積財産区,"貝塚市, 大阪府",,,https://www.houjin-bangou.nta.go.jp/setsumei/images/property_ward.pdf
馬場財産区,"貝塚市, 大阪府",,,https://www.houjin-bangou.nta.go.jp/setsumei/images/property_ward.pdf
大川財産区,"貝塚市, 大阪府",,,https://www.houjin-bangou.nta.go.jp/setsumei/images/property_ward.pdf
秬谷財産区,"貝塚市, 大阪府",,,https://www.houjin-bangou.nta.go.jp/setsumei/images/property_ward.pdf
東財産区,"貝塚市, 大阪府",,,https://www.houjin-bangou.nta.go.jp/setsumei/images/property_ward.pdf
王子・窪田・堤財産区,"貝塚市, 大阪府",,,https://www.houjin-bangou.nta.go.jp/setsumei/images/property_ward.pdf
地蔵堂外１１財産区,"貝塚市, 大阪府",,,https://www.houjin-bangou.nta.go.jp/setsumei/images/property_ward.pdf
三ツ松・森財産区,"貝塚市, 大阪府",,,https://www.houjin-bangou.nta.go.jp/setsumei/images/property_ward.pdf
澤・浦田・窪田財産区,"貝塚市, 大阪府",,,https://www.houjin-bangou.nta.go.jp/setsumei/images/property_ward.pdf
窪田財産区,"貝塚市, 大阪府",,,https://www.houjin-bangou.nta.go.jp/setsumei/images/property_ward.pdf
東橋波財産区,"守口市, 大阪府",,,https://www.houjin-bangou.nta.go.jp/setsumei/images/property_ward.pdf
枚方市伊加賀財産区,"枚方市, 大阪府",,,https://www.houjin-bangou.nta.go.jp/setsumei/images/property_ward.pdf
枚方市磯島財産区,"枚方市, 大阪府",,,https://www.houjin-bangou.nta.go.jp/setsumei/images/property_ward.pdf
枚方市宇山財産区,"枚方市, 大阪府",,,https://www.houjin-bangou.nta.go.jp/setsumei/images/property_ward.pdf
枚方市岡・岡新町財産区,"枚方市, 大阪府",,,https://www.houjin-bangou.nta.go.jp/setsumei/images/property_ward.pdf
枚方市小倉財産区,"枚方市, 大阪府",,,https://www.houjin-bangou.nta.go.jp/setsumei/images/property_ward.pdf
枚方市上島財産区,"枚方市, 大阪府",,,https://www.houjin-bangou.nta.go.jp/setsumei/images/property_ward.pdf
枚方市春日財産区,"枚方市, 大阪府",,,https://www.houjin-bangou.nta.go.jp/setsumei/images/property_ward.pdf
枚方市禁野財産区,"枚方市, 大阪府",,,https://www.houjin-bangou.nta.go.jp/setsumei/images/property_ward.pdf
枚方市楠葉財産区,"枚方市, 大阪府",,,https://www.houjin-bangou.nta.go.jp/setsumei/images/property_ward.pdf
枚方市下島財産区,"枚方市, 大阪府",,,https://www.houjin-bangou.nta.go.jp/setsumei/images/property_ward.pdf
枚方市阪財産区,"枚方市, 大阪府",,,https://www.houjin-bangou.nta.go.jp/setsumei/images/property_ward.pdf
枚方市招提財産区,"枚方市, 大阪府",,,https://www.houjin-bangou.nta.go.jp/setsumei/images/property_ward.pdf
枚方市杉財産区,"枚方市, 大阪府",,,https://www.houjin-bangou.nta.go.jp/setsumei/images/property_ward.pdf
枚方市尊延寺財産区,"枚方市, 大阪府",,,https://www.houjin-bangou.nta.go.jp/setsumei/images/property_ward.pdf
枚方市田宮財産区,"枚方市, 大阪府",,,https://www.houjin-bangou.nta.go.jp/setsumei/images/property_ward.pdf
枚方市津田財産区（旧）,"枚方市, 大阪府",,,https://www.houjin-bangou.nta.go.jp/setsumei/images/property_ward.pdf
枚方市出口財産区,"枚方市, 大阪府",,,https://www.houjin-bangou.nta.go.jp/setsumei/images/property_ward.pdf
枚方市中振財産区,"枚方市, 大阪府",,,https://www.houjin-bangou.nta.go.jp/setsumei/images/property_ward.pdf
枚方市長尾財産区,"枚方市, 大阪府",,,https://www.houjin-bangou.nta.go.jp/setsumei/images/property_ward.pdf
枚方市渚財産区,"枚方市, 大阪府",,,https://www.houjin-bangou.nta.go.jp/setsumei/images/property_ward.pdf
枚方市茄子作財産区,"枚方市, 大阪府",,,https://www.houjin-bangou.nta.go.jp/setsumei/images/property_ward.pdf
枚方市野財産区,"枚方市, 大阪府",,,https://www.houjin-bangou.nta.go.jp/setsumei/images/property_ward.pdf
枚方市走谷財産区,"枚方市, 大阪府",,,https://www.houjin-bangou.nta.go.jp/setsumei/images/property_ward.pdf
枚方市枚方財産区,"枚方市, 大阪府",,,https://www.houjin-bangou.nta.go.jp/setsumei/images/property_ward.pdf
枚方市藤阪財産区,"枚方市, 大阪府",,,https://www.houjin-bangou.nta.go.jp/setsumei/images/property_ward.pdf
枚方市船橋財産区,"枚方市, 大阪府",,,https://www.houjin-bangou.nta.go.jp/setsumei/images/property_ward.pdf
枚方市穂谷財産区,"枚方市, 大阪府",,,https://www.houjin-bangou.nta.go.jp/setsumei/images/property_ward.pdf
枚方市三矢財産区,"枚方市, 大阪府",,,https://www.houjin-bangou.nta.go.jp/setsumei/images/property_ward.pdf
枚方市村野財産区,"枚方市, 大阪府",,,https://www.houjin-bangou.nta.go.jp/setsumei/images/property_ward.pdf
枚方市山之上財産区,"枚方市, 大阪府",,,https://www.houjin-bangou.nta.go.jp/setsumei/images/property_ward.pdf
枚方市養父財産区,"枚方市, 大阪府",,,https://www.houjin-bangou.nta.go.jp/setsumei/images/property_ward.pdf
枚方市氷室財産区,"枚方市, 大阪府",,,https://www.houjin-bangou.nta.go.jp/setsumei/images/property_ward.pdf
枚方市津田財産区,"枚方市, 大阪府",,,https://www.houjin-bangou.nta.go.jp/setsumei/images/property_ward.pdf
枚方市菅原財産区,"枚方市, 大阪府",,,https://www.houjin-bangou.nta.go.jp/setsumei/images/property_ward.pdf
茨木市大字茨木財産区,"茨木市, 大阪府",,,https://www.houjin-bangou.nta.go.jp/setsumei/images/property_ward.pdf
茨木市大字上中条財産区,"茨木市, 大阪府",,,https://www.houjin-bangou.nta.go.jp/setsumei/images/property_ward.pdf
茨木市大字下中条財産区,"茨木市, 大阪府",,,https://www.houjin-bangou.nta.go.jp/setsumei/images/property_ward.pdf
茨木市大字倍賀財産区,"茨木市, 大阪府",,,https://www.houjin-bangou.nta.go.jp/setsumei/images/property_ward.pdf
茨木市大字上穂積財産区,"茨木市, 大阪府",,,https://www.houjin-bangou.nta.go.jp/setsumei/images/property_ward.pdf
茨木市大字中穂積財産区,"茨木市, 大阪府",,,https://www.houjin-bangou.nta.go.jp/setsumei/images/property_ward.pdf
茨木市大字下穂積財産区,"茨木市, 大阪府",,,https://www.houjin-bangou.nta.go.jp/setsumei/images/property_ward.pdf
茨木市大字奈良財産区,"茨木市, 大阪府",,,https://www.houjin-bangou.nta.go.jp/setsumei/images/property_ward.pdf
茨木市大字郡財産区,"茨木市, 大阪府",,,https://www.houjin-bangou.nta.go.jp/setsumei/images/property_ward.pdf
茨木市大字郡山財産区,"茨木市, 大阪府",,,https://www.houjin-bangou.nta.go.jp/setsumei/images/property_ward.pdf
茨木市大字畑田財産区,"茨木市, 大阪府",,,https://www.houjin-bangou.nta.go.jp/setsumei/images/property_ward.pdf
茨木市大字五日市財産区,"茨木市, 大阪府",,,https://www.houjin-bangou.nta.go.jp/setsumei/images/property_ward.pdf
茨木市大字上野財産区,"茨木市, 大阪府",,,https://www.houjin-bangou.nta.go.jp/setsumei/images/property_ward.pdf
茨木市大字田中財産区,"茨木市, 大阪府",,,https://www.houjin-bangou.nta.go.jp/setsumei/images/property_ward.pdf
茨木市大字西河原財産区,"茨木市, 大阪府",,,https://www.houjin-bangou.nta.go.jp/setsumei/images/property_ward.pdf
茨木市大字耳原財産区,"茨木市, 大阪府",,,https://www.houjin-bangou.nta.go.jp/setsumei/images/property_ward.pdf
茨木市大字太田財産区,"茨木市, 大阪府",,,https://www.houjin-bangou.nta.go.jp/setsumei/images/property_ward.pdf
茨木市大字太田ノ内高田財産区,"茨木市, 大阪府",,,https://www.houjin-bangou.nta.go.jp/setsumei/images/property_ward.pdf
茨木市大字太田ノ内上野財産区,"茨木市, 大阪府",,,https://www.houjin-bangou.nta.go.jp/setsumei/images/property_ward.pdf
茨木市大字太田ノ内新田財産区,"茨木市, 大阪府",,,https://www.houjin-bangou.nta.go.jp/setsumei/images/property_ward.pdf
茨木市大字総持寺財産区,"茨木市, 大阪府",,,https://www.houjin-bangou.nta.go.jp/setsumei/images/property_ward.pdf
茨木市大字中城財産区,"茨木市, 大阪府",,,https://www.houjin-bangou.nta.go.jp/setsumei/images/property_ward.pdf
茨木市大字戸伏財産区,"茨木市, 大阪府",,,https://www.houjin-bangou.nta.go.jp/setsumei/images/property_ward.pdf
茨木市大字鮎川財産区,"茨木市, 大阪府",,,https://www.houjin-bangou.nta.go.jp/setsumei/images/property_ward.pdf
茨木市大字水尾財産区,"茨木市, 大阪府",,,https://www.houjin-bangou.nta.go.jp/setsumei/images/property_ward.pdf
茨木市大字内瀬財産区,"茨木市, 大阪府",,,https://www.houjin-bangou.nta.go.jp/setsumei/images/property_ward.pdf
茨木市大字真砂財産区,"茨木市, 大阪府",,,https://www.houjin-bangou.nta.go.jp/setsumei/images/property_ward.pdf
茨木市大字沢良宜東財産区,"茨木市, 大阪府",,,https://www.houjin-bangou.nta.go.jp/setsumei/images/property_ward.pdf
茨木市大字沢良宜西財産区,"茨木市, 大阪府",,,https://www.houjin-bangou.nta.go.jp/setsumei/images/property_ward.pdf
茨木市大字沢良宜浜財産区,"茨木市, 大阪府",,,https://www.houjin-bangou.nta.go.jp/setsumei/images/property_ward.pdf
茨木市大字馬場財産区,"茨木市, 大阪府",,,https://www.houjin-bangou.nta.go.jp/setsumei/images/property_ward.pdf
茨木市大字二階堂財産区,"茨木市, 大阪府",,,https://www.houjin-bangou.nta.go.jp/setsumei/images/property_ward.pdf
茨木市大字十一財産区,"茨木市, 大阪府",,,https://www.houjin-bangou.nta.go.jp/setsumei/images/property_ward.pdf
茨木市大字目垣財産区,"茨木市, 大阪府",,,https://www.houjin-bangou.nta.go.jp/setsumei/images/property_ward.pdf
茨木市大字野々宮財産区,"茨木市, 大阪府",,,https://www.houjin-bangou.nta.go.jp/setsumei/images/property_ward.pdf
茨木市大字島財産区,"茨木市, 大阪府",,,https://www.houjin-bangou.nta.go.jp/setsumei/images/property_ward.pdf
茨木市大字安威財産区,"茨木市, 大阪府",,,https://www.houjin-bangou.nta.go.jp/setsumei/images/property_ward.pdf
茨木市大字福井財産区,"茨木市, 大阪府",,,https://www.houjin-bangou.nta.go.jp/setsumei/images/property_ward.pdf
茨木市大字大岩財産区,"茨木市, 大阪府",,,https://www.houjin-bangou.nta.go.jp/setsumei/images/property_ward.pdf
茨木市大字安元財産区,"茨木市, 大阪府",,,https://www.houjin-bangou.nta.go.jp/setsumei/images/property_ward.pdf
茨木市大字生保財産区,"茨木市, 大阪府",,,https://www.houjin-bangou.nta.go.jp/setsumei/images/property_ward.pdf
茨木市大字桑原財産区,"茨木市, 大阪府",,,https://www.houjin-bangou.nta.go.jp/setsumei/images/property_ward.pdf
茨木市大字泉原財産区,"茨木市, 大阪府",,,https://www.houjin-bangou.nta.go.jp/setsumei/images/property_ward.pdf
茨木市大字佐保財産区,"茨木市, 大阪府",,,https://www.houjin-bangou.nta.go.jp/setsumei/images/property_ward.pdf
茨木市大字千提寺財産区,"茨木市, 大阪府",,,https://www.houjin-bangou.nta.go.jp/setsumei/images/property_ward.pdf
茨木市大字銭原財産区,"茨木市, 大阪府",,,https://www.houjin-bangou.nta.go.jp/setsumei/images/property_ward.pdf
茨木市大字長谷財産区,"茨木市, 大阪府",,,https://www.houjin-bangou.nta.go.jp/setsumei/images/property_ward.pdf
茨木市大字清阪財産区,"茨木市, 大阪府",,,https://www.houjin-bangou.nta.go.jp/setsumei/images/property_ward.pdf
茨木市大字上音羽財産区,"茨木市, 大阪府",,,https://www.houjin-bangou.nta.go.jp/setsumei/images/property_ward.pdf
茨木市大字下音羽財産区,"茨木市, 大阪府",,,https://www.houjin-bangou.nta.go.jp/setsumei/images/property_ward.pdf
茨木市大字忍頂寺財産区,"茨木市, 大阪府",,,https://www.houjin-bangou.nta.go.jp/setsumei/images/property_ward.pdf
茨木市大字粟生岩阪財産区,"茨木市, 大阪府",,,https://www.houjin-bangou.nta.go.jp/setsumei/images/property_ward.pdf
茨木市大字宿久庄財産区,"茨木市, 大阪府",,,https://www.houjin-bangou.nta.go.jp/setsumei/images/property_ward.pdf
茨木市大字清水財産区,"茨木市, 大阪府",,,https://www.houjin-bangou.nta.go.jp/setsumei/images/property_ward.pdf
茨木市大字道祖本財産区,"茨木市, 大阪府",,,https://www.houjin-bangou.nta.go.jp/setsumei/images/property_ward.pdf
茨木市大字蔵垣内財産区,"茨木市, 大阪府",,,https://www.houjin-bangou.nta.go.jp/setsumei/images/property_ward.pdf
茨木市大字丑寅財産区,"茨木市, 大阪府",,,https://www.houjin-bangou.nta.go.jp/setsumei/images/property_ward.pdf
茨木市大字宇野辺財産区,"茨木市, 大阪府",,,https://www.houjin-bangou.nta.go.jp/setsumei/images/property_ward.pdf
西郷財産区,"八尾市, 大阪府",,,https://www.houjin-bangou.nta.go.jp/setsumei/images/property_ward.pdf
穴太財産区,"八尾市, 大阪府",,,https://www.houjin-bangou.nta.go.jp/setsumei/images/property_ward.pdf
別宮財産区,"八尾市, 大阪府",,,https://www.houjin-bangou.nta.go.jp/setsumei/images/property_ward.pdf
八尾座財産区,"八尾市, 大阪府",,,https://www.houjin-bangou.nta.go.jp/setsumei/images/property_ward.pdf
佐堂財産区,"八尾市, 大阪府",,,https://www.houjin-bangou.nta.go.jp/setsumei/images/property_ward.pdf
萱振財産区,"八尾市, 大阪府",,,https://www.houjin-bangou.nta.go.jp/setsumei/images/property_ward.pdf
今井財産区,"八尾市, 大阪府",,,https://www.houjin-bangou.nta.go.jp/setsumei/images/property_ward.pdf
八尾財産区,"八尾市, 大阪府",,,https://www.houjin-bangou.nta.go.jp/setsumei/images/property_ward.pdf
大信寺財産区,"八尾市, 大阪府",,,https://www.houjin-bangou.nta.go.jp/setsumei/images/property_ward.pdf
東郷財産区,"八尾市, 大阪府",,,https://www.houjin-bangou.nta.go.jp/setsumei/images/property_ward.pdf
成法寺財産区,"八尾市, 大阪府",,,https://www.houjin-bangou.nta.go.jp/setsumei/images/property_ward.pdf
木戸財産区,"八尾市, 大阪府",,,https://www.houjin-bangou.nta.go.jp/setsumei/images/property_ward.pdf
庄之内財産区,"八尾市, 大阪府",,,https://www.houjin-bangou.nta.go.jp/setsumei/images/property_ward.pdf
山本新田財産区,"八尾市, 大阪府",,,https://www.houjin-bangou.nta.go.jp/setsumei/images/property_ward.pdf
福万寺財産区,"八尾市, 大阪府",,,https://www.houjin-bangou.nta.go.jp/setsumei/images/property_ward.pdf
上之島財産区,"八尾市, 大阪府",,,https://www.houjin-bangou.nta.go.jp/setsumei/images/property_ward.pdf
万願寺財産区,"八尾市, 大阪府",,,https://www.houjin-bangou.nta.go.jp/setsumei/images/property_ward.pdf
小阪合財産区,"八尾市, 大阪府",,,https://www.houjin-bangou.nta.go.jp/setsumei/images/property_ward.pdf
八尾中野財産区,"八尾市, 大阪府",,,https://www.houjin-bangou.nta.go.jp/setsumei/images/property_ward.pdf
植松財産区,"八尾市, 大阪府",,,https://www.houjin-bangou.nta.go.jp/setsumei/images/property_ward.pdf
安中財産区,"八尾市, 大阪府",,,https://www.houjin-bangou.nta.go.jp/setsumei/images/property_ward.pdf
渋川財産区,"八尾市, 大阪府",,,https://www.houjin-bangou.nta.go.jp/setsumei/images/property_ward.pdf
太子堂財産区,"八尾市, 大阪府",,,https://www.houjin-bangou.nta.go.jp/setsumei/images/property_ward.pdf
亀井財産区,"八尾市, 大阪府",,,https://www.houjin-bangou.nta.go.jp/setsumei/images/property_ward.pdf
竹渕財産区,"八尾市, 大阪府",,,https://www.houjin-bangou.nta.go.jp/setsumei/images/property_ward.pdf
沼財産区,"八尾市, 大阪府",,,https://www.houjin-bangou.nta.go.jp/setsumei/images/property_ward.pdf
太田財産区,"八尾市, 大阪府",,,https://www.houjin-bangou.nta.go.jp/setsumei/images/property_ward.pdf
木の本財産区,"八尾市, 大阪府",,,https://www.houjin-bangou.nta.go.jp/setsumei/images/property_ward.pdf
北木の本財産区,"八尾市, 大阪府",,,https://www.houjin-bangou.nta.go.jp/setsumei/images/property_ward.pdf
西郡財産区,"八尾市, 大阪府",,,https://www.houjin-bangou.nta.go.jp/setsumei/images/property_ward.pdf
黒谷財産区,"八尾市, 大阪府",,,https://www.houjin-bangou.nta.go.jp/setsumei/images/property_ward.pdf
教興寺財産区,"八尾市, 大阪府",,,https://www.houjin-bangou.nta.go.jp/setsumei/images/property_ward.pdf
垣内財産区,"八尾市, 大阪府",,,https://www.houjin-bangou.nta.go.jp/setsumei/images/property_ward.pdf
恩智財産区,"八尾市, 大阪府",,,https://www.houjin-bangou.nta.go.jp/setsumei/images/property_ward.pdf
神宮寺財産区,"八尾市, 大阪府",,,https://www.houjin-bangou.nta.go.jp/setsumei/images/property_ward.pdf
楽音寺財産区,"八尾市, 大阪府",,,https://www.houjin-bangou.nta.go.jp/setsumei/images/property_ward.pdf
神立財産区,"八尾市, 大阪府",,,https://www.houjin-bangou.nta.go.jp/setsumei/images/property_ward.pdf
大竹財産区,"八尾市, 大阪府",,,https://www.houjin-bangou.nta.go.jp/setsumei/images/property_ward.pdf
水越財産区,"八尾市, 大阪府",,,https://www.houjin-bangou.nta.go.jp/setsumei/images/property_ward.pdf
千塚財産区,"八尾市, 大阪府",,,https://www.houjin-bangou.nta.go.jp/setsumei/images/property_ward.pdf
大窪財産区,"八尾市, 大阪府",,,https://www.houjin-bangou.nta.go.jp/setsumei/images/property_ward.pdf
山畑財産区,"八尾市, 大阪府",,,https://www.houjin-bangou.nta.go.jp/setsumei/images/property_ward.pdf
服部川財産区,"八尾市, 大阪府",,,https://www.houjin-bangou.nta.go.jp/setsumei/images/property_ward.pdf
郡川財産区,"八尾市, 大阪府",,,https://www.houjin-bangou.nta.go.jp/setsumei/images/property_ward.pdf
中田財産区,"八尾市, 大阪府",,,https://www.houjin-bangou.nta.go.jp/setsumei/images/property_ward.pdf
刑部財産区,"八尾市, 大阪府",,,https://www.houjin-bangou.nta.go.jp/setsumei/images/property_ward.pdf
八尾木財産区,"八尾市, 大阪府",,,https://www.houjin-bangou.nta.go.jp/setsumei/images/property_ward.pdf
都塚財産区,"八尾市, 大阪府",,,https://www.houjin-bangou.nta.go.jp/setsumei/images/property_ward.pdf
東弓削財産区,"八尾市, 大阪府",,,https://www.houjin-bangou.nta.go.jp/setsumei/images/property_ward.pdf
老原財産区,"八尾市, 大阪府",,,https://www.houjin-bangou.nta.go.jp/setsumei/images/property_ward.pdf
天王寺屋財産区,"八尾市, 大阪府",,,https://www.houjin-bangou.nta.go.jp/setsumei/images/property_ward.pdf
田井中財産区,"八尾市, 大阪府",,,https://www.houjin-bangou.nta.go.jp/setsumei/images/property_ward.pdf
毛人谷財産区,"富田林市, 大阪府",,,https://www.houjin-bangou.nta.go.jp/setsumei/images/property_ward.pdf
甲田財産区,"富田林市, 大阪府",,,https://www.houjin-bangou.nta.go.jp/setsumei/images/property_ward.pdf
新家財産区,"富田林市, 大阪府",,,https://www.houjin-bangou.nta.go.jp/setsumei/images/property_ward.pdf
錦織財産区,"富田林市, 大阪府",,,https://www.houjin-bangou.nta.go.jp/setsumei/images/property_ward.pdf
伏山財産区,"富田林市, 大阪府",,,https://www.houjin-bangou.nta.go.jp/setsumei/images/property_ward.pdf
西板持財産区,"富田林市, 大阪府",,,https://www.houjin-bangou.nta.go.jp/setsumei/images/property_ward.pdf
新堂財産区,"富田林市, 大阪府",,,https://www.houjin-bangou.nta.go.jp/setsumei/images/property_ward.pdf
別井財産区,"富田林市, 大阪府",,,https://www.houjin-bangou.nta.go.jp/setsumei/images/property_ward.pdf
中野財産区,"富田林市, 大阪府",,,https://www.houjin-bangou.nta.go.jp/setsumei/images/property_ward.pdf
彼方財産区,"富田林市, 大阪府",,,https://www.houjin-bangou.nta.go.jp/setsumei/images/property_ward.pdf
山中田財産区,"富田林市, 大阪府",,,https://www.houjin-bangou.nta.go.jp/setsumei/images/property_ward.pdf
喜志財産区,"富田林市, 大阪府",,,https://www.houjin-bangou.nta.go.jp/setsumei/images/property_ward.pdf
寝屋川市大字高柳財産区,"寝屋川市, 大阪府",,,https://www.houjin-bangou.nta.go.jp/setsumei/images/property_ward.pdf
寝屋川市大字池田旧池田中財産区,"寝屋川市, 大阪府",,,https://www.houjin-bangou.nta.go.jp/setsumei/images/property_ward.pdf
寝屋川市大字寝屋財産区,"寝屋川市, 大阪府",,,https://www.houjin-bangou.nta.go.jp/setsumei/images/property_ward.pdf
寝屋川市国守町財産区,"寝屋川市, 大阪府",,,https://www.houjin-bangou.nta.go.jp/setsumei/images/property_ward.pdf
寝屋川市大字三井財産区,"寝屋川市, 大阪府",,,https://www.houjin-bangou.nta.go.jp/setsumei/images/property_ward.pdf
寝屋川市大字太秦財産区,"寝屋川市, 大阪府",,,https://www.houjin-bangou.nta.go.jp/setsumei/images/property_ward.pdf
寝屋川市大字秦財産区,"寝屋川市, 大阪府",,,https://www.houjin-bangou.nta.go.jp/setsumei/images/property_ward.pdf
寝屋川市大字河北財産区,"寝屋川市, 大阪府",,,https://www.houjin-bangou.nta.go.jp/setsumei/images/property_ward.pdf
寝屋川市大字木屋財産区,"寝屋川市, 大阪府",,,https://www.houjin-bangou.nta.go.jp/setsumei/images/property_ward.pdf
寝屋川市大字点野財産区,"寝屋川市, 大阪府",,,https://www.houjin-bangou.nta.go.jp/setsumei/images/property_ward.pdf
寝屋川市大字田井財産区,"寝屋川市, 大阪府",,,https://www.houjin-bangou.nta.go.jp/setsumei/images/property_ward.pdf
寝屋川市大字石津財産区,"寝屋川市, 大阪府",,,https://www.houjin-bangou.nta.go.jp/setsumei/images/property_ward.pdf
寝屋川市大字太間財産区,"寝屋川市, 大阪府",,,https://www.houjin-bangou.nta.go.jp/setsumei/images/property_ward.pdf
寝屋川市大字打上財産区,"寝屋川市, 大阪府",,,https://www.houjin-bangou.nta.go.jp/setsumei/images/property_ward.pdf
寝屋川市大字国松財産区,"寝屋川市, 大阪府",,,https://www.houjin-bangou.nta.go.jp/setsumei/images/property_ward.pdf
寝屋川市大字小路財産区,"寝屋川市, 大阪府",,,https://www.houjin-bangou.nta.go.jp/setsumei/images/property_ward.pdf
寝屋川市大字木田財産区,"寝屋川市, 大阪府",,,https://www.houjin-bangou.nta.go.jp/setsumei/images/property_ward.pdf
寝屋川市大字高宮財産区,"寝屋川市, 大阪府",,,https://www.houjin-bangou.nta.go.jp/setsumei/images/property_ward.pdf
天野財産区,"河内長野市, 大阪府",,,https://www.houjin-bangou.nta.go.jp/setsumei/images/property_ward.pdf
石仏財産区,"河内長野市, 大阪府",,,https://www.houjin-bangou.nta.go.jp/setsumei/images/property_ward.pdf
石見川財産区,"河内長野市, 大阪府",,,https://www.houjin-bangou.nta.go.jp/setsumei/images/property_ward.pdf
市財産区,"河内長野市, 大阪府",,,https://www.houjin-bangou.nta.go.jp/setsumei/images/property_ward.pdf
岩瀬財産区,"河内長野市, 大阪府",,,https://www.houjin-bangou.nta.go.jp/setsumei/images/property_ward.pdf
上田財産区,"河内長野市, 大阪府",,,https://www.houjin-bangou.nta.go.jp/setsumei/images/property_ward.pdf
上原財産区,"河内長野市, 大阪府",,,https://www.houjin-bangou.nta.go.jp/setsumei/images/property_ward.pdf
太井財産区,"河内長野市, 大阪府",,,https://www.houjin-bangou.nta.go.jp/setsumei/images/property_ward.pdf
小塩財産区,"河内長野市, 大阪府",,,https://www.houjin-bangou.nta.go.jp/setsumei/images/property_ward.pdf
小山田財産区,"河内長野市, 大阪府",,,https://www.houjin-bangou.nta.go.jp/setsumei/images/property_ward.pdf
加賀田財産区,"河内長野市, 大阪府",,,https://www.houjin-bangou.nta.go.jp/setsumei/images/property_ward.pdf
片添財産区,"河内長野市, 大阪府",,,https://www.houjin-bangou.nta.go.jp/setsumei/images/property_ward.pdf
神ガ丘財産区,"河内長野市, 大阪府",,,https://www.houjin-bangou.nta.go.jp/setsumei/images/property_ward.pdf
唐久谷財産区,"河内長野市, 大阪府",,,https://www.houjin-bangou.nta.go.jp/setsumei/images/property_ward.pdf
河合寺財産区,"河内長野市, 大阪府",,,https://www.houjin-bangou.nta.go.jp/setsumei/images/property_ward.pdf
喜多財産区,"河内長野市, 大阪府",,,https://www.houjin-bangou.nta.go.jp/setsumei/images/property_ward.pdf
木戸財産区,"河内長野市, 大阪府",,,https://www.houjin-bangou.nta.go.jp/setsumei/images/property_ward.pdf
小深財産区,"河内長野市, 大阪府",,,https://www.houjin-bangou.nta.go.jp/setsumei/images/property_ward.pdf
下里財産区,"河内長野市, 大阪府",,,https://www.houjin-bangou.nta.go.jp/setsumei/images/property_ward.pdf
滝畑財産区,"河内長野市, 大阪府",,,https://www.houjin-bangou.nta.go.jp/setsumei/images/property_ward.pdf
高向財産区,"河内長野市, 大阪府",,,https://www.houjin-bangou.nta.go.jp/setsumei/images/property_ward.pdf
寺元財産区,"河内長野市, 大阪府",,,https://www.houjin-bangou.nta.go.jp/setsumei/images/property_ward.pdf
長野財産区,"河内長野市, 大阪府",,,https://www.houjin-bangou.nta.go.jp/setsumei/images/property_ward.pdf
西代財産区,"河内長野市, 大阪府",,,https://www.houjin-bangou.nta.go.jp/setsumei/images/property_ward.pdf
野作財産区,"河内長野市, 大阪府",,,https://www.houjin-bangou.nta.go.jp/setsumei/images/property_ward.pdf
鳩原財産区,"河内長野市, 大阪府",,,https://www.houjin-bangou.nta.go.jp/setsumei/images/property_ward.pdf
原財産区,"河内長野市, 大阪府",,,https://www.houjin-bangou.nta.go.jp/setsumei/images/property_ward.pdf
日野財産区,"河内長野市, 大阪府",,,https://www.houjin-bangou.nta.go.jp/setsumei/images/property_ward.pdf
古野財産区,"河内長野市, 大阪府",,,https://www.houjin-bangou.nta.go.jp/setsumei/images/property_ward.pdf
三日市財産区,"河内長野市, 大阪府",,,https://www.houjin-bangou.nta.go.jp/setsumei/images/property_ward.pdf
向野財産区,"河内長野市, 大阪府",,,https://www.houjin-bangou.nta.go.jp/setsumei/images/property_ward.pdf
丹南財産区,"松原市, 大阪府",,,https://www.houjin-bangou.nta.go.jp/setsumei/images/property_ward.pdf
若林財産区,"松原市, 大阪府",,,https://www.houjin-bangou.nta.go.jp/setsumei/images/property_ward.pdf
岡財産区,"松原市, 大阪府",,,https://www.houjin-bangou.nta.go.jp/setsumei/images/property_ward.pdf
大堀財産区,"松原市, 大阪府",,,https://www.houjin-bangou.nta.go.jp/setsumei/images/property_ward.pdf
小川財産区,"松原市, 大阪府",,,https://www.houjin-bangou.nta.go.jp/setsumei/images/property_ward.pdf
一津屋財産区,"松原市, 大阪府",,,https://www.houjin-bangou.nta.go.jp/setsumei/images/property_ward.pdf
別所財産区,"松原市, 大阪府",,,https://www.houjin-bangou.nta.go.jp/setsumei/images/property_ward.pdf
田井城財産区,"松原市, 大阪府",,,https://www.houjin-bangou.nta.go.jp/setsumei/images/property_ward.pdf
和泉市府中財産区,"和泉市, 大阪府",,,https://www.houjin-bangou.nta.go.jp/setsumei/images/property_ward.pdf
和泉市肥子財産区,"和泉市, 大阪府",,,https://www.houjin-bangou.nta.go.jp/setsumei/images/property_ward.pdf
和泉市和気財産区,"和泉市, 大阪府",,,https://www.houjin-bangou.nta.go.jp/setsumei/images/property_ward.pdf
和泉市小田財産区,"和泉市, 大阪府",,,https://www.houjin-bangou.nta.go.jp/setsumei/images/property_ward.pdf
和泉市伯太財産区,"和泉市, 大阪府",,,https://www.houjin-bangou.nta.go.jp/setsumei/images/property_ward.pdf
和泉市黒鳥財産区,"和泉市, 大阪府",,,https://www.houjin-bangou.nta.go.jp/setsumei/images/property_ward.pdf
和泉市池上財産区,"和泉市, 大阪府",,,https://www.houjin-bangou.nta.go.jp/setsumei/images/property_ward.pdf
和泉市芦部財産区,"和泉市, 大阪府",,,https://www.houjin-bangou.nta.go.jp/setsumei/images/property_ward.pdf
和泉市一条院財産区,"和泉市, 大阪府",,,https://www.houjin-bangou.nta.go.jp/setsumei/images/property_ward.pdf
和泉市今福財産区,"和泉市, 大阪府",,,https://www.houjin-bangou.nta.go.jp/setsumei/images/property_ward.pdf
和泉市桑原財産区,"和泉市, 大阪府",,,https://www.houjin-bangou.nta.go.jp/setsumei/images/property_ward.pdf
和泉市観音寺財産区,"和泉市, 大阪府",,,https://www.houjin-bangou.nta.go.jp/setsumei/images/property_ward.pdf
和泉市浦田財産区,"和泉市, 大阪府",,,https://www.houjin-bangou.nta.go.jp/setsumei/images/property_ward.pdf
和泉市万町財産区,"和泉市, 大阪府",,,https://www.houjin-bangou.nta.go.jp/setsumei/images/property_ward.pdf
和泉市平井財産区,"和泉市, 大阪府",,,https://www.houjin-bangou.nta.go.jp/setsumei/images/property_ward.pdf
和泉市三林財産区,"和泉市, 大阪府",,,https://www.houjin-bangou.nta.go.jp/setsumei/images/property_ward.pdf
和泉市黒石財産区,"和泉市, 大阪府",,,https://www.houjin-bangou.nta.go.jp/setsumei/images/property_ward.pdf
和泉市国分財産区,"和泉市, 大阪府",,,https://www.houjin-bangou.nta.go.jp/setsumei/images/property_ward.pdf
和泉市池田下財産区,"和泉市, 大阪府",,,https://www.houjin-bangou.nta.go.jp/setsumei/images/property_ward.pdf
和泉市伏屋財産区,"和泉市, 大阪府",,,https://www.houjin-bangou.nta.go.jp/setsumei/images/property_ward.pdf
和泉市室堂財産区,"和泉市, 大阪府",,,https://www.houjin-bangou.nta.go.jp/setsumei/images/property_ward.pdf
和泉市小野田財産区,"和泉市, 大阪府",,,https://www.houjin-bangou.nta.go.jp/setsumei/images/property_ward.pdf
和泉市善正財産区,"和泉市, 大阪府",,,https://www.houjin-bangou.nta.go.jp/setsumei/images/property_ward.pdf
和泉市坪井財産区,"和泉市, 大阪府",,,https://www.houjin-bangou.nta.go.jp/setsumei/images/property_ward.pdf
和泉市仏並財産区,"和泉市, 大阪府",,,https://www.houjin-bangou.nta.go.jp/setsumei/images/property_ward.pdf
和泉市福瀬財産区,"和泉市, 大阪府",,,https://www.houjin-bangou.nta.go.jp/setsumei/images/property_ward.pdf
和泉市九鬼財産区,"和泉市, 大阪府",,,https://www.houjin-bangou.nta.go.jp/setsumei/images/property_ward.pdf
和泉市岡財産区,"和泉市, 大阪府",,,https://www.houjin-bangou.nta.go.jp/setsumei/images/property_ward.pdf
和泉市北田中財産区,"和泉市, 大阪府",,,https://www.houjin-bangou.nta.go.jp/setsumei/images/property_ward.pdf
和泉市下宮財産区,"和泉市, 大阪府",,,https://www.houjin-bangou.nta.go.jp/setsumei/images/property_ward.pdf
和泉市南面利財産区,"和泉市, 大阪府",,,https://www.houjin-bangou.nta.go.jp/setsumei/images/property_ward.pdf
和泉市父鬼財産区,"和泉市, 大阪府",,,https://www.houjin-bangou.nta.go.jp/setsumei/images/property_ward.pdf
和泉市大野財産区,"和泉市, 大阪府",,,https://www.houjin-bangou.nta.go.jp/setsumei/images/property_ward.pdf
和泉市松尾寺財産区,"和泉市, 大阪府",,,https://www.houjin-bangou.nta.go.jp/setsumei/images/property_ward.pdf
和泉市若樫財産区,"和泉市, 大阪府",,,https://www.houjin-bangou.nta.go.jp/setsumei/images/property_ward.pdf
和泉市久井財産区,"和泉市, 大阪府",,,https://www.houjin-bangou.nta.go.jp/setsumei/images/property_ward.pdf
和泉市春木川財産区,"和泉市, 大阪府",,,https://www.houjin-bangou.nta.go.jp/setsumei/images/property_ward.pdf
和泉市春木財産区,"和泉市, 大阪府",,,https://www.houjin-bangou.nta.go.jp/setsumei/images/property_ward.pdf
和泉市寺田財産区,"和泉市, 大阪府",,,https://www.houjin-bangou.nta.go.jp/setsumei/images/property_ward.pdf
和泉市箕形財産区,"和泉市, 大阪府",,,https://www.houjin-bangou.nta.go.jp/setsumei/images/property_ward.pdf
和泉市唐国財産区,"和泉市, 大阪府",,,https://www.houjin-bangou.nta.go.jp/setsumei/images/property_ward.pdf
和泉市内田財産区,"和泉市, 大阪府",,,https://www.houjin-bangou.nta.go.jp/setsumei/images/property_ward.pdf
和泉市寺門財産区,"和泉市, 大阪府",,,https://www.houjin-bangou.nta.go.jp/setsumei/images/property_ward.pdf
和泉市太財産区,"和泉市, 大阪府",,,https://www.houjin-bangou.nta.go.jp/setsumei/images/property_ward.pdf
和泉市上代財産区,"和泉市, 大阪府",,,https://www.houjin-bangou.nta.go.jp/setsumei/images/property_ward.pdf
和泉市尾井財産区,"和泉市, 大阪府",,,https://www.houjin-bangou.nta.go.jp/setsumei/images/property_ward.pdf
和泉市王子財産区,"和泉市, 大阪府",,,https://www.houjin-bangou.nta.go.jp/setsumei/images/property_ward.pdf
和泉市南王子財産区,"和泉市, 大阪府",,,https://www.houjin-bangou.nta.go.jp/setsumei/images/property_ward.pdf
和泉市阪本財産区,"和泉市, 大阪府",,,https://www.houjin-bangou.nta.go.jp/setsumei/images/property_ward.pdf
和泉市井ノ口財産区,"和泉市, 大阪府",,,https://www.houjin-bangou.nta.go.jp/setsumei/images/property_ward.pdf
和泉市東阪本財産区,"和泉市, 大阪府",,,https://www.houjin-bangou.nta.go.jp/setsumei/images/property_ward.pdf
和泉市納花財産区,"和泉市, 大阪府",,,https://www.houjin-bangou.nta.go.jp/setsumei/images/property_ward.pdf
和泉市和田財産区,"和泉市, 大阪府",,,https://www.houjin-bangou.nta.go.jp/setsumei/images/property_ward.pdf
和泉市鍛治屋財産区,"和泉市, 大阪府",,,https://www.houjin-bangou.nta.go.jp/setsumei/images/property_ward.pdf
和泉市上財産区,"和泉市, 大阪府",,,https://www.houjin-bangou.nta.go.jp/setsumei/images/property_ward.pdf
和泉市富秋財産区,"和泉市, 大阪府",,,https://www.houjin-bangou.nta.go.jp/setsumei/images/property_ward.pdf
和泉市葛の葉財産区,"和泉市, 大阪府",,,https://www.houjin-bangou.nta.go.jp/setsumei/images/property_ward.pdf
和泉市舞財産区,"和泉市, 大阪府",,,https://www.houjin-bangou.nta.go.jp/setsumei/images/property_ward.pdf
大字白島大字石丸財産区,"箕面市, 大阪府",,,https://www.houjin-bangou.nta.go.jp/setsumei/images/property_ward.pdf
大字東坊島大字西坊島財産区,"箕面市, 大阪府",,,https://www.houjin-bangou.nta.go.jp/setsumei/images/property_ward.pdf
大字東坊島大字西坊島大字芝財産区,"箕面市, 大阪府",,,https://www.houjin-bangou.nta.go.jp/setsumei/images/property_ward.pdf
大字今宮大字西宿大字芝財産区,"箕面市, 大阪府",,,https://www.houjin-bangou.nta.go.jp/setsumei/images/property_ward.pdf
大字牧落大字西小路大字平尾大字桜財産区,"箕面市, 大阪府",,,https://www.houjin-bangou.nta.go.jp/setsumei/images/property_ward.pdf
大字柏原財産区,"柏原市, 大阪府",,,https://www.houjin-bangou.nta.go.jp/setsumei/images/property_ward.pdf
大字法善寺財産区,"柏原市, 大阪府",,,https://www.houjin-bangou.nta.go.jp/setsumei/images/property_ward.pdf
大字平野財産区,"柏原市, 大阪府",,,https://www.houjin-bangou.nta.go.jp/setsumei/images/property_ward.pdf
大字大県財産区,"柏原市, 大阪府",,,https://www.houjin-bangou.nta.go.jp/setsumei/images/property_ward.pdf
大字太平寺財産区,"柏原市, 大阪府",,,https://www.houjin-bangou.nta.go.jp/setsumei/images/property_ward.pdf
大字安堂財産区,"柏原市, 大阪府",,,https://www.houjin-bangou.nta.go.jp/setsumei/images/property_ward.pdf
大字高井田財産区,"柏原市, 大阪府",,,https://www.houjin-bangou.nta.go.jp/setsumei/images/property_ward.pdf
大字青谷財産区,"柏原市, 大阪府",,,https://www.houjin-bangou.nta.go.jp/setsumei/images/property_ward.pdf
大字雁多尾畑財産区,"柏原市, 大阪府",,,https://www.houjin-bangou.nta.go.jp/setsumei/images/property_ward.pdf
大字峠財産区,"柏原市, 大阪府",,,https://www.houjin-bangou.nta.go.jp/setsumei/images/property_ward.pdf
大字国分財産区,"柏原市, 大阪府",,,https://www.houjin-bangou.nta.go.jp/setsumei/images/property_ward.pdf
大字玉手財産区,"柏原市, 大阪府",,,https://www.houjin-bangou.nta.go.jp/setsumei/images/property_ward.pdf
大字円明財産区,"柏原市, 大阪府",,,https://www.houjin-bangou.nta.go.jp/setsumei/images/property_ward.pdf
大字法善寺・平野財産区,"柏原市, 大阪府",,,https://www.houjin-bangou.nta.go.jp/setsumei/images/property_ward.pdf
大字大県・太平寺・安堂財産区,"柏原市, 大阪府",,,https://www.houjin-bangou.nta.go.jp/setsumei/images/property_ward.pdf
誉田財産区,"羽曳野市, 大阪府",,,https://www.houjin-bangou.nta.go.jp/setsumei/images/property_ward.pdf
軽里財産区,"羽曳野市, 大阪府",,,https://www.houjin-bangou.nta.go.jp/setsumei/images/property_ward.pdf
丹下財産区,"羽曳野市, 大阪府",,,https://www.houjin-bangou.nta.go.jp/setsumei/images/property_ward.pdf
西川財産区,"羽曳野市, 大阪府",,,https://www.houjin-bangou.nta.go.jp/setsumei/images/property_ward.pdf
古市財産区,"羽曳野市, 大阪府",,,https://www.houjin-bangou.nta.go.jp/setsumei/images/property_ward.pdf
東大塚財産区,"羽曳野市, 大阪府",,,https://www.houjin-bangou.nta.go.jp/setsumei/images/property_ward.pdf
南宮財産区,"羽曳野市, 大阪府",,,https://www.houjin-bangou.nta.go.jp/setsumei/images/property_ward.pdf
北宮財産区,"羽曳野市, 大阪府",,,https://www.houjin-bangou.nta.go.jp/setsumei/images/property_ward.pdf
島泉財産区,"羽曳野市, 大阪府",,,https://www.houjin-bangou.nta.go.jp/setsumei/images/property_ward.pdf
南島泉財産区,"羽曳野市, 大阪府",,,https://www.houjin-bangou.nta.go.jp/setsumei/images/property_ward.pdf
埴生野財産区,"羽曳野市, 大阪府",,,https://www.houjin-bangou.nta.go.jp/setsumei/images/property_ward.pdf
伊賀財産区,"羽曳野市, 大阪府",,,https://www.houjin-bangou.nta.go.jp/setsumei/images/property_ward.pdf
野々上財産区,"羽曳野市, 大阪府",,,https://www.houjin-bangou.nta.go.jp/setsumei/images/property_ward.pdf
向野財産区,"羽曳野市, 大阪府",,,https://www.houjin-bangou.nta.go.jp/setsumei/images/property_ward.pdf
駒ヶ谷財産区,"羽曳野市, 大阪府",,,https://www.houjin-bangou.nta.go.jp/setsumei/images/property_ward.pdf
飛鳥財産区,"羽曳野市, 大阪府",,,https://www.houjin-bangou.nta.go.jp/setsumei/images/property_ward.pdf
西浦財産区,"羽曳野市, 大阪府",,,https://www.houjin-bangou.nta.go.jp/setsumei/images/property_ward.pdf
蔵之内財産区,"羽曳野市, 大阪府",,,https://www.houjin-bangou.nta.go.jp/setsumei/images/property_ward.pdf
尺度財産区,"羽曳野市, 大阪府",,,https://www.houjin-bangou.nta.go.jp/setsumei/images/property_ward.pdf
東阪田財産区,"羽曳野市, 大阪府",,,https://www.houjin-bangou.nta.go.jp/setsumei/images/property_ward.pdf
野財産区,"羽曳野市, 大阪府",,,https://www.houjin-bangou.nta.go.jp/setsumei/images/property_ward.pdf
樫山財産区,"羽曳野市, 大阪府",,,https://www.houjin-bangou.nta.go.jp/setsumei/images/property_ward.pdf
郡戸財産区,"羽曳野市, 大阪府",,,https://www.houjin-bangou.nta.go.jp/setsumei/images/property_ward.pdf
河原城財産区,"羽曳野市, 大阪府",,,https://www.houjin-bangou.nta.go.jp/setsumei/images/property_ward.pdf
碓井財産区,"羽曳野市, 大阪府",,,https://www.houjin-bangou.nta.go.jp/setsumei/images/property_ward.pdf
大黒財産区,"羽曳野市, 大阪府",,,https://www.houjin-bangou.nta.go.jp/setsumei/images/property_ward.pdf
壷井財産区,"羽曳野市, 大阪府",,,https://www.houjin-bangou.nta.go.jp/setsumei/images/property_ward.pdf
通法寺財産区,"羽曳野市, 大阪府",,,https://www.houjin-bangou.nta.go.jp/setsumei/images/property_ward.pdf
広瀬財産区,"羽曳野市, 大阪府",,,https://www.houjin-bangou.nta.go.jp/setsumei/images/property_ward.pdf
門真市岸和田財産区,"門真市, 大阪府",,,https://www.houjin-bangou.nta.go.jp/setsumei/images/property_ward.pdf
門真市下馬伏財産区,"門真市, 大阪府",,,https://www.houjin-bangou.nta.go.jp/setsumei/images/property_ward.pdf
門真市二番財産区,"門真市, 大阪府",,,https://www.houjin-bangou.nta.go.jp/setsumei/images/property_ward.pdf
門真市桑才財産区,"門真市, 大阪府",,,https://www.houjin-bangou.nta.go.jp/setsumei/images/property_ward.pdf
太中財産区,"摂津市, 大阪府",,,https://www.houjin-bangou.nta.go.jp/setsumei/images/property_ward.pdf
味舌上財産区,"摂津市, 大阪府",,,https://www.houjin-bangou.nta.go.jp/setsumei/images/property_ward.pdf
鶴野財産区,"摂津市, 大阪府",,,https://www.houjin-bangou.nta.go.jp/setsumei/images/property_ward.pdf
乙辻財産区,"摂津市, 大阪府",,,https://www.houjin-bangou.nta.go.jp/setsumei/images/property_ward.pdf
小坪井財産区,"摂津市, 大阪府",,,https://www.houjin-bangou.nta.go.jp/setsumei/images/property_ward.pdf
富木財産区,"高石市, 大阪府",,,https://www.houjin-bangou.nta.go.jp/setsumei/images/property_ward.pdf
土生財産区,"高石市, 大阪府",,,https://www.houjin-bangou.nta.go.jp/setsumei/images/property_ward.pdf
新家財産区,"高石市, 大阪府",,,https://www.houjin-bangou.nta.go.jp/setsumei/images/property_ward.pdf
綾井財産区,"高石市, 大阪府",,,https://www.houjin-bangou.nta.go.jp/setsumei/images/property_ward.pdf
大園財産区,"高石市, 大阪府",,,https://www.houjin-bangou.nta.go.jp/setsumei/images/property_ward.pdf
北財産区,"高石市, 大阪府",,,https://www.houjin-bangou.nta.go.jp/setsumei/images/property_ward.pdf
南財産区,"高石市, 大阪府",,,https://www.houjin-bangou.nta.go.jp/setsumei/images/property_ward.pdf
今在家財産区,"高石市, 大阪府",,,https://www.houjin-bangou.nta.go.jp/setsumei/images/property_ward.pdf
新財産区,"高石市, 大阪府",,,https://www.houjin-bangou.nta.go.jp/setsumei/images/property_ward.pdf
額田財産区,"東大阪市, 大阪府",,,https://www.houjin-bangou.nta.go.jp/setsumei/images/property_ward.pdf
横小路財産区,"東大阪市, 大阪府",,,https://www.houjin-bangou.nta.go.jp/setsumei/images/property_ward.pdf
六万寺財産区,"東大阪市, 大阪府",,,https://www.houjin-bangou.nta.go.jp/setsumei/images/property_ward.pdf
河内財産区,"東大阪市, 大阪府",,,https://www.houjin-bangou.nta.go.jp/setsumei/images/property_ward.pdf
出雲井鳥居財産区,"東大阪市, 大阪府",,,https://www.houjin-bangou.nta.go.jp/setsumei/images/property_ward.pdf
石切（辻子、芝、植附）財産区,"東大阪市, 大阪府",,,https://www.houjin-bangou.nta.go.jp/setsumei/images/property_ward.pdf
日下財産区,"東大阪市, 大阪府",,,https://www.houjin-bangou.nta.go.jp/setsumei/images/property_ward.pdf
善根寺財産区,"東大阪市, 大阪府",,,https://www.houjin-bangou.nta.go.jp/setsumei/images/property_ward.pdf
樽井地区財産区,"泉南市, 大阪府",,,https://www.houjin-bangou.nta.go.jp/setsumei/images/property_ward.pdf
交野市大字倉治財産区,"交野市, 大阪府",,,https://www.houjin-bangou.nta.go.jp/setsumei/images/property_ward.pdf
交野市大字私市財産区,"交野市, 大阪府",,,https://www.houjin-bangou.nta.go.jp/setsumei/images/property_ward.pdf
交野市大字星田財産区,"交野市, 大阪府",,,https://www.houjin-bangou.nta.go.jp/setsumei/images/property_ward.pdf
交野市大字私部財産区,"交野市, 大阪府",,,https://www.houjin-bangou.nta.go.jp/setsumei/images/property_ward.pdf
交野市大字郡津財産区,"交野市, 大阪府",,,https://www.houjin-bangou.nta.go.jp/setsumei/images/property_ward.pdf
交野市大字森財産区,"交野市, 大阪府",,,https://www.houjin-bangou.nta.go.jp/setsumei/images/property_ward.pdf
交野市大字寺財産区,"交野市, 大阪府",,,https://www.houjin-bangou.nta.go.jp/setsumei/images/property_ward.pdf
池尻財産区,"大阪狭山市, 大阪府",,,https://www.houjin-bangou.nta.go.jp/setsumei/images/property_ward.pdf
半田財産区,"大阪狭山市, 大阪府",,,https://www.houjin-bangou.nta.go.jp/setsumei/images/property_ward.pdf
東野財産区,"大阪狭山市, 大阪府",,,https://www.houjin-bangou.nta.go.jp/setsumei/images/property_ward.pdf
今熊財産区,"大阪狭山市, 大阪府",,,https://www.houjin-bangou.nta.go.jp/setsumei/images/property_ward.pdf
岩室財産区,"大阪狭山市, 大阪府",,,https://www.houjin-bangou.nta.go.jp/setsumei/images/property_ward.pdf
茱萸木財産区,"大阪狭山市, 大阪府",,,https://www.houjin-bangou.nta.go.jp/setsumei/images/property_ward.pdf
阪南市東鳥取南海財産区,"阪南市, 大阪府",,,https://www.houjin-bangou.nta.go.jp/setsumei/images/property_ward.pdf
阪南市東鳥取財産区,"阪南市, 大阪府",,,https://www.houjin-bangou.nta.go.jp/setsumei/images/property_ward.pdf
阪南市南海財産区,"阪南市, 大阪府",,,https://www.houjin-bangou.nta.go.jp/setsumei/images/property_ward.pdf
大字大沢財産区,"三島郡島本町, 大阪府",,,https://www.houjin-bangou.nta.go.jp/setsumei/images/property_ward.pdf
大字尺代財産区,"三島郡島本町, 大阪府",,,https://www.houjin-bangou.nta.go.jp/setsumei/images/property_ward.pdf
大字山崎財産区,"三島郡島本町, 大阪府",,,https://www.houjin-bangou.nta.go.jp/setsumei/images/property_ward.pdf
大字東大寺財産区,"三島郡島本町, 大阪府",,,https://www.houjin-bangou.nta.go.jp/setsumei/images/property_ward.pdf
大字広瀬財産区,"三島郡島本町, 大阪府",,,https://www.houjin-bangou.nta.go.jp/setsumei/images/property_ward.pdf
大字桜井財産区,"三島郡島本町, 大阪府",,,https://www.houjin-bangou.nta.go.jp/setsumei/images/property_ward.pdf
大字高浜財産区,"三島郡島本町, 大阪府",,,https://www.houjin-bangou.nta.go.jp/setsumei/images/property_ward.pdf
能勢町地黄財産区,"豊能郡能勢町, 大阪府",,,https://www.houjin-bangou.nta.go.jp/setsumei/images/property_ward.pdf
岬町淡輪地区財産区,"泉南郡岬町, 大阪府",,,https://www.houjin-bangou.nta.go.jp/setsumei/images/property_ward.pdf
岬町深日地区財産区,"泉南郡岬町, 大阪府",,,https://www.houjin-bangou.nta.go.jp/setsumei/images/property_ward.pdf
岬町多奈川地区財産区,"泉南郡岬町, 大阪府",,,https://www.houjin-bangou.nta.go.jp/setsumei/images/property_ward.pdf
山田財産区,"南河内郡太子町, 大阪府",,,https://www.houjin-bangou.nta.go.jp/setsumei/images/property_ward.pdf
春日財産区,"南河内郡太子町, 大阪府",,,https://www.houjin-bangou.nta.go.jp/setsumei/images/property_ward.pdf
大字今宮財産区,"箕面市, 大阪府",,,https://www.houjin-bangou.nta.go.jp/setsumei/images/property_ward.pdf
大字粟生外院財産区,"箕面市, 大阪府",,,https://www.houjin-bangou.nta.go.jp/setsumei/images/property_ward.pdf
大字如意谷財産区,"箕面市, 大阪府",,,https://www.houjin-bangou.nta.go.jp/setsumei/images/property_ward.pdf
大字稲財産区,"箕面市, 大阪府",,,https://www.houjin-bangou.nta.go.jp/setsumei/images/property_ward.pdf
高月財産区,"泉北郡忠岡町, 大阪府",,,https://www.houjin-bangou.nta.go.jp/setsumei/images/property_ward.pdf
門真市上島頭・下島頭財産区,"門真市, 大阪府",,,https://www.houjin-bangou.nta.go.jp/setsumei/images/property_ward.pdf
御影財産区,"神戸市, 兵庫県",,,https://www.houjin-bangou.nta.go.jp/setsumei/images/property_ward.pdf
郡家財産区,"神戸市, 兵庫県",,,https://www.houjin-bangou.nta.go.jp/setsumei/images/property_ward.pdf
野寄財産区,"神戸市, 兵庫県",,,https://www.houjin-bangou.nta.go.jp/setsumei/images/property_ward.pdf
田中財産区（東灘区）,"神戸市, 兵庫県",,,https://www.houjin-bangou.nta.go.jp/setsumei/images/property_ward.pdf
岡本財産区,"神戸市, 兵庫県",,,https://www.houjin-bangou.nta.go.jp/setsumei/images/property_ward.pdf
田辺財産区,"神戸市, 兵庫県",,,https://www.houjin-bangou.nta.go.jp/setsumei/images/property_ward.pdf
北畑財産区,"神戸市, 兵庫県",,,https://www.houjin-bangou.nta.go.jp/setsumei/images/property_ward.pdf
小路財産区,"神戸市, 兵庫県",,,https://www.houjin-bangou.nta.go.jp/setsumei/images/property_ward.pdf
中野財産区,"神戸市, 兵庫県",,,https://www.houjin-bangou.nta.go.jp/setsumei/images/property_ward.pdf
森財産区（東灘区）,"神戸市, 兵庫県",,,https://www.houjin-bangou.nta.go.jp/setsumei/images/property_ward.pdf
青木財産区,"神戸市, 兵庫県",,,https://www.houjin-bangou.nta.go.jp/setsumei/images/property_ward.pdf
西青木財産区,"神戸市, 兵庫県",,,https://www.houjin-bangou.nta.go.jp/setsumei/images/property_ward.pdf
深江財産区,"神戸市, 兵庫県",,,https://www.houjin-bangou.nta.go.jp/setsumei/images/property_ward.pdf
東明財産区,"神戸市, 兵庫県",,,https://www.houjin-bangou.nta.go.jp/setsumei/images/property_ward.pdf
魚崎財産区,"神戸市, 兵庫県",,,https://www.houjin-bangou.nta.go.jp/setsumei/images/property_ward.pdf
八幡財産区,"神戸市, 兵庫県",,,https://www.houjin-bangou.nta.go.jp/setsumei/images/property_ward.pdf
都賀財産区,"神戸市, 兵庫県",,,https://www.houjin-bangou.nta.go.jp/setsumei/images/property_ward.pdf
篠原財産区,"神戸市, 兵庫県",,,https://www.houjin-bangou.nta.go.jp/setsumei/images/property_ward.pdf
高羽財産区,"神戸市, 兵庫県",,,https://www.houjin-bangou.nta.go.jp/setsumei/images/property_ward.pdf
徳井財産区,"神戸市, 兵庫県",,,https://www.houjin-bangou.nta.go.jp/setsumei/images/property_ward.pdf
新在家財産区,"神戸市, 兵庫県",,,https://www.houjin-bangou.nta.go.jp/setsumei/images/property_ward.pdf
大石財産区,"神戸市, 兵庫県",,,https://www.houjin-bangou.nta.go.jp/setsumei/images/property_ward.pdf
上野財産区,"神戸市, 兵庫県",,,https://www.houjin-bangou.nta.go.jp/setsumei/images/property_ward.pdf
五毛財産区,"神戸市, 兵庫県",,,https://www.houjin-bangou.nta.go.jp/setsumei/images/property_ward.pdf
岩屋財産区,"神戸市, 兵庫県",,,https://www.houjin-bangou.nta.go.jp/setsumei/images/property_ward.pdf
畑原財産区,"神戸市, 兵庫県",,,https://www.houjin-bangou.nta.go.jp/setsumei/images/property_ward.pdf
稗田財産区,"神戸市, 兵庫県",,,https://www.houjin-bangou.nta.go.jp/setsumei/images/property_ward.pdf
味泥財産区,"神戸市, 兵庫県",,,https://www.houjin-bangou.nta.go.jp/setsumei/images/property_ward.pdf
河原財産区,"神戸市, 兵庫県",,,https://www.houjin-bangou.nta.go.jp/setsumei/images/property_ward.pdf
森財産区（灘区）,"神戸市, 兵庫県",,,https://www.houjin-bangou.nta.go.jp/setsumei/images/property_ward.pdf
原田財産区,"神戸市, 兵庫県",,,https://www.houjin-bangou.nta.go.jp/setsumei/images/property_ward.pdf
鍛冶屋財産区,"神戸市, 兵庫県",,,https://www.houjin-bangou.nta.go.jp/setsumei/images/property_ward.pdf
水車新田財産区,"神戸市, 兵庫県",,,https://www.houjin-bangou.nta.go.jp/setsumei/images/property_ward.pdf
下山手通７丁目財産区,"神戸市, 兵庫県",,,https://www.houjin-bangou.nta.go.jp/setsumei/images/property_ward.pdf
山本通５丁目財産区,"神戸市, 兵庫県",,,https://www.houjin-bangou.nta.go.jp/setsumei/images/property_ward.pdf
楠町財産区,"神戸市, 兵庫県",,,https://www.houjin-bangou.nta.go.jp/setsumei/images/property_ward.pdf
奥平野財産区,"神戸市, 兵庫県",,,https://www.houjin-bangou.nta.go.jp/setsumei/images/property_ward.pdf
湊町財産区,"神戸市, 兵庫県",,,https://www.houjin-bangou.nta.go.jp/setsumei/images/property_ward.pdf
宮前財産区,"神戸市, 兵庫県",,,https://www.houjin-bangou.nta.go.jp/setsumei/images/property_ward.pdf
東柳原財産区,"神戸市, 兵庫県",,,https://www.houjin-bangou.nta.go.jp/setsumei/images/property_ward.pdf
今出在家財産区,"神戸市, 兵庫県",,,https://www.houjin-bangou.nta.go.jp/setsumei/images/property_ward.pdf
西出財産区,"神戸市, 兵庫県",,,https://www.houjin-bangou.nta.go.jp/setsumei/images/property_ward.pdf
石井財産区,"神戸市, 兵庫県",,,https://www.houjin-bangou.nta.go.jp/setsumei/images/property_ward.pdf
東出町３丁目財産区,"神戸市, 兵庫県",,,https://www.houjin-bangou.nta.go.jp/setsumei/images/property_ward.pdf
出在家財産区,"神戸市, 兵庫県",,,https://www.houjin-bangou.nta.go.jp/setsumei/images/property_ward.pdf
和田崎財産区,"神戸市, 兵庫県",,,https://www.houjin-bangou.nta.go.jp/setsumei/images/property_ward.pdf
荒田財産区,"神戸市, 兵庫県",,,https://www.houjin-bangou.nta.go.jp/setsumei/images/property_ward.pdf
船大工財産区,"神戸市, 兵庫県",,,https://www.houjin-bangou.nta.go.jp/setsumei/images/property_ward.pdf
衝原財産区,"神戸市, 兵庫県",,,https://www.houjin-bangou.nta.go.jp/setsumei/images/property_ward.pdf
小部財産区,"神戸市, 兵庫県",,,https://www.houjin-bangou.nta.go.jp/setsumei/images/property_ward.pdf
福地財産区,"神戸市, 兵庫県",,,https://www.houjin-bangou.nta.go.jp/setsumei/images/property_ward.pdf
中財産区（北区山田町）,"神戸市, 兵庫県",,,https://www.houjin-bangou.nta.go.jp/setsumei/images/property_ward.pdf
西下財産区,"神戸市, 兵庫県",,,https://www.houjin-bangou.nta.go.jp/setsumei/images/property_ward.pdf
坂本財産区,"神戸市, 兵庫県",,,https://www.houjin-bangou.nta.go.jp/setsumei/images/property_ward.pdf
小河財産区,"神戸市, 兵庫県",,,https://www.houjin-bangou.nta.go.jp/setsumei/images/property_ward.pdf
日下部財産区,"神戸市, 兵庫県",,,https://www.houjin-bangou.nta.go.jp/setsumei/images/property_ward.pdf
塩田財産区,"神戸市, 兵庫県",,,https://www.houjin-bangou.nta.go.jp/setsumei/images/property_ward.pdf
平田財産区,"神戸市, 兵庫県",,,https://www.houjin-bangou.nta.go.jp/setsumei/images/property_ward.pdf
道場川原財産区,"神戸市, 兵庫県",,,https://www.houjin-bangou.nta.go.jp/setsumei/images/property_ward.pdf
生野財産区,"神戸市, 兵庫県",,,https://www.houjin-bangou.nta.go.jp/setsumei/images/property_ward.pdf
上小名田財産区,"神戸市, 兵庫県",,,https://www.houjin-bangou.nta.go.jp/setsumei/images/property_ward.pdf
下小名田財産区,"神戸市, 兵庫県",,,https://www.houjin-bangou.nta.go.jp/setsumei/images/property_ward.pdf
吉尾財産区,"神戸市, 兵庫県",,,https://www.houjin-bangou.nta.go.jp/setsumei/images/property_ward.pdf
附物財産区,"神戸市, 兵庫県",,,https://www.houjin-bangou.nta.go.jp/setsumei/images/property_ward.pdf
中財産区（北区八多町）,"神戸市, 兵庫県",,,https://www.houjin-bangou.nta.go.jp/setsumei/images/property_ward.pdf
屏風財産区,"神戸市, 兵庫県",,,https://www.houjin-bangou.nta.go.jp/setsumei/images/property_ward.pdf
西畑財産区,"神戸市, 兵庫県",,,https://www.houjin-bangou.nta.go.jp/setsumei/images/property_ward.pdf
神付財産区,"神戸市, 兵庫県",,,https://www.houjin-bangou.nta.go.jp/setsumei/images/property_ward.pdf
上大沢財産区,"神戸市, 兵庫県",,,https://www.houjin-bangou.nta.go.jp/setsumei/images/property_ward.pdf
中大沢財産区,"神戸市, 兵庫県",,,https://www.houjin-bangou.nta.go.jp/setsumei/images/property_ward.pdf
日西原財産区,"神戸市, 兵庫県",,,https://www.houjin-bangou.nta.go.jp/setsumei/images/property_ward.pdf
簾財産区,"神戸市, 兵庫県",,,https://www.houjin-bangou.nta.go.jp/setsumei/images/property_ward.pdf
市原財産区,"神戸市, 兵庫県",,,https://www.houjin-bangou.nta.go.jp/setsumei/images/property_ward.pdf
長田財産区,"神戸市, 兵庫県",,,https://www.houjin-bangou.nta.go.jp/setsumei/images/property_ward.pdf
池田財産区（長田区）,"神戸市, 兵庫県",,,https://www.houjin-bangou.nta.go.jp/setsumei/images/property_ward.pdf
東尻池財産区,"神戸市, 兵庫県",,,https://www.houjin-bangou.nta.go.jp/setsumei/images/property_ward.pdf
西尻池財産区,"神戸市, 兵庫県",,,https://www.houjin-bangou.nta.go.jp/setsumei/images/property_ward.pdf
妙法寺財産区,"神戸市, 兵庫県",,,https://www.houjin-bangou.nta.go.jp/setsumei/images/property_ward.pdf
白川財産区,"神戸市, 兵庫県",,,https://www.houjin-bangou.nta.go.jp/setsumei/images/property_ward.pdf
車財産区,"神戸市, 兵庫県",,,https://www.houjin-bangou.nta.go.jp/setsumei/images/property_ward.pdf
多井畑財産区,"神戸市, 兵庫県",,,https://www.houjin-bangou.nta.go.jp/setsumei/images/property_ward.pdf
西須磨財産区,"神戸市, 兵庫県",,,https://www.houjin-bangou.nta.go.jp/setsumei/images/property_ward.pdf
塩屋財産区,"神戸市, 兵庫県",,,https://www.houjin-bangou.nta.go.jp/setsumei/images/property_ward.pdf
東垂水財産区,"神戸市, 兵庫県",,,https://www.houjin-bangou.nta.go.jp/setsumei/images/property_ward.pdf
西垂水財産区,"神戸市, 兵庫県",,,https://www.houjin-bangou.nta.go.jp/setsumei/images/property_ward.pdf
舞子財産区,"神戸市, 兵庫県",,,https://www.houjin-bangou.nta.go.jp/setsumei/images/property_ward.pdf
多聞財産区,"神戸市, 兵庫県",,,https://www.houjin-bangou.nta.go.jp/setsumei/images/property_ward.pdf
名谷財産区,"神戸市, 兵庫県",,,https://www.houjin-bangou.nta.go.jp/setsumei/images/property_ward.pdf
下畑財産区,"神戸市, 兵庫県",,,https://www.houjin-bangou.nta.go.jp/setsumei/images/property_ward.pdf
布施畑財産区,"神戸市, 兵庫県",,,https://www.houjin-bangou.nta.go.jp/setsumei/images/property_ward.pdf
前開財産区,"神戸市, 兵庫県",,,https://www.houjin-bangou.nta.go.jp/setsumei/images/property_ward.pdf
小寺財産区,"神戸市, 兵庫県",,,https://www.houjin-bangou.nta.go.jp/setsumei/images/property_ward.pdf
長坂財産区,"神戸市, 兵庫県",,,https://www.houjin-bangou.nta.go.jp/setsumei/images/property_ward.pdf
上脇財産区,"神戸市, 兵庫県",,,https://www.houjin-bangou.nta.go.jp/setsumei/images/property_ward.pdf
井吹財産区,"神戸市, 兵庫県",,,https://www.houjin-bangou.nta.go.jp/setsumei/images/property_ward.pdf
別府財産区,"神戸市, 兵庫県",,,https://www.houjin-bangou.nta.go.jp/setsumei/images/property_ward.pdf
有瀬財産区,"神戸市, 兵庫県",,,https://www.houjin-bangou.nta.go.jp/setsumei/images/property_ward.pdf
潤和財産区,"神戸市, 兵庫県",,,https://www.houjin-bangou.nta.go.jp/setsumei/images/property_ward.pdf
寺谷財産区,"神戸市, 兵庫県",,,https://www.houjin-bangou.nta.go.jp/setsumei/images/property_ward.pdf
友清財産区,"神戸市, 兵庫県",,,https://www.houjin-bangou.nta.go.jp/setsumei/images/property_ward.pdf
福谷財産区,"神戸市, 兵庫県",,,https://www.houjin-bangou.nta.go.jp/setsumei/images/property_ward.pdf
池谷財産区,"神戸市, 兵庫県",,,https://www.houjin-bangou.nta.go.jp/setsumei/images/property_ward.pdf
長谷財産区,"神戸市, 兵庫県",,,https://www.houjin-bangou.nta.go.jp/setsumei/images/property_ward.pdf
東栃木財産区,"神戸市, 兵庫県",,,https://www.houjin-bangou.nta.go.jp/setsumei/images/property_ward.pdf
西栃木財産区,"神戸市, 兵庫県",,,https://www.houjin-bangou.nta.go.jp/setsumei/images/property_ward.pdf
菅野財産区,"神戸市, 兵庫県",,,https://www.houjin-bangou.nta.go.jp/setsumei/images/property_ward.pdf
松本財産区,"神戸市, 兵庫県",,,https://www.houjin-bangou.nta.go.jp/setsumei/images/property_ward.pdf
谷口財産区,"神戸市, 兵庫県",,,https://www.houjin-bangou.nta.go.jp/setsumei/images/property_ward.pdf
木見財産区,"神戸市, 兵庫県",,,https://www.houjin-bangou.nta.go.jp/setsumei/images/property_ward.pdf
木津財産区,"神戸市, 兵庫県",,,https://www.houjin-bangou.nta.go.jp/setsumei/images/property_ward.pdf
木幡財産区,"神戸市, 兵庫県",,,https://www.houjin-bangou.nta.go.jp/setsumei/images/property_ward.pdf
栄財産区,"神戸市, 兵庫県",,,https://www.houjin-bangou.nta.go.jp/setsumei/images/property_ward.pdf
押部財産区,"神戸市, 兵庫県",,,https://www.houjin-bangou.nta.go.jp/setsumei/images/property_ward.pdf
福住財産区,"神戸市, 兵庫県",,,https://www.houjin-bangou.nta.go.jp/setsumei/images/property_ward.pdf
西盛財産区,"神戸市, 兵庫県",,,https://www.houjin-bangou.nta.go.jp/setsumei/images/property_ward.pdf
近江財産区,"神戸市, 兵庫県",,,https://www.houjin-bangou.nta.go.jp/setsumei/images/property_ward.pdf
細田財産区,"神戸市, 兵庫県",,,https://www.houjin-bangou.nta.go.jp/setsumei/images/property_ward.pdf
高和財産区,"神戸市, 兵庫県",,,https://www.houjin-bangou.nta.go.jp/setsumei/images/property_ward.pdf
養田財産区,"神戸市, 兵庫県",,,https://www.houjin-bangou.nta.go.jp/setsumei/images/property_ward.pdf
和田財産区,"神戸市, 兵庫県",,,https://www.houjin-bangou.nta.go.jp/setsumei/images/property_ward.pdf
居住財産区,"神戸市, 兵庫県",,,https://www.houjin-bangou.nta.go.jp/setsumei/images/property_ward.pdf
小山財産区,"神戸市, 兵庫県",,,https://www.houjin-bangou.nta.go.jp/setsumei/images/property_ward.pdf
二ツ屋財産区,"神戸市, 兵庫県",,,https://www.houjin-bangou.nta.go.jp/setsumei/images/property_ward.pdf
丸塚財産区,"神戸市, 兵庫県",,,https://www.houjin-bangou.nta.go.jp/setsumei/images/property_ward.pdf
今津財産区,"神戸市, 兵庫県",,,https://www.houjin-bangou.nta.go.jp/setsumei/images/property_ward.pdf
水谷財産区,"神戸市, 兵庫県",,,https://www.houjin-bangou.nta.go.jp/setsumei/images/property_ward.pdf
高津橋財産区,"神戸市, 兵庫県",,,https://www.houjin-bangou.nta.go.jp/setsumei/images/property_ward.pdf
吉田財産区,"神戸市, 兵庫県",,,https://www.houjin-bangou.nta.go.jp/setsumei/images/property_ward.pdf
出合財産区,"神戸市, 兵庫県",,,https://www.houjin-bangou.nta.go.jp/setsumei/images/property_ward.pdf
田中財産区（西区）,"神戸市, 兵庫県",,,https://www.houjin-bangou.nta.go.jp/setsumei/images/property_ward.pdf
西河原財産区,"神戸市, 兵庫県",,,https://www.houjin-bangou.nta.go.jp/setsumei/images/property_ward.pdf
新方財産区,"神戸市, 兵庫県",,,https://www.houjin-bangou.nta.go.jp/setsumei/images/property_ward.pdf
森友財産区,"神戸市, 兵庫県",,,https://www.houjin-bangou.nta.go.jp/setsumei/images/property_ward.pdf
上池財産区,"神戸市, 兵庫県",,,https://www.houjin-bangou.nta.go.jp/setsumei/images/property_ward.pdf
下村財産区,"神戸市, 兵庫県",,,https://www.houjin-bangou.nta.go.jp/setsumei/images/property_ward.pdf
中津財産区,"神戸市, 兵庫県",,,https://www.houjin-bangou.nta.go.jp/setsumei/images/property_ward.pdf
印路財産区（西区平野町）,"神戸市, 兵庫県",,,https://www.houjin-bangou.nta.go.jp/setsumei/images/property_ward.pdf
向井財産区,"神戸市, 兵庫県",,,https://www.houjin-bangou.nta.go.jp/setsumei/images/property_ward.pdf
福中財産区,"神戸市, 兵庫県",,,https://www.houjin-bangou.nta.go.jp/setsumei/images/property_ward.pdf
黒田財産区,"神戸市, 兵庫県",,,https://www.houjin-bangou.nta.go.jp/setsumei/images/property_ward.pdf
常本財産区,"神戸市, 兵庫県",,,https://www.houjin-bangou.nta.go.jp/setsumei/images/property_ward.pdf
東財産区,"神戸市, 兵庫県",,,https://www.houjin-bangou.nta.go.jp/setsumei/images/property_ward.pdf
田井財産区,"神戸市, 兵庫県",,,https://www.houjin-bangou.nta.go.jp/setsumei/images/property_ward.pdf
池田財産区（西区）,"神戸市, 兵庫県",,,https://www.houjin-bangou.nta.go.jp/setsumei/images/property_ward.pdf
北財産区,"神戸市, 兵庫県",,,https://www.houjin-bangou.nta.go.jp/setsumei/images/property_ward.pdf
古神財産区,"神戸市, 兵庫県",,,https://www.houjin-bangou.nta.go.jp/setsumei/images/property_ward.pdf
紫合財産区,"神戸市, 兵庫県",,,https://www.houjin-bangou.nta.go.jp/setsumei/images/property_ward.pdf
南財産区,"神戸市, 兵庫県",,,https://www.houjin-bangou.nta.go.jp/setsumei/images/property_ward.pdf
宝勢財産区,"神戸市, 兵庫県",,,https://www.houjin-bangou.nta.go.jp/setsumei/images/property_ward.pdf
広谷財産区,"神戸市, 兵庫県",,,https://www.houjin-bangou.nta.go.jp/setsumei/images/property_ward.pdf
勝成財産区,"神戸市, 兵庫県",,,https://www.houjin-bangou.nta.go.jp/setsumei/images/property_ward.pdf
五百蔵財産区,"神戸市, 兵庫県",,,https://www.houjin-bangou.nta.go.jp/setsumei/images/property_ward.pdf
印路財産区（西区岩岡町）,"神戸市, 兵庫県",,,https://www.houjin-bangou.nta.go.jp/setsumei/images/property_ward.pdf
岩岡財産区,"神戸市, 兵庫県",,,https://www.houjin-bangou.nta.go.jp/setsumei/images/property_ward.pdf
古郷財産区,"神戸市, 兵庫県",,,https://www.houjin-bangou.nta.go.jp/setsumei/images/property_ward.pdf
野中財産区,"神戸市, 兵庫県",,,https://www.houjin-bangou.nta.go.jp/setsumei/images/property_ward.pdf
西脇財産区,"神戸市, 兵庫県",,,https://www.houjin-bangou.nta.go.jp/setsumei/images/property_ward.pdf
姫路市鹿谷財産区,"姫路市, 兵庫県",,,https://www.houjin-bangou.nta.go.jp/setsumei/images/property_ward.pdf
姫路市中寺財産区,"姫路市, 兵庫県",,,https://www.houjin-bangou.nta.go.jp/setsumei/images/property_ward.pdf
姫路市香呂財産区,"姫路市, 兵庫県",,,https://www.houjin-bangou.nta.go.jp/setsumei/images/property_ward.pdf
姫路市置塩財産区,"姫路市, 兵庫県",,,https://www.houjin-bangou.nta.go.jp/setsumei/images/property_ward.pdf
飾東財産区,"姫路市, 兵庫県",,,https://www.houjin-bangou.nta.go.jp/setsumei/images/property_ward.pdf
船山財産区,"姫路市, 兵庫県",,,https://www.houjin-bangou.nta.go.jp/setsumei/images/property_ward.pdf
伊勢財産区,"姫路市, 兵庫県",,,https://www.houjin-bangou.nta.go.jp/setsumei/images/property_ward.pdf
明石市大蔵谷村財産区,"明石市, 兵庫県",,,https://www.houjin-bangou.nta.go.jp/setsumei/images/property_ward.pdf
明石市相生町外１４ケ町村財産区,"明石市, 兵庫県",,,https://www.houjin-bangou.nta.go.jp/setsumei/images/property_ward.pdf
明石市細工町財産区,"明石市, 兵庫県",,,https://www.houjin-bangou.nta.go.jp/setsumei/images/property_ward.pdf
明石市東魚町財産区,"明石市, 兵庫県",,,https://www.houjin-bangou.nta.go.jp/setsumei/images/property_ward.pdf
明石市西本町財産区,"明石市, 兵庫県",,,https://www.houjin-bangou.nta.go.jp/setsumei/images/property_ward.pdf
明石市材木町財産区,"明石市, 兵庫県",,,https://www.houjin-bangou.nta.go.jp/setsumei/images/property_ward.pdf
明石市船町財産区,"明石市, 兵庫県",,,https://www.houjin-bangou.nta.go.jp/setsumei/images/property_ward.pdf
明石市西新町財産区,"明石市, 兵庫県",,,https://www.houjin-bangou.nta.go.jp/setsumei/images/property_ward.pdf
明石市船上村財産区,"明石市, 兵庫県",,,https://www.houjin-bangou.nta.go.jp/setsumei/images/property_ward.pdf
明石市林村財産区,"明石市, 兵庫県",,,https://www.houjin-bangou.nta.go.jp/setsumei/images/property_ward.pdf
明石市松江村財産区,"明石市, 兵庫県",,,https://www.houjin-bangou.nta.go.jp/setsumei/images/property_ward.pdf
明石市和坂村財産区,"明石市, 兵庫県",,,https://www.houjin-bangou.nta.go.jp/setsumei/images/property_ward.pdf
明石市小久保村財産区,"明石市, 兵庫県",,,https://www.houjin-bangou.nta.go.jp/setsumei/images/property_ward.pdf
明石市鳥羽村財産区,"明石市, 兵庫県",,,https://www.houjin-bangou.nta.go.jp/setsumei/images/property_ward.pdf
明石市藤江村財産区,"明石市, 兵庫県",,,https://www.houjin-bangou.nta.go.jp/setsumei/images/property_ward.pdf
明石市松陰新田村財産区,"明石市, 兵庫県",,,https://www.houjin-bangou.nta.go.jp/setsumei/images/property_ward.pdf
明石市森田村財産区,"明石市, 兵庫県",,,https://www.houjin-bangou.nta.go.jp/setsumei/images/property_ward.pdf
明石市松陰村財産区,"明石市, 兵庫県",,,https://www.houjin-bangou.nta.go.jp/setsumei/images/property_ward.pdf
明石市大久保町財産区,"明石市, 兵庫県",,,https://www.houjin-bangou.nta.go.jp/setsumei/images/property_ward.pdf
明石市大窪村財産区,"明石市, 兵庫県",,,https://www.houjin-bangou.nta.go.jp/setsumei/images/property_ward.pdf
明石市西脇村財産区,"明石市, 兵庫県",,,https://www.houjin-bangou.nta.go.jp/setsumei/images/property_ward.pdf
明石市谷八木村財産区,"明石市, 兵庫県",,,https://www.houjin-bangou.nta.go.jp/setsumei/images/property_ward.pdf
明石市八木村財産区,"明石市, 兵庫県",,,https://www.houjin-bangou.nta.go.jp/setsumei/images/property_ward.pdf
明石市福田村財産区,"明石市, 兵庫県",,,https://www.houjin-bangou.nta.go.jp/setsumei/images/property_ward.pdf
明石市江井島村財産区,"明石市, 兵庫県",,,https://www.houjin-bangou.nta.go.jp/setsumei/images/property_ward.pdf
明石市西島村財産区,"明石市, 兵庫県",,,https://www.houjin-bangou.nta.go.jp/setsumei/images/property_ward.pdf
明石市金ケ崎村財産区,"明石市, 兵庫県",,,https://www.houjin-bangou.nta.go.jp/setsumei/images/property_ward.pdf
明石市長坂寺村財産区,"明石市, 兵庫県",,,https://www.houjin-bangou.nta.go.jp/setsumei/images/property_ward.pdf
明石市清水村財産区,"明石市, 兵庫県",,,https://www.houjin-bangou.nta.go.jp/setsumei/images/property_ward.pdf
明石市中尾村財産区,"明石市, 兵庫県",,,https://www.houjin-bangou.nta.go.jp/setsumei/images/property_ward.pdf
明石市西岡村財産区,"明石市, 兵庫県",,,https://www.houjin-bangou.nta.go.jp/setsumei/images/property_ward.pdf
明石市福里村財産区,"明石市, 兵庫県",,,https://www.houjin-bangou.nta.go.jp/setsumei/images/property_ward.pdf
明石市東二見村財産区,"明石市, 兵庫県",,,https://www.houjin-bangou.nta.go.jp/setsumei/images/property_ward.pdf
明石市西二見村財産区,"明石市, 兵庫県",,,https://www.houjin-bangou.nta.go.jp/setsumei/images/property_ward.pdf
越木岩財産区,"西宮市, 兵庫県",,,https://www.houjin-bangou.nta.go.jp/setsumei/images/property_ward.pdf
越水財産区,"西宮市, 兵庫県",,,https://www.houjin-bangou.nta.go.jp/setsumei/images/property_ward.pdf
広田財産区,"西宮市, 兵庫県",,,https://www.houjin-bangou.nta.go.jp/setsumei/images/property_ward.pdf
中財産区,"西宮市, 兵庫県",,,https://www.houjin-bangou.nta.go.jp/setsumei/images/property_ward.pdf
森具財産区,"西宮市, 兵庫県",,,https://www.houjin-bangou.nta.go.jp/setsumei/images/property_ward.pdf
柏堂新田財産区,"西宮市, 兵庫県",,,https://www.houjin-bangou.nta.go.jp/setsumei/images/property_ward.pdf
津門財産区,"西宮市, 兵庫県",,,https://www.houjin-bangou.nta.go.jp/setsumei/images/property_ward.pdf
鳴尾財産区,"西宮市, 兵庫県",,,https://www.houjin-bangou.nta.go.jp/setsumei/images/property_ward.pdf
小曽根財産区,"西宮市, 兵庫県",,,https://www.houjin-bangou.nta.go.jp/setsumei/images/property_ward.pdf
小松財産区,"西宮市, 兵庫県",,,https://www.houjin-bangou.nta.go.jp/setsumei/images/property_ward.pdf
上瓦林財産区,"西宮市, 兵庫県",,,https://www.houjin-bangou.nta.go.jp/setsumei/images/property_ward.pdf
下瓦林財産区,"西宮市, 兵庫県",,,https://www.houjin-bangou.nta.go.jp/setsumei/images/property_ward.pdf
瓦林財産区,"西宮市, 兵庫県",,,https://www.houjin-bangou.nta.go.jp/setsumei/images/property_ward.pdf
荒木新田財産区,"西宮市, 兵庫県",,,https://www.houjin-bangou.nta.go.jp/setsumei/images/property_ward.pdf
上新田財産区,"西宮市, 兵庫県",,,https://www.houjin-bangou.nta.go.jp/setsumei/images/property_ward.pdf
高木財産区,"西宮市, 兵庫県",,,https://www.houjin-bangou.nta.go.jp/setsumei/images/property_ward.pdf
門戸財産区,"西宮市, 兵庫県",,,https://www.houjin-bangou.nta.go.jp/setsumei/images/property_ward.pdf
上大市財産区,"西宮市, 兵庫県",,,https://www.houjin-bangou.nta.go.jp/setsumei/images/property_ward.pdf
下大市財産区,"西宮市, 兵庫県",,,https://www.houjin-bangou.nta.go.jp/setsumei/images/property_ward.pdf
神呪財産区,"西宮市, 兵庫県",,,https://www.houjin-bangou.nta.go.jp/setsumei/images/property_ward.pdf
樋ノ口新田財産区,"西宮市, 兵庫県",,,https://www.houjin-bangou.nta.go.jp/setsumei/images/property_ward.pdf
段上財産区,"西宮市, 兵庫県",,,https://www.houjin-bangou.nta.go.jp/setsumei/images/property_ward.pdf
生瀬財産区,"西宮市, 兵庫県",,,https://www.houjin-bangou.nta.go.jp/setsumei/images/property_ward.pdf
上山口財産区,"西宮市, 兵庫県",,,https://www.houjin-bangou.nta.go.jp/setsumei/images/property_ward.pdf
名来財産区,"西宮市, 兵庫県",,,https://www.houjin-bangou.nta.go.jp/setsumei/images/property_ward.pdf
名塩財産区,"西宮市, 兵庫県",,,https://www.houjin-bangou.nta.go.jp/setsumei/images/property_ward.pdf
由良財産区,"洲本市, 兵庫県",,,https://www.houjin-bangou.nta.go.jp/setsumei/images/property_ward.pdf
納、鮎屋財産区,"洲本市, 兵庫県",,,https://www.houjin-bangou.nta.go.jp/setsumei/images/property_ward.pdf
堺財産区,"洲本市, 兵庫県",,,https://www.houjin-bangou.nta.go.jp/setsumei/images/property_ward.pdf
芦屋市打出芦屋財産区,"芦屋市, 兵庫県",,,https://www.houjin-bangou.nta.go.jp/setsumei/images/property_ward.pdf
芦屋市三条津知財産区,"芦屋市, 兵庫県",,,https://www.houjin-bangou.nta.go.jp/setsumei/images/property_ward.pdf
下河原財産区,"伊丹市, 兵庫県",,,https://www.houjin-bangou.nta.go.jp/setsumei/images/property_ward.pdf
西桑津財産区,"伊丹市, 兵庫県",,,https://www.houjin-bangou.nta.go.jp/setsumei/images/property_ward.pdf
岩屋財産区,"伊丹市, 兵庫県",,,https://www.houjin-bangou.nta.go.jp/setsumei/images/property_ward.pdf
口酒井財産区,"伊丹市, 兵庫県",,,https://www.houjin-bangou.nta.go.jp/setsumei/images/property_ward.pdf
森本財産区,"伊丹市, 兵庫県",,,https://www.houjin-bangou.nta.go.jp/setsumei/images/property_ward.pdf
南野財産区,"伊丹市, 兵庫県",,,https://www.houjin-bangou.nta.go.jp/setsumei/images/property_ward.pdf
山本財産区,"伊丹市, 兵庫県",,,https://www.houjin-bangou.nta.go.jp/setsumei/images/property_ward.pdf
荻野財産区,"伊丹市, 兵庫県",,,https://www.houjin-bangou.nta.go.jp/setsumei/images/property_ward.pdf
御願塚財産区,"伊丹市, 兵庫県",,,https://www.houjin-bangou.nta.go.jp/setsumei/images/property_ward.pdf
野間財産区,"伊丹市, 兵庫県",,,https://www.houjin-bangou.nta.go.jp/setsumei/images/property_ward.pdf
寺本財産区,"伊丹市, 兵庫県",,,https://www.houjin-bangou.nta.go.jp/setsumei/images/property_ward.pdf
千僧昆陽財産区,"伊丹市, 兵庫県",,,https://www.houjin-bangou.nta.go.jp/setsumei/images/property_ward.pdf
千僧財産区,"伊丹市, 兵庫県",,,https://www.houjin-bangou.nta.go.jp/setsumei/images/property_ward.pdf
昆陽財産区,"伊丹市, 兵庫県",,,https://www.houjin-bangou.nta.go.jp/setsumei/images/property_ward.pdf
荒牧財産区,"伊丹市, 兵庫県",,,https://www.houjin-bangou.nta.go.jp/setsumei/images/property_ward.pdf
鴻池財産区,"伊丹市, 兵庫県",,,https://www.houjin-bangou.nta.go.jp/setsumei/images/property_ward.pdf
新田中野財産区,"伊丹市, 兵庫県",,,https://www.houjin-bangou.nta.go.jp/setsumei/images/property_ward.pdf
那波野財産区,"相生市, 兵庫県",,,https://www.houjin-bangou.nta.go.jp/setsumei/images/property_ward.pdf
城崎町湯島財産区,"豊岡市, 兵庫県",,,https://www.houjin-bangou.nta.go.jp/setsumei/images/property_ward.pdf
宮内財産区,"豊岡市, 兵庫県",,,https://www.houjin-bangou.nta.go.jp/setsumei/images/property_ward.pdf
袴狭財産区,"豊岡市, 兵庫県",,,https://www.houjin-bangou.nta.go.jp/setsumei/images/property_ward.pdf
口小野財産区,"豊岡市, 兵庫県",,,https://www.houjin-bangou.nta.go.jp/setsumei/images/property_ward.pdf
奥小野財産区,"豊岡市, 兵庫県",,,https://www.houjin-bangou.nta.go.jp/setsumei/images/property_ward.pdf
安良財産区,"豊岡市, 兵庫県",,,https://www.houjin-bangou.nta.go.jp/setsumei/images/property_ward.pdf
田多地財産区,"豊岡市, 兵庫県",,,https://www.houjin-bangou.nta.go.jp/setsumei/images/property_ward.pdf
高橋財産区,"豊岡市, 兵庫県",,,https://www.houjin-bangou.nta.go.jp/setsumei/images/property_ward.pdf
加古川町本町財産区,"加古川市, 兵庫県",,,https://www.houjin-bangou.nta.go.jp/setsumei/images/property_ward.pdf
大野村財産区,"加古川市, 兵庫県",,,https://www.houjin-bangou.nta.go.jp/setsumei/images/property_ward.pdf
溝之口村財産区,"加古川市, 兵庫県",,,https://www.houjin-bangou.nta.go.jp/setsumei/images/property_ward.pdf
神野村財産区,"加古川市, 兵庫県",,,https://www.houjin-bangou.nta.go.jp/setsumei/images/property_ward.pdf
石守村財産区,"加古川市, 兵庫県",,,https://www.houjin-bangou.nta.go.jp/setsumei/images/property_ward.pdf
二屋村財産区,"加古川市, 兵庫県",,,https://www.houjin-bangou.nta.go.jp/setsumei/images/property_ward.pdf
良野村財産区,"加古川市, 兵庫県",,,https://www.houjin-bangou.nta.go.jp/setsumei/images/property_ward.pdf
北野村財産区,"加古川市, 兵庫県",,,https://www.houjin-bangou.nta.go.jp/setsumei/images/property_ward.pdf
土山村財産区,"加古川市, 兵庫県",,,https://www.houjin-bangou.nta.go.jp/setsumei/images/property_ward.pdf
中野村財産区,"加古川市, 兵庫県",,,https://www.houjin-bangou.nta.go.jp/setsumei/images/property_ward.pdf
長田村財産区,"加古川市, 兵庫県",,,https://www.houjin-bangou.nta.go.jp/setsumei/images/property_ward.pdf
木村村財産区,"加古川市, 兵庫県",,,https://www.houjin-bangou.nta.go.jp/setsumei/images/property_ward.pdf
中津村財産区,"加古川市, 兵庫県",,,https://www.houjin-bangou.nta.go.jp/setsumei/images/property_ward.pdf
美乃利村財産区,"加古川市, 兵庫県",,,https://www.houjin-bangou.nta.go.jp/setsumei/images/property_ward.pdf
西之山村財産区,"加古川市, 兵庫県",,,https://www.houjin-bangou.nta.go.jp/setsumei/images/property_ward.pdf
野口村財産区,"加古川市, 兵庫県",,,https://www.houjin-bangou.nta.go.jp/setsumei/images/property_ward.pdf
坂井村財産区,"加古川市, 兵庫県",,,https://www.houjin-bangou.nta.go.jp/setsumei/images/property_ward.pdf
坂元村財産区,"加古川市, 兵庫県",,,https://www.houjin-bangou.nta.go.jp/setsumei/images/property_ward.pdf
上原村財産区,"加古川市, 兵庫県",,,https://www.houjin-bangou.nta.go.jp/setsumei/images/property_ward.pdf
見土呂村財産区,"加古川市, 兵庫県",,,https://www.houjin-bangou.nta.go.jp/setsumei/images/property_ward.pdf
国包村財産区,"加古川市, 兵庫県",,,https://www.houjin-bangou.nta.go.jp/setsumei/images/property_ward.pdf
小野村財産区,"加古川市, 兵庫県",,,https://www.houjin-bangou.nta.go.jp/setsumei/images/property_ward.pdf
升田村財産区,"加古川市, 兵庫県",,,https://www.houjin-bangou.nta.go.jp/setsumei/images/property_ward.pdf
西井ノ口村財産区,"加古川市, 兵庫県",,,https://www.houjin-bangou.nta.go.jp/setsumei/images/property_ward.pdf
大国村財産区,"加古川市, 兵庫県",,,https://www.houjin-bangou.nta.go.jp/setsumei/images/property_ward.pdf
宮前村財産区,"加古川市, 兵庫県",,,https://www.houjin-bangou.nta.go.jp/setsumei/images/property_ward.pdf
粟津村財産区,"加古川市, 兵庫県",,,https://www.houjin-bangou.nta.go.jp/setsumei/images/property_ward.pdf
南備後村財産区,"加古川市, 兵庫県",,,https://www.houjin-bangou.nta.go.jp/setsumei/images/property_ward.pdf
永室村財産区,"加古川市, 兵庫県",,,https://www.houjin-bangou.nta.go.jp/setsumei/images/property_ward.pdf
志方町財産区,"加古川市, 兵庫県",,,https://www.houjin-bangou.nta.go.jp/setsumei/images/property_ward.pdf
西中村財産区,"加古川市, 兵庫県",,,https://www.houjin-bangou.nta.go.jp/setsumei/images/property_ward.pdf
岡村財産区,"加古川市, 兵庫県",,,https://www.houjin-bangou.nta.go.jp/setsumei/images/property_ward.pdf
行常村財産区,"加古川市, 兵庫県",,,https://www.houjin-bangou.nta.go.jp/setsumei/images/property_ward.pdf
東中村財産区,"加古川市, 兵庫県",,,https://www.houjin-bangou.nta.go.jp/setsumei/images/property_ward.pdf
原村財産区,"加古川市, 兵庫県",,,https://www.houjin-bangou.nta.go.jp/setsumei/images/property_ward.pdf
横大路村財産区,"加古川市, 兵庫県",,,https://www.houjin-bangou.nta.go.jp/setsumei/images/property_ward.pdf
新在家村財産区,"加古川市, 兵庫県",,,https://www.houjin-bangou.nta.go.jp/setsumei/images/property_ward.pdf
山之上村財産区,"加古川市, 兵庫県",,,https://www.houjin-bangou.nta.go.jp/setsumei/images/property_ward.pdf
八反田村財産区,"加古川市, 兵庫県",,,https://www.houjin-bangou.nta.go.jp/setsumei/images/property_ward.pdf
養田村財産区,"加古川市, 兵庫県",,,https://www.houjin-bangou.nta.go.jp/setsumei/images/property_ward.pdf
稲屋村財産区,"加古川市, 兵庫県",,,https://www.houjin-bangou.nta.go.jp/setsumei/images/property_ward.pdf
河原村財産区,"加古川市, 兵庫県",,,https://www.houjin-bangou.nta.go.jp/setsumei/images/property_ward.pdf
西条村財産区,"加古川市, 兵庫県",,,https://www.houjin-bangou.nta.go.jp/setsumei/images/property_ward.pdf
福留村財産区,"加古川市, 兵庫県",,,https://www.houjin-bangou.nta.go.jp/setsumei/images/property_ward.pdf
古大内村財産区,"加古川市, 兵庫県",,,https://www.houjin-bangou.nta.go.jp/setsumei/images/property_ward.pdf
長砂村財産区,"加古川市, 兵庫県",,,https://www.houjin-bangou.nta.go.jp/setsumei/images/property_ward.pdf
水足村財産区,"加古川市, 兵庫県",,,https://www.houjin-bangou.nta.go.jp/setsumei/images/property_ward.pdf
高畑村財産区（平岡町）,"加古川市, 兵庫県",,,https://www.houjin-bangou.nta.go.jp/setsumei/images/property_ward.pdf
二俣村財産区,"加古川市, 兵庫県",,,https://www.houjin-bangou.nta.go.jp/setsumei/images/property_ward.pdf
一色村財産区,"加古川市, 兵庫県",,,https://www.houjin-bangou.nta.go.jp/setsumei/images/property_ward.pdf
池田村財産区,"加古川市, 兵庫県",,,https://www.houjin-bangou.nta.go.jp/setsumei/images/property_ward.pdf
口里村財産区,"加古川市, 兵庫県",,,https://www.houjin-bangou.nta.go.jp/setsumei/images/property_ward.pdf
別府村財産区,"加古川市, 兵庫県",,,https://www.houjin-bangou.nta.go.jp/setsumei/images/property_ward.pdf
野村村財産区,"加古川市, 兵庫県",,,https://www.houjin-bangou.nta.go.jp/setsumei/images/property_ward.pdf
船頭村財産区,"加古川市, 兵庫県",,,https://www.houjin-bangou.nta.go.jp/setsumei/images/property_ward.pdf
新野辺村財産区,"加古川市, 兵庫県",,,https://www.houjin-bangou.nta.go.jp/setsumei/images/property_ward.pdf
下村村財産区,"加古川市, 兵庫県",,,https://www.houjin-bangou.nta.go.jp/setsumei/images/property_ward.pdf
船町村財産区,"加古川市, 兵庫県",,,https://www.houjin-bangou.nta.go.jp/setsumei/images/property_ward.pdf
山角村財産区,"加古川市, 兵庫県",,,https://www.houjin-bangou.nta.go.jp/setsumei/images/property_ward.pdf
池尻村財産区,"加古川市, 兵庫県",,,https://www.houjin-bangou.nta.go.jp/setsumei/images/property_ward.pdf
一本松村財産区,"加古川市, 兵庫県",,,https://www.houjin-bangou.nta.go.jp/setsumei/images/property_ward.pdf
中山村財産区,"加古川市, 兵庫県",,,https://www.houjin-bangou.nta.go.jp/setsumei/images/property_ward.pdf
北在家村財産区,"加古川市, 兵庫県",,,https://www.houjin-bangou.nta.go.jp/setsumei/images/property_ward.pdf
平野村財産区,"加古川市, 兵庫県",,,https://www.houjin-bangou.nta.go.jp/setsumei/images/property_ward.pdf
西飯坂村財産区,"加古川市, 兵庫県",,,https://www.houjin-bangou.nta.go.jp/setsumei/images/property_ward.pdf
上冨木村財産区,"加古川市, 兵庫県",,,https://www.houjin-bangou.nta.go.jp/setsumei/images/property_ward.pdf
高畑村財産区（志方町）,"加古川市, 兵庫県",,,https://www.houjin-bangou.nta.go.jp/setsumei/images/property_ward.pdf
細工所村財産区,"加古川市, 兵庫県",,,https://www.houjin-bangou.nta.go.jp/setsumei/images/property_ward.pdf
畑村財産区,"加古川市, 兵庫県",,,https://www.houjin-bangou.nta.go.jp/setsumei/images/property_ward.pdf
大宗村財産区,"加古川市, 兵庫県",,,https://www.houjin-bangou.nta.go.jp/setsumei/images/property_ward.pdf
成井村財産区,"加古川市, 兵庫県",,,https://www.houjin-bangou.nta.go.jp/setsumei/images/property_ward.pdf
上西条村財産区,"加古川市, 兵庫県",,,https://www.houjin-bangou.nta.go.jp/setsumei/images/property_ward.pdf
養老村財産区,"加古川市, 兵庫県",,,https://www.houjin-bangou.nta.go.jp/setsumei/images/property_ward.pdf
西山村財産区（平荘町）,"加古川市, 兵庫県",,,https://www.houjin-bangou.nta.go.jp/setsumei/images/property_ward.pdf
神木村財産区,"加古川市, 兵庫県",,,https://www.houjin-bangou.nta.go.jp/setsumei/images/property_ward.pdf
磐村財産区,"加古川市, 兵庫県",,,https://www.houjin-bangou.nta.go.jp/setsumei/images/property_ward.pdf
井ノ口村財産区,"加古川市, 兵庫県",,,https://www.houjin-bangou.nta.go.jp/setsumei/images/property_ward.pdf
薬栗村財産区,"加古川市, 兵庫県",,,https://www.houjin-bangou.nta.go.jp/setsumei/images/property_ward.pdf
天下原村財産区,"加古川市, 兵庫県",,,https://www.houjin-bangou.nta.go.jp/setsumei/images/property_ward.pdf
砂部村財産区,"加古川市, 兵庫県",,,https://www.houjin-bangou.nta.go.jp/setsumei/images/property_ward.pdf
岸村財産区,"加古川市, 兵庫県",,,https://www.houjin-bangou.nta.go.jp/setsumei/images/property_ward.pdf
中西村財産区,"加古川市, 兵庫県",,,https://www.houjin-bangou.nta.go.jp/setsumei/images/property_ward.pdf
平津村財産区,"加古川市, 兵庫県",,,https://www.houjin-bangou.nta.go.jp/setsumei/images/property_ward.pdf
今福村財産区,"加古川市, 兵庫県",,,https://www.houjin-bangou.nta.go.jp/setsumei/images/property_ward.pdf
西脇村財産区,"加古川市, 兵庫県",,,https://www.houjin-bangou.nta.go.jp/setsumei/images/property_ward.pdf
宗佐村財産区,"加古川市, 兵庫県",,,https://www.houjin-bangou.nta.go.jp/setsumei/images/property_ward.pdf
中西条村財産区,"加古川市, 兵庫県",,,https://www.houjin-bangou.nta.go.jp/setsumei/images/property_ward.pdf
里村財産区,"加古川市, 兵庫県",,,https://www.houjin-bangou.nta.go.jp/setsumei/images/property_ward.pdf
小畑村財産区,"加古川市, 兵庫県",,,https://www.houjin-bangou.nta.go.jp/setsumei/images/property_ward.pdf
白沢村財産区,"加古川市, 兵庫県",,,https://www.houjin-bangou.nta.go.jp/setsumei/images/property_ward.pdf
都染村財産区,"加古川市, 兵庫県",,,https://www.houjin-bangou.nta.go.jp/setsumei/images/property_ward.pdf
神吉村財産区,"加古川市, 兵庫県",,,https://www.houjin-bangou.nta.go.jp/setsumei/images/property_ward.pdf
出河原村財産区,"加古川市, 兵庫県",,,https://www.houjin-bangou.nta.go.jp/setsumei/images/property_ward.pdf
辻村財産区,"加古川市, 兵庫県",,,https://www.houjin-bangou.nta.go.jp/setsumei/images/property_ward.pdf
西村村財産区,"加古川市, 兵庫県",,,https://www.houjin-bangou.nta.go.jp/setsumei/images/property_ward.pdf
𣇄村財産区,"加古川市, 兵庫県",,,https://www.houjin-bangou.nta.go.jp/setsumei/images/property_ward.pdf
友沢村財産区,"加古川市, 兵庫県",,,https://www.houjin-bangou.nta.go.jp/setsumei/images/property_ward.pdf
備後村財産区,"加古川市, 兵庫県",,,https://www.houjin-bangou.nta.go.jp/setsumei/images/property_ward.pdf
西牧村財産区,"加古川市, 兵庫県",,,https://www.houjin-bangou.nta.go.jp/setsumei/images/property_ward.pdf
野尻村財産区,"加古川市, 兵庫県",,,https://www.houjin-bangou.nta.go.jp/setsumei/images/property_ward.pdf
投松村財産区,"加古川市, 兵庫県",,,https://www.houjin-bangou.nta.go.jp/setsumei/images/property_ward.pdf
広尾村財産区,"加古川市, 兵庫県",,,https://www.houjin-bangou.nta.go.jp/setsumei/images/property_ward.pdf
大沢村財産区,"加古川市, 兵庫県",,,https://www.houjin-bangou.nta.go.jp/setsumei/images/property_ward.pdf
東飯坂村財産区,"加古川市, 兵庫県",,,https://www.houjin-bangou.nta.go.jp/setsumei/images/property_ward.pdf
山中村財産区,"加古川市, 兵庫県",,,https://www.houjin-bangou.nta.go.jp/setsumei/images/property_ward.pdf
西山村財産区（志方町）,"加古川市, 兵庫県",,,https://www.houjin-bangou.nta.go.jp/setsumei/images/property_ward.pdf
山本財産区,"宝塚市, 兵庫県",,,https://www.houjin-bangou.nta.go.jp/setsumei/images/property_ward.pdf
小浜財産区,"宝塚市, 兵庫県",,,https://www.houjin-bangou.nta.go.jp/setsumei/images/property_ward.pdf
中山寺財産区,"宝塚市, 兵庫県",,,https://www.houjin-bangou.nta.go.jp/setsumei/images/property_ward.pdf
米谷財産区,"宝塚市, 兵庫県",,,https://www.houjin-bangou.nta.go.jp/setsumei/images/property_ward.pdf
平井財産区,"宝塚市, 兵庫県",,,https://www.houjin-bangou.nta.go.jp/setsumei/images/property_ward.pdf
中筋財産区,"宝塚市, 兵庫県",,,https://www.houjin-bangou.nta.go.jp/setsumei/images/property_ward.pdf
川面財産区,"宝塚市, 兵庫県",,,https://www.houjin-bangou.nta.go.jp/setsumei/images/property_ward.pdf
鹿塩財産区,"宝塚市, 兵庫県",,,https://www.houjin-bangou.nta.go.jp/setsumei/images/property_ward.pdf
鹿塩・東蔵人財産区,"宝塚市, 兵庫県",,,https://www.houjin-bangou.nta.go.jp/setsumei/images/property_ward.pdf
安倉財産区,"宝塚市, 兵庫県",,,https://www.houjin-bangou.nta.go.jp/setsumei/images/property_ward.pdf
小林財産区,"宝塚市, 兵庫県",,,https://www.houjin-bangou.nta.go.jp/setsumei/images/property_ward.pdf
大塚町財産区,"三木市, 兵庫県",,,https://www.houjin-bangou.nta.go.jp/setsumei/images/property_ward.pdf
府内町財産区,"三木市, 兵庫県",,,https://www.houjin-bangou.nta.go.jp/setsumei/images/property_ward.pdf
福井町財産区,"三木市, 兵庫県",,,https://www.houjin-bangou.nta.go.jp/setsumei/images/property_ward.pdf
大塚町・宿原村財産区,"三木市, 兵庫県",,,https://www.houjin-bangou.nta.go.jp/setsumei/images/property_ward.pdf
宿原村財産区,"三木市, 兵庫県",,,https://www.houjin-bangou.nta.go.jp/setsumei/images/property_ward.pdf
平井村財産区,"三木市, 兵庫県",,,https://www.houjin-bangou.nta.go.jp/setsumei/images/property_ward.pdf
与呂木村財産区,"三木市, 兵庫県",,,https://www.houjin-bangou.nta.go.jp/setsumei/images/property_ward.pdf
長屋村財産区,"三木市, 兵庫県",,,https://www.houjin-bangou.nta.go.jp/setsumei/images/property_ward.pdf
久留美村財産区,"三木市, 兵庫県",,,https://www.houjin-bangou.nta.go.jp/setsumei/images/property_ward.pdf
跡部村財産区,"三木市, 兵庫県",,,https://www.houjin-bangou.nta.go.jp/setsumei/images/property_ward.pdf
加佐村財産区,"三木市, 兵庫県",,,https://www.houjin-bangou.nta.go.jp/setsumei/images/property_ward.pdf
平田村財産区,"三木市, 兵庫県",,,https://www.houjin-bangou.nta.go.jp/setsumei/images/property_ward.pdf
大村村財産区,"三木市, 兵庫県",,,https://www.houjin-bangou.nta.go.jp/setsumei/images/property_ward.pdf
鳥町村財産区,"三木市, 兵庫県",,,https://www.houjin-bangou.nta.go.jp/setsumei/images/property_ward.pdf
加佐村・跡部村・平田村財産区,"三木市, 兵庫県",,,https://www.houjin-bangou.nta.go.jp/setsumei/images/property_ward.pdf
久留美村・西村財産区,"三木市, 兵庫県",,,https://www.houjin-bangou.nta.go.jp/setsumei/images/property_ward.pdf
与呂木村・平井村財産区,"三木市, 兵庫県",,,https://www.houjin-bangou.nta.go.jp/setsumei/images/property_ward.pdf
大村村・平田村財産区,"三木市, 兵庫県",,,https://www.houjin-bangou.nta.go.jp/setsumei/images/property_ward.pdf
高木村財産区,"三木市, 兵庫県",,,https://www.houjin-bangou.nta.go.jp/setsumei/images/property_ward.pdf
東這田村財産区,"三木市, 兵庫県",,,https://www.houjin-bangou.nta.go.jp/setsumei/images/property_ward.pdf
西這田村財産区,"三木市, 兵庫県",,,https://www.houjin-bangou.nta.go.jp/setsumei/images/property_ward.pdf
花尻村財産区,"三木市, 兵庫県",,,https://www.houjin-bangou.nta.go.jp/setsumei/images/property_ward.pdf
石野村財産区,"三木市, 兵庫県",,,https://www.houjin-bangou.nta.go.jp/setsumei/images/property_ward.pdf
下石野村財産区,"三木市, 兵庫県",,,https://www.houjin-bangou.nta.go.jp/setsumei/images/property_ward.pdf
和田村財産区,"三木市, 兵庫県",,,https://www.houjin-bangou.nta.go.jp/setsumei/images/property_ward.pdf
正法寺村財産区,"三木市, 兵庫県",,,https://www.houjin-bangou.nta.go.jp/setsumei/images/property_ward.pdf
興治新田財産区,"三木市, 兵庫県",,,https://www.houjin-bangou.nta.go.jp/setsumei/images/property_ward.pdf
小林新田財産区,"三木市, 兵庫県",,,https://www.houjin-bangou.nta.go.jp/setsumei/images/property_ward.pdf
高木村・福井町財産区,"三木市, 兵庫県",,,https://www.houjin-bangou.nta.go.jp/setsumei/images/property_ward.pdf
西這田村・花尻村財産区,"三木市, 兵庫県",,,https://www.houjin-bangou.nta.go.jp/setsumei/images/property_ward.pdf
戸田村財産区,"三木市, 兵庫県",,,https://www.houjin-bangou.nta.go.jp/setsumei/images/property_ward.pdf
三津田村財産区,"三木市, 兵庫県",,,https://www.houjin-bangou.nta.go.jp/setsumei/images/property_ward.pdf
大谷村財産区,"三木市, 兵庫県",,,https://www.houjin-bangou.nta.go.jp/setsumei/images/property_ward.pdf
井上村財産区,"三木市, 兵庫県",,,https://www.houjin-bangou.nta.go.jp/setsumei/images/property_ward.pdf
窟屋村財産区,"三木市, 兵庫県",,,https://www.houjin-bangou.nta.go.jp/setsumei/images/property_ward.pdf
細目村財産区,"三木市, 兵庫県",,,https://www.houjin-bangou.nta.go.jp/setsumei/images/property_ward.pdf
高男寺村財産区,"三木市, 兵庫県",,,https://www.houjin-bangou.nta.go.jp/setsumei/images/property_ward.pdf
四合谷村財産区,"三木市, 兵庫県",,,https://www.houjin-bangou.nta.go.jp/setsumei/images/property_ward.pdf
志染中村財産区,"三木市, 兵庫県",,,https://www.houjin-bangou.nta.go.jp/setsumei/images/property_ward.pdf
安福田村財産区,"三木市, 兵庫県",,,https://www.houjin-bangou.nta.go.jp/setsumei/images/property_ward.pdf
吉田村財産区,"三木市, 兵庫県",,,https://www.houjin-bangou.nta.go.jp/setsumei/images/property_ward.pdf
瑞穂村財産区,"三木市, 兵庫県",,,https://www.houjin-bangou.nta.go.jp/setsumei/images/property_ward.pdf
中里村財産区,"三木市, 兵庫県",,,https://www.houjin-bangou.nta.go.jp/setsumei/images/property_ward.pdf
垂穂村財産区,"三木市, 兵庫県",,,https://www.houjin-bangou.nta.go.jp/setsumei/images/property_ward.pdf
増田村財産区,"三木市, 兵庫県",,,https://www.houjin-bangou.nta.go.jp/setsumei/images/property_ward.pdf
高篠村財産区,"三木市, 兵庫県",,,https://www.houjin-bangou.nta.go.jp/setsumei/images/property_ward.pdf
桃津村財産区,"三木市, 兵庫県",,,https://www.houjin-bangou.nta.go.jp/setsumei/images/property_ward.pdf
金屋村財産区,"三木市, 兵庫県",,,https://www.houjin-bangou.nta.go.jp/setsumei/images/property_ward.pdf
細川中村財産区,"三木市, 兵庫県",,,https://www.houjin-bangou.nta.go.jp/setsumei/images/property_ward.pdf
西村財産区,"三木市, 兵庫県",,,https://www.houjin-bangou.nta.go.jp/setsumei/images/property_ward.pdf
脇川村財産区,"三木市, 兵庫県",,,https://www.houjin-bangou.nta.go.jp/setsumei/images/property_ward.pdf
高畑村財産区,"三木市, 兵庫県",,,https://www.houjin-bangou.nta.go.jp/setsumei/images/property_ward.pdf
豊地村財産区,"三木市, 兵庫県",,,https://www.houjin-bangou.nta.go.jp/setsumei/images/property_ward.pdf
中里村・垂穂村財産区,"三木市, 兵庫県",,,https://www.houjin-bangou.nta.go.jp/setsumei/images/property_ward.pdf
高篠村・金屋村・桃津村財産区,"三木市, 兵庫県",,,https://www.houjin-bangou.nta.go.jp/setsumei/images/property_ward.pdf
高篠村・桃津村財産区,"三木市, 兵庫県",,,https://www.houjin-bangou.nta.go.jp/setsumei/images/property_ward.pdf
脇川村ほか４か村財産区,"三木市, 兵庫県",,,https://www.houjin-bangou.nta.go.jp/setsumei/images/property_ward.pdf
脇川村ほか３か村財産区,"三木市, 兵庫県",,,https://www.houjin-bangou.nta.go.jp/setsumei/images/property_ward.pdf
久次村財産区,"三木市, 兵庫県",,,https://www.houjin-bangou.nta.go.jp/setsumei/images/property_ward.pdf
里脇村財産区,"三木市, 兵庫県",,,https://www.houjin-bangou.nta.go.jp/setsumei/images/property_ward.pdf
槙村財産区,"三木市, 兵庫県",,,https://www.houjin-bangou.nta.go.jp/setsumei/images/property_ward.pdf
大島村財産区,"三木市, 兵庫県",,,https://www.houjin-bangou.nta.go.jp/setsumei/images/property_ward.pdf
善祥寺村財産区,"三木市, 兵庫県",,,https://www.houjin-bangou.nta.go.jp/setsumei/images/property_ward.pdf
笹原村財産区,"三木市, 兵庫県",,,https://www.houjin-bangou.nta.go.jp/setsumei/images/property_ward.pdf
殿畑村財産区,"三木市, 兵庫県",,,https://www.houjin-bangou.nta.go.jp/setsumei/images/property_ward.pdf
南畑村財産区,"三木市, 兵庫県",,,https://www.houjin-bangou.nta.go.jp/setsumei/images/property_ward.pdf
桾原村財産区,"三木市, 兵庫県",,,https://www.houjin-bangou.nta.go.jp/setsumei/images/property_ward.pdf
保木村財産区,"三木市, 兵庫県",,,https://www.houjin-bangou.nta.go.jp/setsumei/images/property_ward.pdf
馬場村財産区,"三木市, 兵庫県",,,https://www.houjin-bangou.nta.go.jp/setsumei/images/property_ward.pdf
蓮花寺村財産区,"三木市, 兵庫県",,,https://www.houjin-bangou.nta.go.jp/setsumei/images/property_ward.pdf
東村財産区,"三木市, 兵庫県",,,https://www.houjin-bangou.nta.go.jp/setsumei/images/property_ward.pdf
東中村財産区,"三木市, 兵庫県",,,https://www.houjin-bangou.nta.go.jp/setsumei/images/property_ward.pdf
西中村財産区,"三木市, 兵庫県",,,https://www.houjin-bangou.nta.go.jp/setsumei/images/property_ward.pdf
桃坂村財産区,"三木市, 兵庫県",,,https://www.houjin-bangou.nta.go.jp/setsumei/images/property_ward.pdf
久次村・里脇村・槙村財産区,"三木市, 兵庫県",,,https://www.houjin-bangou.nta.go.jp/setsumei/images/property_ward.pdf
久次村ほか３か村財産区,"三木市, 兵庫県",,,https://www.houjin-bangou.nta.go.jp/setsumei/images/property_ward.pdf
吉祥寺村・槙村財産区,"三木市, 兵庫県",,,https://www.houjin-bangou.nta.go.jp/setsumei/images/property_ward.pdf
大島村・南畑村財産区,"三木市, 兵庫県",,,https://www.houjin-bangou.nta.go.jp/setsumei/images/property_ward.pdf
大島村・笹原村財産区,"三木市, 兵庫県",,,https://www.houjin-bangou.nta.go.jp/setsumei/images/property_ward.pdf
殿畑村・南畑村財産区,"三木市, 兵庫県",,,https://www.houjin-bangou.nta.go.jp/setsumei/images/property_ward.pdf
桾原村・殿畑村財産区,"三木市, 兵庫県",,,https://www.houjin-bangou.nta.go.jp/setsumei/images/property_ward.pdf
蓮花寺村・西中村財産区,"三木市, 兵庫県",,,https://www.houjin-bangou.nta.go.jp/setsumei/images/property_ward.pdf
蓮花寺村・馬場村財産区,"三木市, 兵庫県",,,https://www.houjin-bangou.nta.go.jp/setsumei/images/property_ward.pdf
桃坂村・西中村財産区,"三木市, 兵庫県",,,https://www.houjin-bangou.nta.go.jp/setsumei/images/property_ward.pdf
東中村・西中村財産区,"三木市, 兵庫県",,,https://www.houjin-bangou.nta.go.jp/setsumei/images/property_ward.pdf
大島村・笹原村・善祥寺村財産区,"三木市, 兵庫県",,,https://www.houjin-bangou.nta.go.jp/setsumei/images/property_ward.pdf
大島村・善祥寺村財産区,"三木市, 兵庫県",,,https://www.houjin-bangou.nta.go.jp/setsumei/images/property_ward.pdf
三田市三輪財産区,"三田市, 兵庫県",,,https://www.houjin-bangou.nta.go.jp/setsumei/images/property_ward.pdf
篠山町畑財産区,"丹波篠山市, 兵庫県",,,https://www.houjin-bangou.nta.go.jp/setsumei/images/property_ward.pdf
南あわじ市広田財産区,"南あわじ市, 兵庫県",,,https://www.houjin-bangou.nta.go.jp/setsumei/images/property_ward.pdf
南あわじ市福良財産区,"南あわじ市, 兵庫県",,,https://www.houjin-bangou.nta.go.jp/setsumei/images/property_ward.pdf
南あわじ市北阿万財産区,"南あわじ市, 兵庫県",,,https://www.houjin-bangou.nta.go.jp/setsumei/images/property_ward.pdf
南あわじ市阿万財産区,"南あわじ市, 兵庫県",,,https://www.houjin-bangou.nta.go.jp/setsumei/images/property_ward.pdf
南あわじ市沼島財産区,"南あわじ市, 兵庫県",,,https://www.houjin-bangou.nta.go.jp/setsumei/images/property_ward.pdf
生野財産区,"朝来市, 兵庫県",,,https://www.houjin-bangou.nta.go.jp/setsumei/images/property_ward.pdf
糸井財産区,"朝来市, 兵庫県",,,https://www.houjin-bangou.nta.go.jp/setsumei/images/property_ward.pdf
大蔵財産区,"朝来市, 兵庫県",,,https://www.houjin-bangou.nta.go.jp/setsumei/images/property_ward.pdf
東河財産区,"朝来市, 兵庫県",,,https://www.houjin-bangou.nta.go.jp/setsumei/images/property_ward.pdf
中川財産区,"朝来市, 兵庫県",,,https://www.houjin-bangou.nta.go.jp/setsumei/images/property_ward.pdf
法道寺財産区,"朝来市, 兵庫県",,,https://www.houjin-bangou.nta.go.jp/setsumei/images/property_ward.pdf
土田、平野、東谷財産区,"朝来市, 兵庫県",,,https://www.houjin-bangou.nta.go.jp/setsumei/images/property_ward.pdf
竹田財産区,"朝来市, 兵庫県",,,https://www.houjin-bangou.nta.go.jp/setsumei/images/property_ward.pdf
岡、芳賀野財産区,"朝来市, 兵庫県",,,https://www.houjin-bangou.nta.go.jp/setsumei/images/property_ward.pdf
枚田財産区,"朝来市, 兵庫県",,,https://www.houjin-bangou.nta.go.jp/setsumei/images/property_ward.pdf
高田財産区,"朝来市, 兵庫県",,,https://www.houjin-bangou.nta.go.jp/setsumei/images/property_ward.pdf
宮田財産区,"朝来市, 兵庫県",,,https://www.houjin-bangou.nta.go.jp/setsumei/images/property_ward.pdf
和田山財産区,"朝来市, 兵庫県",,,https://www.houjin-bangou.nta.go.jp/setsumei/images/property_ward.pdf
寺谷財産区,"朝来市, 兵庫県",,,https://www.houjin-bangou.nta.go.jp/setsumei/images/property_ward.pdf
法興寺財産区,"朝来市, 兵庫県",,,https://www.houjin-bangou.nta.go.jp/setsumei/images/property_ward.pdf
市御堂、比治財産区,"朝来市, 兵庫県",,,https://www.houjin-bangou.nta.go.jp/setsumei/images/property_ward.pdf
桑原財産区,"朝来市, 兵庫県",,,https://www.houjin-bangou.nta.go.jp/setsumei/images/property_ward.pdf
玉置財産区,"朝来市, 兵庫県",,,https://www.houjin-bangou.nta.go.jp/setsumei/images/property_ward.pdf
本荘村財産区,"加古郡播磨町, 兵庫県",,,https://www.houjin-bangou.nta.go.jp/setsumei/images/property_ward.pdf
古宮村財産区,"加古郡播磨町, 兵庫県",,,https://www.houjin-bangou.nta.go.jp/setsumei/images/property_ward.pdf
二子村財産区,"加古郡播磨町, 兵庫県",,,https://www.houjin-bangou.nta.go.jp/setsumei/images/property_ward.pdf
野添村財産区,"加古郡播磨町, 兵庫県",,,https://www.houjin-bangou.nta.go.jp/setsumei/images/property_ward.pdf
大中村財産区,"加古郡播磨町, 兵庫県",,,https://www.houjin-bangou.nta.go.jp/setsumei/images/property_ward.pdf
古田村財産区,"加古郡播磨町, 兵庫県",,,https://www.houjin-bangou.nta.go.jp/setsumei/images/property_ward.pdf
宮西村財産区,"加古郡播磨町, 兵庫県",,,https://www.houjin-bangou.nta.go.jp/setsumei/images/property_ward.pdf
市川町川辺財産区,"神崎郡市川町, 兵庫県",,,https://www.houjin-bangou.nta.go.jp/setsumei/images/property_ward.pdf
市川町瀬加財産区,"神崎郡市川町, 兵庫県",,,https://www.houjin-bangou.nta.go.jp/setsumei/images/property_ward.pdf
市川町甘地財産区,"神崎郡市川町, 兵庫県",,,https://www.houjin-bangou.nta.go.jp/setsumei/images/property_ward.pdf
市川町鶴居財産区,"神崎郡市川町, 兵庫県",,,https://www.houjin-bangou.nta.go.jp/setsumei/images/property_ward.pdf
福崎町田原財産区,"神崎郡福崎町, 兵庫県",,,https://www.houjin-bangou.nta.go.jp/setsumei/images/property_ward.pdf
福崎町八千種財産区,"神崎郡福崎町, 兵庫県",,,https://www.houjin-bangou.nta.go.jp/setsumei/images/property_ward.pdf
福崎町福崎財産区,"神崎郡福崎町, 兵庫県",,,https://www.houjin-bangou.nta.go.jp/setsumei/images/property_ward.pdf
神河町越知谷財産区,"神崎郡神河町, 兵庫県",,,https://www.houjin-bangou.nta.go.jp/setsumei/images/property_ward.pdf
神河町粟賀財産区,"神崎郡神河町, 兵庫県",,,https://www.houjin-bangou.nta.go.jp/setsumei/images/property_ward.pdf
神河町大山財産区,"神崎郡神河町, 兵庫県",,,https://www.houjin-bangou.nta.go.jp/setsumei/images/property_ward.pdf
神河町寺前財産区,"神崎郡神河町, 兵庫県",,,https://www.houjin-bangou.nta.go.jp/setsumei/images/property_ward.pdf
神河町長谷財産区,"神崎郡神河町, 兵庫県",,,https://www.houjin-bangou.nta.go.jp/setsumei/images/property_ward.pdf
佐用町久崎財産区,"佐用郡佐用町, 兵庫県",,,https://www.houjin-bangou.nta.go.jp/setsumei/images/property_ward.pdf
佐用町石井財産区,"佐用郡佐用町, 兵庫県",,,https://www.houjin-bangou.nta.go.jp/setsumei/images/property_ward.pdf
香美町長井財産区,"美方郡香美町, 兵庫県",,,https://www.houjin-bangou.nta.go.jp/setsumei/images/property_ward.pdf
新温泉町湯財産区,"美方郡新温泉町, 兵庫県",,,https://www.houjin-bangou.nta.go.jp/setsumei/images/property_ward.pdf
新温泉町西浜財産区,"美方郡新温泉町, 兵庫県",,,https://www.houjin-bangou.nta.go.jp/setsumei/images/property_ward.pdf
新温泉町大庭財産区,"美方郡新温泉町, 兵庫県",,,https://www.houjin-bangou.nta.go.jp/setsumei/images/property_ward.pdf
新温泉町八田財産区,"美方郡新温泉町, 兵庫県",,,https://www.houjin-bangou.nta.go.jp/setsumei/images/property_ward.pdf
神野山組合,"奈良市, 奈良県",,,https://www.houjin-bangou.nta.go.jp/setsumei/images/property_ward.pdf
奥山組合,"奈良市, 奈良県",,,https://www.houjin-bangou.nta.go.jp/setsumei/images/property_ward.pdf
藤井町財産区,"天理市, 奈良県",,,https://www.houjin-bangou.nta.go.jp/setsumei/images/property_ward.pdf
上仁興町財産区,"天理市, 奈良県",,,https://www.houjin-bangou.nta.go.jp/setsumei/images/property_ward.pdf
下仁興町財産区,"天理市, 奈良県",,,https://www.houjin-bangou.nta.go.jp/setsumei/images/property_ward.pdf
苣原町財産区,"天理市, 奈良県",,,https://www.houjin-bangou.nta.go.jp/setsumei/images/property_ward.pdf
滝本町財産区,"天理市, 奈良県",,,https://www.houjin-bangou.nta.go.jp/setsumei/images/property_ward.pdf
内馬場町財産区,"天理市, 奈良県",,,https://www.houjin-bangou.nta.go.jp/setsumei/images/property_ward.pdf
布留町財産区,"天理市, 奈良県",,,https://www.houjin-bangou.nta.go.jp/setsumei/images/property_ward.pdf
豊井町財産区,"天理市, 奈良県",,,https://www.houjin-bangou.nta.go.jp/setsumei/images/property_ward.pdf
豊田町財産区,"天理市, 奈良県",,,https://www.houjin-bangou.nta.go.jp/setsumei/images/property_ward.pdf
岩屋町財産区,"天理市, 奈良県",,,https://www.houjin-bangou.nta.go.jp/setsumei/images/property_ward.pdf
石上町財産区,"天理市, 奈良県",,,https://www.houjin-bangou.nta.go.jp/setsumei/images/property_ward.pdf
田部町財産区,"天理市, 奈良県",,,https://www.houjin-bangou.nta.go.jp/setsumei/images/property_ward.pdf
別所町財産区,"天理市, 奈良県",,,https://www.houjin-bangou.nta.go.jp/setsumei/images/property_ward.pdf
田町財産区,"天理市, 奈良県",,,https://www.houjin-bangou.nta.go.jp/setsumei/images/property_ward.pdf
勾田町財産区,"天理市, 奈良県",,,https://www.houjin-bangou.nta.go.jp/setsumei/images/property_ward.pdf
御経野町財産区,"天理市, 奈良県",,,https://www.houjin-bangou.nta.go.jp/setsumei/images/property_ward.pdf
杣之内町山口財産区,"天理市, 奈良県",,,https://www.houjin-bangou.nta.go.jp/setsumei/images/property_ward.pdf
杣之内町木堂財産区,"天理市, 奈良県",,,https://www.houjin-bangou.nta.go.jp/setsumei/images/property_ward.pdf
前栽町財産区,"天理市, 奈良県",,,https://www.houjin-bangou.nta.go.jp/setsumei/images/property_ward.pdf
杉本町財産区,"天理市, 奈良県",,,https://www.houjin-bangou.nta.go.jp/setsumei/images/property_ward.pdf
平等坊町財産区,"天理市, 奈良県",,,https://www.houjin-bangou.nta.go.jp/setsumei/images/property_ward.pdf
小路町財産区,"天理市, 奈良県",,,https://www.houjin-bangou.nta.go.jp/setsumei/images/property_ward.pdf
中町財産区,"天理市, 奈良県",,,https://www.houjin-bangou.nta.go.jp/setsumei/images/property_ward.pdf
南六条町六条方財産区,"天理市, 奈良県",,,https://www.houjin-bangou.nta.go.jp/setsumei/images/property_ward.pdf
喜殿町財産区,"天理市, 奈良県",,,https://www.houjin-bangou.nta.go.jp/setsumei/images/property_ward.pdf
上総町財産区,"天理市, 奈良県",,,https://www.houjin-bangou.nta.go.jp/setsumei/images/property_ward.pdf
小田中町財産区,"天理市, 奈良県",,,https://www.houjin-bangou.nta.go.jp/setsumei/images/property_ward.pdf
指柳町財産区,"天理市, 奈良県",,,https://www.houjin-bangou.nta.go.jp/setsumei/images/property_ward.pdf
富堂町財産区,"天理市, 奈良県",,,https://www.houjin-bangou.nta.go.jp/setsumei/images/property_ward.pdf
岩室町財産区,"天理市, 奈良県",,,https://www.houjin-bangou.nta.go.jp/setsumei/images/property_ward.pdf
西井戸堂町財産区,"天理市, 奈良県",,,https://www.houjin-bangou.nta.go.jp/setsumei/images/property_ward.pdf
九条町財産区,"天理市, 奈良県",,,https://www.houjin-bangou.nta.go.jp/setsumei/images/property_ward.pdf
備前町財産区,"天理市, 奈良県",,,https://www.houjin-bangou.nta.go.jp/setsumei/images/property_ward.pdf
合場町財産区,"天理市, 奈良県",,,https://www.houjin-bangou.nta.go.jp/setsumei/images/property_ward.pdf
小島町財産区,"天理市, 奈良県",,,https://www.houjin-bangou.nta.go.jp/setsumei/images/property_ward.pdf
庵治町財産区,"天理市, 奈良県",,,https://www.houjin-bangou.nta.go.jp/setsumei/images/property_ward.pdf
嘉幡町財産区,"天理市, 奈良県",,,https://www.houjin-bangou.nta.go.jp/setsumei/images/property_ward.pdf
南菅田町財産区,"天理市, 奈良県",,,https://www.houjin-bangou.nta.go.jp/setsumei/images/property_ward.pdf
北菅田町財産区,"天理市, 奈良県",,,https://www.houjin-bangou.nta.go.jp/setsumei/images/property_ward.pdf
上ノ庄町財産区,"天理市, 奈良県",,,https://www.houjin-bangou.nta.go.jp/setsumei/images/property_ward.pdf
荒蒔町財産区,"天理市, 奈良県",,,https://www.houjin-bangou.nta.go.jp/setsumei/images/property_ward.pdf
稲葉町財産区,"天理市, 奈良県",,,https://www.houjin-bangou.nta.go.jp/setsumei/images/property_ward.pdf
佐保庄町財産区,"天理市, 奈良県",,,https://www.houjin-bangou.nta.go.jp/setsumei/images/property_ward.pdf
三昧田町財産区,"天理市, 奈良県",,,https://www.houjin-bangou.nta.go.jp/setsumei/images/property_ward.pdf
永原町財産区,"天理市, 奈良県",,,https://www.houjin-bangou.nta.go.jp/setsumei/images/property_ward.pdf
長柄町財産区,"天理市, 奈良県",,,https://www.houjin-bangou.nta.go.jp/setsumei/images/property_ward.pdf
兵庫町財産区,"天理市, 奈良県",,,https://www.houjin-bangou.nta.go.jp/setsumei/images/property_ward.pdf
新泉町財産区,"天理市, 奈良県",,,https://www.houjin-bangou.nta.go.jp/setsumei/images/property_ward.pdf
岸田町財産区,"天理市, 奈良県",,,https://www.houjin-bangou.nta.go.jp/setsumei/images/property_ward.pdf
中山町財産区,"天理市, 奈良県",,,https://www.houjin-bangou.nta.go.jp/setsumei/images/property_ward.pdf
成願寺町財産区,"天理市, 奈良県",,,https://www.houjin-bangou.nta.go.jp/setsumei/images/property_ward.pdf
萱生町財産区,"天理市, 奈良県",,,https://www.houjin-bangou.nta.go.jp/setsumei/images/property_ward.pdf
乙木町財産区,"天理市, 奈良県",,,https://www.houjin-bangou.nta.go.jp/setsumei/images/property_ward.pdf
竹之内町財産区,"天理市, 奈良県",,,https://www.houjin-bangou.nta.go.jp/setsumei/images/property_ward.pdf
園原町財産区,"天理市, 奈良県",,,https://www.houjin-bangou.nta.go.jp/setsumei/images/property_ward.pdf
櫟本町財産区,"天理市, 奈良県",,,https://www.houjin-bangou.nta.go.jp/setsumei/images/property_ward.pdf
楢町財産区,"天理市, 奈良県",,,https://www.houjin-bangou.nta.go.jp/setsumei/images/property_ward.pdf
蔵之庄町財産区,"天理市, 奈良県",,,https://www.houjin-bangou.nta.go.jp/setsumei/images/property_ward.pdf
森本町財産区,"天理市, 奈良県",,,https://www.houjin-bangou.nta.go.jp/setsumei/images/property_ward.pdf
中之庄町財産区,"天理市, 奈良県",,,https://www.houjin-bangou.nta.go.jp/setsumei/images/property_ward.pdf
和爾町財産区,"天理市, 奈良県",,,https://www.houjin-bangou.nta.go.jp/setsumei/images/property_ward.pdf
桧垣町財産区,"天理市, 奈良県",,,https://www.houjin-bangou.nta.go.jp/setsumei/images/property_ward.pdf
遠田町財産区,"天理市, 奈良県",,,https://www.houjin-bangou.nta.go.jp/setsumei/images/property_ward.pdf
海知町財産区,"天理市, 奈良県",,,https://www.houjin-bangou.nta.go.jp/setsumei/images/property_ward.pdf
武蔵町財産区,"天理市, 奈良県",,,https://www.houjin-bangou.nta.go.jp/setsumei/images/property_ward.pdf
南六条町元柳生財産区,"天理市, 奈良県",,,https://www.houjin-bangou.nta.go.jp/setsumei/images/property_ward.pdf
五位堂財産区,"香芝市, 奈良県",,,https://www.houjin-bangou.nta.go.jp/setsumei/images/property_ward.pdf
鎌田財産区,"香芝市, 奈良県",,,https://www.houjin-bangou.nta.go.jp/setsumei/images/property_ward.pdf
良福寺財産区,"香芝市, 奈良県",,,https://www.houjin-bangou.nta.go.jp/setsumei/images/property_ward.pdf
別所財産区,"香芝市, 奈良県",,,https://www.houjin-bangou.nta.go.jp/setsumei/images/property_ward.pdf
瓦口財産区,"香芝市, 奈良県",,,https://www.houjin-bangou.nta.go.jp/setsumei/images/property_ward.pdf
下田財産区,"香芝市, 奈良県",,,https://www.houjin-bangou.nta.go.jp/setsumei/images/property_ward.pdf
逢坂財産区,"香芝市, 奈良県",,,https://www.houjin-bangou.nta.go.jp/setsumei/images/property_ward.pdf
狐井財産区,"香芝市, 奈良県",,,https://www.houjin-bangou.nta.go.jp/setsumei/images/property_ward.pdf
北今市財産区,"香芝市, 奈良県",,,https://www.houjin-bangou.nta.go.jp/setsumei/images/property_ward.pdf
五ヶ所財産区,"香芝市, 奈良県",,,https://www.houjin-bangou.nta.go.jp/setsumei/images/property_ward.pdf
磯壁財産区,"香芝市, 奈良県",,,https://www.houjin-bangou.nta.go.jp/setsumei/images/property_ward.pdf
畑財産区,"香芝市, 奈良県",,,https://www.houjin-bangou.nta.go.jp/setsumei/images/property_ward.pdf
穴虫財産区,"香芝市, 奈良県",,,https://www.houjin-bangou.nta.go.jp/setsumei/images/property_ward.pdf
関屋財産区,"香芝市, 奈良県",,,https://www.houjin-bangou.nta.go.jp/setsumei/images/property_ward.pdf
田尻財産区,"香芝市, 奈良県",,,https://www.houjin-bangou.nta.go.jp/setsumei/images/property_ward.pdf
高財産区,"香芝市, 奈良県",,,https://www.houjin-bangou.nta.go.jp/setsumei/images/property_ward.pdf
上中財産区,"香芝市, 奈良県",,,https://www.houjin-bangou.nta.go.jp/setsumei/images/property_ward.pdf
今泉財産区,"香芝市, 奈良県",,,https://www.houjin-bangou.nta.go.jp/setsumei/images/property_ward.pdf
平野財産区,"香芝市, 奈良県",,,https://www.houjin-bangou.nta.go.jp/setsumei/images/property_ward.pdf
尼寺財産区,"香芝市, 奈良県",,,https://www.houjin-bangou.nta.go.jp/setsumei/images/property_ward.pdf
大字荷阪財産区,"宇陀市, 奈良県",,,https://www.houjin-bangou.nta.go.jp/setsumei/images/property_ward.pdf
大字赤埴財産区,"宇陀市, 奈良県",,,https://www.houjin-bangou.nta.go.jp/setsumei/images/property_ward.pdf
大字内牧財産区,"宇陀市, 奈良県",,,https://www.houjin-bangou.nta.go.jp/setsumei/images/property_ward.pdf
大字高井財産区,"宇陀市, 奈良県",,,https://www.houjin-bangou.nta.go.jp/setsumei/images/property_ward.pdf
大字自明財産区,"宇陀市, 奈良県",,,https://www.houjin-bangou.nta.go.jp/setsumei/images/property_ward.pdf
大字諸木野財産区,"宇陀市, 奈良県",,,https://www.houjin-bangou.nta.go.jp/setsumei/images/property_ward.pdf
大字桧牧財産区,"宇陀市, 奈良県",,,https://www.houjin-bangou.nta.go.jp/setsumei/images/property_ward.pdf
神野山組合,"山辺郡山添村, 奈良県",,,https://www.houjin-bangou.nta.go.jp/setsumei/images/property_ward.pdf
青葉山組合,"山辺郡山添村, 奈良県",,,https://www.houjin-bangou.nta.go.jp/setsumei/images/property_ward.pdf
神末財産区,"宇陀郡御杖村, 奈良県",,,https://www.houjin-bangou.nta.go.jp/setsumei/images/property_ward.pdf
菅野財産区,"宇陀郡御杖村, 奈良県",,,https://www.houjin-bangou.nta.go.jp/setsumei/images/property_ward.pdf
土屋原財産区,"宇陀郡御杖村, 奈良県",,,https://www.houjin-bangou.nta.go.jp/setsumei/images/property_ward.pdf
桃俣財産区,"宇陀郡御杖村, 奈良県",,,https://www.houjin-bangou.nta.go.jp/setsumei/images/property_ward.pdf
洞川財産区,"吉野郡天川村, 奈良県",,,https://www.houjin-bangou.nta.go.jp/setsumei/images/property_ward.pdf
橋本市山田吉原財産区,"橋本市, 和歌山県",,,https://www.houjin-bangou.nta.go.jp/setsumei/images/property_ward.pdf
橋本市山田地区財産区,"橋本市, 和歌山県",,,https://www.houjin-bangou.nta.go.jp/setsumei/images/property_ward.pdf
橋本市恋野財産区,"橋本市, 和歌山県",,,https://www.houjin-bangou.nta.go.jp/setsumei/images/property_ward.pdf
初島財産区,"有田市, 和歌山県",,,https://www.houjin-bangou.nta.go.jp/setsumei/images/property_ward.pdf
田辺市四村川財産区,"田辺市, 和歌山県",,,https://www.houjin-bangou.nta.go.jp/setsumei/images/property_ward.pdf
鞆渕山林財産区,"紀の川市, 和歌山県",,,https://www.houjin-bangou.nta.go.jp/setsumei/images/property_ward.pdf
池田財産区,"紀の川市, 和歌山県",,,https://www.houjin-bangou.nta.go.jp/setsumei/images/property_ward.pdf
田中財産区,"紀の川市, 和歌山県",,,https://www.houjin-bangou.nta.go.jp/setsumei/images/property_ward.pdf
長田竜門財産区,"紀の川市, 和歌山県",,,https://www.houjin-bangou.nta.go.jp/setsumei/images/property_ward.pdf
竜門財産区,"紀の川市, 和歌山県",,,https://www.houjin-bangou.nta.go.jp/setsumei/images/property_ward.pdf
南北志野財産区,"紀の川市, 和歌山県",,,https://www.houjin-bangou.nta.go.jp/setsumei/images/property_ward.pdf
飯盛財産区,"紀の川市, 和歌山県",,,https://www.houjin-bangou.nta.go.jp/setsumei/images/property_ward.pdf
静川財産区,"紀の川市, 和歌山県",,,https://www.houjin-bangou.nta.go.jp/setsumei/images/property_ward.pdf
最上、神田、市場、元財産区,"紀の川市, 和歌山県",,,https://www.houjin-bangou.nta.go.jp/setsumei/images/property_ward.pdf
調月財産区,"紀の川市, 和歌山県",,,https://www.houjin-bangou.nta.go.jp/setsumei/images/property_ward.pdf
丸栖財産区,"紀の川市, 和歌山県",,,https://www.houjin-bangou.nta.go.jp/setsumei/images/property_ward.pdf
平池財産区,"紀の川市, 和歌山県",,,https://www.houjin-bangou.nta.go.jp/setsumei/images/property_ward.pdf
鎌垣財産区,"紀の川市, 和歌山県",,,https://www.houjin-bangou.nta.go.jp/setsumei/images/property_ward.pdf
龍王財産区,"紀の川市, 和歌山県",,,https://www.houjin-bangou.nta.go.jp/setsumei/images/property_ward.pdf
富貴財産区,"伊都郡高野町, 和歌山県",,,https://www.houjin-bangou.nta.go.jp/setsumei/images/property_ward.pdf
有田川町岩倉財産区,"有田郡有田川町, 和歌山県",,,https://www.houjin-bangou.nta.go.jp/setsumei/images/property_ward.pdf
有田川町粟生財産区,"有田郡有田川町, 和歌山県",,,https://www.houjin-bangou.nta.go.jp/setsumei/images/property_ward.pdf
有田川町城山山林財産区,"有田郡有田川町, 和歌山県",,,https://www.houjin-bangou.nta.go.jp/setsumei/images/property_ward.pdf
有田川町八幡山林財産区,"有田郡有田川町, 和歌山県",,,https://www.houjin-bangou.nta.go.jp/setsumei/images/property_ward.pdf
有田川町安諦山林財産区,"有田郡有田川町, 和歌山県",,,https://www.houjin-bangou.nta.go.jp/setsumei/images/property_ward.pdf
松原財産区,"日高郡美浜町, 和歌山県",,,https://www.houjin-bangou.nta.go.jp/setsumei/images/property_ward.pdf
和田財産区,"日高郡美浜町, 和歌山県",,,https://www.houjin-bangou.nta.go.jp/setsumei/images/property_ward.pdf
三尾財産区,"日高郡美浜町, 和歌山県",,,https://www.houjin-bangou.nta.go.jp/setsumei/images/property_ward.pdf
比井崎財産区,"日高郡日高町, 和歌山県",,,https://www.houjin-bangou.nta.go.jp/setsumei/images/property_ward.pdf
志賀財産区,"日高郡日高町, 和歌山県",,,https://www.houjin-bangou.nta.go.jp/setsumei/images/property_ward.pdf
久志財産区,"日高郡日高町, 和歌山県",,,https://www.houjin-bangou.nta.go.jp/setsumei/images/property_ward.pdf
中志賀財産区,"日高郡日高町, 和歌山県",,,https://www.houjin-bangou.nta.go.jp/setsumei/images/property_ward.pdf
下志賀財産区,"日高郡日高町, 和歌山県",,,https://www.houjin-bangou.nta.go.jp/setsumei/images/property_ward.pdf
矢田財産区,"日高郡日高川町, 和歌山県",,,https://www.houjin-bangou.nta.go.jp/setsumei/images/property_ward.pdf
川上財産区,"日高郡日高川町, 和歌山県",,,https://www.houjin-bangou.nta.go.jp/setsumei/images/property_ward.pdf
寒川財産区,"日高郡日高川町, 和歌山県",,,https://www.houjin-bangou.nta.go.jp/setsumei/images/property_ward.pdf
上富田町朝来財産区,"西牟婁郡上富田町, 和歌山県",,,https://www.houjin-bangou.nta.go.jp/setsumei/images/property_ward.pdf
上富田町生馬財産区,"西牟婁郡上富田町, 和歌山県",,,https://www.houjin-bangou.nta.go.jp/setsumei/images/property_ward.pdf
上富田町市ノ瀬財産区,"西牟婁郡上富田町, 和歌山県",,,https://www.houjin-bangou.nta.go.jp/setsumei/images/property_ward.pdf
串本町串本財産区,"東牟婁郡串本町, 和歌山県",,,https://www.houjin-bangou.nta.go.jp/setsumei/images/property_ward.pdf
串本町潮岬財産区,"東牟婁郡串本町, 和歌山県",,,https://www.houjin-bangou.nta.go.jp/setsumei/images/property_ward.pdf
串本町出雲財産区,"東牟婁郡串本町, 和歌山県",,,https://www.houjin-bangou.nta.go.jp/setsumei/images/property_ward.pdf
串本町有田財産区,"東牟婁郡串本町, 和歌山県",,,https://www.houjin-bangou.nta.go.jp/setsumei/images/property_ward.pdf
串本町田並財産区,"東牟婁郡串本町, 和歌山県",,,https://www.houjin-bangou.nta.go.jp/setsumei/images/property_ward.pdf
串本町和深財産区,"東牟婁郡串本町, 和歌山県",,,https://www.houjin-bangou.nta.go.jp/setsumei/images/property_ward.pdf
串本町古座地区財産区,"東牟婁郡串本町, 和歌山県",,,https://www.houjin-bangou.nta.go.jp/setsumei/images/property_ward.pdf
串本町西向地区財産区,"東牟婁郡串本町, 和歌山県",,,https://www.houjin-bangou.nta.go.jp/setsumei/images/property_ward.pdf
串本町田原地区財産区,"東牟婁郡串本町, 和歌山県",,,https://www.houjin-bangou.nta.go.jp/setsumei/images/property_ward.pdf
宇倍野財産区,"鳥取市, 鳥取県",,,https://www.houjin-bangou.nta.go.jp/setsumei/images/property_ward.pdf
小河内財産区,"鳥取市, 鳥取県",,,https://www.houjin-bangou.nta.go.jp/setsumei/images/property_ward.pdf
八上財産区,"鳥取市, 鳥取県",,,https://www.houjin-bangou.nta.go.jp/setsumei/images/property_ward.pdf
北財産区,"鳥取市, 鳥取県",,,https://www.houjin-bangou.nta.go.jp/setsumei/images/property_ward.pdf
大村財産区,"鳥取市, 鳥取県",,,https://www.houjin-bangou.nta.go.jp/setsumei/images/property_ward.pdf
鷹狩財産区,"鳥取市, 鳥取県",,,https://www.houjin-bangou.nta.go.jp/setsumei/images/property_ward.pdf
赤波財産区,"鳥取市, 鳥取県",,,https://www.houjin-bangou.nta.go.jp/setsumei/images/property_ward.pdf
美成財産区,"鳥取市, 鳥取県",,,https://www.houjin-bangou.nta.go.jp/setsumei/images/property_ward.pdf
用瀬財産区,"鳥取市, 鳥取県",,,https://www.houjin-bangou.nta.go.jp/setsumei/images/property_ward.pdf
別府財産区,"鳥取市, 鳥取県",,,https://www.houjin-bangou.nta.go.jp/setsumei/images/property_ward.pdf
社財産区,"鳥取市, 鳥取県",,,https://www.houjin-bangou.nta.go.jp/setsumei/images/property_ward.pdf
川中樟原財産区,"鳥取市, 鳥取県",,,https://www.houjin-bangou.nta.go.jp/setsumei/images/property_ward.pdf
川中財産区,"鳥取市, 鳥取県",,,https://www.houjin-bangou.nta.go.jp/setsumei/images/property_ward.pdf
安蔵財産区,"鳥取市, 鳥取県",,,https://www.houjin-bangou.nta.go.jp/setsumei/images/property_ward.pdf
江波財産区,"鳥取市, 鳥取県",,,https://www.houjin-bangou.nta.go.jp/setsumei/images/property_ward.pdf
屋住財産区,"鳥取市, 鳥取県",,,https://www.houjin-bangou.nta.go.jp/setsumei/images/property_ward.pdf
古用瀬財産区,"鳥取市, 鳥取県",,,https://www.houjin-bangou.nta.go.jp/setsumei/images/property_ward.pdf
金屋財産区,"鳥取市, 鳥取県",,,https://www.houjin-bangou.nta.go.jp/setsumei/images/property_ward.pdf
宮原財産区,"鳥取市, 鳥取県",,,https://www.houjin-bangou.nta.go.jp/setsumei/images/property_ward.pdf
樟原財産区,"鳥取市, 鳥取県",,,https://www.houjin-bangou.nta.go.jp/setsumei/images/property_ward.pdf
家奥財産区,"鳥取市, 鳥取県",,,https://www.houjin-bangou.nta.go.jp/setsumei/images/property_ward.pdf
川中樟原宮原財産区,"鳥取市, 鳥取県",,,https://www.houjin-bangou.nta.go.jp/setsumei/images/property_ward.pdf
余戸財産区,"鳥取市, 鳥取県",,,https://www.houjin-bangou.nta.go.jp/setsumei/images/property_ward.pdf
高山財産区,"鳥取市, 鳥取県",,,https://www.houjin-bangou.nta.go.jp/setsumei/images/property_ward.pdf
𣇃谷財産区,"鳥取市, 鳥取県",,,https://www.houjin-bangou.nta.go.jp/setsumei/images/property_ward.pdf
津野財産区,"鳥取市, 鳥取県",,,https://www.houjin-bangou.nta.go.jp/setsumei/images/property_ward.pdf
高山、津野財産区,"鳥取市, 鳥取県",,,https://www.houjin-bangou.nta.go.jp/setsumei/images/property_ward.pdf
尾際財産区,"鳥取市, 鳥取県",,,https://www.houjin-bangou.nta.go.jp/setsumei/images/property_ward.pdf
大水財産区,"鳥取市, 鳥取県",,,https://www.houjin-bangou.nta.go.jp/setsumei/images/property_ward.pdf
小田財産区,"鳥取市, 鳥取県",,,https://www.houjin-bangou.nta.go.jp/setsumei/images/property_ward.pdf
畑財産区,"鳥取市, 鳥取県",,,https://www.houjin-bangou.nta.go.jp/setsumei/images/property_ward.pdf
津無財産区,"鳥取市, 鳥取県",,,https://www.houjin-bangou.nta.go.jp/setsumei/images/property_ward.pdf
細尾財産区,"鳥取市, 鳥取県",,,https://www.houjin-bangou.nta.go.jp/setsumei/images/property_ward.pdf
加瀬木財産区,"鳥取市, 鳥取県",,,https://www.houjin-bangou.nta.go.jp/setsumei/images/property_ward.pdf
万蔵財産区,"鳥取市, 鳥取県",,,https://www.houjin-bangou.nta.go.jp/setsumei/images/property_ward.pdf
福園財産区,"鳥取市, 鳥取県",,,https://www.houjin-bangou.nta.go.jp/setsumei/images/property_ward.pdf
森坪財産区,"鳥取市, 鳥取県",,,https://www.houjin-bangou.nta.go.jp/setsumei/images/property_ward.pdf
河本財産区,"鳥取市, 鳥取県",,,https://www.houjin-bangou.nta.go.jp/setsumei/images/property_ward.pdf
古市、大井財産区,"鳥取市, 鳥取県",,,https://www.houjin-bangou.nta.go.jp/setsumei/images/property_ward.pdf
刈地財産区,"鳥取市, 鳥取県",,,https://www.houjin-bangou.nta.go.jp/setsumei/images/property_ward.pdf
中財産区,"鳥取市, 鳥取県",,,https://www.houjin-bangou.nta.go.jp/setsumei/images/property_ward.pdf
古市財産区,"鳥取市, 鳥取県",,,https://www.houjin-bangou.nta.go.jp/setsumei/images/property_ward.pdf
上大井財産区,"鳥取市, 鳥取県",,,https://www.houjin-bangou.nta.go.jp/setsumei/images/property_ward.pdf
葛谷、上葛谷財産区,"鳥取市, 鳥取県",,,https://www.houjin-bangou.nta.go.jp/setsumei/images/property_ward.pdf
下大井財産区,"鳥取市, 鳥取県",,,https://www.houjin-bangou.nta.go.jp/setsumei/images/property_ward.pdf
葛谷財産区,"鳥取市, 鳥取県",,,https://www.houjin-bangou.nta.go.jp/setsumei/images/property_ward.pdf
上葛谷財産区,"鳥取市, 鳥取県",,,https://www.houjin-bangou.nta.go.jp/setsumei/images/property_ward.pdf
栃原財産区,"鳥取市, 鳥取県",,,https://www.houjin-bangou.nta.go.jp/setsumei/images/property_ward.pdf
福園、畑、𣇃谷財産区,"鳥取市, 鳥取県",,,https://www.houjin-bangou.nta.go.jp/setsumei/images/property_ward.pdf
日置財産区,"鳥取市, 鳥取県",,,https://www.houjin-bangou.nta.go.jp/setsumei/images/property_ward.pdf
日置谷財産区,"鳥取市, 鳥取県",,,https://www.houjin-bangou.nta.go.jp/setsumei/images/property_ward.pdf
中郷財産区,"鳥取市, 鳥取県",,,https://www.houjin-bangou.nta.go.jp/setsumei/images/property_ward.pdf
青谷財産区,"鳥取市, 鳥取県",,,https://www.houjin-bangou.nta.go.jp/setsumei/images/property_ward.pdf
勝部財産区,"鳥取市, 鳥取県",,,https://www.houjin-bangou.nta.go.jp/setsumei/images/property_ward.pdf
鹿野財産区,"鳥取市, 鳥取県",,,https://www.houjin-bangou.nta.go.jp/setsumei/images/property_ward.pdf
米子市伯仙財産区,"米子市, 鳥取県",,,https://www.houjin-bangou.nta.go.jp/setsumei/images/property_ward.pdf
高城財産区,"倉吉市, 鳥取県",,,https://www.houjin-bangou.nta.go.jp/setsumei/images/property_ward.pdf
小鴨財産区,"倉吉市, 鳥取県",,,https://www.houjin-bangou.nta.go.jp/setsumei/images/property_ward.pdf
北谷財産区,"倉吉市, 鳥取県",,,https://www.houjin-bangou.nta.go.jp/setsumei/images/property_ward.pdf
上北条財産区,"倉吉市, 鳥取県",,,https://www.houjin-bangou.nta.go.jp/setsumei/images/property_ward.pdf
落折財産区,"八頭郡若桜町, 鳥取県",,,https://www.houjin-bangou.nta.go.jp/setsumei/images/property_ward.pdf
吉川財産区,"八頭郡若桜町, 鳥取県",,,https://www.houjin-bangou.nta.go.jp/setsumei/images/property_ward.pdf
小船財産区,"八頭郡若桜町, 鳥取県",,,https://www.houjin-bangou.nta.go.jp/setsumei/images/property_ward.pdf
大野財産区,"八頭郡若桜町, 鳥取県",,,https://www.houjin-bangou.nta.go.jp/setsumei/images/property_ward.pdf
加地財産区,"八頭郡若桜町, 鳥取県",,,https://www.houjin-bangou.nta.go.jp/setsumei/images/property_ward.pdf
中原財産区,"八頭郡若桜町, 鳥取県",,,https://www.houjin-bangou.nta.go.jp/setsumei/images/property_ward.pdf
栃原財産区,"八頭郡若桜町, 鳥取県",,,https://www.houjin-bangou.nta.go.jp/setsumei/images/property_ward.pdf
岩屋堂財産区,"八頭郡若桜町, 鳥取県",,,https://www.houjin-bangou.nta.go.jp/setsumei/images/property_ward.pdf
須澄財産区,"八頭郡若桜町, 鳥取県",,,https://www.houjin-bangou.nta.go.jp/setsumei/images/property_ward.pdf
若桜財産区,"八頭郡若桜町, 鳥取県",,,https://www.houjin-bangou.nta.go.jp/setsumei/images/property_ward.pdf
三倉財産区,"八頭郡若桜町, 鳥取県",,,https://www.houjin-bangou.nta.go.jp/setsumei/images/property_ward.pdf
西河内財産区,"八頭郡若桜町, 鳥取県",,,https://www.houjin-bangou.nta.go.jp/setsumei/images/property_ward.pdf
上高野財産区,"八頭郡若桜町, 鳥取県",,,https://www.houjin-bangou.nta.go.jp/setsumei/images/property_ward.pdf
高野財産区,"八頭郡若桜町, 鳥取県",,,https://www.houjin-bangou.nta.go.jp/setsumei/images/property_ward.pdf
浅井財産区,"八頭郡若桜町, 鳥取県",,,https://www.houjin-bangou.nta.go.jp/setsumei/images/property_ward.pdf
屋堂羅財産区,"八頭郡若桜町, 鳥取県",,,https://www.houjin-bangou.nta.go.jp/setsumei/images/property_ward.pdf
角谷財産区,"八頭郡若桜町, 鳥取県",,,https://www.houjin-bangou.nta.go.jp/setsumei/images/property_ward.pdf
馬場財産区,"八頭郡若桜町, 鳥取県",,,https://www.houjin-bangou.nta.go.jp/setsumei/images/property_ward.pdf
内町財産区,"八頭郡若桜町, 鳥取県",,,https://www.houjin-bangou.nta.go.jp/setsumei/images/property_ward.pdf
赤松財産区,"八頭郡若桜町, 鳥取県",,,https://www.houjin-bangou.nta.go.jp/setsumei/images/property_ward.pdf
来見野財産区,"八頭郡若桜町, 鳥取県",,,https://www.houjin-bangou.nta.go.jp/setsumei/images/property_ward.pdf
諸鹿財産区,"八頭郡若桜町, 鳥取県",,,https://www.houjin-bangou.nta.go.jp/setsumei/images/property_ward.pdf
香田財産区,"八頭郡若桜町, 鳥取県",,,https://www.houjin-bangou.nta.go.jp/setsumei/images/property_ward.pdf
長砂財産区,"八頭郡若桜町, 鳥取県",,,https://www.houjin-bangou.nta.go.jp/setsumei/images/property_ward.pdf
湯原財産区,"八頭郡若桜町, 鳥取県",,,https://www.houjin-bangou.nta.go.jp/setsumei/images/property_ward.pdf
淵見財産区,"八頭郡若桜町, 鳥取県",,,https://www.houjin-bangou.nta.go.jp/setsumei/images/property_ward.pdf
茗荷谷財産区,"八頭郡若桜町, 鳥取県",,,https://www.houjin-bangou.nta.go.jp/setsumei/images/property_ward.pdf
𣇃米財産区,"八頭郡若桜町, 鳥取県",,,https://www.houjin-bangou.nta.go.jp/setsumei/images/property_ward.pdf
大炊財産区,"八頭郡若桜町, 鳥取県",,,https://www.houjin-bangou.nta.go.jp/setsumei/images/property_ward.pdf
岸野財産区,"八頭郡若桜町, 鳥取県",,,https://www.houjin-bangou.nta.go.jp/setsumei/images/property_ward.pdf
糸白見財産区,"八頭郡若桜町, 鳥取県",,,https://www.houjin-bangou.nta.go.jp/setsumei/images/property_ward.pdf
根安財産区,"八頭郡若桜町, 鳥取県",,,https://www.houjin-bangou.nta.go.jp/setsumei/images/property_ward.pdf
智頭財産区,"八頭郡智頭町, 鳥取県",,,https://www.houjin-bangou.nta.go.jp/setsumei/images/property_ward.pdf
山形財産区,"八頭郡智頭町, 鳥取県",,,https://www.houjin-bangou.nta.go.jp/setsumei/images/property_ward.pdf
那岐財産区,"八頭郡智頭町, 鳥取県",,,https://www.houjin-bangou.nta.go.jp/setsumei/images/property_ward.pdf
土師財産区,"八頭郡智頭町, 鳥取県",,,https://www.houjin-bangou.nta.go.jp/setsumei/images/property_ward.pdf
富沢財産区,"八頭郡智頭町, 鳥取県",,,https://www.houjin-bangou.nta.go.jp/setsumei/images/property_ward.pdf
山郷財産区,"八頭郡智頭町, 鳥取県",,,https://www.houjin-bangou.nta.go.jp/setsumei/images/property_ward.pdf
大字智頭財産区,"八頭郡智頭町, 鳥取県",,,https://www.houjin-bangou.nta.go.jp/setsumei/images/property_ward.pdf
大字南方財産区,"八頭郡智頭町, 鳥取県",,,https://www.houjin-bangou.nta.go.jp/setsumei/images/property_ward.pdf
大字市瀬財産区,"八頭郡智頭町, 鳥取県",,,https://www.houjin-bangou.nta.go.jp/setsumei/images/property_ward.pdf
大字芦津財産区,"八頭郡智頭町, 鳥取県",,,https://www.houjin-bangou.nta.go.jp/setsumei/images/property_ward.pdf
大江財産区,"八頭郡八頭町, 鳥取県",,,https://www.houjin-bangou.nta.go.jp/setsumei/images/property_ward.pdf
上私都財産区,"八頭郡八頭町, 鳥取県",,,https://www.houjin-bangou.nta.go.jp/setsumei/images/property_ward.pdf
市場、覚王寺財産区,"八頭郡八頭町, 鳥取県",,,https://www.houjin-bangou.nta.go.jp/setsumei/images/property_ward.pdf
上津黒、下津黒財産区,"八頭郡八頭町, 鳥取県",,,https://www.houjin-bangou.nta.go.jp/setsumei/images/property_ward.pdf
別府財産区,"八頭郡八頭町, 鳥取県",,,https://www.houjin-bangou.nta.go.jp/setsumei/images/property_ward.pdf
篠波財産区,"八頭郡八頭町, 鳥取県",,,https://www.houjin-bangou.nta.go.jp/setsumei/images/property_ward.pdf
安部財産区,"八頭郡八頭町, 鳥取県",,,https://www.houjin-bangou.nta.go.jp/setsumei/images/property_ward.pdf
小鹿財産区,"東伯郡三朝町, 鳥取県",,,https://www.houjin-bangou.nta.go.jp/setsumei/images/property_ward.pdf
三徳財産区,"東伯郡三朝町, 鳥取県",,,https://www.houjin-bangou.nta.go.jp/setsumei/images/property_ward.pdf
三朝財産区,"東伯郡三朝町, 鳥取県",,,https://www.houjin-bangou.nta.go.jp/setsumei/images/property_ward.pdf
旭財産区,"東伯郡三朝町, 鳥取県",,,https://www.houjin-bangou.nta.go.jp/setsumei/images/property_ward.pdf
竹田財産区,"東伯郡三朝町, 鳥取県",,,https://www.houjin-bangou.nta.go.jp/setsumei/images/property_ward.pdf
長瀬財産区,"東伯郡湯梨浜町, 鳥取県",,,https://www.houjin-bangou.nta.go.jp/setsumei/images/property_ward.pdf
橋津財産区,"東伯郡湯梨浜町, 鳥取県",,,https://www.houjin-bangou.nta.go.jp/setsumei/images/property_ward.pdf
宇野財産区,"東伯郡湯梨浜町, 鳥取県",,,https://www.houjin-bangou.nta.go.jp/setsumei/images/property_ward.pdf
舎人財産区,"東伯郡湯梨浜町, 鳥取県",,,https://www.houjin-bangou.nta.go.jp/setsumei/images/property_ward.pdf
東郷財産区,"東伯郡湯梨浜町, 鳥取県",,,https://www.houjin-bangou.nta.go.jp/setsumei/images/property_ward.pdf
花見財産区,"東伯郡湯梨浜町, 鳥取県",,,https://www.houjin-bangou.nta.go.jp/setsumei/images/property_ward.pdf
琴浦町八橋財産区,"東伯郡琴浦町, 鳥取県",,,https://www.houjin-bangou.nta.go.jp/setsumei/images/property_ward.pdf
琴浦町浦安財産区,"東伯郡琴浦町, 鳥取県",,,https://www.houjin-bangou.nta.go.jp/setsumei/images/property_ward.pdf
琴浦町下郷財産区,"東伯郡琴浦町, 鳥取県",,,https://www.houjin-bangou.nta.go.jp/setsumei/images/property_ward.pdf
琴浦町上郷財産区,"東伯郡琴浦町, 鳥取県",,,https://www.houjin-bangou.nta.go.jp/setsumei/images/property_ward.pdf
琴浦町古布庄財産区,"東伯郡琴浦町, 鳥取県",,,https://www.houjin-bangou.nta.go.jp/setsumei/images/property_ward.pdf
琴浦町赤碕財産区,"東伯郡琴浦町, 鳥取県",,,https://www.houjin-bangou.nta.go.jp/setsumei/images/property_ward.pdf
琴浦町成美財産区,"東伯郡琴浦町, 鳥取県",,,https://www.houjin-bangou.nta.go.jp/setsumei/images/property_ward.pdf
琴浦町安田財産区,"東伯郡琴浦町, 鳥取県",,,https://www.houjin-bangou.nta.go.jp/setsumei/images/property_ward.pdf
琴浦町以西財産区,"東伯郡琴浦町, 鳥取県",,,https://www.houjin-bangou.nta.go.jp/setsumei/images/property_ward.pdf
栄財産区,"東伯郡北栄町, 鳥取県",,,https://www.houjin-bangou.nta.go.jp/setsumei/images/property_ward.pdf
中山財産区,"西伯郡大山町, 鳥取県",,,https://www.houjin-bangou.nta.go.jp/setsumei/images/property_ward.pdf
上中山財産区,"西伯郡大山町, 鳥取県",,,https://www.houjin-bangou.nta.go.jp/setsumei/images/property_ward.pdf
下中山財産区,"西伯郡大山町, 鳥取県",,,https://www.houjin-bangou.nta.go.jp/setsumei/images/property_ward.pdf
逢坂財産区,"西伯郡大山町, 鳥取県",,,https://www.houjin-bangou.nta.go.jp/setsumei/images/property_ward.pdf
東長田財産区,"西伯郡南部町, 鳥取県",,,https://www.houjin-bangou.nta.go.jp/setsumei/images/property_ward.pdf
江尾財産区,"日野郡江府町, 鳥取県",,,https://www.houjin-bangou.nta.go.jp/setsumei/images/property_ward.pdf
神奈川財産区,"日野郡江府町, 鳥取県",,,https://www.houjin-bangou.nta.go.jp/setsumei/images/property_ward.pdf
米沢財産区,"日野郡江府町, 鳥取県",,,https://www.houjin-bangou.nta.go.jp/setsumei/images/property_ward.pdf
松江市恵曇財産区,"松江市, 島根県",,,https://www.houjin-bangou.nta.go.jp/setsumei/images/property_ward.pdf
松江市講武財産区,"松江市, 島根県",,,https://www.houjin-bangou.nta.go.jp/setsumei/images/property_ward.pdf
松江市御津財産区,"松江市, 島根県",,,https://www.houjin-bangou.nta.go.jp/setsumei/images/property_ward.pdf
松江市佐太財産区,"松江市, 島根県",,,https://www.houjin-bangou.nta.go.jp/setsumei/images/property_ward.pdf
美川区有財産管理組合,"浜田市, 島根県",,,https://www.houjin-bangou.nta.go.jp/setsumei/images/property_ward.pdf
匹見財産区,"益田市, 島根県",,,https://www.houjin-bangou.nta.go.jp/setsumei/images/property_ward.pdf
母里財産区,"安来市, 島根県",,,https://www.houjin-bangou.nta.go.jp/setsumei/images/property_ward.pdf
井尻財産区,"安来市, 島根県",,,https://www.houjin-bangou.nta.go.jp/setsumei/images/property_ward.pdf
赤屋財産区,"安来市, 島根県",,,https://www.houjin-bangou.nta.go.jp/setsumei/images/property_ward.pdf
雲南市財産区,"雲南市, 島根県",,,https://www.houjin-bangou.nta.go.jp/setsumei/images/property_ward.pdf
奥出雲町布勢財産区,"仁多郡奥出雲町, 島根県",,,https://www.houjin-bangou.nta.go.jp/setsumei/images/property_ward.pdf
奥出雲町三沢財産区,"仁多郡奥出雲町, 島根県",,,https://www.houjin-bangou.nta.go.jp/setsumei/images/property_ward.pdf
隠岐の島町中財産区,"隠岐郡隠岐の島町, 島根県",,,https://www.houjin-bangou.nta.go.jp/setsumei/images/property_ward.pdf
青江財産区,"岡山市, 岡山県",,,https://www.houjin-bangou.nta.go.jp/setsumei/images/property_ward.pdf
飽浦財産区,"岡山市, 岡山県",,,https://www.houjin-bangou.nta.go.jp/setsumei/images/property_ward.pdf
浅尾服部生石村財産区,"岡山市, 岡山県",,,https://www.houjin-bangou.nta.go.jp/setsumei/images/property_ward.pdf
浅越財産区,"岡山市, 岡山県",,,https://www.houjin-bangou.nta.go.jp/setsumei/images/property_ward.pdf
網浜財産区,"岡山市, 岡山県",,,https://www.houjin-bangou.nta.go.jp/setsumei/images/property_ward.pdf
粟井財産区,"岡山市, 岡山県",,,https://www.houjin-bangou.nta.go.jp/setsumei/images/property_ward.pdf
泉田財産区,"岡山市, 岡山県",,,https://www.houjin-bangou.nta.go.jp/setsumei/images/property_ward.pdf
一宮・西辛川財産区,"岡山市, 岡山県",,,https://www.houjin-bangou.nta.go.jp/setsumei/images/property_ward.pdf
一宮財産区,"岡山市, 岡山県",,,https://www.houjin-bangou.nta.go.jp/setsumei/images/property_ward.pdf
一宮山崎財産区,"岡山市, 岡山県",,,https://www.houjin-bangou.nta.go.jp/setsumei/images/property_ward.pdf
稲荷財産区,"岡山市, 岡山県",,,https://www.houjin-bangou.nta.go.jp/setsumei/images/property_ward.pdf
犬島財産区,"岡山市, 岡山県",,,https://www.houjin-bangou.nta.go.jp/setsumei/images/property_ward.pdf
今岡財産区,"岡山市, 岡山県",,,https://www.houjin-bangou.nta.go.jp/setsumei/images/property_ward.pdf
今在家財産区,"岡山市, 岡山県",,,https://www.houjin-bangou.nta.go.jp/setsumei/images/property_ward.pdf
今谷財産区,"岡山市, 岡山県",,,https://www.houjin-bangou.nta.go.jp/setsumei/images/property_ward.pdf
今保財産区,"岡山市, 岡山県",,,https://www.houjin-bangou.nta.go.jp/setsumei/images/property_ward.pdf
今村財産区,"岡山市, 岡山県",,,https://www.houjin-bangou.nta.go.jp/setsumei/images/property_ward.pdf
岩井財産区,"岡山市, 岡山県",,,https://www.houjin-bangou.nta.go.jp/setsumei/images/property_ward.pdf
巌井財産区（西崎組総持）,"岡山市, 岡山県",,,https://www.houjin-bangou.nta.go.jp/setsumei/images/property_ward.pdf
巌井財産区（本村総持）,"岡山市, 岡山県",,,https://www.houjin-bangou.nta.go.jp/setsumei/images/property_ward.pdf
巌井財産区（巌井村外６ヶ村３８ヶ町,"岡山市, 岡山県",,,https://www.houjin-bangou.nta.go.jp/setsumei/images/property_ward.pdf
巌井財産区（巌井村外８ヶ村４２ヶ町）,"岡山市, 岡山県",,,https://www.houjin-bangou.nta.go.jp/setsumei/images/property_ward.pdf
巌井財産区（巌井村外１市２ヶ村２４部落）,"岡山市, 岡山県",,,https://www.houjin-bangou.nta.go.jp/setsumei/images/property_ward.pdf
巌井財産区（巌井村外８ヶ町）,"岡山市, 岡山県",,,https://www.houjin-bangou.nta.go.jp/setsumei/images/property_ward.pdf
岩田町財産区,"岡山市, 岡山県",,,https://www.houjin-bangou.nta.go.jp/setsumei/images/property_ward.pdf
浦間財産区,"岡山市, 岡山県",,,https://www.houjin-bangou.nta.go.jp/setsumei/images/property_ward.pdf
大井財産区,"岡山市, 岡山県",,,https://www.houjin-bangou.nta.go.jp/setsumei/images/property_ward.pdf
大内田財産区,"岡山市, 岡山県",,,https://www.houjin-bangou.nta.go.jp/setsumei/images/property_ward.pdf
大多羅町財産区,"岡山市, 岡山県",,,https://www.houjin-bangou.nta.go.jp/setsumei/images/property_ward.pdf
岡町財産区,"岡山市, 岡山県",,,https://www.houjin-bangou.nta.go.jp/setsumei/images/property_ward.pdf
奥田財産区,"岡山市, 岡山県",,,https://www.houjin-bangou.nta.go.jp/setsumei/images/property_ward.pdf
邑久郷・乙子・神崎財産区,"岡山市, 岡山県",,,https://www.houjin-bangou.nta.go.jp/setsumei/images/property_ward.pdf
邑久郷財産区,"岡山市, 岡山県",,,https://www.houjin-bangou.nta.go.jp/setsumei/images/property_ward.pdf
乙子財産区,"岡山市, 岡山県",,,https://www.houjin-bangou.nta.go.jp/setsumei/images/property_ward.pdf
尾上財産区,"岡山市, 岡山県",,,https://www.houjin-bangou.nta.go.jp/setsumei/images/property_ward.pdf
雄町財産区,"岡山市, 岡山県",,,https://www.houjin-bangou.nta.go.jp/setsumei/images/property_ward.pdf
栢谷財産区,"岡山市, 岡山県",,,https://www.houjin-bangou.nta.go.jp/setsumei/images/property_ward.pdf
掛畑財産区,"岡山市, 岡山県",,,https://www.houjin-bangou.nta.go.jp/setsumei/images/property_ward.pdf
門田財産区,"岡山市, 岡山県",,,https://www.houjin-bangou.nta.go.jp/setsumei/images/property_ward.pdf
金岡財産区,"岡山市, 岡山県",,,https://www.houjin-bangou.nta.go.jp/setsumei/images/property_ward.pdf
金田財産区,"岡山市, 岡山県",,,https://www.houjin-bangou.nta.go.jp/setsumei/images/property_ward.pdf
金山寺財産区,"岡山市, 岡山県",,,https://www.houjin-bangou.nta.go.jp/setsumei/images/property_ward.pdf
上足守財産区,"岡山市, 岡山県",,,https://www.houjin-bangou.nta.go.jp/setsumei/images/property_ward.pdf
上阿知財産区,"岡山市, 岡山県",,,https://www.houjin-bangou.nta.go.jp/setsumei/images/property_ward.pdf
上出石財産区,"岡山市, 岡山県",,,https://www.houjin-bangou.nta.go.jp/setsumei/images/property_ward.pdf
上伊福財産区（上伊福村総持）,"岡山市, 岡山県",,,https://www.houjin-bangou.nta.go.jp/setsumei/images/property_ward.pdf
上伊福財産区（上伊福村外５ヶ村３２ヶ町）,"岡山市, 岡山県",,,https://www.houjin-bangou.nta.go.jp/setsumei/images/property_ward.pdf
上高田財産区,"岡山市, 岡山県",,,https://www.houjin-bangou.nta.go.jp/setsumei/images/property_ward.pdf
上建部財産区,"岡山市, 岡山県",,,https://www.houjin-bangou.nta.go.jp/setsumei/images/property_ward.pdf
上土田財産区,"岡山市, 岡山県",,,https://www.houjin-bangou.nta.go.jp/setsumei/images/property_ward.pdf
上中野財産区,"岡山市, 岡山県",,,https://www.houjin-bangou.nta.go.jp/setsumei/images/property_ward.pdf
加茂財産区,"岡山市, 岡山県",,,https://www.houjin-bangou.nta.go.jp/setsumei/images/property_ward.pdf
辛川市場財産区,"岡山市, 岡山県",,,https://www.houjin-bangou.nta.go.jp/setsumei/images/property_ward.pdf
辛川市場新町財産区,"岡山市, 岡山県",,,https://www.houjin-bangou.nta.go.jp/setsumei/images/property_ward.pdf
川入財産区,"岡山市, 岡山県",,,https://www.houjin-bangou.nta.go.jp/setsumei/images/property_ward.pdf
河原財産区,"岡山市, 岡山県",,,https://www.houjin-bangou.nta.go.jp/setsumei/images/property_ward.pdf
神崎町財産区,"岡山市, 岡山県",,,https://www.houjin-bangou.nta.go.jp/setsumei/images/property_ward.pdf
神崎町外１１財産区,"岡山市, 岡山県",,,https://www.houjin-bangou.nta.go.jp/setsumei/images/property_ward.pdf
神崎町外３財産区（乙子、東幸西、西幸西）,"岡山市, 岡山県",,,https://www.houjin-bangou.nta.go.jp/setsumei/images/property_ward.pdf
神崎町外８財産区,"岡山市, 岡山県",,,https://www.houjin-bangou.nta.go.jp/setsumei/images/property_ward.pdf
祇園財産区,"岡山市, 岡山県",,,https://www.houjin-bangou.nta.go.jp/setsumei/images/property_ward.pdf
北浦財産区,"岡山市, 岡山県",,,https://www.houjin-bangou.nta.go.jp/setsumei/images/property_ward.pdf
北方財産区,"岡山市, 岡山県",,,https://www.houjin-bangou.nta.go.jp/setsumei/images/property_ward.pdf
北幸田財産区,"岡山市, 岡山県",,,https://www.houjin-bangou.nta.go.jp/setsumei/images/property_ward.pdf
北幸田外３財産区（邑久郷、水門町、南水門町）,"岡山市, 岡山県",,,https://www.houjin-bangou.nta.go.jp/setsumei/images/property_ward.pdf
北幸田外３財産区（水門町、南水門町、東幸崎）,"岡山市, 岡山県",,,https://www.houjin-bangou.nta.go.jp/setsumei/images/property_ward.pdf
北長瀬財産区,"岡山市, 岡山県",,,https://www.houjin-bangou.nta.go.jp/setsumei/images/property_ward.pdf
君津外３ヶ村財産区（君津、升田、政津、豊田）,"岡山市, 岡山県",,,https://www.houjin-bangou.nta.go.jp/setsumei/images/property_ward.pdf
久々井財産区,"岡山市, 岡山県",,,https://www.houjin-bangou.nta.go.jp/setsumei/images/property_ward.pdf
草ヶ部財産区,"岡山市, 岡山県",,,https://www.houjin-bangou.nta.go.jp/setsumei/images/property_ward.pdf
九蟠財産区,"岡山市, 岡山県",,,https://www.houjin-bangou.nta.go.jp/setsumei/images/property_ward.pdf
久保財産区,"岡山市, 岡山県",,,https://www.houjin-bangou.nta.go.jp/setsumei/images/property_ward.pdf
久米財産区,"岡山市, 岡山県",,,https://www.houjin-bangou.nta.go.jp/setsumei/images/property_ward.pdf
倉田財産区,"岡山市, 岡山県",,,https://www.houjin-bangou.nta.go.jp/setsumei/images/property_ward.pdf
倉益財産区,"岡山市, 岡山県",,,https://www.houjin-bangou.nta.go.jp/setsumei/images/property_ward.pdf
鉄財産区,"岡山市, 岡山県",,,https://www.houjin-bangou.nta.go.jp/setsumei/images/property_ward.pdf
幸地崎財産区,"岡山市, 岡山県",,,https://www.houjin-bangou.nta.go.jp/setsumei/images/property_ward.pdf
首部財産区,"岡山市, 岡山県",,,https://www.houjin-bangou.nta.go.jp/setsumei/images/property_ward.pdf
河本町財産区,"岡山市, 岡山県",,,https://www.houjin-bangou.nta.go.jp/setsumei/images/property_ward.pdf
高野尻財産区,"岡山市, 岡山県",,,https://www.houjin-bangou.nta.go.jp/setsumei/images/property_ward.pdf
郡財産区,"岡山市, 岡山県",,,https://www.houjin-bangou.nta.go.jp/setsumei/images/property_ward.pdf
国府市場財産区,"岡山市, 岡山県",,,https://www.houjin-bangou.nta.go.jp/setsumei/images/property_ward.pdf
苔山財産区,"岡山市, 岡山県",,,https://www.houjin-bangou.nta.go.jp/setsumei/images/property_ward.pdf
古都宿財産区,"岡山市, 岡山県",,,https://www.houjin-bangou.nta.go.jp/setsumei/images/property_ward.pdf
古都宿、藤井、鉄財産区,"岡山市, 岡山県",,,https://www.houjin-bangou.nta.go.jp/setsumei/images/property_ward.pdf
古都南方財産区,"岡山市, 岡山県",,,https://www.houjin-bangou.nta.go.jp/setsumei/images/property_ward.pdf
小山財産区,"岡山市, 岡山県",,,https://www.houjin-bangou.nta.go.jp/setsumei/images/property_ward.pdf
才崎財産区,"岡山市, 岡山県",,,https://www.houjin-bangou.nta.go.jp/setsumei/images/property_ward.pdf
西大寺射越財産区,"岡山市, 岡山県",,,https://www.houjin-bangou.nta.go.jp/setsumei/images/property_ward.pdf
西大寺一宮財産区,"岡山市, 岡山県",,,https://www.houjin-bangou.nta.go.jp/setsumei/images/property_ward.pdf
西大寺五明財産区,"岡山市, 岡山県",,,https://www.houjin-bangou.nta.go.jp/setsumei/images/property_ward.pdf
西大寺財産区,"岡山市, 岡山県",,,https://www.houjin-bangou.nta.go.jp/setsumei/images/property_ward.pdf
西大寺新財産区,"岡山市, 岡山県",,,https://www.houjin-bangou.nta.go.jp/setsumei/images/property_ward.pdf
西大寺新地財産区,"岡山市, 岡山県",,,https://www.houjin-bangou.nta.go.jp/setsumei/images/property_ward.pdf
西大寺浜財産区,"岡山市, 岡山県",,,https://www.houjin-bangou.nta.go.jp/setsumei/images/property_ward.pdf
西大寺松崎財産区,"岡山市, 岡山県",,,https://www.houjin-bangou.nta.go.jp/setsumei/images/property_ward.pdf
西大寺門前財産区,"岡山市, 岡山県",,,https://www.houjin-bangou.nta.go.jp/setsumei/images/property_ward.pdf
栄町財産区,"岡山市, 岡山県",,,https://www.houjin-bangou.nta.go.jp/setsumei/images/property_ward.pdf
佐山財産区,"岡山市, 岡山県",,,https://www.houjin-bangou.nta.go.jp/setsumei/images/property_ward.pdf
沢田財産区,"岡山市, 岡山県",,,https://www.houjin-bangou.nta.go.jp/setsumei/images/property_ward.pdf
宍甘財産区,"岡山市, 岡山県",,,https://www.houjin-bangou.nta.go.jp/setsumei/images/property_ward.pdf
宍甘財産区（宍甘村）,"岡山市, 岡山県",,,https://www.houjin-bangou.nta.go.jp/setsumei/images/property_ward.pdf
宍甘財産区（宍甘の内本村、宿の内井寺）,"岡山市, 岡山県",,,https://www.houjin-bangou.nta.go.jp/setsumei/images/property_ward.pdf
四御神財産区,"岡山市, 岡山県",,,https://www.houjin-bangou.nta.go.jp/setsumei/images/property_ward.pdf
島田財産区,"岡山市, 岡山県",,,https://www.houjin-bangou.nta.go.jp/setsumei/images/property_ward.pdf
清水財産区,"岡山市, 岡山県",,,https://www.houjin-bangou.nta.go.jp/setsumei/images/property_ward.pdf
下足守財産区,"岡山市, 岡山県",,,https://www.houjin-bangou.nta.go.jp/setsumei/images/property_ward.pdf
下阿知財産区,"岡山市, 岡山県",,,https://www.houjin-bangou.nta.go.jp/setsumei/images/property_ward.pdf
下財産区,"岡山市, 岡山県",,,https://www.houjin-bangou.nta.go.jp/setsumei/images/property_ward.pdf
下谷財産区,"岡山市, 岡山県",,,https://www.houjin-bangou.nta.go.jp/setsumei/images/property_ward.pdf
下中野財産区,"岡山市, 岡山県",,,https://www.houjin-bangou.nta.go.jp/setsumei/images/property_ward.pdf
下中野西市財産区,"岡山市, 岡山県",,,https://www.houjin-bangou.nta.go.jp/setsumei/images/property_ward.pdf
下牧財産区（下牧村総持）,"岡山市, 岡山県",,,https://www.houjin-bangou.nta.go.jp/setsumei/images/property_ward.pdf
下牧財産区（下牧金山寺）,"岡山市, 岡山県",,,https://www.houjin-bangou.nta.go.jp/setsumei/images/property_ward.pdf
下牧財産区（大字下牧総持）,"岡山市, 岡山県",,,https://www.houjin-bangou.nta.go.jp/setsumei/images/property_ward.pdf
下牧財産区（下牧総持）,"岡山市, 岡山県",,,https://www.houjin-bangou.nta.go.jp/setsumei/images/property_ward.pdf
下牧財産区（金山寺村総持）,"岡山市, 岡山県",,,https://www.houjin-bangou.nta.go.jp/setsumei/images/property_ward.pdf
宿財産区,"岡山市, 岡山県",,,https://www.houjin-bangou.nta.go.jp/setsumei/images/property_ward.pdf
宿毛財産区,"岡山市, 岡山県",,,https://www.houjin-bangou.nta.go.jp/setsumei/images/property_ward.pdf
上道北方財産区,"岡山市, 岡山県",,,https://www.houjin-bangou.nta.go.jp/setsumei/images/property_ward.pdf
白石財産区,"岡山市, 岡山県",,,https://www.houjin-bangou.nta.go.jp/setsumei/images/property_ward.pdf
新庄上・新庄下財産区,"岡山市, 岡山県",,,https://www.houjin-bangou.nta.go.jp/setsumei/images/property_ward.pdf
新庄上財産区,"岡山市, 岡山県",,,https://www.houjin-bangou.nta.go.jp/setsumei/images/property_ward.pdf
新庄下財産区,"岡山市, 岡山県",,,https://www.houjin-bangou.nta.go.jp/setsumei/images/property_ward.pdf
新保財産区,"岡山市, 岡山県",,,https://www.houjin-bangou.nta.go.jp/setsumei/images/property_ward.pdf
新道財産区,"岡山市, 岡山県",,,https://www.houjin-bangou.nta.go.jp/setsumei/images/property_ward.pdf
水門町財産区,"岡山市, 岡山県",,,https://www.houjin-bangou.nta.go.jp/setsumei/images/property_ward.pdf
水門町外５財産区,"岡山市, 岡山県",,,https://www.houjin-bangou.nta.go.jp/setsumei/images/property_ward.pdf
洲崎財産区,"岡山市, 岡山県",,,https://www.houjin-bangou.nta.go.jp/setsumei/images/property_ward.pdf
西祖財産区,"岡山市, 岡山県",,,https://www.houjin-bangou.nta.go.jp/setsumei/images/property_ward.pdf
妹尾財産区,"岡山市, 岡山県",,,https://www.houjin-bangou.nta.go.jp/setsumei/images/property_ward.pdf
妹尾崎財産区,"岡山市, 岡山県",,,https://www.houjin-bangou.nta.go.jp/setsumei/images/property_ward.pdf
大安寺財産区（本村総持）,"岡山市, 岡山県",,,https://www.houjin-bangou.nta.go.jp/setsumei/images/property_ward.pdf
大安寺財産区（本村正野田組総持）,"岡山市, 岡山県",,,https://www.houjin-bangou.nta.go.jp/setsumei/images/property_ward.pdf
大供財産区,"岡山市, 岡山県",,,https://www.houjin-bangou.nta.go.jp/setsumei/images/property_ward.pdf
高島新屋敷財産区,"岡山市, 岡山県",,,https://www.houjin-bangou.nta.go.jp/setsumei/images/property_ward.pdf
高塚財産区,"岡山市, 岡山県",,,https://www.houjin-bangou.nta.go.jp/setsumei/images/property_ward.pdf
高野中山組財産区,"岡山市, 岡山県",,,https://www.houjin-bangou.nta.go.jp/setsumei/images/property_ward.pdf
高松田中財産区,"岡山市, 岡山県",,,https://www.houjin-bangou.nta.go.jp/setsumei/images/property_ward.pdf
高松原古才財産区,"岡山市, 岡山県",,,https://www.houjin-bangou.nta.go.jp/setsumei/images/property_ward.pdf
高屋財産区,"岡山市, 岡山県",,,https://www.houjin-bangou.nta.go.jp/setsumei/images/property_ward.pdf
竹田財産区,"岡山市, 岡山県",,,https://www.houjin-bangou.nta.go.jp/setsumei/images/property_ward.pdf
建部財産区,"岡山市, 岡山県",,,https://www.houjin-bangou.nta.go.jp/setsumei/images/property_ward.pdf
竹原財産区,"岡山市, 岡山県",,,https://www.houjin-bangou.nta.go.jp/setsumei/images/property_ward.pdf
立田財産区,"岡山市, 岡山県",,,https://www.houjin-bangou.nta.go.jp/setsumei/images/property_ward.pdf
田中外５財産区,"岡山市, 岡山県",,,https://www.houjin-bangou.nta.go.jp/setsumei/images/property_ward.pdf
谷尻財産区,"岡山市, 岡山県",,,https://www.houjin-bangou.nta.go.jp/setsumei/images/property_ward.pdf
玉柏財産区（玉柏村総持）,"岡山市, 岡山県",,,https://www.houjin-bangou.nta.go.jp/setsumei/images/property_ward.pdf
玉柏財産区（河本組）,"岡山市, 岡山県",,,https://www.houjin-bangou.nta.go.jp/setsumei/images/property_ward.pdf
玉柏財産区（平瀬組）,"岡山市, 岡山県",,,https://www.houjin-bangou.nta.go.jp/setsumei/images/property_ward.pdf
玉柏財産区（大字玉柏）,"岡山市, 岡山県",,,https://www.houjin-bangou.nta.go.jp/setsumei/images/property_ward.pdf
玉柏財産区（大字玉柏宮本組）,"岡山市, 岡山県",,,https://www.houjin-bangou.nta.go.jp/setsumei/images/property_ward.pdf
玉柏財産区（宮本組）,"岡山市, 岡山県",,,https://www.houjin-bangou.nta.go.jp/setsumei/images/property_ward.pdf
玉柏財産区（玉柏村の内河本組）,"岡山市, 岡山県",,,https://www.houjin-bangou.nta.go.jp/setsumei/images/property_ward.pdf
玉柏財産区（玉柏村の内宮本組）,"岡山市, 岡山県",,,https://www.houjin-bangou.nta.go.jp/setsumei/images/property_ward.pdf
玉柏財産区（玉柏宮本組）,"岡山市, 岡山県",,,https://www.houjin-bangou.nta.go.jp/setsumei/images/property_ward.pdf
玉柏財産区（玉柏平瀬組）,"岡山市, 岡山県",,,https://www.houjin-bangou.nta.go.jp/setsumei/images/property_ward.pdf
津島財産区（大字津島外６ヶ村４１ヶ町）,"岡山市, 岡山県",,,https://www.houjin-bangou.nta.go.jp/setsumei/images/property_ward.pdf
津島財産区（本村総持）,"岡山市, 岡山県",,,https://www.houjin-bangou.nta.go.jp/setsumei/images/property_ward.pdf
津島財産区（津島村総持）,"岡山市, 岡山県",,,https://www.houjin-bangou.nta.go.jp/setsumei/images/property_ward.pdf
津島財産区（市場奥坂総持）,"岡山市, 岡山県",,,https://www.houjin-bangou.nta.go.jp/setsumei/images/property_ward.pdf
津高財産区,"岡山市, 岡山県",,,https://www.houjin-bangou.nta.go.jp/setsumei/images/property_ward.pdf
土田財産区,"岡山市, 岡山県",,,https://www.houjin-bangou.nta.go.jp/setsumei/images/property_ward.pdf
津寺財産区,"岡山市, 岡山県",,,https://www.houjin-bangou.nta.go.jp/setsumei/images/property_ward.pdf
角山村財産区,"岡山市, 岡山県",,,https://www.houjin-bangou.nta.go.jp/setsumei/images/property_ward.pdf
寺山財産区,"岡山市, 岡山県",,,https://www.houjin-bangou.nta.go.jp/setsumei/images/property_ward.pdf
当新田財産区,"岡山市, 岡山県",,,https://www.houjin-bangou.nta.go.jp/setsumei/images/property_ward.pdf
十日市財産区,"岡山市, 岡山県",,,https://www.houjin-bangou.nta.go.jp/setsumei/images/property_ward.pdf
富崎財産区,"岡山市, 岡山県",,,https://www.houjin-bangou.nta.go.jp/setsumei/images/property_ward.pdf
富原組財産区,"岡山市, 岡山県",,,https://www.houjin-bangou.nta.go.jp/setsumei/images/property_ward.pdf
富原財産区,"岡山市, 岡山県",,,https://www.houjin-bangou.nta.go.jp/setsumei/images/property_ward.pdf
富吉財産区（本村）,"岡山市, 岡山県",,,https://www.houjin-bangou.nta.go.jp/setsumei/images/property_ward.pdf
富吉財産区（山内）,"岡山市, 岡山県",,,https://www.houjin-bangou.nta.go.jp/setsumei/images/property_ward.pdf
富吉財産区（風林）,"岡山市, 岡山県",,,https://www.houjin-bangou.nta.go.jp/setsumei/images/property_ward.pdf
富吉財産区（上風林）,"岡山市, 岡山県",,,https://www.houjin-bangou.nta.go.jp/setsumei/images/property_ward.pdf
富吉財産区（東ノ條）,"岡山市, 岡山県",,,https://www.houjin-bangou.nta.go.jp/setsumei/images/property_ward.pdf
豊田財産区,"岡山市, 岡山県",,,https://www.houjin-bangou.nta.go.jp/setsumei/images/property_ward.pdf
富田町財産区,"岡山市, 岡山県",,,https://www.houjin-bangou.nta.go.jp/setsumei/images/property_ward.pdf
中井財産区,"岡山市, 岡山県",,,https://www.houjin-bangou.nta.go.jp/setsumei/images/property_ward.pdf
長岡財産区,"岡山市, 岡山県",,,https://www.houjin-bangou.nta.go.jp/setsumei/images/property_ward.pdf
中尾財産区,"岡山市, 岡山県",,,https://www.houjin-bangou.nta.go.jp/setsumei/images/property_ward.pdf
中川町財産区,"岡山市, 岡山県",,,https://www.houjin-bangou.nta.go.jp/setsumei/images/property_ward.pdf
中島財産区,"岡山市, 岡山県",,,https://www.houjin-bangou.nta.go.jp/setsumei/images/property_ward.pdf
中仙道財産区,"岡山市, 岡山県",,,https://www.houjin-bangou.nta.go.jp/setsumei/images/property_ward.pdf
長利財産区（大字長利惣持）,"岡山市, 岡山県",,,https://www.houjin-bangou.nta.go.jp/setsumei/images/property_ward.pdf
長利財産区（南方外４ヶ部落惣持）,"岡山市, 岡山県",,,https://www.houjin-bangou.nta.go.jp/setsumei/images/property_ward.pdf
中野財産区,"岡山市, 岡山県",,,https://www.houjin-bangou.nta.go.jp/setsumei/images/property_ward.pdf
中牧財産区（字鄕組）,"岡山市, 岡山県",,,https://www.houjin-bangou.nta.go.jp/setsumei/images/property_ward.pdf
中牧財産区（大字中牧字鄕組惣持）,"岡山市, 岡山県",,,https://www.houjin-bangou.nta.go.jp/setsumei/images/property_ward.pdf
中牧財産区（鄕組）,"岡山市, 岡山県",,,https://www.houjin-bangou.nta.go.jp/setsumei/images/property_ward.pdf
中牧財産区（十谷組）,"岡山市, 岡山県",,,https://www.houjin-bangou.nta.go.jp/setsumei/images/property_ward.pdf
七日市財産区,"岡山市, 岡山県",,,https://www.houjin-bangou.nta.go.jp/setsumei/images/property_ward.pdf
楢津財産区,"岡山市, 岡山県",,,https://www.houjin-bangou.nta.go.jp/setsumei/images/property_ward.pdf
楢原財産区,"岡山市, 岡山県",,,https://www.houjin-bangou.nta.go.jp/setsumei/images/property_ward.pdf
西市財産区,"岡山市, 岡山県",,,https://www.houjin-bangou.nta.go.jp/setsumei/images/property_ward.pdf
西畦財産区,"岡山市, 岡山県",,,https://www.houjin-bangou.nta.go.jp/setsumei/images/property_ward.pdf
西片岡財産区,"岡山市, 岡山県",,,https://www.houjin-bangou.nta.go.jp/setsumei/images/property_ward.pdf
西辛川財産区,"岡山市, 岡山県",,,https://www.houjin-bangou.nta.go.jp/setsumei/images/property_ward.pdf
西川原財産区,"岡山市, 岡山県",,,https://www.houjin-bangou.nta.go.jp/setsumei/images/property_ward.pdf
西幸西財産区,"岡山市, 岡山県",,,https://www.houjin-bangou.nta.go.jp/setsumei/images/property_ward.pdf
西幸西外５財産区（東幸西、北幸田、水門町、南水門町、東幸崎）,"岡山市, 岡山県",,,https://www.houjin-bangou.nta.go.jp/setsumei/images/property_ward.pdf
西島田町財産区,"岡山市, 岡山県",,,https://www.houjin-bangou.nta.go.jp/setsumei/images/property_ward.pdf
西庄財産区,"岡山市, 岡山県",,,https://www.houjin-bangou.nta.go.jp/setsumei/images/property_ward.pdf
西中島町財産区,"岡山市, 岡山県",,,https://www.houjin-bangou.nta.go.jp/setsumei/images/property_ward.pdf
西平島財産区,"岡山市, 岡山県",,,https://www.houjin-bangou.nta.go.jp/setsumei/images/property_ward.pdf
西古松財産区,"岡山市, 岡山県",,,https://www.houjin-bangou.nta.go.jp/setsumei/images/property_ward.pdf
西山内財産区,"岡山市, 岡山県",,,https://www.houjin-bangou.nta.go.jp/setsumei/images/property_ward.pdf
日応寺財産区,"岡山市, 岡山県",,,https://www.houjin-bangou.nta.go.jp/setsumei/images/property_ward.pdf
庭瀬村外５ヶ村・下撫川村外２ヶ村財産区,"岡山市, 岡山県",,,https://www.houjin-bangou.nta.go.jp/setsumei/images/property_ward.pdf
沼財産区,"岡山市, 岡山県",,,https://www.houjin-bangou.nta.go.jp/setsumei/images/property_ward.pdf
納所財産区,"岡山市, 岡山県",,,https://www.houjin-bangou.nta.go.jp/setsumei/images/property_ward.pdf
野田財産区,"岡山市, 岡山県",,,https://www.houjin-bangou.nta.go.jp/setsumei/images/property_ward.pdf
野殿財産区,"岡山市, 岡山県",,,https://www.houjin-bangou.nta.go.jp/setsumei/images/property_ward.pdf
芳賀財産区,"岡山市, 岡山県",,,https://www.houjin-bangou.nta.go.jp/setsumei/images/property_ward.pdf
畑鮎財産区（大字玉柏平瀬組）,"岡山市, 岡山県",,,https://www.houjin-bangou.nta.go.jp/setsumei/images/property_ward.pdf
畑鮎財産区（畑組）,"岡山市, 岡山県",,,https://www.houjin-bangou.nta.go.jp/setsumei/images/property_ward.pdf
畑鮎財産区（大字金山寺）,"岡山市, 岡山県",,,https://www.houjin-bangou.nta.go.jp/setsumei/images/property_ward.pdf
畑鮎財産区（鮎帰組）,"岡山市, 岡山県",,,https://www.houjin-bangou.nta.go.jp/setsumei/images/property_ward.pdf
花尻財産区,"岡山市, 岡山県",,,https://www.houjin-bangou.nta.go.jp/setsumei/images/property_ward.pdf
原財産区,"岡山市, 岡山県",,,https://www.houjin-bangou.nta.go.jp/setsumei/images/property_ward.pdf
東片岡財産区,"岡山市, 岡山県",,,https://www.houjin-bangou.nta.go.jp/setsumei/images/property_ward.pdf
東川原財産区,"岡山市, 岡山県",,,https://www.houjin-bangou.nta.go.jp/setsumei/images/property_ward.pdf
東幸西西幸西財産区,"岡山市, 岡山県",,,https://www.houjin-bangou.nta.go.jp/setsumei/images/property_ward.pdf
東幸崎財産区,"岡山市, 岡山県",,,https://www.houjin-bangou.nta.go.jp/setsumei/images/property_ward.pdf
東幸崎南水門町財産区,"岡山市, 岡山県",,,https://www.houjin-bangou.nta.go.jp/setsumei/images/property_ward.pdf
東花尻財産区,"岡山市, 岡山県",,,https://www.houjin-bangou.nta.go.jp/setsumei/images/property_ward.pdf
東平島財産区,"岡山市, 岡山県",,,https://www.houjin-bangou.nta.go.jp/setsumei/images/property_ward.pdf
東古松財産区（東古松村総持）,"岡山市, 岡山県",,,https://www.houjin-bangou.nta.go.jp/setsumei/images/property_ward.pdf
東古松財産区（東古松村、西古松村総持）,"岡山市, 岡山県",,,https://www.houjin-bangou.nta.go.jp/setsumei/images/property_ward.pdf
東山内財産区,"岡山市, 岡山県",,,https://www.houjin-bangou.nta.go.jp/setsumei/images/property_ward.pdf
日近財産区,"岡山市, 岡山県",,,https://www.houjin-bangou.nta.go.jp/setsumei/images/property_ward.pdf
一日市財産区,"岡山市, 岡山県",,,https://www.houjin-bangou.nta.go.jp/setsumei/images/property_ward.pdf
日畑東組財産区,"岡山市, 岡山県",,,https://www.houjin-bangou.nta.go.jp/setsumei/images/property_ward.pdf
平田財産区,"岡山市, 岡山県",,,https://www.houjin-bangou.nta.go.jp/setsumei/images/property_ward.pdf
平野・延友・庭瀬財産区,"岡山市, 岡山県",,,https://www.houjin-bangou.nta.go.jp/setsumei/images/property_ward.pdf
広谷財産区,"岡山市, 岡山県",,,https://www.houjin-bangou.nta.go.jp/setsumei/images/property_ward.pdf
福島福富財産区,"岡山市, 岡山県",,,https://www.houjin-bangou.nta.go.jp/setsumei/images/property_ward.pdf
福泊財産区,"岡山市, 岡山県",,,https://www.houjin-bangou.nta.go.jp/setsumei/images/property_ward.pdf
福浜財産区,"岡山市, 岡山県",,,https://www.houjin-bangou.nta.go.jp/setsumei/images/property_ward.pdf
藤井財産区,"岡山市, 岡山県",,,https://www.houjin-bangou.nta.go.jp/setsumei/images/property_ward.pdf
真金村馬場財産区,"岡山市, 岡山県",,,https://www.houjin-bangou.nta.go.jp/setsumei/images/property_ward.pdf
真金村外６ヶ村財産区,"岡山市, 岡山県",,,https://www.houjin-bangou.nta.go.jp/setsumei/images/property_ward.pdf
間倉財産区,"岡山市, 岡山県",,,https://www.houjin-bangou.nta.go.jp/setsumei/images/property_ward.pdf
松新町財産区,"岡山市, 岡山県",,,https://www.houjin-bangou.nta.go.jp/setsumei/images/property_ward.pdf
真星財産区,"岡山市, 岡山県",,,https://www.houjin-bangou.nta.go.jp/setsumei/images/property_ward.pdf
円山財産区（円山、山崎総持）,"岡山市, 岡山県",,,https://www.houjin-bangou.nta.go.jp/setsumei/images/property_ward.pdf
円山財産区（円山村総持）,"岡山市, 岡山県",,,https://www.houjin-bangou.nta.go.jp/setsumei/images/property_ward.pdf
万成財産区（大字万成）,"岡山市, 岡山県",,,https://www.houjin-bangou.nta.go.jp/setsumei/images/property_ward.pdf
万成財産区（万成村外６ヶ村３８ヶ町）,"岡山市, 岡山県",,,https://www.houjin-bangou.nta.go.jp/setsumei/images/property_ward.pdf
万倍財産区,"岡山市, 岡山県",,,https://www.houjin-bangou.nta.go.jp/setsumei/images/property_ward.pdf
箕島財産区,"岡山市, 岡山県",,,https://www.houjin-bangou.nta.go.jp/setsumei/images/property_ward.pdf
三手財産区,"岡山市, 岡山県",,,https://www.houjin-bangou.nta.go.jp/setsumei/images/property_ward.pdf
三手・原古才・高松財産区,"岡山市, 岡山県",,,https://www.houjin-bangou.nta.go.jp/setsumei/images/property_ward.pdf
湊財産区,"岡山市, 岡山県",,,https://www.houjin-bangou.nta.go.jp/setsumei/images/property_ward.pdf
南方財産区,"岡山市, 岡山県",,,https://www.houjin-bangou.nta.go.jp/setsumei/images/property_ward.pdf
南古都財産区,"岡山市, 岡山県",,,https://www.houjin-bangou.nta.go.jp/setsumei/images/property_ward.pdf
南水門町財産区,"岡山市, 岡山県",,,https://www.houjin-bangou.nta.go.jp/setsumei/images/property_ward.pdf
三野財産区,"岡山市, 岡山県",,,https://www.houjin-bangou.nta.go.jp/setsumei/images/property_ward.pdf
宮内区財産区,"岡山市, 岡山県",,,https://www.houjin-bangou.nta.go.jp/setsumei/images/property_ward.pdf
宮浦財産区,"岡山市, 岡山県",,,https://www.houjin-bangou.nta.go.jp/setsumei/images/property_ward.pdf
海吉財産区,"岡山市, 岡山県",,,https://www.houjin-bangou.nta.go.jp/setsumei/images/property_ward.pdf
向条・下条財産区,"岡山市, 岡山県",,,https://www.houjin-bangou.nta.go.jp/setsumei/images/property_ward.pdf
牟佐財産区（牟佐、穂崎）,"岡山市, 岡山県",,,https://www.houjin-bangou.nta.go.jp/setsumei/images/property_ward.pdf
牟佐財産区（牟佐、馬屋、穂崎）,"岡山市, 岡山県",,,https://www.houjin-bangou.nta.go.jp/setsumei/images/property_ward.pdf
牟佐財産区（牟佐）,"岡山市, 岡山県",,,https://www.houjin-bangou.nta.go.jp/setsumei/images/property_ward.pdf
牟佐財産区（地蔵）,"岡山市, 岡山県",,,https://www.houjin-bangou.nta.go.jp/setsumei/images/property_ward.pdf
牟佐財産区（宍甘総持）,"岡山市, 岡山県",,,https://www.houjin-bangou.nta.go.jp/setsumei/images/property_ward.pdf
牟佐財産区（宍甘の内地蔵総持）,"岡山市, 岡山県",,,https://www.houjin-bangou.nta.go.jp/setsumei/images/property_ward.pdf
牟佐財産区（大久保）,"岡山市, 岡山県",,,https://www.houjin-bangou.nta.go.jp/setsumei/images/property_ward.pdf
目黒町財産区,"岡山市, 岡山県",,,https://www.houjin-bangou.nta.go.jp/setsumei/images/property_ward.pdf
元下撫川村外６ヶ村財産区,"岡山市, 岡山県",,,https://www.houjin-bangou.nta.go.jp/setsumei/images/property_ward.pdf
百枝月財産区,"岡山市, 岡山県",,,https://www.houjin-bangou.nta.go.jp/setsumei/images/property_ward.pdf
門前財産区,"岡山市, 岡山県",,,https://www.houjin-bangou.nta.go.jp/setsumei/images/property_ward.pdf
矢井財産区,"岡山市, 岡山県",,,https://www.houjin-bangou.nta.go.jp/setsumei/images/property_ward.pdf
矢坂財産区,"岡山市, 岡山県",,,https://www.houjin-bangou.nta.go.jp/setsumei/images/property_ward.pdf
矢津財産区（口矢津）,"岡山市, 岡山県",,,https://www.houjin-bangou.nta.go.jp/setsumei/images/property_ward.pdf
矢津財産区（奥矢津）,"岡山市, 岡山県",,,https://www.houjin-bangou.nta.go.jp/setsumei/images/property_ward.pdf
山科町財産区,"岡山市, 岡山県",,,https://www.houjin-bangou.nta.go.jp/setsumei/images/property_ward.pdf
山田財産区,"岡山市, 岡山県",,,https://www.houjin-bangou.nta.go.jp/setsumei/images/property_ward.pdf
山上財産区,"岡山市, 岡山県",,,https://www.houjin-bangou.nta.go.jp/setsumei/images/property_ward.pdf
湯迫財産区,"岡山市, 岡山県",,,https://www.houjin-bangou.nta.go.jp/setsumei/images/property_ward.pdf
横井上・田益財産区,"岡山市, 岡山県",,,https://www.houjin-bangou.nta.go.jp/setsumei/images/property_ward.pdf
横井上財産区,"岡山市, 岡山県",,,https://www.houjin-bangou.nta.go.jp/setsumei/images/property_ward.pdf
吉井財産区,"岡山市, 岡山県",,,https://www.houjin-bangou.nta.go.jp/setsumei/images/property_ward.pdf
吉財産区,"岡山市, 岡山県",,,https://www.houjin-bangou.nta.go.jp/setsumei/images/property_ward.pdf
吉田財産区,"岡山市, 岡山県",,,https://www.houjin-bangou.nta.go.jp/setsumei/images/property_ward.pdf
吉原財産区,"岡山市, 岡山県",,,https://www.houjin-bangou.nta.go.jp/setsumei/images/property_ward.pdf
米倉財産区,"岡山市, 岡山県",,,https://www.houjin-bangou.nta.go.jp/setsumei/images/property_ward.pdf
米田財産区,"岡山市, 岡山県",,,https://www.houjin-bangou.nta.go.jp/setsumei/images/property_ward.pdf
倉敷市酒津財産区,"倉敷市, 岡山県",,,https://www.houjin-bangou.nta.go.jp/setsumei/images/property_ward.pdf
倉敷市水江財産区,"倉敷市, 岡山県",,,https://www.houjin-bangou.nta.go.jp/setsumei/images/property_ward.pdf
倉敷市酒津・水江共有財産区,"倉敷市, 岡山県",,,https://www.houjin-bangou.nta.go.jp/setsumei/images/property_ward.pdf
倉敷市児島赤崎財産区,"倉敷市, 岡山県",,,https://www.houjin-bangou.nta.go.jp/setsumei/images/property_ward.pdf
倉敷市菰池財産区,"倉敷市, 岡山県",,,https://www.houjin-bangou.nta.go.jp/setsumei/images/property_ward.pdf
倉敷市児島通生財産区,"倉敷市, 岡山県",,,https://www.houjin-bangou.nta.go.jp/setsumei/images/property_ward.pdf
倉敷市児島味野財産区,"倉敷市, 岡山県",,,https://www.houjin-bangou.nta.go.jp/setsumei/images/property_ward.pdf
倉敷市児島柳田町財産区,"倉敷市, 岡山県",,,https://www.houjin-bangou.nta.go.jp/setsumei/images/property_ward.pdf
倉敷市木見財産区,"倉敷市, 岡山県",,,https://www.houjin-bangou.nta.go.jp/setsumei/images/property_ward.pdf
倉敷市尾原財産区,"倉敷市, 岡山県",,,https://www.houjin-bangou.nta.go.jp/setsumei/images/property_ward.pdf
倉敷市福江財産区,"倉敷市, 岡山県",,,https://www.houjin-bangou.nta.go.jp/setsumei/images/property_ward.pdf
倉敷市曾原財産区,"倉敷市, 岡山県",,,https://www.houjin-bangou.nta.go.jp/setsumei/images/property_ward.pdf
倉敷市串田財産区,"倉敷市, 岡山県",,,https://www.houjin-bangou.nta.go.jp/setsumei/images/property_ward.pdf
倉敷市尾原・児島上之町・児島下の町財産区,"倉敷市, 岡山県",,,https://www.houjin-bangou.nta.go.jp/setsumei/images/property_ward.pdf
倉敷市児島下の町財産区,"倉敷市, 岡山県",,,https://www.houjin-bangou.nta.go.jp/setsumei/images/property_ward.pdf
倉敷市児島上之町財産区,"倉敷市, 岡山県",,,https://www.houjin-bangou.nta.go.jp/setsumei/images/property_ward.pdf
倉敷市児島小川町財産区,"倉敷市, 岡山県",,,https://www.houjin-bangou.nta.go.jp/setsumei/images/property_ward.pdf
倉敷市児島稗田町財産区,"倉敷市, 岡山県",,,https://www.houjin-bangou.nta.go.jp/setsumei/images/property_ward.pdf
倉敷市児島稗田町・児島小川町財産区,"倉敷市, 岡山県",,,https://www.houjin-bangou.nta.go.jp/setsumei/images/property_ward.pdf
倉敷市児島上之町・児島下の町財産区,"倉敷市, 岡山県",,,https://www.houjin-bangou.nta.go.jp/setsumei/images/property_ward.pdf
倉敷市児島田の口・児島下の町・児島上之町財産区,"倉敷市, 岡山県",,,https://www.houjin-bangou.nta.go.jp/setsumei/images/property_ward.pdf
倉敷市児島由加財産区,"倉敷市, 岡山県",,,https://www.houjin-bangou.nta.go.jp/setsumei/images/property_ward.pdf
倉敷市児島塩生財産区,"倉敷市, 岡山県",,,https://www.houjin-bangou.nta.go.jp/setsumei/images/property_ward.pdf
倉敷市児島唐琴町財産区,"倉敷市, 岡山県",,,https://www.houjin-bangou.nta.go.jp/setsumei/images/property_ward.pdf
倉敷市児島田の口財産区,"倉敷市, 岡山県",,,https://www.houjin-bangou.nta.go.jp/setsumei/images/property_ward.pdf
倉敷市児島宇野津財産区,"倉敷市, 岡山県",,,https://www.houjin-bangou.nta.go.jp/setsumei/images/property_ward.pdf
倉敷市真備町箭田財産区,"倉敷市, 岡山県",,,https://www.houjin-bangou.nta.go.jp/setsumei/images/property_ward.pdf
倉敷市真備町薗財産区,"倉敷市, 岡山県",,,https://www.houjin-bangou.nta.go.jp/setsumei/images/property_ward.pdf
吉見山財産区,"津山市, 岡山県",,,https://www.houjin-bangou.nta.go.jp/setsumei/images/property_ward.pdf
大崎財産区,"津山市, 岡山県",,,https://www.houjin-bangou.nta.go.jp/setsumei/images/property_ward.pdf
田邑財産区,"津山市, 岡山県",,,https://www.houjin-bangou.nta.go.jp/setsumei/images/property_ward.pdf
高田財産区,"津山市, 岡山県",,,https://www.houjin-bangou.nta.go.jp/setsumei/images/property_ward.pdf
東一宮財産区,"津山市, 岡山県",,,https://www.houjin-bangou.nta.go.jp/setsumei/images/property_ward.pdf
河辺財産区,"津山市, 岡山県",,,https://www.houjin-bangou.nta.go.jp/setsumei/images/property_ward.pdf
第５財産区,"津山市, 岡山県",,,https://www.houjin-bangou.nta.go.jp/setsumei/images/property_ward.pdf
第９財産区,"津山市, 岡山県",,,https://www.houjin-bangou.nta.go.jp/setsumei/images/property_ward.pdf
佐良山財産区,"津山市, 岡山県",,,https://www.houjin-bangou.nta.go.jp/setsumei/images/property_ward.pdf
倭文中財産区,"津山市, 岡山県",,,https://www.houjin-bangou.nta.go.jp/setsumei/images/property_ward.pdf
桑下財産区,"津山市, 岡山県",,,https://www.houjin-bangou.nta.go.jp/setsumei/images/property_ward.pdf
宮部上宮部下中北下財産区,"津山市, 岡山県",,,https://www.houjin-bangou.nta.go.jp/setsumei/images/property_ward.pdf
大篠山財産区,"津山市, 岡山県",,,https://www.houjin-bangou.nta.go.jp/setsumei/images/property_ward.pdf
星田財産区,"井原市, 岡山県",,,https://www.houjin-bangou.nta.go.jp/setsumei/images/property_ward.pdf
西水砂財産区,"井原市, 岡山県",,,https://www.houjin-bangou.nta.go.jp/setsumei/images/property_ward.pdf
黒木財産区,"井原市, 岡山県",,,https://www.houjin-bangou.nta.go.jp/setsumei/images/property_ward.pdf
大倉財産区,"井原市, 岡山県",,,https://www.houjin-bangou.nta.go.jp/setsumei/images/property_ward.pdf
東水砂財産区,"井原市, 岡山県",,,https://www.houjin-bangou.nta.go.jp/setsumei/images/property_ward.pdf
宇戸財産区,"井原市, 岡山県",,,https://www.houjin-bangou.nta.go.jp/setsumei/images/property_ward.pdf
三山財産区,"井原市, 岡山県",,,https://www.houjin-bangou.nta.go.jp/setsumei/images/property_ward.pdf
越出財産区,"井原市, 岡山県",,,https://www.houjin-bangou.nta.go.jp/setsumei/images/property_ward.pdf
宇戸谷上財産区,"井原市, 岡山県",,,https://www.houjin-bangou.nta.go.jp/setsumei/images/property_ward.pdf
宇戸谷中財産区,"井原市, 岡山県",,,https://www.houjin-bangou.nta.go.jp/setsumei/images/property_ward.pdf
宇戸谷下財産区,"井原市, 岡山県",,,https://www.houjin-bangou.nta.go.jp/setsumei/images/property_ward.pdf
上高末財産区,"井原市, 岡山県",,,https://www.houjin-bangou.nta.go.jp/setsumei/images/property_ward.pdf
烏頭財産区,"井原市, 岡山県",,,https://www.houjin-bangou.nta.go.jp/setsumei/images/property_ward.pdf
加谷財産区,"井原市, 岡山県",,,https://www.houjin-bangou.nta.go.jp/setsumei/images/property_ward.pdf
八日市財産区,"井原市, 岡山県",,,https://www.houjin-bangou.nta.go.jp/setsumei/images/property_ward.pdf
三組財産区,"井原市, 岡山県",,,https://www.houjin-bangou.nta.go.jp/setsumei/images/property_ward.pdf
絵具那・中山財産区,"井原市, 岡山県",,,https://www.houjin-bangou.nta.go.jp/setsumei/images/property_ward.pdf
友成財産区,"井原市, 岡山県",,,https://www.houjin-bangou.nta.go.jp/setsumei/images/property_ward.pdf
黒萩財産区,"井原市, 岡山県",,,https://www.houjin-bangou.nta.go.jp/setsumei/images/property_ward.pdf
水名財産区,"井原市, 岡山県",,,https://www.houjin-bangou.nta.go.jp/setsumei/images/property_ward.pdf
六部落財産区,"井原市, 岡山県",,,https://www.houjin-bangou.nta.go.jp/setsumei/images/property_ward.pdf
巨瀬財産区,"高梁市, 岡山県",,,https://www.houjin-bangou.nta.go.jp/setsumei/images/property_ward.pdf
宇治財産区,"高梁市, 岡山県",,,https://www.houjin-bangou.nta.go.jp/setsumei/images/property_ward.pdf
有漢財産区,"高梁市, 岡山県",,,https://www.houjin-bangou.nta.go.jp/setsumei/images/property_ward.pdf
豊永財産区,"新見市, 岡山県",,,https://www.houjin-bangou.nta.go.jp/setsumei/images/property_ward.pdf
萬歳財産区,"新見市, 岡山県",,,https://www.houjin-bangou.nta.go.jp/setsumei/images/property_ward.pdf
三石財産区,"備前市, 岡山県",,,https://www.houjin-bangou.nta.go.jp/setsumei/images/property_ward.pdf
三国地区財産区,"備前市, 岡山県",,,https://www.houjin-bangou.nta.go.jp/setsumei/images/property_ward.pdf
周匝財産区,"赤磐市, 岡山県",,,https://www.houjin-bangou.nta.go.jp/setsumei/images/property_ward.pdf
山方財産区,"赤磐市, 岡山県",,,https://www.houjin-bangou.nta.go.jp/setsumei/images/property_ward.pdf
佐伯北財産区,"赤磐市, 岡山県",,,https://www.houjin-bangou.nta.go.jp/setsumei/images/property_ward.pdf
粟井財産区,"美作市, 岡山県",,,https://www.houjin-bangou.nta.go.jp/setsumei/images/property_ward.pdf
益坂財産区,"浅口市, 岡山県",,,https://www.houjin-bangou.nta.go.jp/setsumei/images/property_ward.pdf
日笠地区財産区,"和気郡和気町, 岡山県",,,https://www.houjin-bangou.nta.go.jp/setsumei/images/property_ward.pdf
塩田地区財産区,"和気郡和気町, 岡山県",,,https://www.houjin-bangou.nta.go.jp/setsumei/images/property_ward.pdf
山田地区財産区,"和気郡和気町, 岡山県",,,https://www.houjin-bangou.nta.go.jp/setsumei/images/property_ward.pdf
矢田・南山方財産区,"和気郡和気町, 岡山県",,,https://www.houjin-bangou.nta.go.jp/setsumei/images/property_ward.pdf
奥塩田財産区,"和気郡和気町, 岡山県",,,https://www.houjin-bangou.nta.go.jp/setsumei/images/property_ward.pdf
美川財産区,"小田郡矢掛町, 岡山県",,,https://www.houjin-bangou.nta.go.jp/setsumei/images/property_ward.pdf
東三成財産区,"小田郡矢掛町, 岡山県",,,https://www.houjin-bangou.nta.go.jp/setsumei/images/property_ward.pdf
横谷財産区,"小田郡矢掛町, 岡山県",,,https://www.houjin-bangou.nta.go.jp/setsumei/images/property_ward.pdf
山田財産区,"小田郡矢掛町, 岡山県",,,https://www.houjin-bangou.nta.go.jp/setsumei/images/property_ward.pdf
里山田財産区,"小田郡矢掛町, 岡山県",,,https://www.houjin-bangou.nta.go.jp/setsumei/images/property_ward.pdf
南山田財産区,"小田郡矢掛町, 岡山県",,,https://www.houjin-bangou.nta.go.jp/setsumei/images/property_ward.pdf
中財産区,"小田郡矢掛町, 岡山県",,,https://www.houjin-bangou.nta.go.jp/setsumei/images/property_ward.pdf
川面財産区,"小田郡矢掛町, 岡山県",,,https://www.houjin-bangou.nta.go.jp/setsumei/images/property_ward.pdf
宇内財産区,"小田郡矢掛町, 岡山県",,,https://www.houjin-bangou.nta.go.jp/setsumei/images/property_ward.pdf
西川面上財産区,"小田郡矢掛町, 岡山県",,,https://www.houjin-bangou.nta.go.jp/setsumei/images/property_ward.pdf
西川面下財産区,"小田郡矢掛町, 岡山県",,,https://www.houjin-bangou.nta.go.jp/setsumei/images/property_ward.pdf
中川財産区,"小田郡矢掛町, 岡山県",,,https://www.houjin-bangou.nta.go.jp/setsumei/images/property_ward.pdf
小田財産区,"小田郡矢掛町, 岡山県",,,https://www.houjin-bangou.nta.go.jp/setsumei/images/property_ward.pdf
小林財産区,"小田郡矢掛町, 岡山県",,,https://www.houjin-bangou.nta.go.jp/setsumei/images/property_ward.pdf
西三成財産区,"小田郡矢掛町, 岡山県",,,https://www.houjin-bangou.nta.go.jp/setsumei/images/property_ward.pdf
東川面財産区,"小田郡矢掛町, 岡山県",,,https://www.houjin-bangou.nta.go.jp/setsumei/images/property_ward.pdf
鏡野町財産区第１区,"苫田郡鏡野町, 岡山県",,,https://www.houjin-bangou.nta.go.jp/setsumei/images/property_ward.pdf
鏡野町財産区第２区,"苫田郡鏡野町, 岡山県",,,https://www.houjin-bangou.nta.go.jp/setsumei/images/property_ward.pdf
鏡野町財産区第３区,"苫田郡鏡野町, 岡山県",,,https://www.houjin-bangou.nta.go.jp/setsumei/images/property_ward.pdf
鏡野町財産区第４区,"苫田郡鏡野町, 岡山県",,,https://www.houjin-bangou.nta.go.jp/setsumei/images/property_ward.pdf
鏡野町財産区第５区,"苫田郡鏡野町, 岡山県",,,https://www.houjin-bangou.nta.go.jp/setsumei/images/property_ward.pdf
鏡野町財産区第６区,"苫田郡鏡野町, 岡山県",,,https://www.houjin-bangou.nta.go.jp/setsumei/images/property_ward.pdf
鏡野町財産区第７区,"苫田郡鏡野町, 岡山県",,,https://www.houjin-bangou.nta.go.jp/setsumei/images/property_ward.pdf
上齋原財産区,"苫田郡鏡野町, 岡山県",,,https://www.houjin-bangou.nta.go.jp/setsumei/images/property_ward.pdf
奥津財産区,"苫田郡鏡野町, 岡山県",,,https://www.houjin-bangou.nta.go.jp/setsumei/images/property_ward.pdf
羽出財産区,"苫田郡鏡野町, 岡山県",,,https://www.houjin-bangou.nta.go.jp/setsumei/images/property_ward.pdf
富財産区,"苫田郡鏡野町, 岡山県",,,https://www.houjin-bangou.nta.go.jp/setsumei/images/property_ward.pdf
柿財産区,"勝田郡奈義町, 岡山県",,,https://www.houjin-bangou.nta.go.jp/setsumei/images/property_ward.pdf
豊並財産区,"勝田郡奈義町, 岡山県",,,https://www.houjin-bangou.nta.go.jp/setsumei/images/property_ward.pdf
豊田財産区,"勝田郡奈義町, 岡山県",,,https://www.houjin-bangou.nta.go.jp/setsumei/images/property_ward.pdf
美咲町倭文西財産区,"久米郡美咲町, 岡山県",,,https://www.houjin-bangou.nta.go.jp/setsumei/images/property_ward.pdf
美咲町江与味財産区,"久米郡美咲町, 岡山県",,,https://www.houjin-bangou.nta.go.jp/setsumei/images/property_ward.pdf
津賀財産区,"加賀郡吉備中央町, 岡山県",,,https://www.houjin-bangou.nta.go.jp/setsumei/images/property_ward.pdf
円城財産区,"加賀郡吉備中央町, 岡山県",,,https://www.houjin-bangou.nta.go.jp/setsumei/images/property_ward.pdf
新山財産区,"加賀郡吉備中央町, 岡山県",,,https://www.houjin-bangou.nta.go.jp/setsumei/images/property_ward.pdf
吉川財産区,"加賀郡吉備中央町, 岡山県",,,https://www.houjin-bangou.nta.go.jp/setsumei/images/property_ward.pdf
大和財産区,"加賀郡吉備中央町, 岡山県",,,https://www.houjin-bangou.nta.go.jp/setsumei/images/property_ward.pdf
賀陽財産区,"加賀郡吉備中央町, 岡山県",,,https://www.houjin-bangou.nta.go.jp/setsumei/images/property_ward.pdf
小河内財産区,"広島市, 広島県",,,https://www.houjin-bangou.nta.go.jp/setsumei/images/property_ward.pdf
三入財産区,"広島市, 広島県",,,https://www.houjin-bangou.nta.go.jp/setsumei/images/property_ward.pdf
緑井財産区,"広島市, 広島県",,,https://www.houjin-bangou.nta.go.jp/setsumei/images/property_ward.pdf
高南財産区,"広島市, 広島県",,,https://www.houjin-bangou.nta.go.jp/setsumei/images/property_ward.pdf
元宇品町財産区,"広島市, 広島県",,,https://www.houjin-bangou.nta.go.jp/setsumei/images/property_ward.pdf
砂谷財産区,"広島市, 広島県",,,https://www.houjin-bangou.nta.go.jp/setsumei/images/property_ward.pdf
石原浦外五ヶ浦共有地財産区,"呉市, 広島県",,,https://www.houjin-bangou.nta.go.jp/setsumei/images/property_ward.pdf
石原浦外八ヶ浦共有地財産区,"呉市, 広島県",,,https://www.houjin-bangou.nta.go.jp/setsumei/images/property_ward.pdf
三原市東町財産区,"三原市, 広島県",,,https://www.houjin-bangou.nta.go.jp/setsumei/images/property_ward.pdf
三原市中之町財産区,"三原市, 広島県",,,https://www.houjin-bangou.nta.go.jp/setsumei/images/property_ward.pdf
三原市沼田西町松江財産区,"三原市, 広島県",,,https://www.houjin-bangou.nta.go.jp/setsumei/images/property_ward.pdf
三原市小泉町財産区,"三原市, 広島県",,,https://www.houjin-bangou.nta.go.jp/setsumei/images/property_ward.pdf
三原市本郷町本郷財産区,"三原市, 広島県",,,https://www.houjin-bangou.nta.go.jp/setsumei/images/property_ward.pdf
三原市本郷町船木財産区,"三原市, 広島県",,,https://www.houjin-bangou.nta.go.jp/setsumei/images/property_ward.pdf
三原市本郷町北方財産区,"三原市, 広島県",,,https://www.houjin-bangou.nta.go.jp/setsumei/images/property_ward.pdf
福山市山野財産区,"福山市, 広島県",,,https://www.houjin-bangou.nta.go.jp/setsumei/images/property_ward.pdf
福山市広瀬財産区,"福山市, 広島県",,,https://www.houjin-bangou.nta.go.jp/setsumei/images/property_ward.pdf
福山市下加茂財産区,"福山市, 広島県",,,https://www.houjin-bangou.nta.go.jp/setsumei/images/property_ward.pdf
福山市神村町財産区,"福山市, 広島県",,,https://www.houjin-bangou.nta.go.jp/setsumei/images/property_ward.pdf
福山市柳津町財産区,"福山市, 広島県",,,https://www.houjin-bangou.nta.go.jp/setsumei/images/property_ward.pdf
福山市戸手財産区,"福山市, 広島県",,,https://www.houjin-bangou.nta.go.jp/setsumei/images/property_ward.pdf
福山市新市財産区,"福山市, 広島県",,,https://www.houjin-bangou.nta.go.jp/setsumei/images/property_ward.pdf
福山市相方財産区,"福山市, 広島県",,,https://www.houjin-bangou.nta.go.jp/setsumei/images/property_ward.pdf
福山市宮内財産区,"福山市, 広島県",,,https://www.houjin-bangou.nta.go.jp/setsumei/images/property_ward.pdf
福山市下安井財産区,"福山市, 広島県",,,https://www.houjin-bangou.nta.go.jp/setsumei/images/property_ward.pdf
福山市上安井財産区,"福山市, 広島県",,,https://www.houjin-bangou.nta.go.jp/setsumei/images/property_ward.pdf
福山市神辺財産区,"福山市, 広島県",,,https://www.houjin-bangou.nta.go.jp/setsumei/images/property_ward.pdf
福山市竹尋財産区,"福山市, 広島県",,,https://www.houjin-bangou.nta.go.jp/setsumei/images/property_ward.pdf
福山市中条財産区,"福山市, 広島県",,,https://www.houjin-bangou.nta.go.jp/setsumei/images/property_ward.pdf
福山市向永谷大橋近田財産区,"福山市, 広島県",,,https://www.houjin-bangou.nta.go.jp/setsumei/images/property_ward.pdf
福山市向永谷財産区,"福山市, 広島県",,,https://www.houjin-bangou.nta.go.jp/setsumei/images/property_ward.pdf
福山市上山守財産区,"福山市, 広島県",,,https://www.houjin-bangou.nta.go.jp/setsumei/images/property_ward.pdf
福山市法成寺財産区,"福山市, 広島県",,,https://www.houjin-bangou.nta.go.jp/setsumei/images/property_ward.pdf
福山市法成寺西組財産区,"福山市, 広島県",,,https://www.houjin-bangou.nta.go.jp/setsumei/images/property_ward.pdf
福山市大橋財産区,"福山市, 広島県",,,https://www.houjin-bangou.nta.go.jp/setsumei/images/property_ward.pdf
福山市今岡山財産区,"福山市, 広島県",,,https://www.houjin-bangou.nta.go.jp/setsumei/images/property_ward.pdf
福山市万能倉財産区,"福山市, 広島県",,,https://www.houjin-bangou.nta.go.jp/setsumei/images/property_ward.pdf
府中市鵜飼町財産区,"府中市, 広島県",,,https://www.houjin-bangou.nta.go.jp/setsumei/images/property_ward.pdf
府中市元町財産区,"府中市, 広島県",,,https://www.houjin-bangou.nta.go.jp/setsumei/images/property_ward.pdf
府中市本山町財産区,"府中市, 広島県",,,https://www.houjin-bangou.nta.go.jp/setsumei/images/property_ward.pdf
府中市栗柄町財産区,"府中市, 広島県",,,https://www.houjin-bangou.nta.go.jp/setsumei/images/property_ward.pdf
府中市平井組財産区,"府中市, 広島県",,,https://www.houjin-bangou.nta.go.jp/setsumei/images/property_ward.pdf
府中市登呂茂組財産区,"府中市, 広島県",,,https://www.houjin-bangou.nta.go.jp/setsumei/images/property_ward.pdf
府中市鴫谷組財産区,"府中市, 広島県",,,https://www.houjin-bangou.nta.go.jp/setsumei/images/property_ward.pdf
府中市加谷中柴美土路財産区,"府中市, 広島県",,,https://www.houjin-bangou.nta.go.jp/setsumei/images/property_ward.pdf
府中市名字谷組財産区,"府中市, 広島県",,,https://www.houjin-bangou.nta.go.jp/setsumei/images/property_ward.pdf
府中市大門岡谷組財産区,"府中市, 広島県",,,https://www.houjin-bangou.nta.go.jp/setsumei/images/property_ward.pdf
府中市戸木組財産区,"府中市, 広島県",,,https://www.houjin-bangou.nta.go.jp/setsumei/images/property_ward.pdf
府中市肥地屋美土路組財産区,"府中市, 広島県",,,https://www.houjin-bangou.nta.go.jp/setsumei/images/property_ward.pdf
府中市加谷組財産区,"府中市, 広島県",,,https://www.houjin-bangou.nta.go.jp/setsumei/images/property_ward.pdf
府中市用土組財産区,"府中市, 広島県",,,https://www.houjin-bangou.nta.go.jp/setsumei/images/property_ward.pdf
府中市高木町財産区,"府中市, 広島県",,,https://www.houjin-bangou.nta.go.jp/setsumei/images/property_ward.pdf
府中市父石前原組財産区,"府中市, 広島県",,,https://www.houjin-bangou.nta.go.jp/setsumei/images/property_ward.pdf
府中市父石下丈前原組財産区,"府中市, 広島県",,,https://www.houjin-bangou.nta.go.jp/setsumei/images/property_ward.pdf
府中市父石上丈組財産区,"府中市, 広島県",,,https://www.houjin-bangou.nta.go.jp/setsumei/images/property_ward.pdf
府中市父石上丈神田組財産区,"府中市, 広島県",,,https://www.houjin-bangou.nta.go.jp/setsumei/images/property_ward.pdf
府中市父石神田組財産区,"府中市, 広島県",,,https://www.houjin-bangou.nta.go.jp/setsumei/images/property_ward.pdf
府中市父石神田前原川崎下丈上丈組財産区,"府中市, 広島県",,,https://www.houjin-bangou.nta.go.jp/setsumei/images/property_ward.pdf
府中市父石下丈組財産区,"府中市, 広島県",,,https://www.houjin-bangou.nta.go.jp/setsumei/images/property_ward.pdf
府中市父石僧殿組財産区,"府中市, 広島県",,,https://www.houjin-bangou.nta.go.jp/setsumei/images/property_ward.pdf
府中市上山町財産区,"府中市, 広島県",,,https://www.houjin-bangou.nta.go.jp/setsumei/images/property_ward.pdf
府中市元目崎村外三ケ村組財産区,"府中市, 広島県",,,https://www.houjin-bangou.nta.go.jp/setsumei/images/property_ward.pdf
府中市元父石村外三ケ村組財産区,"府中市, 広島県",,,https://www.houjin-bangou.nta.go.jp/setsumei/images/property_ward.pdf
府中市父石川崎組財産区,"府中市, 広島県",,,https://www.houjin-bangou.nta.go.jp/setsumei/images/property_ward.pdf
府中市河南町財産区,"府中市, 広島県",,,https://www.houjin-bangou.nta.go.jp/setsumei/images/property_ward.pdf
府中市河面町財産区,"府中市, 広島県",,,https://www.houjin-bangou.nta.go.jp/setsumei/images/property_ward.pdf
府中市僧殿町財産区,"府中市, 広島県",,,https://www.houjin-bangou.nta.go.jp/setsumei/images/property_ward.pdf
府中市中柴組財産区,"府中市, 広島県",,,https://www.houjin-bangou.nta.go.jp/setsumei/images/property_ward.pdf
府中市四日市組財産区,"府中市, 広島県",,,https://www.houjin-bangou.nta.go.jp/setsumei/images/property_ward.pdf
府中市後別当岡本組財産区,"府中市, 広島県",,,https://www.houjin-bangou.nta.go.jp/setsumei/images/property_ward.pdf
府中市野田山組財産区,"府中市, 広島県",,,https://www.houjin-bangou.nta.go.jp/setsumei/images/property_ward.pdf
府中市後別当組財産区,"府中市, 広島県",,,https://www.houjin-bangou.nta.go.jp/setsumei/images/property_ward.pdf
府中市後別当谷組財産区,"府中市, 広島県",,,https://www.houjin-bangou.nta.go.jp/setsumei/images/property_ward.pdf
府中市竜脇組財産区,"府中市, 広島県",,,https://www.houjin-bangou.nta.go.jp/setsumei/images/property_ward.pdf
府中市加谷中柴組財産区,"府中市, 広島県",,,https://www.houjin-bangou.nta.go.jp/setsumei/images/property_ward.pdf
府中市美土路組財産区,"府中市, 広島県",,,https://www.houjin-bangou.nta.go.jp/setsumei/images/property_ward.pdf
府中市用土城山組財産区,"府中市, 広島県",,,https://www.houjin-bangou.nta.go.jp/setsumei/images/property_ward.pdf
府中市横見組財産区,"府中市, 広島県",,,https://www.houjin-bangou.nta.go.jp/setsumei/images/property_ward.pdf
府中市用土高尾組財産区,"府中市, 広島県",,,https://www.houjin-bangou.nta.go.jp/setsumei/images/property_ward.pdf
府中市河南上組千足組財産区,"府中市, 広島県",,,https://www.houjin-bangou.nta.go.jp/setsumei/images/property_ward.pdf
府中市僧殿下組財産区,"府中市, 広島県",,,https://www.houjin-bangou.nta.go.jp/setsumei/images/property_ward.pdf
府中市僧殿中組下組財産区,"府中市, 広島県",,,https://www.houjin-bangou.nta.go.jp/setsumei/images/property_ward.pdf
庄原市下原財産区,"庄原市, 広島県",,,https://www.houjin-bangou.nta.go.jp/setsumei/images/property_ward.pdf
庄原市比和財産区,"庄原市, 広島県",,,https://www.houjin-bangou.nta.go.jp/setsumei/images/property_ward.pdf
小方財産区,"大竹市, 広島県",,,https://www.houjin-bangou.nta.go.jp/setsumei/images/property_ward.pdf
玖波財産区,"大竹市, 広島県",,,https://www.houjin-bangou.nta.go.jp/setsumei/images/property_ward.pdf
松ケ原財産区,"大竹市, 広島県",,,https://www.houjin-bangou.nta.go.jp/setsumei/images/property_ward.pdf
東広島市原財産区,"東広島市, 広島県",,,https://www.houjin-bangou.nta.go.jp/setsumei/images/property_ward.pdf
東広島市川上財産区,"東広島市, 広島県",,,https://www.houjin-bangou.nta.go.jp/setsumei/images/property_ward.pdf
東広島市吉川財産区,"東広島市, 広島県",,,https://www.houjin-bangou.nta.go.jp/setsumei/images/property_ward.pdf
東広島市下見財産区,"東広島市, 広島県",,,https://www.houjin-bangou.nta.go.jp/setsumei/images/property_ward.pdf
東広島市郷田財産区,"東広島市, 広島県",,,https://www.houjin-bangou.nta.go.jp/setsumei/images/property_ward.pdf
東広島市板城財産区,"東広島市, 広島県",,,https://www.houjin-bangou.nta.go.jp/setsumei/images/property_ward.pdf
東広島市下三永財産区,"東広島市, 広島県",,,https://www.houjin-bangou.nta.go.jp/setsumei/images/property_ward.pdf
東広島市西高屋財産区,"東広島市, 広島県",,,https://www.houjin-bangou.nta.go.jp/setsumei/images/property_ward.pdf
東広島市造賀財産区,"東広島市, 広島県",,,https://www.houjin-bangou.nta.go.jp/setsumei/images/property_ward.pdf
東広島市入野財産区,"東広島市, 広島県",,,https://www.houjin-bangou.nta.go.jp/setsumei/images/property_ward.pdf
東広島市板城西財産区,"東広島市, 広島県",,,https://www.houjin-bangou.nta.go.jp/setsumei/images/property_ward.pdf
東広島市志和財産区,"東広島市, 広島県",,,https://www.houjin-bangou.nta.go.jp/setsumei/images/property_ward.pdf
東広島市東志和財産区,"東広島市, 広島県",,,https://www.houjin-bangou.nta.go.jp/setsumei/images/property_ward.pdf
東広島市西志和財産区,"東広島市, 広島県",,,https://www.houjin-bangou.nta.go.jp/setsumei/images/property_ward.pdf
東広島市志和堀財産区,"東広島市, 広島県",,,https://www.houjin-bangou.nta.go.jp/setsumei/images/property_ward.pdf
東広島市御薗宇財産区,"東広島市, 広島県",,,https://www.houjin-bangou.nta.go.jp/setsumei/images/property_ward.pdf
東広島市上三永財産区,"東広島市, 広島県",,,https://www.houjin-bangou.nta.go.jp/setsumei/images/property_ward.pdf
東広島市白市財産区,"東広島市, 広島県",,,https://www.houjin-bangou.nta.go.jp/setsumei/images/property_ward.pdf
東広島市小谷財産区,"東広島市, 広島県",,,https://www.houjin-bangou.nta.go.jp/setsumei/images/property_ward.pdf
東広島市久芳財産区,"東広島市, 広島県",,,https://www.houjin-bangou.nta.go.jp/setsumei/images/property_ward.pdf
東広島市竹仁財産区,"東広島市, 広島県",,,https://www.houjin-bangou.nta.go.jp/setsumei/images/property_ward.pdf
吉田町吉田財産区,"安芸高田市, 広島県",,,https://www.houjin-bangou.nta.go.jp/setsumei/images/property_ward.pdf
吉田町中馬財産区,"安芸高田市, 広島県",,,https://www.houjin-bangou.nta.go.jp/setsumei/images/property_ward.pdf
美土里町横田財産区,"安芸高田市, 広島県",,,https://www.houjin-bangou.nta.go.jp/setsumei/images/property_ward.pdf
美土里町本郷財産区,"安芸高田市, 広島県",,,https://www.houjin-bangou.nta.go.jp/setsumei/images/property_ward.pdf
美土里町北財産区,"安芸高田市, 広島県",,,https://www.houjin-bangou.nta.go.jp/setsumei/images/property_ward.pdf
高宮町来原財産区,"安芸高田市, 広島県",,,https://www.houjin-bangou.nta.go.jp/setsumei/images/property_ward.pdf
高宮町船佐財産区,"安芸高田市, 広島県",,,https://www.houjin-bangou.nta.go.jp/setsumei/images/property_ward.pdf
高宮町川根財産区,"安芸高田市, 広島県",,,https://www.houjin-bangou.nta.go.jp/setsumei/images/property_ward.pdf
向原町坂財産区,"安芸高田市, 広島県",,,https://www.houjin-bangou.nta.go.jp/setsumei/images/property_ward.pdf
戸河内町内黒山財産区,"山県郡安芸太田町, 広島県",,,https://www.houjin-bangou.nta.go.jp/setsumei/images/property_ward.pdf
安芸太田町筒賀財産区,"山県郡安芸太田町, 広島県",,,https://www.houjin-bangou.nta.go.jp/setsumei/images/property_ward.pdf
千代田町本地財産区,"山県郡北広島町, 広島県",,,https://www.houjin-bangou.nta.go.jp/setsumei/images/property_ward.pdf
北広島町芸北財産区,"山県郡北広島町, 広島県",,,https://www.houjin-bangou.nta.go.jp/setsumei/images/property_ward.pdf
世羅町大字津口財産区,"世羅郡世羅町, 広島県",,,https://www.houjin-bangou.nta.go.jp/setsumei/images/property_ward.pdf
油木財産区,"神石郡神石高原町, 広島県",,,https://www.houjin-bangou.nta.go.jp/setsumei/images/property_ward.pdf
来見財産区,"神石郡神石高原町, 広島県",,,https://www.houjin-bangou.nta.go.jp/setsumei/images/property_ward.pdf
山口市宮野財産区,"山口市, 山口県",,,https://www.houjin-bangou.nta.go.jp/setsumei/images/property_ward.pdf
柳井市伊保庄財産区,"柳井市, 山口県",,,https://www.houjin-bangou.nta.go.jp/setsumei/images/property_ward.pdf
鳴門市瀬戸町北泊財産区,"鳴門市, 徳島県",,,https://www.houjin-bangou.nta.go.jp/setsumei/images/property_ward.pdf
加茂谷財産区,"阿南市, 徳島県",,,https://www.houjin-bangou.nta.go.jp/setsumei/images/property_ward.pdf
伊島財産区,"阿南市, 徳島県",,,https://www.houjin-bangou.nta.go.jp/setsumei/images/property_ward.pdf
椿泊財産区,"阿南市, 徳島県",,,https://www.houjin-bangou.nta.go.jp/setsumei/images/property_ward.pdf
福井財産区,"阿南市, 徳島県",,,https://www.houjin-bangou.nta.go.jp/setsumei/images/property_ward.pdf
阿南市新野財産区,"阿南市, 徳島県",,,https://www.houjin-bangou.nta.go.jp/setsumei/images/property_ward.pdf
御所財産区,"阿波市, 徳島県",,,https://www.houjin-bangou.nta.go.jp/setsumei/images/property_ward.pdf
犬墓財産区,"阿波市, 徳島県",,,https://www.houjin-bangou.nta.go.jp/setsumei/images/property_ward.pdf
太刀野財産区,"三好市, 徳島県",,,https://www.houjin-bangou.nta.go.jp/setsumei/images/property_ward.pdf
井内財産区,"三好市, 徳島県",,,https://www.houjin-bangou.nta.go.jp/setsumei/images/property_ward.pdf
上勝町高鉾財産区,"勝浦郡上勝町, 徳島県",,,https://www.houjin-bangou.nta.go.jp/setsumei/images/property_ward.pdf
相生財産区,"那賀郡那賀町, 徳島県",,,https://www.houjin-bangou.nta.go.jp/setsumei/images/property_ward.pdf
赤河内財産区,"海部郡美波町, 徳島県",,,https://www.houjin-bangou.nta.go.jp/setsumei/images/property_ward.pdf
上板町大山財産区,"板野郡上板町, 徳島県",,,https://www.houjin-bangou.nta.go.jp/setsumei/images/property_ward.pdf
上板町神宅財産区,"板野郡上板町, 徳島県",,,https://www.houjin-bangou.nta.go.jp/setsumei/images/property_ward.pdf
三加茂財産区,"三好郡東みよし町, 徳島県",,,https://www.houjin-bangou.nta.go.jp/setsumei/images/property_ward.pdf
鬼無財産区,"高松市, 香川県",,,https://www.houjin-bangou.nta.go.jp/setsumei/images/property_ward.pdf
香西財産区,"高松市, 香川県",,,https://www.houjin-bangou.nta.go.jp/setsumei/images/property_ward.pdf
下笠居財産区,"高松市, 香川県",,,https://www.houjin-bangou.nta.go.jp/setsumei/images/property_ward.pdf
端岡財産区,"高松市, 香川県",,,https://www.houjin-bangou.nta.go.jp/setsumei/images/property_ward.pdf
弦打財産区,"高松市, 香川県",,,https://www.houjin-bangou.nta.go.jp/setsumei/images/property_ward.pdf
雌雄島財産区,"高松市, 香川県",,,https://www.houjin-bangou.nta.go.jp/setsumei/images/property_ward.pdf
塩江財産区,"高松市, 香川県",,,https://www.houjin-bangou.nta.go.jp/setsumei/images/property_ward.pdf
上西財産区,"高松市, 香川県",,,https://www.houjin-bangou.nta.go.jp/setsumei/images/property_ward.pdf
粟井財産区,"観音寺市, 香川県",,,https://www.houjin-bangou.nta.go.jp/setsumei/images/property_ward.pdf
辻財産区,"三豊市, 香川県",,,https://www.houjin-bangou.nta.go.jp/setsumei/images/property_ward.pdf
神田財産区,"三豊市, 香川県",,,https://www.houjin-bangou.nta.go.jp/setsumei/images/property_ward.pdf
河内財産区,"三豊市, 香川県",,,https://www.houjin-bangou.nta.go.jp/setsumei/images/property_ward.pdf
財田大野財産区,"三豊市, 香川県",,,https://www.houjin-bangou.nta.go.jp/setsumei/images/property_ward.pdf
大見財産区,"三豊市, 香川県",,,https://www.houjin-bangou.nta.go.jp/setsumei/images/property_ward.pdf
下高瀬財産区,"三豊市, 香川県",,,https://www.houjin-bangou.nta.go.jp/setsumei/images/property_ward.pdf
桑山財産区,"三豊市, 香川県",,,https://www.houjin-bangou.nta.go.jp/setsumei/images/property_ward.pdf
比地大財産区,"三豊市, 香川県",,,https://www.houjin-bangou.nta.go.jp/setsumei/images/property_ward.pdf
土庄町大部財産区,"小豆郡土庄町, 香川県",,,https://www.houjin-bangou.nta.go.jp/setsumei/images/property_ward.pdf
土庄町大鐸財産区,"小豆郡土庄町, 香川県",,,https://www.houjin-bangou.nta.go.jp/setsumei/images/property_ward.pdf
西村財産区,"小豆郡小豆島町, 香川県",,,https://www.houjin-bangou.nta.go.jp/setsumei/images/property_ward.pdf
草壁財産区,"小豆郡小豆島町, 香川県",,,https://www.houjin-bangou.nta.go.jp/setsumei/images/property_ward.pdf
安田財産区,"小豆郡小豆島町, 香川県",,,https://www.houjin-bangou.nta.go.jp/setsumei/images/property_ward.pdf
苗羽財産区,"小豆郡小豆島町, 香川県",,,https://www.houjin-bangou.nta.go.jp/setsumei/images/property_ward.pdf
坂手財産区,"小豆郡小豆島町, 香川県",,,https://www.houjin-bangou.nta.go.jp/setsumei/images/property_ward.pdf
福田財産区,"小豆郡小豆島町, 香川県",,,https://www.houjin-bangou.nta.go.jp/setsumei/images/property_ward.pdf
木田郡三木町神山財産区,"木田郡三木町, 香川県",,,https://www.houjin-bangou.nta.go.jp/setsumei/images/property_ward.pdf
木田郡三木町田中財産区,"木田郡三木町, 香川県",,,https://www.houjin-bangou.nta.go.jp/setsumei/images/property_ward.pdf
木田郡三木町氷上財産区,"木田郡三木町, 香川県",,,https://www.houjin-bangou.nta.go.jp/setsumei/images/property_ward.pdf
木田郡三木町下高岡財産区,"木田郡三木町, 香川県",,,https://www.houjin-bangou.nta.go.jp/setsumei/images/property_ward.pdf
木田郡三木町井戸財産区,"木田郡三木町, 香川県",,,https://www.houjin-bangou.nta.go.jp/setsumei/images/property_ward.pdf
綾川町枌所財産区,"綾歌郡綾川町, 香川県",,,https://www.houjin-bangou.nta.go.jp/setsumei/images/property_ward.pdf
綾川町陶財産区,"綾歌郡綾川町, 香川県",,,https://www.houjin-bangou.nta.go.jp/setsumei/images/property_ward.pdf
綾川町滝宮財産区,"綾歌郡綾川町, 香川県",,,https://www.houjin-bangou.nta.go.jp/setsumei/images/property_ward.pdf
綾川町羽床財産区,"綾歌郡綾川町, 香川県",,,https://www.houjin-bangou.nta.go.jp/setsumei/images/property_ward.pdf
琴平町五条財産区,"仲多度郡琴平町, 香川県",,,https://www.houjin-bangou.nta.go.jp/setsumei/images/property_ward.pdf
美合第１財産区,"仲多度郡まんのう町, 香川県",,,https://www.houjin-bangou.nta.go.jp/setsumei/images/property_ward.pdf
美合第２財産区,"仲多度郡まんのう町, 香川県",,,https://www.houjin-bangou.nta.go.jp/setsumei/images/property_ward.pdf
美合第３財産区,"仲多度郡まんのう町, 香川県",,,https://www.houjin-bangou.nta.go.jp/setsumei/images/property_ward.pdf
神野地区財産区,"仲多度郡まんのう町, 香川県",,,https://www.houjin-bangou.nta.go.jp/setsumei/images/property_ward.pdf
吉野地区財産区,"仲多度郡まんのう町, 香川県",,,https://www.houjin-bangou.nta.go.jp/setsumei/images/property_ward.pdf
今治市桜井財産区,"今治市, 愛媛県",,,https://www.houjin-bangou.nta.go.jp/setsumei/images/property_ward.pdf
蔵敷財産区,"今治市, 愛媛県",,,https://www.houjin-bangou.nta.go.jp/setsumei/images/property_ward.pdf
清満財産区,"宇和島市, 愛媛県",,,https://www.houjin-bangou.nta.go.jp/setsumei/images/property_ward.pdf
畑地財産区,"宇和島市, 愛媛県",,,https://www.houjin-bangou.nta.go.jp/setsumei/images/property_ward.pdf
御槇財産区,"宇和島市, 愛媛県",,,https://www.houjin-bangou.nta.go.jp/setsumei/images/property_ward.pdf
日土財産区,"八幡浜市, 愛媛県",,,https://www.houjin-bangou.nta.go.jp/setsumei/images/property_ward.pdf
宮内財産区,"八幡浜市, 愛媛県",,,https://www.houjin-bangou.nta.go.jp/setsumei/images/property_ward.pdf
壬生川財産区,"西条市, 愛媛県",,,https://www.houjin-bangou.nta.go.jp/setsumei/images/property_ward.pdf
庄内財産区,"西条市, 愛媛県",,,https://www.houjin-bangou.nta.go.jp/setsumei/images/property_ward.pdf
関川財産区,"四国中央市, 愛媛県",,,https://www.houjin-bangou.nta.go.jp/setsumei/images/property_ward.pdf
土居財産区（管理会）,"四国中央市, 愛媛県",,,https://www.houjin-bangou.nta.go.jp/setsumei/images/property_ward.pdf
小富士財産区（管理会）,"四国中央市, 愛媛県",,,https://www.houjin-bangou.nta.go.jp/setsumei/images/property_ward.pdf
津根財産区（管理会）,"四国中央市, 愛媛県",,,https://www.houjin-bangou.nta.go.jp/setsumei/images/property_ward.pdf
野田財産区（管理会）,"四国中央市, 愛媛県",,,https://www.houjin-bangou.nta.go.jp/setsumei/images/property_ward.pdf
土居天満財産区（管理会）,"四国中央市, 愛媛県",,,https://www.houjin-bangou.nta.go.jp/setsumei/images/property_ward.pdf
蕪崎財産区（管理会）,"四国中央市, 愛媛県",,,https://www.houjin-bangou.nta.go.jp/setsumei/images/property_ward.pdf
上野財産区（管理会）,"四国中央市, 愛媛県",,,https://www.houjin-bangou.nta.go.jp/setsumei/images/property_ward.pdf
北野財産区（管理会）,"四国中央市, 愛媛県",,,https://www.houjin-bangou.nta.go.jp/setsumei/images/property_ward.pdf
畑野財産区（管理会）,"四国中央市, 愛媛県",,,https://www.houjin-bangou.nta.go.jp/setsumei/images/property_ward.pdf
入野財産区（管理会）,"四国中央市, 愛媛県",,,https://www.houjin-bangou.nta.go.jp/setsumei/images/property_ward.pdf
浦山財産区（管理会）,"四国中央市, 愛媛県",,,https://www.houjin-bangou.nta.go.jp/setsumei/images/property_ward.pdf
土居地区財産区（管理会）,"四国中央市, 愛媛県",,,https://www.houjin-bangou.nta.go.jp/setsumei/images/property_ward.pdf
西予市明浜町財産区,"西予市, 愛媛県",,,https://www.houjin-bangou.nta.go.jp/setsumei/images/property_ward.pdf
西予市宇和町財産区,"西予市, 愛媛県",,,https://www.houjin-bangou.nta.go.jp/setsumei/images/property_ward.pdf
野村町野村地区財産区,"西予市, 愛媛県",,,https://www.houjin-bangou.nta.go.jp/setsumei/images/property_ward.pdf
野村町渓筋地区財産区,"西予市, 愛媛県",,,https://www.houjin-bangou.nta.go.jp/setsumei/images/property_ward.pdf
野村町横林地区財産区,"西予市, 愛媛県",,,https://www.houjin-bangou.nta.go.jp/setsumei/images/property_ward.pdf
野村町中筋地区財産区,"西予市, 愛媛県",,,https://www.houjin-bangou.nta.go.jp/setsumei/images/property_ward.pdf
野村町貝吹地区財産区,"西予市, 愛媛県",,,https://www.houjin-bangou.nta.go.jp/setsumei/images/property_ward.pdf
西予市城川町遊子川財産区,"西予市, 愛媛県",,,https://www.houjin-bangou.nta.go.jp/setsumei/images/property_ward.pdf
西予市城川町土居財産区,"西予市, 愛媛県",,,https://www.houjin-bangou.nta.go.jp/setsumei/images/property_ward.pdf
西予市城川町高川財産区,"西予市, 愛媛県",,,https://www.houjin-bangou.nta.go.jp/setsumei/images/property_ward.pdf
西予市城川町魚成財産区,"西予市, 愛媛県",,,https://www.houjin-bangou.nta.go.jp/setsumei/images/property_ward.pdf
芸西村和食財産区,"安芸郡芸西村, 高知県",,,https://www.houjin-bangou.nta.go.jp/setsumei/images/property_ward.pdf
芸西村西分財産区,"安芸郡芸西村, 高知県",,,https://www.houjin-bangou.nta.go.jp/setsumei/images/property_ward.pdf
芸西村馬ノ上財産区,"安芸郡芸西村, 高知県",,,https://www.houjin-bangou.nta.go.jp/setsumei/images/property_ward.pdf
芸西村久重財産区,"安芸郡芸西村, 高知県",,,https://www.houjin-bangou.nta.go.jp/setsumei/images/property_ward.pdf
地蔵寺財産区,"土佐郡土佐町, 高知県",,,https://www.houjin-bangou.nta.go.jp/setsumei/images/property_ward.pdf
北九州市恒見財産区,"北九州市, 福岡県",,,https://www.houjin-bangou.nta.go.jp/setsumei/images/property_ward.pdf
北九州市伊川財産区,"北九州市, 福岡県",,,https://www.houjin-bangou.nta.go.jp/setsumei/images/property_ward.pdf
北九州市畑財産区,"北九州市, 福岡県",,,https://www.houjin-bangou.nta.go.jp/setsumei/images/property_ward.pdf
北九州市猿喰財産区,"北九州市, 福岡県",,,https://www.houjin-bangou.nta.go.jp/setsumei/images/property_ward.pdf
北九州市吉志財産区,"北九州市, 福岡県",,,https://www.houjin-bangou.nta.go.jp/setsumei/images/property_ward.pdf
北九州市今津財産区,"北九州市, 福岡県",,,https://www.houjin-bangou.nta.go.jp/setsumei/images/property_ward.pdf
北九州市松ヶ江財産区,"北九州市, 福岡県",,,https://www.houjin-bangou.nta.go.jp/setsumei/images/property_ward.pdf
北九州市下石田財産区,"北九州市, 福岡県",,,https://www.houjin-bangou.nta.go.jp/setsumei/images/property_ward.pdf
北九州市葛原財産区,"北九州市, 福岡県",,,https://www.houjin-bangou.nta.go.jp/setsumei/images/property_ward.pdf
北九州市津田財産区,"北九州市, 福岡県",,,https://www.houjin-bangou.nta.go.jp/setsumei/images/property_ward.pdf
北九州市田原財産区,"北九州市, 福岡県",,,https://www.houjin-bangou.nta.go.jp/setsumei/images/property_ward.pdf
北九州市吉田財産区,"北九州市, 福岡県",,,https://www.houjin-bangou.nta.go.jp/setsumei/images/property_ward.pdf
北九州市曽根新田財産区,"北九州市, 福岡県",,,https://www.houjin-bangou.nta.go.jp/setsumei/images/property_ward.pdf
北九州市上城野財産区,"北九州市, 福岡県",,,https://www.houjin-bangou.nta.go.jp/setsumei/images/property_ward.pdf
北九州市沼財産区,"北九州市, 福岡県",,,https://www.houjin-bangou.nta.go.jp/setsumei/images/property_ward.pdf
北九州市脇田・脇の浦財産区,"北九州市, 福岡県",,,https://www.houjin-bangou.nta.go.jp/setsumei/images/property_ward.pdf
福岡市大字香椎財産区,"福岡市, 福岡県",,,https://www.houjin-bangou.nta.go.jp/setsumei/images/property_ward.pdf
福岡市大字勝間財産区,"福岡市, 福岡県",,,https://www.houjin-bangou.nta.go.jp/setsumei/images/property_ward.pdf
福岡市大字金平財産区,"福岡市, 福岡県",,,https://www.houjin-bangou.nta.go.jp/setsumei/images/property_ward.pdf
福岡市大字蒲田財産区,"福岡市, 福岡県",,,https://www.houjin-bangou.nta.go.jp/setsumei/images/property_ward.pdf
福岡市大字上和白財産区,"福岡市, 福岡県",,,https://www.houjin-bangou.nta.go.jp/setsumei/images/property_ward.pdf
福岡市大字塩浜財産区,"福岡市, 福岡県",,,https://www.houjin-bangou.nta.go.jp/setsumei/images/property_ward.pdf
福岡市大字志賀島財産区,"福岡市, 福岡県",,,https://www.houjin-bangou.nta.go.jp/setsumei/images/property_ward.pdf
福岡市大字下原財産区,"福岡市, 福岡県",,,https://www.houjin-bangou.nta.go.jp/setsumei/images/property_ward.pdf
福岡市大字下和白財産区,"福岡市, 福岡県",,,https://www.houjin-bangou.nta.go.jp/setsumei/images/property_ward.pdf
福岡市大字多田羅財産区,"福岡市, 福岡県",,,https://www.houjin-bangou.nta.go.jp/setsumei/images/property_ward.pdf
福岡市大字津屋財産区,"福岡市, 福岡県",,,https://www.houjin-bangou.nta.go.jp/setsumei/images/property_ward.pdf
福岡市大字唐原財産区,"福岡市, 福岡県",,,https://www.houjin-bangou.nta.go.jp/setsumei/images/property_ward.pdf
福岡市大字土井財産区,"福岡市, 福岡県",,,https://www.houjin-bangou.nta.go.jp/setsumei/images/property_ward.pdf
福岡市大字名子財産区,"福岡市, 福岡県",,,https://www.houjin-bangou.nta.go.jp/setsumei/images/property_ward.pdf
福岡市大字名島財産区,"福岡市, 福岡県",,,https://www.houjin-bangou.nta.go.jp/setsumei/images/property_ward.pdf
福岡市大字奈多財産区,"福岡市, 福岡県",,,https://www.houjin-bangou.nta.go.jp/setsumei/images/property_ward.pdf
福岡市大字八田財産区,"福岡市, 福岡県",,,https://www.houjin-bangou.nta.go.jp/setsumei/images/property_ward.pdf
福岡市大字浜男財産区,"福岡市, 福岡県",,,https://www.houjin-bangou.nta.go.jp/setsumei/images/property_ward.pdf
福岡市大字馬出財産区,"福岡市, 福岡県",,,https://www.houjin-bangou.nta.go.jp/setsumei/images/property_ward.pdf
福岡市大字松崎財産区,"福岡市, 福岡県",,,https://www.houjin-bangou.nta.go.jp/setsumei/images/property_ward.pdf
福岡市大字三苫財産区,"福岡市, 福岡県",,,https://www.houjin-bangou.nta.go.jp/setsumei/images/property_ward.pdf
福岡市大字青木財産区,"福岡市, 福岡県",,,https://www.houjin-bangou.nta.go.jp/setsumei/images/property_ward.pdf
福岡市大字井相田財産区,"福岡市, 福岡県",,,https://www.houjin-bangou.nta.go.jp/setsumei/images/property_ward.pdf
福岡市大字板付財産区,"福岡市, 福岡県",,,https://www.houjin-bangou.nta.go.jp/setsumei/images/property_ward.pdf
福岡市大字犬飼財産区,"福岡市, 福岡県",,,https://www.houjin-bangou.nta.go.jp/setsumei/images/property_ward.pdf
福岡市大浜４丁目財産区,"福岡市, 福岡県",,,https://www.houjin-bangou.nta.go.jp/setsumei/images/property_ward.pdf
福岡市大字堅粕財産区,"福岡市, 福岡県",,,https://www.houjin-bangou.nta.go.jp/setsumei/images/property_ward.pdf
福岡市堅粕三ケ町財産区,"福岡市, 福岡県",,,https://www.houjin-bangou.nta.go.jp/setsumei/images/property_ward.pdf
福岡市大字金隈財産区,"福岡市, 福岡県",,,https://www.houjin-bangou.nta.go.jp/setsumei/images/property_ward.pdf
福岡市上赤間町,"福岡市, 福岡県",,,https://www.houjin-bangou.nta.go.jp/setsumei/images/property_ward.pdf
福岡市上鰯町,"福岡市, 福岡県",,,https://www.houjin-bangou.nta.go.jp/setsumei/images/property_ward.pdf
福岡市大字上臼井財産区,"福岡市, 福岡県",,,https://www.houjin-bangou.nta.go.jp/setsumei/images/property_ward.pdf
福岡市上桶屋町,"福岡市, 福岡県",,,https://www.houjin-bangou.nta.go.jp/setsumei/images/property_ward.pdf
福岡市上金屋町,"福岡市, 福岡県",,,https://www.houjin-bangou.nta.go.jp/setsumei/images/property_ward.pdf
福岡市大字上月隈財産区,"福岡市, 福岡県",,,https://www.houjin-bangou.nta.go.jp/setsumei/images/property_ward.pdf
福岡市上普賢堂町,"福岡市, 福岡県",,,https://www.houjin-bangou.nta.go.jp/setsumei/images/property_ward.pdf
福岡市瓦町,"福岡市, 福岡県",,,https://www.houjin-bangou.nta.go.jp/setsumei/images/property_ward.pdf
福岡市大字雀居財産区,"福岡市, 福岡県",,,https://www.houjin-bangou.nta.go.jp/setsumei/images/property_ward.pdf
福岡市大字下臼井財産区,"福岡市, 福岡県",,,https://www.houjin-bangou.nta.go.jp/setsumei/images/property_ward.pdf
福岡市大字下月隈財産区,"福岡市, 福岡県",,,https://www.houjin-bangou.nta.go.jp/setsumei/images/property_ward.pdf
福岡市大字住吉財産区,"福岡市, 福岡県",,,https://www.houjin-bangou.nta.go.jp/setsumei/images/property_ward.pdf
福岡市大字竹下財産区,"福岡市, 福岡県",,,https://www.houjin-bangou.nta.go.jp/setsumei/images/property_ward.pdf
福岡市大字豊富財産区,"福岡市, 福岡県",,,https://www.houjin-bangou.nta.go.jp/setsumei/images/property_ward.pdf
福岡市大字東光寺財産区,"福岡市, 福岡県",,,https://www.houjin-bangou.nta.go.jp/setsumei/images/property_ward.pdf
福岡市大字那珂財産区,"福岡市, 福岡県",,,https://www.houjin-bangou.nta.go.jp/setsumei/images/property_ward.pdf
福岡市大字西堅粕財産区,"福岡市, 福岡県",,,https://www.houjin-bangou.nta.go.jp/setsumei/images/property_ward.pdf
福岡市大字東平尾財産区,"福岡市, 福岡県",,,https://www.houjin-bangou.nta.go.jp/setsumei/images/property_ward.pdf
福岡市大字諸岡財産区,"福岡市, 福岡県",,,https://www.houjin-bangou.nta.go.jp/setsumei/images/property_ward.pdf
福岡市大字立花寺財産区,"福岡市, 福岡県",,,https://www.houjin-bangou.nta.go.jp/setsumei/images/property_ward.pdf
福岡市中央区伊崎浦,"福岡市, 福岡県",,,https://www.houjin-bangou.nta.go.jp/setsumei/images/property_ward.pdf
福岡市大字庄財産区,"福岡市, 福岡県",,,https://www.houjin-bangou.nta.go.jp/setsumei/images/property_ward.pdf
福岡市大字下警固財産区,"福岡市, 福岡県",,,https://www.houjin-bangou.nta.go.jp/setsumei/images/property_ward.pdf
福岡市西唐人町,"福岡市, 福岡県",,,https://www.houjin-bangou.nta.go.jp/setsumei/images/property_ward.pdf
福岡市大字平尾財産区,"福岡市, 福岡県",,,https://www.houjin-bangou.nta.go.jp/setsumei/images/property_ward.pdf
福岡市大字井尻財産区,"福岡市, 福岡県",,,https://www.houjin-bangou.nta.go.jp/setsumei/images/property_ward.pdf
福岡市大字柏原財産区,"福岡市, 福岡県",,,https://www.houjin-bangou.nta.go.jp/setsumei/images/property_ward.pdf
福岡市大字上日佐財産区,"福岡市, 福岡県",,,https://www.houjin-bangou.nta.go.jp/setsumei/images/property_ward.pdf
福岡市大字上長尾財産区,"福岡市, 福岡県",,,https://www.houjin-bangou.nta.go.jp/setsumei/images/property_ward.pdf
福岡市大字警弥郷財産区,"福岡市, 福岡県",,,https://www.houjin-bangou.nta.go.jp/setsumei/images/property_ward.pdf
福岡市大字五十川財産区,"福岡市, 福岡県",,,https://www.houjin-bangou.nta.go.jp/setsumei/images/property_ward.pdf
福岡市大字塩原財産区,"福岡市, 福岡県",,,https://www.houjin-bangou.nta.go.jp/setsumei/images/property_ward.pdf
福岡市大字清水財産区,"福岡市, 福岡県",,,https://www.houjin-bangou.nta.go.jp/setsumei/images/property_ward.pdf
福岡市大字下日佐財産区,"福岡市, 福岡県",,,https://www.houjin-bangou.nta.go.jp/setsumei/images/property_ward.pdf
福岡市大字下長尾財産区,"福岡市, 福岡県",,,https://www.houjin-bangou.nta.go.jp/setsumei/images/property_ward.pdf
福岡市大字高宮財産区,"福岡市, 福岡県",,,https://www.houjin-bangou.nta.go.jp/setsumei/images/property_ward.pdf
福岡市大字野多目財産区,"福岡市, 福岡県",,,https://www.houjin-bangou.nta.go.jp/setsumei/images/property_ward.pdf
福岡市大字野間財産区,"福岡市, 福岡県",,,https://www.houjin-bangou.nta.go.jp/setsumei/images/property_ward.pdf
福岡市大字桧原財産区,"福岡市, 福岡県",,,https://www.houjin-bangou.nta.go.jp/setsumei/images/property_ward.pdf
福岡市大字三宅財産区,"福岡市, 福岡県",,,https://www.houjin-bangou.nta.go.jp/setsumei/images/property_ward.pdf
福岡市大字屋形原財産区,"福岡市, 福岡県",,,https://www.houjin-bangou.nta.go.jp/setsumei/images/property_ward.pdf
福岡市大字老司財産区,"福岡市, 福岡県",,,https://www.houjin-bangou.nta.go.jp/setsumei/images/property_ward.pdf
福岡市大字若久財産区,"福岡市, 福岡県",,,https://www.houjin-bangou.nta.go.jp/setsumei/images/property_ward.pdf
福岡市大字和田財産区,"福岡市, 福岡県",,,https://www.houjin-bangou.nta.go.jp/setsumei/images/property_ward.pdf
福岡市大字荒江財産区,"福岡市, 福岡県",,,https://www.houjin-bangou.nta.go.jp/setsumei/images/property_ward.pdf
福岡市大字梅林財産区,"福岡市, 福岡県",,,https://www.houjin-bangou.nta.go.jp/setsumei/images/property_ward.pdf
福岡市大字片江財産区,"福岡市, 福岡県",,,https://www.houjin-bangou.nta.go.jp/setsumei/images/property_ward.pdf
福岡市大字田島財産区,"福岡市, 福岡県",,,https://www.houjin-bangou.nta.go.jp/setsumei/images/property_ward.pdf
福岡市大字堤財産区,"福岡市, 福岡県",,,https://www.houjin-bangou.nta.go.jp/setsumei/images/property_ward.pdf
福岡市大字鳥飼財産区,"福岡市, 福岡県",,,https://www.houjin-bangou.nta.go.jp/setsumei/images/property_ward.pdf
福岡市大字七隈財産区,"福岡市, 福岡県",,,https://www.houjin-bangou.nta.go.jp/setsumei/images/property_ward.pdf
福岡市大字東油山財産区,"福岡市, 福岡県",,,https://www.houjin-bangou.nta.go.jp/setsumei/images/property_ward.pdf
福岡市大字有田財産区,"福岡市, 福岡県",,,https://www.houjin-bangou.nta.go.jp/setsumei/images/property_ward.pdf
福岡市大字飯倉財産区,"福岡市, 福岡県",,,https://www.houjin-bangou.nta.go.jp/setsumei/images/property_ward.pdf
福岡市大字四箇財産区,"福岡市, 福岡県",,,https://www.houjin-bangou.nta.go.jp/setsumei/images/property_ward.pdf
福岡市大字次郎丸財産区,"福岡市, 福岡県",,,https://www.houjin-bangou.nta.go.jp/setsumei/images/property_ward.pdf
福岡市大字田財産区,"福岡市, 福岡県",,,https://www.houjin-bangou.nta.go.jp/setsumei/images/property_ward.pdf
福岡市大字西油山財産区,"福岡市, 福岡県",,,https://www.houjin-bangou.nta.go.jp/setsumei/images/property_ward.pdf
福岡市大字西脇財産区,"福岡市, 福岡県",,,https://www.houjin-bangou.nta.go.jp/setsumei/images/property_ward.pdf
福岡市大字野芥財産区,"福岡市, 福岡県",,,https://www.houjin-bangou.nta.go.jp/setsumei/images/property_ward.pdf
福岡市大字原財産区,"福岡市, 福岡県",,,https://www.houjin-bangou.nta.go.jp/setsumei/images/property_ward.pdf
福岡市大字干隈財産区,"福岡市, 福岡県",,,https://www.houjin-bangou.nta.go.jp/setsumei/images/property_ward.pdf
福岡市西区大字庄,"福岡市, 福岡県",,,https://www.houjin-bangou.nta.go.jp/setsumei/images/property_ward.pdf
福岡市大字免財産区,"福岡市, 福岡県",,,https://www.houjin-bangou.nta.go.jp/setsumei/images/property_ward.pdf
福岡市大字飯盛財産区,"福岡市, 福岡県",,,https://www.houjin-bangou.nta.go.jp/setsumei/images/property_ward.pdf
福岡市大字石丸財産区,"福岡市, 福岡県",,,https://www.houjin-bangou.nta.go.jp/setsumei/images/property_ward.pdf
福岡市大字今出財産区,"福岡市, 福岡県",,,https://www.houjin-bangou.nta.go.jp/setsumei/images/property_ward.pdf
福岡市大字今津財産区,"福岡市, 福岡県",,,https://www.houjin-bangou.nta.go.jp/setsumei/images/property_ward.pdf
福岡市大字金武財産区,"福岡市, 福岡県",,,https://www.houjin-bangou.nta.go.jp/setsumei/images/property_ward.pdf
福岡市大字桑原財産区,"福岡市, 福岡県",,,https://www.houjin-bangou.nta.go.jp/setsumei/images/property_ward.pdf
福岡市大字下山門財産区,"福岡市, 福岡県",,,https://www.houjin-bangou.nta.go.jp/setsumei/images/property_ward.pdf
福岡市大字拾六町財産区,"福岡市, 福岡県",,,https://www.houjin-bangou.nta.go.jp/setsumei/images/property_ward.pdf
福岡市大字周船寺財産区,"福岡市, 福岡県",,,https://www.houjin-bangou.nta.go.jp/setsumei/images/property_ward.pdf
福岡市大字千里財産区,"福岡市, 福岡県",,,https://www.houjin-bangou.nta.go.jp/setsumei/images/property_ward.pdf
福岡市大字田尻財産区,"福岡市, 福岡県",,,https://www.houjin-bangou.nta.go.jp/setsumei/images/property_ward.pdf
糸島郡元岡村大字田尻字上川原,"福岡市, 福岡県",,,https://www.houjin-bangou.nta.go.jp/setsumei/images/property_ward.pdf
福岡市大字徳永財産区,"福岡市, 福岡県",,,https://www.houjin-bangou.nta.go.jp/setsumei/images/property_ward.pdf
福岡市大字野方財産区,"福岡市, 福岡県",,,https://www.houjin-bangou.nta.go.jp/setsumei/images/property_ward.pdf
福岡市大字能古財産区,"福岡市, 福岡県",,,https://www.houjin-bangou.nta.go.jp/setsumei/images/property_ward.pdf
福岡市大字橋本財産区,"福岡市, 福岡県",,,https://www.houjin-bangou.nta.go.jp/setsumei/images/property_ward.pdf
福岡市大字羽根戸財産区,"福岡市, 福岡県",,,https://www.houjin-bangou.nta.go.jp/setsumei/images/property_ward.pdf
福岡市大字福重財産区,"福岡市, 福岡県",,,https://www.houjin-bangou.nta.go.jp/setsumei/images/property_ward.pdf
福岡市大字宮浦財産区,"福岡市, 福岡県",,,https://www.houjin-bangou.nta.go.jp/setsumei/images/property_ward.pdf
福岡市大字姪浜財産区,"福岡市, 福岡県",,,https://www.houjin-bangou.nta.go.jp/setsumei/images/property_ward.pdf
福岡市大字元岡財産区,"福岡市, 福岡県",,,https://www.houjin-bangou.nta.go.jp/setsumei/images/property_ward.pdf
福岡市大字吉武財産区,"福岡市, 福岡県",,,https://www.houjin-bangou.nta.go.jp/setsumei/images/property_ward.pdf
福岡市脇山財産区,"福岡市, 福岡県",,,https://www.houjin-bangou.nta.go.jp/setsumei/images/property_ward.pdf
久留米市高良内財産区,"久留米市, 福岡県",,,https://www.houjin-bangou.nta.go.jp/setsumei/images/property_ward.pdf
久留米市田主丸財産区,"久留米市, 福岡県",,,https://www.houjin-bangou.nta.go.jp/setsumei/images/property_ward.pdf
八女市黒木町串毛財産区,"八女市, 福岡県",,,https://www.houjin-bangou.nta.go.jp/setsumei/images/property_ward.pdf
八女市黒木町木屋財産区,"八女市, 福岡県",,,https://www.houjin-bangou.nta.go.jp/setsumei/images/property_ward.pdf
筑紫野市二日市財産区,"筑紫野市, 福岡県",,,https://www.houjin-bangou.nta.go.jp/setsumei/images/property_ward.pdf
筑紫野市御笠財産区,"筑紫野市, 福岡県",,,https://www.houjin-bangou.nta.go.jp/setsumei/images/property_ward.pdf
筑紫野市平等寺山財産区,"筑紫野市, 福岡県",,,https://www.houjin-bangou.nta.go.jp/setsumei/images/property_ward.pdf
筑紫野市武蔵財産区,"筑紫野市, 福岡県",,,https://www.houjin-bangou.nta.go.jp/setsumei/images/property_ward.pdf
筑紫野市山家財産区,"筑紫野市, 福岡県",,,https://www.houjin-bangou.nta.go.jp/setsumei/images/property_ward.pdf
うきは市八龍財産区,"うきは市, 福岡県",,,https://www.houjin-bangou.nta.go.jp/setsumei/images/property_ward.pdf
うきは市船越財産区,"うきは市, 福岡県",,,https://www.houjin-bangou.nta.go.jp/setsumei/images/property_ward.pdf
宮若市宮田財産区,"宮若市, 福岡県",,,https://www.houjin-bangou.nta.go.jp/setsumei/images/property_ward.pdf
宮若市山口財産区,"宮若市, 福岡県",,,https://www.houjin-bangou.nta.go.jp/setsumei/images/property_ward.pdf
宮若市吉川財産区,"宮若市, 福岡県",,,https://www.houjin-bangou.nta.go.jp/setsumei/images/property_ward.pdf
朝倉市秋月財産区,"朝倉市, 福岡県",,,https://www.houjin-bangou.nta.go.jp/setsumei/images/property_ward.pdf
糸島市二丈福吉財産区,"糸島市, 福岡県",,,https://www.houjin-bangou.nta.go.jp/setsumei/images/property_ward.pdf
糸島市二丈一貴山財産区,"糸島市, 福岡県",,,https://www.houjin-bangou.nta.go.jp/setsumei/images/property_ward.pdf
那珂川市岩戸財産区,"那珂川市, 福岡県",,,https://www.houjin-bangou.nta.go.jp/setsumei/images/property_ward.pdf
那珂川市安徳財産区,"那珂川市, 福岡県",,,https://www.houjin-bangou.nta.go.jp/setsumei/images/property_ward.pdf
那珂川市南畑財産区,"那珂川市, 福岡県",,,https://www.houjin-bangou.nta.go.jp/setsumei/images/property_ward.pdf
久山町久原財産区管理会,"糟屋郡久山町, 福岡県",,,https://www.houjin-bangou.nta.go.jp/setsumei/images/property_ward.pdf
久山町猪野財産区,"糟屋郡久山町, 福岡県",,,https://www.houjin-bangou.nta.go.jp/setsumei/images/property_ward.pdf
香春財産区,"田川郡香春町, 福岡県",,,https://www.houjin-bangou.nta.go.jp/setsumei/images/property_ward.pdf
勾金財産区,"田川郡香春町, 福岡県",,,https://www.houjin-bangou.nta.go.jp/setsumei/images/property_ward.pdf
中津原財産区,"田川郡香春町, 福岡県",,,https://www.houjin-bangou.nta.go.jp/setsumei/images/property_ward.pdf
高野財産区,"田川郡香春町, 福岡県",,,https://www.houjin-bangou.nta.go.jp/setsumei/images/property_ward.pdf
柿下財産区,"田川郡香春町, 福岡県",,,https://www.houjin-bangou.nta.go.jp/setsumei/images/property_ward.pdf
鏡山財産区,"田川郡香春町, 福岡県",,,https://www.houjin-bangou.nta.go.jp/setsumei/images/property_ward.pdf
諫山財産区,"京都郡みやこ町, 福岡県",,,https://www.houjin-bangou.nta.go.jp/setsumei/images/property_ward.pdf
黒田財産区,"京都郡みやこ町, 福岡県",,,https://www.houjin-bangou.nta.go.jp/setsumei/images/property_ward.pdf
伊良原財産区,"京都郡みやこ町, 福岡県",,,https://www.houjin-bangou.nta.go.jp/setsumei/images/property_ward.pdf
犀川財産区,"京都郡みやこ町, 福岡県",,,https://www.houjin-bangou.nta.go.jp/setsumei/images/property_ward.pdf
城井財産区,"京都郡みやこ町, 福岡県",,,https://www.houjin-bangou.nta.go.jp/setsumei/images/property_ward.pdf
築上町葛城財産区,"築上郡築上町, 福岡県",,,https://www.houjin-bangou.nta.go.jp/setsumei/images/property_ward.pdf
築上町西角田財産区,"築上郡築上町, 福岡県",,,https://www.houjin-bangou.nta.go.jp/setsumei/images/property_ward.pdf
築上町上城井財産区,"築上郡築上町, 福岡県",,,https://www.houjin-bangou.nta.go.jp/setsumei/images/property_ward.pdf
築上町下城井財産区,"築上郡築上町, 福岡県",,,https://www.houjin-bangou.nta.go.jp/setsumei/images/property_ward.pdf
本河内郷財産区,"長崎市, 長崎県",,,https://www.houjin-bangou.nta.go.jp/setsumei/images/property_ward.pdf
伊良林郷財産区,"長崎市, 長崎県",,,https://www.houjin-bangou.nta.go.jp/setsumei/images/property_ward.pdf
木場郷財産区,"長崎市, 長崎県",,,https://www.houjin-bangou.nta.go.jp/setsumei/images/property_ward.pdf
中川郷財産区,"長崎市, 長崎県",,,https://www.houjin-bangou.nta.go.jp/setsumei/images/property_ward.pdf
馬場郷財産区,"長崎市, 長崎県",,,https://www.houjin-bangou.nta.go.jp/setsumei/images/property_ward.pdf
夫婦川郷財産区,"長崎市, 長崎県",,,https://www.houjin-bangou.nta.go.jp/setsumei/images/property_ward.pdf
片渕郷財産区,"長崎市, 長崎県",,,https://www.houjin-bangou.nta.go.jp/setsumei/images/property_ward.pdf
西山郷財産区,"長崎市, 長崎県",,,https://www.houjin-bangou.nta.go.jp/setsumei/images/property_ward.pdf
馬町財産区,"長崎市, 長崎県",,,https://www.houjin-bangou.nta.go.jp/setsumei/images/property_ward.pdf
岩原郷財産区,"長崎市, 長崎県",,,https://www.houjin-bangou.nta.go.jp/setsumei/images/property_ward.pdf
小川町財産区,"長崎市, 長崎県",,,https://www.houjin-bangou.nta.go.jp/setsumei/images/property_ward.pdf
船津町財産区,"長崎市, 長崎県",,,https://www.houjin-bangou.nta.go.jp/setsumei/images/property_ward.pdf
中馬込郷財産区,"長崎市, 長崎県",,,https://www.houjin-bangou.nta.go.jp/setsumei/images/property_ward.pdf
大黒町財産区,"長崎市, 長崎県",,,https://www.houjin-bangou.nta.go.jp/setsumei/images/property_ward.pdf
船津郷（大黒町・西坂町）財産区,"長崎市, 長崎県",,,https://www.houjin-bangou.nta.go.jp/setsumei/images/property_ward.pdf
万屋町財産区,"長崎市, 長崎県",,,https://www.houjin-bangou.nta.go.jp/setsumei/images/property_ward.pdf
銀屋町財産区,"長崎市, 長崎県",,,https://www.houjin-bangou.nta.go.jp/setsumei/images/property_ward.pdf
紺屋町財産区,"長崎市, 長崎県",,,https://www.houjin-bangou.nta.go.jp/setsumei/images/property_ward.pdf
桶屋町財産区,"長崎市, 長崎県",,,https://www.houjin-bangou.nta.go.jp/setsumei/images/property_ward.pdf
大井手町財産区,"長崎市, 長崎県",,,https://www.houjin-bangou.nta.go.jp/setsumei/images/property_ward.pdf
出来大工町財産区,"長崎市, 長崎県",,,https://www.houjin-bangou.nta.go.jp/setsumei/images/property_ward.pdf
油屋町財産区,"長崎市, 長崎県",,,https://www.houjin-bangou.nta.go.jp/setsumei/images/property_ward.pdf
高野平郷財産区,"長崎市, 長崎県",,,https://www.houjin-bangou.nta.go.jp/setsumei/images/property_ward.pdf
小島郷財産区,"長崎市, 長崎県",,,https://www.houjin-bangou.nta.go.jp/setsumei/images/property_ward.pdf
銅座町財産区,"長崎市, 長崎県",,,https://www.houjin-bangou.nta.go.jp/setsumei/images/property_ward.pdf
十善寺郷財産区,"長崎市, 長崎県",,,https://www.houjin-bangou.nta.go.jp/setsumei/images/property_ward.pdf
大浦郷財産区,"長崎市, 長崎県",,,https://www.houjin-bangou.nta.go.jp/setsumei/images/property_ward.pdf
下郷財産区,"長崎市, 長崎県",,,https://www.houjin-bangou.nta.go.jp/setsumei/images/property_ward.pdf
西泊郷財産区,"長崎市, 長崎県",,,https://www.houjin-bangou.nta.go.jp/setsumei/images/property_ward.pdf
立神郷財産区,"長崎市, 長崎県",,,https://www.houjin-bangou.nta.go.jp/setsumei/images/property_ward.pdf
岩瀬道郷財産区,"長崎市, 長崎県",,,https://www.houjin-bangou.nta.go.jp/setsumei/images/property_ward.pdf
水ノ浦郷財産区,"長崎市, 長崎県",,,https://www.houjin-bangou.nta.go.jp/setsumei/images/property_ward.pdf
瀬ノ脇郷財産区,"長崎市, 長崎県",,,https://www.houjin-bangou.nta.go.jp/setsumei/images/property_ward.pdf
平戸小屋郷財産区,"長崎市, 長崎県",,,https://www.houjin-bangou.nta.go.jp/setsumei/images/property_ward.pdf
船津郷（旭町）財産区,"長崎市, 長崎県",,,https://www.houjin-bangou.nta.go.jp/setsumei/images/property_ward.pdf
稲佐郷財産区,"長崎市, 長崎県",,,https://www.houjin-bangou.nta.go.jp/setsumei/images/property_ward.pdf
竹の久保郷財産区,"長崎市, 長崎県",,,https://www.houjin-bangou.nta.go.jp/setsumei/images/property_ward.pdf
中野郷財産区,"長崎市, 長崎県",,,https://www.houjin-bangou.nta.go.jp/setsumei/images/property_ward.pdf
里郷財産区,"長崎市, 長崎県",,,https://www.houjin-bangou.nta.go.jp/setsumei/images/property_ward.pdf
本原郷財産区,"長崎市, 長崎県",,,https://www.houjin-bangou.nta.go.jp/setsumei/images/property_ward.pdf
寺野郷財産区,"長崎市, 長崎県",,,https://www.houjin-bangou.nta.go.jp/setsumei/images/property_ward.pdf
本五島町財産区,"長崎市, 長崎県",,,https://www.houjin-bangou.nta.go.jp/setsumei/images/property_ward.pdf
網場町財産区,"長崎市, 長崎県",,,https://www.houjin-bangou.nta.go.jp/setsumei/images/property_ward.pdf
宿町財産区,"長崎市, 長崎県",,,https://www.houjin-bangou.nta.go.jp/setsumei/images/property_ward.pdf
小崎名財産区,"長崎市, 長崎県",,,https://www.houjin-bangou.nta.go.jp/setsumei/images/property_ward.pdf
河内名財産区,"長崎市, 長崎県",,,https://www.houjin-bangou.nta.go.jp/setsumei/images/property_ward.pdf
田中名財産区,"長崎市, 長崎県",,,https://www.houjin-bangou.nta.go.jp/setsumei/images/property_ward.pdf
田ノ浦名財産区,"長崎市, 長崎県",,,https://www.houjin-bangou.nta.go.jp/setsumei/images/property_ward.pdf
木場名財産区,"長崎市, 長崎県",,,https://www.houjin-bangou.nta.go.jp/setsumei/images/property_ward.pdf
牧島名財産区,"長崎市, 長崎県",,,https://www.houjin-bangou.nta.go.jp/setsumei/images/property_ward.pdf
松原名財産区,"長崎市, 長崎県",,,https://www.houjin-bangou.nta.go.jp/setsumei/images/property_ward.pdf
中里名財産区,"長崎市, 長崎県",,,https://www.houjin-bangou.nta.go.jp/setsumei/images/property_ward.pdf
向名財産区,"長崎市, 長崎県",,,https://www.houjin-bangou.nta.go.jp/setsumei/images/property_ward.pdf
平山町財産区,"長崎市, 長崎県",,,https://www.houjin-bangou.nta.go.jp/setsumei/images/property_ward.pdf
三組川内郷財産区,"長崎市, 長崎県",,,https://www.houjin-bangou.nta.go.jp/setsumei/images/property_ward.pdf
川平郷財産区,"長崎市, 長崎県",,,https://www.houjin-bangou.nta.go.jp/setsumei/images/property_ward.pdf
向郷財産区,"長崎市, 長崎県",,,https://www.houjin-bangou.nta.go.jp/setsumei/images/property_ward.pdf
大崎郷財産区,"長崎市, 長崎県",,,https://www.houjin-bangou.nta.go.jp/setsumei/images/property_ward.pdf
相川郷財産区,"長崎市, 長崎県",,,https://www.houjin-bangou.nta.go.jp/setsumei/images/property_ward.pdf
中通郷財産区,"長崎市, 長崎県",,,https://www.houjin-bangou.nta.go.jp/setsumei/images/property_ward.pdf
田舎郷財産区,"長崎市, 長崎県",,,https://www.houjin-bangou.nta.go.jp/setsumei/images/property_ward.pdf
牧野郷財産区,"長崎市, 長崎県",,,https://www.houjin-bangou.nta.go.jp/setsumei/images/property_ward.pdf
田上名財産区,"長崎市, 長崎県",,,https://www.houjin-bangou.nta.go.jp/setsumei/images/property_ward.pdf
北浦名財産区,"長崎市, 長崎県",,,https://www.houjin-bangou.nta.go.jp/setsumei/images/property_ward.pdf
木場名（早坂町）財産区,"長崎市, 長崎県",,,https://www.houjin-bangou.nta.go.jp/setsumei/images/property_ward.pdf
田手原名財産区,"長崎市, 長崎県",,,https://www.houjin-bangou.nta.go.jp/setsumei/images/property_ward.pdf
太田尾名財産区,"長崎市, 長崎県",,,https://www.houjin-bangou.nta.go.jp/setsumei/images/property_ward.pdf
飯香浦名財産区,"長崎市, 長崎県",,,https://www.houjin-bangou.nta.go.jp/setsumei/images/property_ward.pdf
宮摺名財産区,"長崎市, 長崎県",,,https://www.houjin-bangou.nta.go.jp/setsumei/images/property_ward.pdf
大崎名財産区,"長崎市, 長崎県",,,https://www.houjin-bangou.nta.go.jp/setsumei/images/property_ward.pdf
千々名財産区,"長崎市, 長崎県",,,https://www.houjin-bangou.nta.go.jp/setsumei/images/property_ward.pdf
多以良郷財産区,"長崎市, 長崎県",,,https://www.houjin-bangou.nta.go.jp/setsumei/images/property_ward.pdf
樫山郷財産区,"長崎市, 長崎県",,,https://www.houjin-bangou.nta.go.jp/setsumei/images/property_ward.pdf
遠木場郷財産区,"長崎市, 長崎県",,,https://www.houjin-bangou.nta.go.jp/setsumei/images/property_ward.pdf
京泊郷財産区,"長崎市, 長崎県",,,https://www.houjin-bangou.nta.go.jp/setsumei/images/property_ward.pdf
西樫山郷財産区,"長崎市, 長崎県",,,https://www.houjin-bangou.nta.go.jp/setsumei/images/property_ward.pdf
向郷（三京町）財産区,"長崎市, 長崎県",,,https://www.houjin-bangou.nta.go.jp/setsumei/images/property_ward.pdf
三重郷財産区,"長崎市, 長崎県",,,https://www.houjin-bangou.nta.go.jp/setsumei/images/property_ward.pdf
三重田郷財産区,"長崎市, 長崎県",,,https://www.houjin-bangou.nta.go.jp/setsumei/images/property_ward.pdf
東樫山郷財産区,"長崎市, 長崎県",,,https://www.houjin-bangou.nta.go.jp/setsumei/images/property_ward.pdf
畝刈郷財産区,"長崎市, 長崎県",,,https://www.houjin-bangou.nta.go.jp/setsumei/images/property_ward.pdf
大浦郷（大浜町）財産区,"長崎市, 長崎県",,,https://www.houjin-bangou.nta.go.jp/setsumei/images/property_ward.pdf
竿の浦町財産区,"長崎市, 長崎県",,,https://www.houjin-bangou.nta.go.jp/setsumei/images/property_ward.pdf
東名財産区,"長崎市, 長崎県",,,https://www.houjin-bangou.nta.go.jp/setsumei/images/property_ward.pdf
古賀浦名財産区,"長崎市, 長崎県",,,https://www.houjin-bangou.nta.go.jp/setsumei/images/property_ward.pdf
上戸石名財産区,"長崎市, 長崎県",,,https://www.houjin-bangou.nta.go.jp/setsumei/images/property_ward.pdf
大浜財産区,"五島市, 長崎県",,,https://www.houjin-bangou.nta.go.jp/setsumei/images/property_ward.pdf
本山財産区,"五島市, 長崎県",,,https://www.houjin-bangou.nta.go.jp/setsumei/images/property_ward.pdf
八代市久連子財産区,"八代市, 熊本県",,,https://www.houjin-bangou.nta.go.jp/setsumei/images/property_ward.pdf
八代市椎原財産区,"八代市, 熊本県",,,https://www.houjin-bangou.nta.go.jp/setsumei/images/property_ward.pdf
人吉市藍田財産区,"人吉市, 熊本県",,,https://www.houjin-bangou.nta.go.jp/setsumei/images/property_ward.pdf
玉名市睦合財産区,"玉名市, 熊本県",,,https://www.houjin-bangou.nta.go.jp/setsumei/images/property_ward.pdf
六郷財産区,"山鹿市, 熊本県",,,https://www.houjin-bangou.nta.go.jp/setsumei/images/property_ward.pdf
城北財産区,"山鹿市, 熊本県",,,https://www.houjin-bangou.nta.go.jp/setsumei/images/property_ward.pdf
稲田財産区,"山鹿市, 熊本県",,,https://www.houjin-bangou.nta.go.jp/setsumei/images/property_ward.pdf
松島町教良木河内財産区,"上天草市, 熊本県",,,https://www.houjin-bangou.nta.go.jp/setsumei/images/property_ward.pdf
阿蘇市宮地財産区,"阿蘇市, 熊本県",,,https://www.houjin-bangou.nta.go.jp/setsumei/images/property_ward.pdf
阿蘇市坂梨財産区,"阿蘇市, 熊本県",,,https://www.houjin-bangou.nta.go.jp/setsumei/images/property_ward.pdf
阿蘇市古城財産区,"阿蘇市, 熊本県",,,https://www.houjin-bangou.nta.go.jp/setsumei/images/property_ward.pdf
阿蘇市中通財産区,"阿蘇市, 熊本県",,,https://www.houjin-bangou.nta.go.jp/setsumei/images/property_ward.pdf
天草市楠浦町財産区,"天草市, 熊本県",,,https://www.houjin-bangou.nta.go.jp/setsumei/images/property_ward.pdf
天草市大宮地財産区,"天草市, 熊本県",,,https://www.houjin-bangou.nta.go.jp/setsumei/images/property_ward.pdf
天草市新合財産区,"天草市, 熊本県",,,https://www.houjin-bangou.nta.go.jp/setsumei/images/property_ward.pdf
天草市一町田財産区,"天草市, 熊本県",,,https://www.houjin-bangou.nta.go.jp/setsumei/images/property_ward.pdf
玉東町木葉財産区,"玉名郡玉東町, 熊本県",,,https://www.houjin-bangou.nta.go.jp/setsumei/images/property_ward.pdf
春富財産区,"玉名郡和水町, 熊本県",,,https://www.houjin-bangou.nta.go.jp/setsumei/images/property_ward.pdf
久米財産区,"球磨郡多良木町, 熊本県",,,https://www.houjin-bangou.nta.go.jp/setsumei/images/property_ward.pdf
苓北町坂瀬川財産区,"天草郡苓北町, 熊本県",,,https://www.houjin-bangou.nta.go.jp/setsumei/images/property_ward.pdf
苓北町志岐財産区,"天草郡苓北町, 熊本県",,,https://www.houjin-bangou.nta.go.jp/setsumei/images/property_ward.pdf
苓北町都呂々財産区,"天草郡苓北町, 熊本県",,,https://www.houjin-bangou.nta.go.jp/setsumei/images/property_ward.pdf
大分市勢家財産区,"大分市, 大分県",,,https://www.houjin-bangou.nta.go.jp/setsumei/images/property_ward.pdf
大分市向原財産区,"大分市, 大分県",,,https://www.houjin-bangou.nta.go.jp/setsumei/images/property_ward.pdf
大分市高城本町財産区,"大分市, 大分県",,,https://www.houjin-bangou.nta.go.jp/setsumei/images/property_ward.pdf
大分市西原財産区,"大分市, 大分県",,,https://www.houjin-bangou.nta.go.jp/setsumei/images/property_ward.pdf
大分市上小野鶴財産区,"大分市, 大分県",,,https://www.houjin-bangou.nta.go.jp/setsumei/images/property_ward.pdf
大分市粟野組財産区,"大分市, 大分県",,,https://www.houjin-bangou.nta.go.jp/setsumei/images/property_ward.pdf
大分市猪野財産区,"大分市, 大分県",,,https://www.houjin-bangou.nta.go.jp/setsumei/images/property_ward.pdf
大分市平野財産区,"大分市, 大分県",,,https://www.houjin-bangou.nta.go.jp/setsumei/images/property_ward.pdf
大分市寒田財産区,"大分市, 大分県",,,https://www.houjin-bangou.nta.go.jp/setsumei/images/property_ward.pdf
日田市五馬財産区,"日田市, 大分県",,,https://www.houjin-bangou.nta.go.jp/setsumei/images/property_ward.pdf
宮崎市大字折生迫財産区,"宮崎市, 宮崎県",,,https://www.houjin-bangou.nta.go.jp/setsumei/images/property_ward.pdf
